lon,lat,cover,lst,greenery,people_ha
107.40127,-6.97924,trees,33.11994,0.37713,11.2906
107.80821,-7.08757,trees,23.56315,0.76502,7.5196
107.3277,-7.0838,trees,21.97377,0.75903,2.15421
107.62199,-6.82724,trees,27.88695,0.40304,18.88935
107.52659,-6.92911,trees,34.94858,0.29119,25.92514
107.44008,-6.89273,trees,32.15605,0.15824,0.0
107.6484,-7.13662,trees,21.49696,0.75629,1.7727
107.50179,-6.76418,trees,28.29027,0.52422,6.90908
107.4417,-6.85662,trees,32.55938,0.35223,16.01354
107.41556,-6.79463,trees,36.09532,0.41045,7.47266
107.55192,-6.77496,trees,19.15732,0.69881,3.426
107.53036,-7.15575,trees,21.30384,0.73931,2.38604
107.3242,-6.81592,trees,31.84501,0.49171,7.60772
107.41771,-6.73427,trees,28.51245,0.53822,8.78746
107.2102,-6.98705,trees,26.22921,0.70444,1.29826
107.36893,-6.87144,trees,29.68141,0.70514,3.5894
107.61768,-7.13123,trees,20.26135,0.76146,1.67889
107.42148,-6.70058,trees,30.2864,0.67625,7.59016
107.35142,-6.97978,trees,28.06127,0.62364,2.17862
107.59369,-7.05658,trees,30.80935,0.47906,27.8929
107.629,-7.26733,trees,25.35932,0.58307,2.3768
107.44709,-6.79005,trees,30.40774,0.64258,15.19277
107.38241,-6.85419,trees,31.19901,0.70025,4.31998
107.63007,-6.84826,trees,26.37618,0.56411,18.01042
107.52982,-7.08757,trees,25.87202,0.66817,7.44503
107.39346,-7.16896,trees,21.72768,0.6813,4.77785
107.82654,-7.06143,trees,31.74589,0.34201,13.74983
107.70311,-7.28296,trees,24.49114,0.50576,1.6281
107.4258,-7.01346,trees,25.97286,0.71984,4.19181
107.61363,-6.83586,trees,27.17771,0.48367,15.43667
107.55596,-7.173,trees,26.76242,0.6335,11.83337
107.39561,-7.17678,trees,22.79922,0.72717,2.85677
107.64463,-7.06089,trees,32.79864,0.33348,11.68973
107.65056,-7.25304,trees,25.87715,0.67275,4.81376
107.46972,-7.16519,trees,21.25428,0.75975,1.76288
107.26626,-7.04122,trees,28.28344,0.56056,1.20591
107.50853,-6.90513,trees,30.41628,0.51666,18.53976
107.70149,-7.27864,trees,23.92204,0.48686,1.58449
107.38807,-6.85096,trees,30.76834,0.71544,5.53572
107.47161,-7.03502,trees,25.30292,0.66514,7.45365
107.47296,-6.83236,trees,32.02617,0.44931,19.04134
107.32608,-6.76175,trees,31.14432,0.41647,3.95382
107.61121,-7.0582,trees,31.75102,0.25427,16.76741
107.74676,-6.89246,trees,23.98357,0.7409,9.59858
107.66726,-7.1156,trees,26.01729,0.75138,2.13459
107.46784,-7.2048,trees,21.36195,0.75973,2.86815
107.72143,-7.30613,trees,19.75548,0.74612,3.66237
107.69529,-7.09727,trees,30.79226,0.30458,17.71074
107.59558,-7.26867,trees,22.65909,0.75919,1.85226
107.37621,-7.12234,trees,20.37072,0.75564,3.94035
107.41825,-6.86147,trees,32.59356,0.6025,4.34042
107.47727,-6.77415,trees,27.45628,0.72414,4.49816
107.40451,-6.74505,trees,30.39919,0.42408,7.31821
107.33309,-6.89704,trees,29.05591,0.57998,3.52428
107.59693,-7.1509,trees,23.18546,0.66229,2.07751
107.3471,-6.80487,trees,32.32012,0.61471,7.22737
107.71739,-7.17705,trees,22.64541,0.75851,2.29974
107.41205,-7.03017,trees,28.22704,0.59052,5.61641
107.712,-7.25655,trees,19.7025,0.75893,1.22255
107.49236,-6.85446,trees,36.65246,0.22064,69.61803
107.74946,-6.89461,trees,25.38838,0.71378,10.1881
107.4805,-6.75394,trees,29.11743,0.69777,4.08381
107.636,-7.19914,trees,20.10412,0.76264,9.04276
107.61552,-7.25682,trees,27.8596,0.55904,5.77691
107.3622,-7.20238,trees,25.68574,0.7446,3.91033
107.30183,-7.08488,trees,20.62707,0.76011,1.83054
107.42229,-6.84934,trees,32.62945,0.54642,7.14426
107.65352,-6.83263,trees,25.08246,0.72149,14.70288
107.53791,-7.15198,trees,23.52214,0.7622,2.10737
107.47781,-7.05227,trees,26.70773,0.68226,5.99609
107.48158,-7.06278,trees,26.03609,0.72155,8.7104
107.32204,-6.9884,trees,28.67651,0.53742,1.29139
107.36327,-7.09674,trees,22.82657,0.76257,3.18709
107.24685,-6.99352,trees,29.21656,0.59175,1.37278
107.37325,-7.08757,trees,23.33414,0.76074,1.95263
107.40882,-6.84018,trees,33.11652,0.53357,7.68717
107.32635,-7.04365,trees,25.76094,0.52204,2.84352
107.53117,-7.18917,trees,25.43623,0.66148,4.97982
107.84297,-7.05092,trees,29.47633,0.45756,7.63616
107.36651,-6.92049,trees,30.42654,0.18618,0.0
107.69125,-7.25143,trees,20.42883,0.75474,1.79293
107.56836,-6.78358,trees,23.70158,0.74853,5.78495
107.38753,-6.74801,trees,32.75763,0.48572,5.10178
107.53872,-7.08946,trees,27.70067,0.55804,10.18265
107.48616,-6.79921,trees,29.10889,0.63167,6.0123
107.3913,-7.19645,trees,21.9413,0.65603,2.65649
107.37513,-7.18055,trees,23.59562,0.69783,2.29617
107.401,-7.08623,trees,23.08463,0.76264,2.41967
107.38376,-7.21397,trees,24.40399,0.73566,2.33378
107.36139,-6.93585,trees,33.4925,0.23372,6.34088
107.41044,-7.08057,trees,25.41572,0.67506,4.22142
107.61606,-7.27864,trees,23.00772,0.7586,1.84119
107.38564,-6.88599,trees,28.12108,0.61654,4.52714
107.70742,-7.14659,trees,25.77632,0.63049,6.2197
107.72008,-7.30155,trees,19.20005,0.76073,2.1736
107.56459,-7.09108,trees,30.0027,0.24166,18.59844
107.37783,-6.86093,trees,31.11014,0.68055,4.43894
107.26545,-7.05011,trees,26.33688,0.66193,1.11234
107.31854,-6.80838,trees,31.40067,0.49274,0.0
107.38968,-6.76256,trees,30.58377,0.41539,6.76498
107.26895,-7.01643,trees,30.04885,0.48136,2.59578
107.41017,-6.76607,trees,32.83282,0.69904,7.88766
107.31369,-6.99244,trees,30.87772,0.50775,1.10903
107.34387,-7.20211,trees,25.98653,0.68846,4.05
107.41286,-6.69115,trees,32.07915,0.46298,8.56459
107.56432,-7.24011,trees,23.32731,0.69068,2.23398
107.58992,-7.25762,trees,23.52214,0.75089,2.00777
107.50233,-7.23876,trees,22.05581,0.75638,1.79034
107.45814,-6.8992,trees,34.68881,0.18021,11.18665
107.6608,-7.10374,trees,26.51974,0.62855,2.01793
107.39966,-7.04284,trees,25.57637,0.76721,1.77984
107.39912,-7.19321,trees,22.51724,0.73483,2.62494
107.44062,-7.01184,trees,29.61988,0.72587,4.41482
107.5309,-7.09458,trees,28.9773,0.47388,7.33322
107.44574,-7.25574,trees,22.57534,0.75481,0.62139
107.44924,-7.19025,trees,22.3959,0.72812,2.6748
107.49182,-7.04041,trees,27.70067,0.6974,15.03295
107.35465,-7.00457,trees,27.68528,0.41259,5.11199
107.72008,-7.17381,trees,21.18934,0.7584,2.21588
107.4417,-6.85042,trees,29.29004,0.74313,8.82874
107.30884,-6.91537,trees,25.65327,0.75776,1.78535
107.63681,-6.83506,trees,27.41013,0.4358,16.39173
107.44304,-6.84745,trees,27.19309,0.71798,8.91894
107.25332,-7.20507,trees,27.44261,0.62461,4.10137
107.46999,-7.22367,trees,23.33073,0.76211,2.04232
107.72197,-7.16492,trees,23.31022,0.76269,1.99174
107.72332,-7.1509,trees,21.49525,0.75118,1.98181
107.63358,-6.79921,trees,22.42153,0.65775,9.73207
107.5026,-7.16195,trees,21.51918,0.72879,2.21723
107.66322,-6.78574,trees,23.799,0.71657,6.97036
107.72601,-6.8744,trees,25.72163,0.57129,8.09832
107.45086,-6.99379,trees,27.18967,0.7688,4.77323
107.31935,-6.73669,trees,29.79078,0.28722,0.0
107.72413,-7.10698,trees,32.69781,0.51726,14.13348
107.50072,-7.19052,trees,20.56726,0.75864,1.83887
107.72359,-7.21127,trees,24.3886,0.48699,15.48318
107.76024,-6.98516,trees,34.91098,0.2244,25.32393
107.40747,-7.21774,trees,24.08953,0.72947,2.2575
107.29671,-7.05092,trees,25.32856,0.69445,1.19988
107.32986,-7.08892,trees,22.01479,0.76245,2.28704
107.64678,-7.28161,trees,26.53341,0.61907,3.72314
107.51985,-7.12476,trees,24.76971,0.76709,5.85063
107.4231,-7.07652,trees,27.58787,0.59603,5.07282
107.35249,-7.16384,trees,24.7287,0.65028,5.25979
107.72979,-7.1792,trees,20.42541,0.75862,1.9887
107.4708,-7.16034,trees,21.56019,0.75922,1.60848
107.38915,-7.13581,trees,22.67105,0.71228,5.67303
107.65702,-6.77658,trees,22.92227,0.7486,4.54148
107.40963,-6.76553,trees,31.89629,0.68295,7.88766
107.46649,-7.13959,trees,22.71207,0.76316,2.19544
107.39831,-7.0555,trees,23.20768,0.74536,3.67045
107.33201,-6.89435,trees,27.66649,0.5867,3.50854
107.4134,-7.15791,trees,20.25451,0.75861,2.35055
107.60798,-7.30047,trees,21.68666,0.75402,0.9004
107.38052,-7.21343,trees,21.41664,0.74658,2.47934
107.63546,-7.22906,trees,22.46939,0.67137,5.18273
107.3436,-6.79841,trees,30.06423,0.69771,5.03186
107.44224,-7.16842,trees,20.32971,0.70452,2.43893
107.42256,-7.20831,trees,21.66273,0.73398,3.43209
107.34198,-7.13851,trees,23.89983,0.68633,4.68142
107.4956,-6.76903,trees,27.08029,0.46815,10.37714
107.39265,-7.10213,trees,22.17202,0.76027,1.79318
107.36893,-6.99217,trees,29.98219,0.52082,5.9476
107.41421,-7.07437,trees,24.32195,0.70567,4.54148
107.40882,-6.86659,trees,28.03734,0.48517,4.46574
107.44574,-6.82805,trees,32.56451,0.37099,27.82912
107.22395,-6.99217,trees,29.06958,0.55203,1.37829
107.58911,-7.21989,trees,29.09351,0.37452,5.43522
107.23095,-6.93935,trees,28.36547,0.67325,1.20003
107.87531,-6.98948,trees,22.75992,0.76702,7.1636
107.37702,-7.09862,trees,22.67447,0.76158,3.04329
107.29455,-6.92911,trees,25.81905,0.74404,1.11981
107.81683,-7.09323,trees,25.32685,0.73491,5.59517
107.50476,-7.15252,trees,26.30782,0.74666,3.19959
107.43631,-6.79814,trees,30.66751,0.71605,9.40042
107.4735,-6.94205,trees,29.57545,0.54027,16.41614
107.61013,-7.13339,trees,22.70865,0.73064,1.7312
107.88555,-6.969,trees,30.24025,0.46269,5.8201
107.71712,-7.26113,trees,19.588,0.7606,0.96985
107.49991,-7.16842,trees,21.97377,0.75914,1.90711
107.29078,-6.77846,trees,32.51153,0.3856,0.0
107.39292,-7.21774,trees,23.56486,0.70329,1.84823
107.70472,-6.84638,trees,22.48306,0.75753,4.8127
107.47781,-7.01993,trees,28.07665,0.61742,4.79466
107.37648,-6.69061,trees,31.89287,0.59463,5.11625
107.23958,-6.95525,trees,24.99872,0.68039,1.33203
107.36489,-7.11776,trees,24.09295,0.67628,4.44462
107.44062,-7.01158,trees,29.72584,0.72522,4.41482
107.43631,-6.72106,trees,31.20755,0.57424,10.69279
107.61175,-7.26948,trees,26.52316,0.70068,2.83631
107.35276,-6.97007,trees,30.76492,0.47851,5.02462
107.69879,-7.26436,trees,19.45469,0.75733,1.72655
107.58884,-6.76903,trees,23.14274,0.74004,2.3264
107.3436,-7.17705,trees,21.66615,0.76004,4.02814
107.41394,-7.05955,trees,24.88934,0.74441,3.77811
107.78369,-7.05443,trees,32.21074,0.27519,25.60254
107.62953,-7.25682,trees,26.19845,0.61258,8.17341
107.34145,-7.02828,trees,25.68232,0.69361,1.14393
107.43442,-6.91537,trees,34.51449,0.42063,9.22605
107.69125,-7.11156,trees,29.93092,0.49778,13.34001
107.59261,-7.11075,trees,24.83124,0.70975,5.82912
107.41259,-7.06871,trees,27.29734,0.36767,7.04246
107.47619,-7.19375,trees,21.6371,0.75815,1.74479
107.36705,-7.23606,trees,23.66569,0.75892,3.73768
107.54923,-6.84125,trees,29.78053,0.31444,58.61551
107.69853,-7.25924,trees,20.42199,0.75857,1.79448
107.81171,-7.08703,trees,24.58856,0.75731,5.66622
107.57429,-7.21801,trees,28.11254,0.46444,6.26312
107.60016,-6.73373,trees,19.87853,0.75776,0.90945
107.61094,-7.2773,trees,22.85733,0.7483,1.91619
107.68101,-7.10051,trees,28.56542,0.68229,5.16232
107.47484,-6.74558,trees,27.74168,0.7001,3.07701
107.64031,-7.11075,trees,24.15789,0.75952,1.73682
107.41852,-6.703,trees,34.41537,0.50815,8.50302
107.52012,-7.10725,trees,23.03336,0.73555,3.17813
107.63331,-7.16438,trees,22.21816,0.69427,9.02129
107.64517,-6.84934,trees,24.41082,0.7355,14.46036
107.48428,-7.23418,trees,23.14444,0.74874,1.45411
107.36489,-7.2172,trees,23.61442,0.72772,4.25096
107.66565,-7.28592,trees,24.19378,0.58397,4.28071
107.58345,-6.74828,trees,21.85756,0.7571,1.55498
107.23742,-7.02909,trees,26.60177,0.6833,1.54405
107.49937,-7.21424,trees,19.48545,0.75984,1.81034
107.31854,-7.09081,trees,21.5807,0.76053,2.14278
107.60744,-7.30209,trees,21.51918,0.75237,0.83206
107.38295,-7.01723,trees,28.39794,0.54749,6.30167
107.31234,-6.95256,trees,26.6069,0.69644,1.78907
107.59127,-6.75502,trees,21.07825,0.76208,1.9675
107.66484,-6.77712,trees,22.48989,0.75952,2.21862
107.4514,-6.74424,trees,28.34325,0.56907,12.56225
107.21802,-6.98624,trees,25.56611,0.66245,1.40346
107.28566,-6.92884,trees,25.16449,0.75637,0.84237
107.37001,-6.78008,trees,31.58525,0.57731,4.35165
107.56971,-6.82077,trees,25.18671,0.59789,15.89066
107.71362,-7.28269,trees,20.23913,0.76342,1.47834
107.80201,-7.11264,trees,25.54731,0.71746,2.75266
107.6263,-7.20373,trees,24.98334,0.67845,19.07327
107.47565,-7.0617,trees,26.03267,0.66619,8.49358
107.21667,-6.99972,trees,26.6257,0.71813,1.38041
107.72332,-7.12234,trees,29.42335,0.63364,6.84812
107.43119,-6.90728,trees,32.02617,0.2554,13.17858
107.6042,-7.07598,trees,30.01125,0.3299,11.24483
107.41987,-7.03313,trees,27.79124,0.40542,5.55989
107.35519,-6.8709,trees,32.66363,0.66357,8.04634
107.45814,-7.0485,trees,24.99872,0.73936,2.48135
107.56674,-6.79248,trees,27.61009,0.40475,13.83499
107.44816,-7.23499,trees,23.22135,0.75181,1.22699
107.36327,-6.79248,trees,31.08963,0.71906,2.21759
107.674,-7.24172,trees,24.78168,0.59568,2.38641
107.58857,-6.78816,trees,25.99678,0.67338,10.50695
107.69745,-7.17516,trees,26.68551,0.49339,7.54956
107.3339,-7.17327,trees,22.93424,0.75353,3.89165
107.42526,-7.16707,trees,20.61511,0.75615,2.83182
107.41717,-6.95983,trees,32.09966,0.53653,8.49542
107.71874,-6.85015,trees,21.12952,0.74131,3.36292
107.66646,-7.08137,trees,29.04907,0.59115,6.79259
107.47431,-6.97843,trees,24.37322,0.76689,4.36293
107.30372,-7.01373,trees,28.37743,0.35861,3.83647
107.44143,-7.06116,trees,27.90062,0.44333,12.33125
107.4646,-6.78331,trees,27.36399,0.68744,7.31265
107.439,-6.9725,trees,31.81767,0.33173,0.0
107.60259,-7.27811,trees,25.2602,0.76124,1.5723
107.38726,-7.05577,trees,24.79364,0.73097,3.39637
107.64166,-6.87818,trees,30.51882,0.31047,38.58679
107.2738,-7.02478,trees,26.65817,0.59274,1.28783
107.57294,-7.2552,trees,22.37368,0.76374,1.7813
107.29994,-7.0361,trees,27.916,0.39259,2.49749
107.80767,-7.14093,trees,20.59973,0.76428,4.41138
107.67912,-7.12422,trees,28.70727,0.40513,13.9795
107.38618,-7.11614,trees,21.1056,0.75741,3.51227
107.68289,-7.29535,trees,24.445,0.68613,4.03865
107.33309,-7.19268,trees,26.95383,0.65197,8.12239
107.65002,-6.77819,trees,22.86246,0.76563,9.02037
107.59962,-7.24657,trees,27.45628,0.67536,4.24897
107.33525,-7.2145,trees,21.76186,0.75695,3.04956
107.65136,-6.77496,trees,22.17544,0.7578,5.04779
107.61714,-7.11668,trees,21.82167,0.73949,1.81113
107.73113,-7.26813,trees,18.90439,0.75754,1.39542
107.41475,-6.74397,trees,30.2112,0.5551,7.29674
107.75027,-7.16168,trees,22.41812,0.73274,1.99678
107.50206,-6.74235,trees,26.81027,0.69388,6.05929
107.22987,-6.95714,trees,26.95725,0.70832,1.35683
107.46029,-7.18729,trees,19.65977,0.75706,2.33697
107.35411,-6.86093,trees,33.7967,0.64411,16.52503
107.29294,-7.08299,trees,20.54675,0.75681,1.8457
107.26976,-6.99837,trees,26.59835,0.7327,3.54012
107.37998,-7.23822,trees,21.9789,0.74243,1.8068
107.34522,-7.21046,trees,22.2438,0.75773,3.30836
107.3498,-7.10078,trees,22.34292,0.7586,2.00542
107.4196,-7.07679,trees,28.51586,0.66172,3.98539
107.40235,-7.14605,trees,21.8832,0.74463,5.4562
107.22341,-6.98193,trees,27.48191,0.66333,1.44335
107.89445,-7.03017,trees,32.40557,0.4114,17.41294
107.45113,-6.93908,trees,32.96271,0.20041,0.0
107.30587,-7.08784,trees,20.29894,0.75987,2.00506
107.19565,-6.99864,trees,25.8669,0.72819,1.55455
107.47242,-6.77388,trees,27.28025,0.74514,5.26024
107.20319,-7.02074,trees,27.66649,0.70633,1.50856
107.19538,-7.05874,trees,28.50048,0.33184,3.37588
107.33471,-7.0043,trees,27.83568,0.43312,2.35145
107.48886,-6.74585,trees,30.01296,0.61086,3.95752
107.64975,-7.03852,trees,28.56713,0.72607,9.86207
107.4169,-7.02101,trees,31.96977,0.45863,7.92995
107.33686,-7.19834,trees,24.73041,0.76577,4.03041
107.66322,-7.24038,trees,25.70283,0.698,8.67349
107.8171,-7.07248,trees,30.26247,0.50445,6.39915
107.50961,-7.08299,trees,27.57249,0.57338,8.05597
107.33821,-7.21424,trees,21.72597,0.75856,3.52837
107.31638,-7.08272,trees,21.64564,0.75894,2.04216
107.65109,-7.02828,trees,28.65258,0.71389,19.31408
107.46972,-7.10644,trees,28.07836,0.21374,26.81679
107.63627,-6.79733,trees,24.89789,0.68893,8.69626
107.41313,-7.11964,trees,22.13442,0.76861,10.67707
107.44763,-7.15656,trees,20.69202,0.74334,1.87482
107.2447,-6.96819,trees,28.24584,0.62148,2.22133
107.39373,-6.97951,trees,32.95245,0.39886,7.37592
107.36031,-7.05981,trees,22.64883,0.73998,1.70509
107.30506,-6.97708,trees,25.13544,0.69912,1.03848
107.57213,-7.13797,trees,28.18432,0.4987,7.37611
107.60124,-7.23229,trees,26.23604,0.70392,9.33611
107.4964,-6.78709,trees,26.67184,0.69284,4.79278
107.72844,-7.05901,trees,31.56474,0.19371,24.75094
107.53359,-7.12045,trees,28.31078,0.57279,8.25217
107.37567,-7.09566,trees,22.88468,0.7606,2.29398
107.63816,-7.22663,trees,24.27923,0.61136,5.23109
107.58103,-7.2455,trees,24.9372,0.72261,2.41957
107.41933,-6.7949,trees,33.2652,0.43377,11.65208
107.23095,-7.03071,trees,27.57078,0.52955,2.69381
107.49991,-6.75987,trees,26.80685,0.70492,4.41356
107.37136,-7.02721,trees,24.28777,0.74123,1.62545
107.69179,-7.25897,trees,20.6322,0.75907,1.96953
107.37136,-7.05389,trees,24.15789,0.75242,2.65111
107.50395,-7.00376,trees,28.81323,0.58727,8.34771
107.45921,-6.78924,trees,28.41332,0.62919,8.17615
107.48212,-6.80622,trees,30.81961,0.4864,9.70634
107.40585,-7.06251,trees,26.22579,0.37262,5.83149
107.24874,-7.01723,trees,28.20141,0.52851,3.75394
107.20805,-6.95822,trees,29.10376,0.69457,1.72522
107.43038,-7.25466,trees,21.86098,0.74986,0.65962
107.43388,-6.72968,trees,29.39942,0.50242,15.95942
107.47511,-6.78493,trees,27.27854,0.70112,7.10945
107.53467,-6.83101,trees,29.53102,0.33975,12.75696
107.60393,-7.23283,trees,26.61886,0.70592,14.12925
107.68424,-6.8426,trees,22.84537,0.66948,7.76033
107.40855,-6.76822,trees,30.52053,0.65757,8.21464
107.41502,-7.05011,trees,23.62468,0.74889,1.97768
107.62441,-7.15387,trees,18.55575,0.76186,2.27537
107.2765,-7.02505,trees,27.29905,0.5854,1.56828
107.40963,-6.89461,trees,32.6773,0.31831,0.0
107.52713,-7.11317,trees,27.82371,0.55637,4.54806
107.45921,-6.73346,trees,28.52954,0.68375,6.91848
107.44035,-6.81107,trees,34.20687,0.49939,9.08073
107.30884,-6.77038,trees,30.13942,0.75583,5.15881
107.71874,-6.8294,trees,25.87202,0.63711,5.12523
107.43361,-7.22016,trees,22.27798,0.75602,1.4139
107.34171,-7.01508,trees,28.27489,0.49133,2.55172
107.66699,-7.06898,trees,29.83864,0.47976,8.69238
107.42553,-6.81889,trees,31.19046,0.71837,10.17048
107.38564,-7.16195,trees,24.38006,0.73981,4.67655
107.65433,-7.20911,trees,23.51701,0.72417,5.14495
107.19511,-6.97789,trees,26.78635,0.73552,2.05902
107.89741,-7.03448,trees,29.48316,0.33262,16.50723
107.26626,-7.18998,trees,24.26556,0.76204,2.30058
107.50907,-6.75987,trees,24.83466,0.70347,3.17015
107.36839,-6.8771,trees,29.99928,0.62273,3.75808
107.85322,-7.02936,trees,31.95952,0.52787,9.75774
107.31557,-7.12746,trees,22.94107,0.76349,3.12383
107.63843,-6.78008,trees,23.58708,0.74661,4.66526
107.37648,-6.70058,trees,30.6282,0.73663,4.66569
107.42741,-7.21666,trees,21.92934,0.75262,1.76591
107.32447,-7.07976,trees,22.92227,0.76172,2.17214
107.38564,-7.0396,trees,22.90006,0.75885,1.38934
107.69394,-7.2994,trees,24.88251,0.38083,2.04419
107.31153,-7.16357,trees,24.57489,0.72695,4.33003
107.49748,-7.06494,trees,28.34667,0.54144,15.93877
107.35627,-6.78304,trees,31.40238,0.70047,3.33054
107.43307,-7.00699,trees,29.72926,0.47554,6.43059
107.38618,-7.16141,trees,24.18181,0.74042,4.67655
107.53063,-7.07194,trees,27.82542,0.65226,9.84943
107.62495,-7.27999,trees,21.75844,0.76123,1.76471
107.29644,-7.07868,trees,21.72768,0.75799,1.96113
107.39184,-7.22502,trees,22.85904,0.7201,1.59112
107.30641,-7.02936,trees,26.46505,0.47699,4.17741
107.42714,-6.8197,trees,29.76002,0.71662,11.00831
107.51473,-7.11371,trees,23.2504,0.7582,4.75975
107.70014,-7.22475,trees,19.28379,0.75602,2.03416
107.61849,-7.21747,trees,24.68084,0.5865,4.81229
107.45814,-7.14902,trees,21.95668,0.74443,1.94863
107.6201,-7.21855,trees,21.33802,0.71344,5.11249
107.6961,-6.85527,trees,23.22819,0.66972,7.34304
107.42418,-6.81754,trees,31.23661,0.60306,9.3033
107.40747,-6.69034,trees,31.04862,0.42924,8.34589
107.40181,-6.94797,trees,31.56816,0.44736,8.12615
107.6387,-7.19618,trees,22.92398,0.70861,7.20346
107.45086,-7.09727,trees,27.52122,0.33317,16.26391
107.38537,-6.79221,trees,31.67753,0.7481,2.49167
107.35923,-7.211,trees,21.16712,0.72253,3.96847
107.3657,-7.18459,trees,24.04509,0.71958,4.1212
107.39346,-6.76795,trees,33.14044,0.39295,6.93354
107.42364,-7.19753,trees,21.53968,0.72294,3.99735
107.29482,-7.17624,trees,26.28561,0.60777,3.00431
107.58749,-6.73211,trees,20.9552,0.74657,1.83429
107.3471,-7.13096,trees,24.67059,0.72978,4.27438
107.22152,-7.02262,trees,28.17748,0.69623,1.51385
107.35142,-7.22016,trees,21.34998,0.71613,3.49366
107.20373,-7.00403,trees,25.64131,0.68244,1.27916
107.3622,-7.08623,trees,23.95281,0.74523,1.8855
107.34252,-7.09512,trees,22.43862,0.76009,1.93566
107.37917,-6.87925,trees,26.7966,0.76791,2.48119
107.28054,-7.02236,trees,25.59004,0.71786,1.58907
107.35519,-7.18998,trees,26.15401,0.74638,4.18979
107.36516,-7.09108,trees,23.58366,0.75562,3.22996
107.43065,-7.07248,trees,27.82201,0.54538,6.65155
107.50826,-7.09916,trees,23.31705,0.7541,6.50475
107.71335,-7.30209,trees,21.49525,0.6741,1.82759
107.47431,-7.12261,trees,28.03392,0.3575,10.76883
107.28809,-6.96549,trees,26.19161,0.53314,1.27224
107.27299,-7.07221,trees,21.65248,0.76169,1.0348
107.3913,-6.79409,trees,32.20391,0.6241,2.62369
107.34091,-7.08245,trees,22.98892,0.76211,1.6061
107.70149,-7.25924,trees,20.14513,0.75549,1.705
107.52578,-7.05416,trees,29.17383,0.52904,16.06299
107.37459,-7.1218,trees,22.31387,0.75344,3.7521
107.68721,-6.80029,trees,22.91715,0.76063,2.45921
107.69017,-6.84799,trees,25.39179,0.5227,9.82942
107.50799,-7.13015,trees,28.26293,0.70865,11.7668
107.30911,-7.07329,trees,22.24721,0.76023,2.13554
107.71793,-6.85931,trees,23.60246,0.76829,4.36438
107.43307,-6.81215,trees,33.23615,0.51262,8.03926
107.69826,-7.18082,trees,30.53933,0.46408,8.29595
107.49344,-7.12692,trees,26.70089,0.64642,9.70156
107.49775,-7.22367,trees,21.27991,0.76067,1.71597
107.50179,-7.2331,trees,21.21155,0.7344,1.83826
107.69933,-6.79787,trees,22.88297,0.74855,1.76916
107.80605,-7.14147,trees,20.30578,0.75947,5.91199
107.28835,-7.014,trees,25.53364,0.69993,3.03135
107.72413,-6.85958,trees,22.23354,0.76286,5.52688
107.27488,-6.95283,trees,26.43429,0.7329,0.97282
107.48077,-6.87413,trees,32.0894,0.2166,0.0
107.68748,-7.0679,trees,31.69462,0.28754,14.14003
107.58911,-6.74666,trees,21.07142,0.7591,1.61387
107.4161,-6.79948,trees,34.51107,0.29518,9.74213
107.70634,-6.84718,trees,21.97719,0.75499,4.43368
107.26275,-6.98543,trees,28.94141,0.55862,2.3485
107.39022,-7.12369,trees,20.83215,0.75248,4.41025
107.6387,-7.09808,trees,24.02459,0.75443,2.32397
107.57671,-7.14686,trees,24.31853,0.76554,5.11977
107.29213,-6.98894,trees,27.00168,0.45455,2.75458
107.44062,-7.0334,trees,27.61692,0.67282,2.25375
107.85322,-7.05901,trees,24.95087,0.73682,9.44635
107.36058,-7.02613,trees,23.89812,0.76769,1.26581
107.66322,-7.15629,trees,29.13452,0.42457,2.18879
107.5115,-7.05955,trees,28.9961,0.452,11.18822
107.45948,-6.98058,trees,27.31956,0.61755,7.1968
107.77237,-7.13042,trees,25.32343,0.70615,5.8284
107.54653,-7.24604,trees,24.68597,0.67537,2.33843
107.60259,-6.83937,trees,28.46801,0.29859,46.06289
107.43226,-6.71729,trees,29.71559,0.62993,11.15593
107.2005,-7.02909,trees,27.72288,0.62537,1.57153
107.37136,-6.70866,trees,32.24321,0.61957,8.29926
107.20239,-6.99918,trees,27.32981,0.69392,1.46732
107.51392,-6.7631,trees,27.02219,0.73007,2.32063
107.40235,-6.80056,trees,31.35282,0.59175,5.11409
107.49317,-7.18217,trees,20.38098,0.75442,1.40546
107.6581,-7.23337,trees,26.57443,0.47286,12.24129
107.6104,-7.21046,trees,27.24094,0.59957,5.65342
107.72089,-7.15953,trees,23.61442,0.76606,2.0276
107.67211,-6.79355,trees,23.53239,0.75022,5.02449
107.42014,-7.22771,trees,21.44227,0.75458,1.50721
107.67427,-6.82805,trees,27.33323,0.32058,11.69357
107.59288,-6.83209,trees,28.72436,0.39655,34.03994
107.67912,-7.26679,trees,27.12986,0.57187,4.10746
107.34387,-6.77685,trees,32.43633,0.73938,3.87631
107.27461,-7.03745,trees,27.03244,0.55498,2.34086
107.47862,-7.09754,trees,28.22875,0.38393,23.15411
107.59531,-7.13959,trees,24.22283,0.72109,2.03616
107.32662,-7.1951,trees,26.60006,0.74289,4.69152
107.50557,-6.80272,trees,28.12963,0.6129,7.52656
107.36705,-6.99541,trees,31.18534,0.41914,5.63894
107.47269,-7.19106,trees,21.38587,0.75813,1.74814
107.35438,-7.1571,trees,24.28435,0.70051,4.93863
107.72278,-7.18055,trees,21.33631,0.75837,2.28785
107.34657,-7.20238,trees,26.9111,0.68143,4.07876
107.28701,-6.99594,trees,26.49923,0.52929,2.97483
107.39157,-7.11237,trees,21.8268,0.74952,3.37053
107.53359,-7.166,trees,22.90347,0.76015,2.84064
107.39588,-6.79625,trees,30.1155,0.7252,3.53385
107.71847,-6.84961,trees,21.1825,0.74223,3.36292
107.36786,-6.9027,trees,28.28344,0.586,4.23137
107.52794,-7.14578,trees,20.87659,0.75949,2.48672
107.75162,-7.09566,trees,30.40603,0.26229,21.36462
107.72979,-7.14659,trees,21.24232,0.72866,1.87162
107.54788,-7.18297,trees,27.73314,0.46841,7.27627
107.71658,-6.82832,trees,22.81119,0.74313,5.54718
107.34252,-6.92749,trees,27.80833,0.69023,4.85869
107.62388,-6.78008,trees,20.79627,0.76343,2.60385
107.51446,-7.24577,trees,24.98163,0.6863,2.05226
107.74326,-6.8833,trees,21.75502,0.75799,6.28019
107.35438,-7.09,trees,22.2626,0.75978,2.92322
107.53117,-7.16815,trees,24.51678,0.73084,4.31189
107.37837,-7.23472,trees,22.25063,0.73653,2.16877
107.80821,-7.12315,trees,25.42426,0.63116,5.2879
107.27084,-6.95094,trees,25.6584,0.67076,0.93868
107.39265,-7.01077,trees,29.43873,0.61905,3.95841
107.88529,-6.96765,trees,29.14307,0.50886,7.33629
107.2862,-7.01211,trees,25.24482,0.70553,2.88922
107.37702,-7.23202,trees,22.27798,0.7466,1.87298
107.56243,-7.23067,trees,26.46505,0.70454,4.47022
107.41502,-7.14282,trees,22.76334,0.74265,12.57994
107.50772,-6.9539,trees,33.43439,0.30181,21.40051
107.78288,-7.11776,trees,24.10662,0.68524,7.24774
107.39534,-6.8612,trees,27.61351,0.73312,5.15061
107.40639,-7.17893,trees,23.87248,0.7309,5.06233
107.7376,-7.09889,trees,32.19023,0.35357,20.44125
107.55084,-7.11479,trees,29.32423,0.34638,19.38902
107.60393,-6.80433,trees,28.56201,0.26818,20.47228
107.40963,-7.12961,trees,22.7189,0.76513,12.74279
107.40558,-7.0935,trees,22.08657,0.76106,2.14666
107.52201,-7.04284,trees,31.55107,0.3675,20.78415
107.27731,-6.97789,trees,25.24482,0.66227,2.64972
107.47296,-6.74505,trees,28.64917,0.71448,3.05624
107.39885,-6.85931,trees,27.62034,0.70437,5.50741
107.8772,-7.04634,trees,24.445,0.73746,3.88973
107.53144,-6.76068,trees,28.45776,0.7557,1.80663
107.39912,-7.1695,trees,21.57557,0.71728,3.17431
107.42148,-7.18594,trees,22.79581,0.58808,29.89944
107.73625,-6.84557,trees,26.62057,0.50802,3.00047
107.44304,-7.07086,trees,27.72288,0.32833,11.41863
107.58695,-7.24631,trees,26.5505,0.6866,3.84026
107.22341,-6.94393,trees,26.16427,0.69483,1.26116
107.32851,-6.90647,trees,29.33961,0.5877,4.55688
107.37621,-6.72645,trees,36.87292,0.36467,9.57129
107.38133,-6.88383,trees,27.49558,0.70758,4.06226
107.31099,-7.20373,trees,22.16176,0.75669,3.33272
107.29806,-6.79032,trees,32.85675,0.58565,7.72199
107.68667,-7.24631,trees,20.14513,0.72635,1.82725
107.84756,-7.02532,trees,31.61259,0.2252,13.51884
107.39588,-7.14255,trees,22.06948,0.62967,18.92278
107.36031,-6.98813,trees,28.89526,0.66202,4.23469
107.30991,-7.11533,trees,21.79091,0.76117,2.23882
107.56135,-7.2137,trees,27.05295,0.4662,5.85088
107.47781,-6.72672,trees,29.15162,0.43183,7.04449
107.70715,-7.13096,trees,28.70044,0.60666,8.07124
107.38968,-7.16869,trees,19.44444,0.7568,5.67854
107.70957,-6.80676,trees,22.02504,0.76024,1.94062
107.57591,-7.21585,trees,26.99314,0.47148,6.24581
107.61606,-7.22852,trees,23.20597,0.60892,9.06521
107.72116,-6.87413,trees,26.01045,0.59228,9.31214
107.86319,-6.98409,trees,26.18136,0.68848,11.71683
107.81414,-7.09108,trees,24.25872,0.74852,6.45539
107.51716,-6.76634,trees,26.86496,0.71259,3.4459
107.78099,-7.10913,trees,29.6985,0.55275,11.39987
107.63061,-7.22502,trees,20.25793,0.7591,3.27539
107.4673,-7.14039,trees,23.52214,0.7615,2.21642
107.49398,-7.10455,trees,26.9675,0.61701,12.19892
107.90361,-6.96495,trees,23.63151,0.72083,4.60687
107.22341,-7.00187,trees,26.45138,0.72069,1.51417
107.42283,-7.24038,trees,21.3346,0.73705,1.41739
107.3692,-7.10563,trees,17.9952,0.75955,4.13886
107.36381,-7.17866,trees,21.42347,0.74968,3.06498
107.45032,-7.1827,trees,23.83659,0.65059,6.33932
107.37055,-6.9884,trees,29.80787,0.57943,5.83818
107.58291,-7.1253,trees,24.20061,0.7027,4.24031
107.38106,-7.12288,trees,20.31091,0.75977,3.9806
107.49398,-7.173,trees,20.95862,0.7494,1.62938
107.363,-7.15953,trees,26.82907,0.53,14.76336
107.44978,-6.741,trees,27.52122,0.5438,12.31978
107.39561,-7.2455,trees,22.50015,0.76163,1.33577
107.31854,-6.97843,trees,26.26339,0.56169,1.07727
107.78126,-7.11425,trees,27.25803,0.53056,9.45036
107.33174,-7.17031,trees,24.00408,0.68083,4.15699
107.25763,-7.19753,trees,26.83249,0.48893,4.55045
107.41259,-6.97897,trees,31.71342,0.31488,8.38937
107.45787,-6.99972,trees,27.81175,0.69191,3.87681
107.4708,-7.03879,trees,27.62376,0.52876,6.63265
107.29294,-6.92103,trees,25.70967,0.72414,1.13821
107.64867,-7.04041,trees,29.68483,0.61904,10.4757
107.47565,-6.82832,trees,31.35624,0.57329,14.39732
107.67131,-6.84125,trees,27.62205,0.35977,13.65671
107.82088,-7.05469,trees,28.80298,0.27427,12.34098
107.60717,-7.30317,trees,21.52259,0.752,0.74704
107.35977,-7.08137,trees,26.32833,0.70027,1.82349
107.46838,-7.01158,trees,26.24972,0.71876,3.39587
107.69529,-7.22771,trees,20.27502,0.70871,1.96082
107.60663,-7.10186,trees,22.97013,0.76016,5.31069
107.47943,-6.72834,trees,29.10889,0.44137,6.90647
107.71739,-7.2843,trees,20.00328,0.75924,1.50678
107.42822,-6.97277,trees,30.94608,0.33838,15.32024
107.57644,-6.78224,trees,23.01969,0.72546,8.90134
107.75566,-6.89192,trees,26.25826,0.76392,7.56848
107.45948,-6.98463,trees,28.47656,0.52675,6.92707
107.5433,-6.77658,trees,21.0116,0.76067,3.50531
107.37001,-7.03017,trees,24.50823,0.75259,1.51256
107.32447,-7.11533,trees,21.74306,0.75999,2.93261
107.62657,-7.13527,trees,19.56407,0.7593,1.63402
107.39885,-7.15441,trees,20.45617,0.74471,4.88443
107.65002,-7.10266,trees,25.75069,0.65794,1.93884
107.24712,-6.9919,trees,29.05249,0.57066,1.3929
107.33929,-6.82832,trees,33.36603,0.23631,21.05709
107.3277,-6.76876,trees,32.58673,0.29388,0.0
107.48347,-6.90782,grass,33.17804,0.43791,23.47195
107.61552,-7.22124,grass,26.07198,0.61703,3.45191
107.591,-7.20965,grass,27.09397,0.63101,15.77548
107.2517,-6.99918,grass,30.53591,0.47813,3.03957
107.56728,-7.21585,grass,27.06662,0.53868,6.77608
107.58776,-6.98274,grass,34.34701,0.34079,39.07659
107.60771,-7.20938,grass,26.02413,0.63791,10.76738
107.77803,-6.9822,grass,32.13213,0.32236,16.98422
107.5088,-6.76714,grass,29.13111,0.54536,5.14652
107.73706,-7.14201,grass,30.23171,0.57209,2.04682
107.43685,-6.87818,grass,35.5023,0.42417,16.52764
107.41124,-7.19645,grass,23.52043,0.68092,4.11953
107.66484,-7.23391,grass,27.29221,0.3706,7.61994
107.5848,-6.79248,grass,27.5554,0.32001,32.79495
107.79069,-7.11776,grass,25.15253,0.64329,4.91054
107.80066,-7.1191,grass,26.759,0.55352,6.55535
107.72305,-6.97061,grass,35.55698,0.22668,0.0
107.27299,-7.02775,grass,28.9961,0.47475,1.56028
107.81441,-7.07113,grass,32.71661,0.61674,8.10355
107.67562,-7.22151,grass,26.82394,0.50297,5.88376
107.57186,-6.9,grass,39.43302,0.27697,162.6021
107.66187,-7.23768,grass,25.97286,0.62406,10.113
107.72008,-6.95822,grass,32.64996,0.36634,0.0
107.89202,-6.97439,grass,28.51245,0.43116,2.98902
107.5848,-7.20858,grass,28.53979,0.57057,9.88061
107.46703,-6.87063,grass,35.67149,0.25871,55.79179
107.83058,-7.05631,grass,31.50321,0.27177,10.34272
107.82195,-7.07572,grass,33.86165,0.42971,6.28401
107.50341,-6.94582,grass,34.77426,0.2296,17.59729
107.75916,-6.99082,grass,36.24742,0.26815,0.0
107.84109,-6.97061,grass,32.40728,0.34564,24.93379
107.79716,-7.01939,grass,32.71148,0.2036,34.27126
107.58156,-7.1668,grass,27.12815,0.54315,12.95381
107.78315,-6.97169,grass,32.94904,0.35905,27.34375
107.73302,-6.97358,grass,34.6871,0.33102,0.0
107.62334,-7.11021,grass,24.82611,0.70493,2.10573
107.64112,-7.2331,grass,27.53831,0.48525,5.63414
107.5274,-6.95498,grass,33.58479,0.36323,43.07714
107.80686,-7.1156,grass,32.53545,0.59834,2.65719
107.54491,-6.96765,grass,35.33823,0.25122,45.9235
107.62414,-6.86955,grass,31.31864,0.43022,114.40466
107.5848,-7.21612,grass,27.76219,0.65458,5.97228
107.23257,-6.9539,grass,28.64233,0.6963,1.33841
107.44736,-6.86389,grass,35.76548,0.42135,10.90282
107.43846,-6.87925,grass,35.93809,0.38197,16.68422
107.43873,-6.87737,grass,35.1434,0.36322,16.82269
107.54815,-7.21747,grass,28.06468,0.47671,11.79556
107.71901,-6.97412,grass,35.02719,0.23371,0.0
107.47916,-6.77685,grass,30.68631,0.65364,4.47064
107.57725,-6.98543,grass,35.21176,0.4332,39.4304
107.77883,-6.98786,grass,34.01546,0.29507,0.0
107.63007,-7.25223,grass,27.91429,0.65889,12.35903
107.78315,-7.03718,grass,31.35282,0.24653,37.53955
107.59154,-7.17166,grass,26.83762,0.55918,8.78796
107.57995,-7.2172,grass,28.49877,0.54446,5.91055
107.58588,-6.98463,grass,33.76936,0.34267,0.0
107.87612,-7.02748,grass,29.80958,0.60422,12.47733
107.64732,-6.8647,grass,32.45,0.26206,30.66077
107.33579,-6.82913,grass,36.57897,0.25928,19.52993
107.56701,-6.97897,grass,35.05624,0.36611,37.04665
107.29725,-7.0043,grass,30.14113,0.57811,1.55834
107.60501,-7.18378,grass,26.59323,0.51319,17.04222
107.57348,-6.9822,grass,36.30382,0.36667,41.91402
107.46811,-6.87036,grass,34.44613,0.28369,50.70224
107.62468,-6.86955,grass,31.94414,0.4521,102.33643
107.64193,-7.249,grass,27.99291,0.57844,7.4848
107.48239,-7.12557,grass,25.91817,0.49066,9.77546
107.89175,-6.9787,grass,27.26487,0.58489,4.04851
107.78234,-6.97358,grass,32.51836,0.36105,22.80902
107.59073,-7.22582,grass,28.65088,0.5099,6.06193
107.43065,-6.87413,grass,33.53693,0.42338,9.97346
107.58588,-7.21073,grass,27.58616,0.57953,9.73484
107.56755,-7.21612,grass,26.83762,0.52395,6.77608
107.46299,-6.92264,grass,35.22715,0.34986,12.23997
107.52659,-6.95579,grass,33.89924,0.37157,43.45792
107.33713,-7.13069,grass,25.26533,0.69483,4.28484
107.30884,-7.16923,grass,26.17452,0.64308,4.67815
107.55165,-7.2172,grass,28.656,0.41387,8.25096
107.67265,-6.91564,grass,34.08382,0.26256,168.16838
107.34683,-6.76526,grass,33.37287,0.59305,4.58138
107.57348,-6.8992,grass,40.4345,0.33078,150.99442
107.44412,-6.88195,grass,35.83043,0.38879,13.2022
107.78961,-7.11695,grass,26.56759,0.63488,4.95481
107.50233,-7.01535,grass,30.84012,0.69273,9.90023
107.3083,-7.17273,grass,25.91817,0.63841,5.02221
107.18783,-7.04499,grass,28.90381,0.65143,1.90684
107.65056,-6.79841,grass,31.08451,0.19719,20.38469
107.62684,-6.95902,grass,36.68835,0.16625,211.80508
107.73895,-7.14336,grass,28.5603,0.58671,1.89775
107.72035,-6.96765,grass,34.15901,0.23973,0.0
107.6139,-7.21882,grass,29.20118,0.43031,6.02177
107.56459,-7.21262,grass,26.6257,0.52984,6.00641
107.72413,-6.95417,grass,31.5955,0.36804,0.0
107.58615,-6.79113,grass,25.87544,0.49958,13.51789
107.57887,-6.90189,grass,38.75625,0.34992,171.74762
107.47997,-6.90593,grass,36.03551,0.43649,18.74666
107.8896,-6.97654,grass,27.64427,0.59414,2.59877
107.5786,-6.9884,grass,33.88215,0.32018,0.0
107.67724,-7.10266,grass,27.94847,0.68784,2.81632
107.81953,-7.07302,grass,33.98811,0.45557,4.90143
107.60366,-7.22151,grass,26.37276,0.64207,8.48754
107.7791,-7.13446,grass,24.83807,0.70411,9.15913
107.84055,-6.97061,grass,31.9749,0.35593,24.93379
107.39238,-7.19321,grass,26.14034,0.60064,2.35509
107.61606,-7.22016,grass,28.12279,0.55058,3.34717
107.37837,-7.15737,grass,25.28925,0.73303,4.86779
107.54761,-7.21747,grass,26.63595,0.47994,13.48455
107.53494,-6.89138,grass,37.6283,0.08571,207.15883
107.53171,-7.24738,grass,31.69462,0.66719,4.53158
107.61094,-7.23903,grass,27.1008,0.50529,10.24656
107.67885,-7.22852,grass,25.30292,0.56771,4.43584
107.72521,-6.95633,grass,32.59356,0.43159,0.0
107.57348,-7.16492,grass,28.14672,0.42037,17.45008
107.58938,-6.98274,grass,34.77084,0.29415,53.63388
107.6042,-7.24684,grass,27.88866,0.58043,4.51748
107.56001,-7.16519,grass,27.48704,0.48522,8.00359
107.57779,-6.90054,grass,36.90027,0.38614,162.2551
107.67185,-6.90836,grass,36.23546,0.17137,188.4384
107.79905,-7.1191,grass,24.55609,0.56281,6.58002
107.59693,-7.2075,grass,29.81984,0.36682,15.84648
107.57321,-6.98382,grass,35.26645,0.40325,46.42892
107.22556,-6.97331,grass,27.40842,0.68963,1.70241
107.61444,-7.20858,grass,26.75216,0.60679,5.91379
107.61148,-6.83209,grass,29.4148,0.51169,16.56026
107.3056,-7.17327,grass,26.10958,0.65989,4.50844
107.82788,-7.0679,grass,32.36797,0.45718,9.41254
107.5848,-6.79221,grass,27.61692,0.32991,32.79495
107.69691,-6.81431,grass,26.75216,0.57033,5.46056
107.25979,-6.99487,grass,29.55836,0.45882,2.72895
107.58426,-6.98328,grass,35.06821,0.45906,42.56029
107.59288,-7.20831,grass,29.58912,0.53983,17.64514
107.59693,-7.19429,grass,28.05614,0.405,18.94176
107.68505,-6.83479,grass,25.79512,0.7244,7.60973
107.80039,-7.11695,grass,27.68187,0.58102,3.32392
107.62388,-7.10832,grass,25.15937,0.70984,2.12533
107.67211,-6.91321,grass,34.24446,0.39016,154.78796
107.58695,-7.20696,grass,28.52612,0.40033,15.90008
107.58103,-7.15791,grass,26.14718,0.51833,5.80292
107.59423,-7.18324,grass,26.88889,0.57452,15.62571
107.44412,-6.72025,grass,33.31476,0.46748,13.33603
107.43065,-6.87548,grass,35.78599,0.44409,9.6147
107.62927,-6.82428,grass,28.30566,0.24769,42.83012
107.72035,-6.95902,grass,34.25814,0.34366,22.56015
107.33929,-7.12018,grass,26.23604,0.69812,4.45076
107.73572,-6.9849,grass,35.05283,0.25051,20.71741
107.62226,-7.19564,grass,27.79808,0.5946,47.72577
107.44763,-6.76607,grass,31.10672,0.46682,14.66448
107.34468,-6.84691,grass,35.05112,0.46778,9.12171
107.75296,-7.16707,grass,24.99872,0.55128,2.10905
107.58884,-7.21343,grass,27.07346,0.48028,9.31517
107.59666,-7.20911,grass,28.8269,0.47755,19.61711
107.78072,-7.14821,grass,26.81369,0.37502,8.67105
107.5945,-7.20885,grass,29.15162,0.54287,25.96248
107.57914,-7.22043,grass,28.79101,0.55804,6.84481
107.29644,-7.00457,grass,28.90381,0.59159,1.58934
107.83732,-7.04338,grass,29.61988,0.6095,6.54283
107.7977,-7.11722,grass,27.14182,0.55609,5.16763
107.36112,-7.16573,grass,23.39396,0.47423,0.0
107.77614,-6.99109,grass,33.31476,0.27693,0.0
107.59315,-7.21046,grass,27.44944,0.62133,16.90326
107.43712,-6.87845,grass,35.72105,0.4193,16.52835
107.55488,-7.18109,grass,28.13646,0.45597,11.37473
107.62468,-7.12369,grass,23.24699,0.65851,1.72487
107.64436,-6.94663,grass,35.10922,0.10738,203.78412
107.78369,-7.03772,grass,31.18192,0.24822,37.53955
107.7306,-6.96576,grass,35.32456,0.29259,0.0
107.52794,-6.95417,grass,34.62216,0.35086,47.34812
107.72736,-7.12557,grass,30.86746,0.46497,6.58323
107.61229,-7.23364,grass,27.31956,0.40576,13.24592
107.54734,-7.18782,grass,32.78155,0.39436,15.45875
107.57025,-6.89893,grass,40.41399,0.26947,135.86263
107.7314,-6.90836,grass,30.3821,0.44021,19.5689
107.57968,-6.98651,grass,33.58991,0.38959,0.0
107.58722,-7.20992,grass,27.29221,0.5634,14.10448
107.25548,-7.03852,grass,30.01979,0.43563,1.6559
107.63007,-6.82347,grass,28.77563,0.22849,46.46927
107.58453,-7.21154,grass,27.11618,0.6325,6.60732
107.59369,-7.20858,grass,29.40797,0.56215,21.13954
107.78557,-6.96953,grass,33.33185,0.23731,37.36054
107.2579,-7.01885,grass,32.18169,0.4649,1.7064
107.80794,-7.11803,grass,29.68483,0.56406,2.78767
107.57941,-6.9822,grass,32.6004,0.42217,33.16435
107.65352,-6.78493,grass,29.67457,0.46617,19.06262
107.44358,-6.88168,grass,35.41343,0.41712,13.20318
107.60905,-7.21639,grass,27.77073,0.70479,7.35036
107.5088,-6.76687,grass,29.39429,0.53698,5.11978
107.82384,-6.969,grass,35.92955,0.17102,98.66849
107.7535,-7.13878,grass,26.65988,0.65022,2.03721
107.58857,-7.21181,grass,25.8669,0.50135,9.63248
107.43819,-6.87737,grass,35.43052,0.3856,16.82269
107.26518,-7.06386,grass,26.63253,0.63117,0.88401
107.56809,-6.97897,grass,36.34313,0.3718,37.03776
107.57995,-7.23121,grass,27.40842,0.42055,7.59619
107.75323,-7.166,grass,25.53022,0.45495,2.05868
107.63951,-6.92103,grass,34.16243,0.19861,193.69553
107.8136,-7.01966,grass,36.47643,0.27347,25.81206
107.8109,-7.13042,grass,24.70819,0.73146,2.54653
107.80174,-7.02532,grass,34.77084,0.20779,30.92481
107.5282,-6.95552,grass,34.05306,0.35757,42.01175
107.63843,-7.10401,grass,25.24482,0.72967,1.96396
107.58049,-7.16061,grass,27.37083,0.46913,8.59563
107.58345,-7.22987,grass,27.05979,0.33683,9.52827
107.44412,-6.87359,grass,34.7059,0.45009,15.57418
107.79716,-7.11695,grass,27.29221,0.55663,4.61835
107.39507,-7.13312,grass,23.49479,0.65017,5.45923
107.57294,-6.98274,grass,35.92271,0.39856,41.91402
107.42903,-6.87413,grass,35.55186,0.42564,9.65199
107.52847,-6.95606,grass,34.24105,0.34843,42.01175
107.64247,-7.28376,grass,27.59642,0.58998,3.48686
107.62792,-6.82293,grass,29.67115,0.23903,36.18983
107.48239,-7.12395,grass,26.78635,0.4536,10.12904
107.59558,-7.20938,grass,29.21314,0.49996,23.09396
107.5088,-6.7666,grass,29.22339,0.5271,5.11978
107.67562,-7.22124,grass,26.9299,0.47659,5.94098
107.84109,-6.97142,grass,35.08872,0.35996,21.67212
107.49155,-6.90162,grass,35.20493,0.26117,0.0
107.57914,-6.98516,grass,33.37629,0.43177,0.0
107.66484,-7.23364,grass,27.86986,0.3493,7.92685
107.30668,-7.17435,grass,25.96602,0.64755,4.73802
107.7182,-6.95822,grass,31.84501,0.3394,0.0
107.73006,-7.12827,grass,32.1082,0.40008,4.67258
107.57752,-7.16707,grass,26.90256,0.56715,15.56418
107.78449,-7.15575,grass,25.67207,0.63038,8.44413
107.54734,-7.22744,grass,27.34519,0.502,6.10274
107.82303,-7.07787,grass,31.39213,0.54945,6.03734
107.57294,-6.98247,grass,36.19274,0.39173,41.91402
107.34495,-6.77442,grass,35.30405,0.695,5.10666
107.56809,-6.9787,grass,36.17565,0.34734,38.54943
107.63061,-6.93234,grass,38.96988,0.10851,240.28807
107.90442,-6.96738,grass,24.78339,0.6867,4.7239
107.25575,-7.03852,grass,30.24196,0.44382,1.6559
107.54572,-6.92695,grass,33.74885,0.48916,51.52202
107.77883,-6.97735,grass,31.15799,0.32041,22.53602
107.25736,-7.01912,grass,30.34963,0.47472,1.7064
107.54114,-7.23822,grass,28.03734,0.57425,3.11135
107.60393,-6.79867,grass,28.53979,0.35236,20.44184
107.5883,-6.79409,grass,25.96089,0.48902,30.02352
107.82249,-7.07787,grass,31.31693,0.5432,6.04275
107.25413,-7.03556,grass,31.16483,0.40847,1.6356
107.60582,-7.211,grass,28.01512,0.61277,8.62754
107.67319,-6.91456,grass,33.80012,0.39229,152.99774
107.64543,-7.27406,grass,25.62764,0.64226,4.05001
107.62307,-7.19456,grass,27.06662,0.65025,47.62536
107.7182,-6.97708,grass,34.24617,0.1998,0.0
107.25521,-7.03556,grass,30.22146,0.43047,1.61693
107.60339,-7.24657,grass,27.64769,0.58382,4.48048
107.40181,-7.20049,grass,26.08565,0.62829,4.28157
107.26868,-7.01589,grass,29.60621,0.50333,2.62148
107.30345,-7.03799,grass,29.23877,0.53538,2.40528
107.58534,-7.21828,grass,26.64621,0.58425,5.82121
107.57213,-7.2269,grass,27.22385,0.48995,7.56895
107.77964,-6.98786,grass,33.47541,0.26228,0.0
107.6228,-7.24684,grass,27.44602,0.65827,7.59713
107.75215,-7.16411,grass,26.09932,0.4934,1.94104
107.71739,-6.95687,grass,33.1507,0.28776,0.0
107.48643,-7.12638,grass,27.00852,0.55582,9.30329
107.68855,-6.88788,grass,31.73222,0.40993,28.93505
107.77883,-6.9725,grass,34.01204,0.26411,23.21568
107.62603,-7.11425,grass,24.58856,0.6185,1.82962
107.67508,-6.91267,grass,34.44442,0.29513,156.02869
107.73518,-6.94797,grass,34.5162,0.17384,0.0
107.84217,-7.04257,grass,33.81038,0.51927,6.54458
107.62414,-7.12153,grass,25.54902,0.62797,1.7861
107.60393,-7.24657,grass,28.41674,0.57722,4.51748
107.60339,-7.24415,grass,28.73974,0.51199,4.36132
107.80471,-7.12719,grass,22.73428,0.71034,8.31201
107.60932,-7.21019,grass,26.47189,0.62712,7.36748
107.79312,-7.12207,grass,23.66398,0.68418,5.59489
107.58857,-6.98328,grass,35.16391,0.33845,55.27407
107.52767,-7.17785,grass,26.86838,0.663,4.62187
107.57644,-6.90162,grass,39.72355,0.33239,184.8329
107.57752,-6.90081,grass,38.92032,0.38969,162.2551
107.3975,-7.13446,grass,20.89368,0.65735,5.43784
107.8427,-6.97277,grass,32.87726,0.37008,25.7687
107.318,-7.17678,grass,26.01045,0.63807,4.75209
107.58076,-7.15656,grass,28.02025,0.54564,5.76559
107.33552,-7.16276,grass,24.85858,0.61366,4.47077
107.48589,-7.13015,grass,27.38792,0.65384,7.01403
107.38807,-6.83371,grass,37.13953,0.4528,10.75016
107.73275,-6.97358,grass,34.60507,0.33341,0.0
107.43173,-6.87602,grass,35.11606,0.39079,11.57201
107.73652,-6.94797,grass,34.65121,0.1638,0.0
107.5026,-7.135,grass,30.75467,0.65069,6.34041
107.73518,-6.94851,grass,35.18955,0.15911,0.0
107.34198,-6.76472,grass,33.61213,0.60141,3.04543
107.46299,-6.92615,grass,34.18807,0.38297,11.60276
107.57698,-6.98516,grass,35.51597,0.43681,49.01864
107.59207,-6.90054,grass,36.44054,0.13761,224.4099
107.6643,-7.23445,grass,25.93355,0.43934,10.57078
107.60178,-7.22205,grass,26.04634,0.56538,7.73437
107.25709,-7.02505,grass,31.81083,0.50326,1.38085
107.60744,-7.211,grass,26.60006,0.62957,6.23729
107.42903,-7.10132,grass,28.12963,0.3128,17.29537
107.61013,-7.21639,grass,27.26487,0.69235,7.2381
107.58992,-7.1695,grass,27.33323,0.56,10.61252
107.44574,-6.87386,grass,34.86142,0.48651,17.10656
107.54276,-7.12342,grass,28.70385,0.39299,12.59461
107.43065,-6.87467,grass,33.69416,0.44199,10.33317
107.60124,-7.22232,grass,26.18819,0.54676,7.72007
107.36274,-6.91375,grass,32.46368,0.46392,4.99177
107.75862,-6.99082,grass,36.32262,0.25911,0.0
107.6263,-6.86767,grass,31.10501,0.26794,133.38895
107.89067,-6.97735,grass,26.86154,0.58043,4.07289
107.59342,-7.20858,grass,29.58912,0.56624,21.13954
107.33875,-7.12099,grass,26.019,0.70464,4.61029
107.62603,-6.86955,grass,31.0828,0.3846,115.16011
107.47161,-6.8647,grass,34.06331,0.35746,50.33497
107.53117,-7.24684,grass,28.69702,0.66999,4.58037
107.73221,-6.97654,grass,34.83578,0.33567,0.0
107.6166,-7.18998,grass,27.91429,0.51211,24.91201
107.40882,-7.12584,grass,25.00727,0.66603,6.20424
107.63088,-7.10617,grass,24.14763,0.716,1.86488
107.25359,-7.03718,grass,31.8621,0.44427,1.70562
107.70392,-6.95121,grass,37.12927,0.20444,103.52572
107.57186,-7.20911,grass,28.72436,0.43778,9.3335
107.82222,-7.0741,grass,33.84114,0.41692,5.41253
107.44304,-6.87683,grass,35.36216,0.42349,18.0442
107.62495,-6.86982,grass,31.61943,0.44904,110.10701
107.38834,-6.83398,grass,35.61851,0.46248,10.76213
107.83839,-6.97034,grass,33.71809,0.39203,24.79441
107.55246,-7.17839,grass,27.41184,0.54117,11.30399
107.47323,-7.13312,grass,26.92477,0.63507,6.13081
107.58156,-7.16653,grass,26.95725,0.53691,12.95381
107.58076,-6.98516,grass,33.93684,0.42311,0.0
107.48751,-6.90566,grass,36.15514,0.34009,25.2724
107.73356,-6.97492,grass,35.33481,0.31265,0.0
107.38861,-6.83506,grass,35.21689,0.54381,10.70505
107.56809,-6.98112,grass,35.17758,0.36119,48.03721
107.77479,-6.97223,grass,34.2137,0.17144,49.13725
107.82546,-7.06817,grass,31.57499,0.46195,8.60825
107.6263,-6.96172,grass,36.77209,0.15201,183.19482
107.58534,-7.21181,grass,26.99314,0.59895,6.53677
107.72709,-7.12719,grass,32.04497,0.48399,4.6752
107.56728,-7.2137,grass,26.04463,0.67071,6.11464
107.80282,-7.11883,grass,30.09499,0.58303,6.06803
107.43496,-6.87683,grass,34.32992,0.36632,12.51289
107.54464,-7.2296,grass,27.07346,0.56056,5.61245
107.25628,-7.03287,grass,30.60769,0.48265,1.23768
107.54222,-7.23957,grass,26.67697,0.60187,3.02801
107.62334,-7.26005,grass,28.88843,0.69457,4.87917
107.72655,-7.12692,grass,32.65167,0.514,6.43244
107.41663,-7.18163,grass,24.59198,0.60344,17.42742
107.81333,-7.01858,grass,36.84387,0.26804,24.75067
107.58264,-7.15818,grass,26.15401,0.5989,5.28328
107.62738,-6.95956,grass,36.89001,0.16848,215.99828
107.84324,-7.0423,grass,32.55596,0.5292,6.47427
107.25682,-7.03394,grass,30.48464,0.45134,1.32252
107.89606,-6.97412,grass,26.82223,0.46524,4.60631
107.66134,-7.23229,grass,25.67207,0.48391,11.25154
107.41906,-7.19726,grass,25.06708,0.70121,4.09733
107.63304,-7.25385,grass,26.31808,0.58411,12.3015
107.60393,-6.79921,grass,29.2815,0.33827,18.26138
107.57968,-6.90054,grass,36.43883,0.33522,126.61399
107.44412,-6.87279,grass,35.16733,0.4334,15.66163
107.73248,-6.96603,grass,34.89731,0.24414,0.0
107.59531,-7.20911,grass,29.14136,0.50461,23.03598
107.89984,-6.99999,grass,28.53979,0.51793,7.21579
107.78584,-7.10698,grass,29.41138,0.62784,7.59593
107.44682,-7.20615,grass,24.38006,0.72586,1.79326
107.73275,-6.9822,grass,34.8016,0.26956,0.0
107.26653,-7.0167,grass,30.57009,0.54985,2.63907
107.56054,-7.02855,grass,34.16243,0.30547,30.24359
107.77237,-6.97465,grass,36.69689,0.16163,30.16111
107.62199,-7.19672,grass,26.5693,0.5706,38.7498
107.25413,-7.04014,grass,30.42141,0.4089,2.40028
107.57644,-7.16842,grass,28.24413,0.38238,22.03272
107.57564,-7.21855,grass,29.08667,0.53435,6.13497
107.44628,-6.86713,grass,36.19103,0.38099,15.9672
107.57914,-7.21666,grass,27.49729,0.53927,6.09769
107.5751,-6.98436,grass,35.99449,0.41285,47.52222
107.58022,-7.16114,grass,26.51632,0.46636,8.76549
107.55192,-7.21504,grass,28.07836,0.43541,7.97902
107.58076,-7.21666,grass,28.79614,0.54539,5.95673
107.19565,-7.02343,grass,29.49342,0.7024,1.55171
107.64624,-6.86551,grass,31.43314,0.33903,40.14174
107.79986,-7.11668,grass,27.11789,0.58057,3.32392
107.25359,-7.03826,grass,30.6094,0.4313,2.37663
107.44736,-6.87548,grass,35.29721,0.49496,17.43058
107.75215,-7.16923,grass,25.92842,0.70085,2.07529
107.57725,-6.98409,grass,34.9349,0.42311,39.52839
107.67104,-6.91375,grass,34.27523,0.3206,176.33151
107.57537,-7.20831,grass,27.46653,0.41759,7.43887
107.56566,-6.97843,grass,35.56382,0.29889,39.94748
107.60259,-7.21639,grass,26.06172,0.66904,5.97354
107.40073,-7.16707,grass,28.31933,0.4583,3.09747
107.44628,-6.87845,grass,35.04086,0.41421,17.82987
107.56782,-7.21316,grass,26.65304,0.67556,6.11464
107.44358,-6.72322,grass,35.32798,0.41682,10.94888
107.61202,-7.19807,grass,27.12302,0.54827,11.42626
107.25763,-7.0175,grass,32.17827,0.4779,3.00547
107.28728,-7.02586,grass,28.51245,0.66072,2.28168
107.26033,-7.03502,grass,31.46732,0.43572,1.27806
107.43092,-6.87602,grass,37.04724,0.41836,9.6147
107.64301,-7.23121,grass,30.09841,0.32305,6.60768
107.61256,-7.19726,grass,28.09716,0.5662,16.14511
107.63951,-6.92156,grass,35.10922,0.18435,188.12511
107.60878,-7.21343,grass,27.15549,0.67466,5.8034
107.50206,-7.01427,grass,31.03324,0.67881,9.16832
107.71712,-6.95741,grass,32.36455,0.28869,0.0
107.8578,-6.99541,grass,30.59744,0.34672,31.61166
107.5724,-7.20965,grass,27.89037,0.46589,9.22907
107.58399,-6.79221,grass,27.00852,0.30142,32.84045
107.67104,-6.91051,grass,34.35384,0.30126,153.02255
107.44924,-6.87386,grass,34.72982,0.29144,0.0
107.60878,-7.21612,grass,27.36399,0.70224,7.41334
107.56809,-7.2145,grass,26.56076,0.63733,6.31983
107.73356,-6.9725,grass,34.14363,0.30327,0.0
107.66322,-7.23472,grass,25.57295,0.46796,10.23608
107.52874,-6.95552,grass,34.16072,0.33338,42.01175
107.73302,-6.97654,grass,34.91098,0.31633,0.0
107.43173,-6.87629,grass,35.67149,0.38217,9.74474
107.73356,-6.97465,grass,35.22885,0.31589,0.0
107.78557,-6.9698,grass,33.69075,0.24267,33.12089
107.56863,-6.89839,grass,42.20162,0.20406,142.35258
107.3975,-7.1342,grass,20.81165,0.66991,5.43784
107.27165,-7.03556,grass,28.9397,0.47465,1.6141
107.72547,-6.95579,grass,33.43781,0.40976,0.0
107.88448,-7.00457,grass,30.99735,0.44906,11.55453
107.30641,-7.173,grass,25.63789,0.65661,4.7126
107.57779,-6.98732,grass,33.08917,0.37135,39.83032
107.57671,-7.1668,grass,28.68676,0.54629,17.71819
107.68586,-6.96738,grass,34.47347,0.25513,104.13728
107.5433,-7.24011,grass,26.02242,0.63505,2.49553
107.72359,-6.97169,grass,35.59287,0.27289,0.0
107.62334,-7.1218,grass,25.24824,0.63438,1.81891
107.58022,-7.21693,grass,28.80981,0.54211,5.99678
107.57429,-7.166,grass,28.44408,0.4543,18.24987
107.57537,-7.22502,grass,26.17794,0.63526,6.19984
107.72817,-6.97465,grass,35.48179,0.2729,0.0
107.84351,-7.04338,grass,32.00395,0.59615,6.43206
107.62388,-7.11102,grass,24.87567,0.69579,1.85438
107.60986,-7.21558,grass,27.95531,0.69661,7.30981
107.44709,-6.87737,grass,34.48031,0.4651,17.27106
107.629,-7.20426,grass,25.59346,0.62555,15.37107
107.50233,-7.01508,grass,31.21439,0.68837,9.90023
107.57833,-6.90189,grass,38.34951,0.35101,181.61496
107.63627,-7.23687,grass,25.62422,0.64227,4.69874
107.2544,-7.0396,grass,29.66774,0.4144,2.40028
107.58803,-7.21046,grass,26.16085,0.55025,9.75685
107.60771,-7.20399,grass,27.36741,0.54472,11.8256
107.33525,-7.15791,grass,25.37299,0.59864,4.52781
107.40666,-7.1986,grass,25.01581,0.68319,3.9547
107.6131,-7.26679,grass,28.17406,0.66963,4.46156
107.59019,-7.17327,grass,28.17406,0.50229,11.38566
107.56782,-7.21289,grass,26.77609,0.663,6.06856
107.73895,-7.14309,grass,28.23388,0.57374,1.89775
107.54276,-7.24523,grass,29.46265,0.61397,2.41002
107.25467,-7.03933,grass,29.02515,0.41666,1.73163
107.65217,-7.28754,grass,26.4924,0.5924,3.98351
107.38025,-7.13905,grass,23.07779,0.66258,5.14979
107.57752,-6.8992,grass,41.28217,0.28681,167.78079
107.73437,-7.14255,grass,26.06514,0.61276,2.03401
107.63816,-7.28565,grass,28.25438,0.61898,2.36339
107.83193,-6.97034,grass,31.68437,0.24328,60.60472
107.4417,-6.88141,grass,36.24572,0.38793,13.27366
107.33956,-7.12018,grass,26.25313,0.69587,4.45076
107.71982,-6.95822,grass,32.43975,0.36675,0.0
107.44601,-6.87791,grass,35.24594,0.45967,17.07787
107.44385,-6.87845,grass,35.18442,0.47629,18.11656
107.63708,-6.97439,grass,35.09213,0.11996,0.0
107.53063,-6.77415,grass,26.27706,0.49505,6.88151
107.59585,-7.20911,grass,29.22681,0.48729,23.09396
107.48131,-6.90728,grass,33.44978,0.41589,24.05586
107.66511,-7.23094,grass,26.35226,0.42257,8.36809
107.84351,-7.04391,grass,30.68289,0.62418,5.70938
107.72251,-6.95498,grass,32.27227,0.42449,0.0
107.57564,-7.21801,grass,28.85596,0.55267,6.13497
107.58022,-6.90189,grass,39.54069,0.34453,153.59538
107.57375,-7.16519,grass,28.29027,0.43401,17.45008
107.59935,-7.22259,grass,26.78976,0.52353,7.19483
107.58992,-7.21424,grass,26.85129,0.45745,11.95985
107.6131,-7.2207,grass,26.10616,0.58853,6.19796
107.57483,-6.98543,grass,36.91736,0.36009,46.17291
107.53225,-7.20426,grass,28.80981,0.55174,5.32217
107.61067,-7.24253,grass,28.36547,0.54232,14.07154
107.41744,-6.71648,grass,34.83578,0.39053,5.88991
107.44331,-6.87063,grass,35.27158,0.31543,15.29905
107.58561,-7.211,grass,27.43577,0.59138,9.73484
107.53009,-7.24711,grass,27.51267,0.67871,4.71269
107.57752,-7.1668,grass,26.74533,0.58514,15.56418
107.3056,-7.20669,grass,24.30657,0.69431,3.14625
107.79824,-7.11344,grass,28.20653,0.57236,2.70772
107.57321,-6.98463,grass,34.9349,0.36487,49.03193
107.5724,-7.20992,grass,27.69725,0.48229,9.22907
107.61337,-7.2207,grass,26.35909,0.58125,6.19796
107.58291,-6.98516,grass,32.26885,0.3936,0.0
107.44277,-6.88195,grass,35.75523,0.41666,13.18878
107.77722,-6.99163,grass,34.02229,0.2429,0.0
107.58183,-6.90297,grass,40.59002,0.29099,209.47211
107.78099,-6.97385,grass,33.12677,0.35525,21.85526
107.58992,-7.21612,grass,27.26487,0.42339,5.81915
107.77964,-7.13312,grass,24.83124,0.70721,9.17109
107.62468,-6.86874,grass,32.02788,0.43297,104.94219
107.66457,-7.23391,grass,26.94357,0.37672,10.57078
107.56782,-7.21477,grass,26.47531,0.6205,6.71481
107.58507,-7.1571,grass,26.54708,0.58471,5.07505
107.64463,-6.97978,grass,37.37537,0.19924,0.0
107.81522,-7.07194,grass,32.77301,0.55201,7.89573
107.60582,-7.2207,grass,27.13669,0.66955,7.04911
107.58938,-7.16869,grass,27.52464,0.56965,13.72124
107.71658,-7.11156,grass,31.7288,0.55496,9.45859
107.58722,-6.79194,grass,26.32662,0.54767,15.79593
107.73086,-6.96603,grass,34.90243,0.2879,0.0
107.67427,-6.91483,grass,33.79329,0.38649,176.86888
107.82195,-7.07679,grass,34.20174,0.47727,6.22826
107.57348,-6.98436,grass,35.20493,0.39215,46.42892
107.53144,-7.23364,grass,26.76926,0.58263,5.08524
107.29105,-7.18109,grass,27.73997,0.61624,4.75404
107.68802,-6.95283,grass,34.39144,0.23929,92.17007
107.58534,-7.21019,grass,28.62524,0.59945,9.51307
107.46326,-6.9248,grass,35.42368,0.37256,11.69277
107.80255,-7.11883,grass,30.40432,0.57688,6.06803
107.48589,-6.91159,grass,35.05795,0.32477,44.54396
107.82707,-7.06305,grass,31.69975,0.37243,12.04667
107.29644,-7.0043,grass,29.00293,0.58139,1.58934
107.71874,-6.95768,grass,32.06377,0.36281,0.0
107.62657,-6.87009,grass,31.90141,0.36111,108.24024
107.5848,-7.15414,grass,27.46653,0.60321,4.76079
107.66295,-7.23418,grass,25.55928,0.43855,10.72339
107.78503,-7.14309,grass,25.47724,0.63814,34.22362
107.62468,-7.11425,grass,24.60907,0.64205,1.84432
107.61471,-6.80649,grass,29.92067,0.25665,50.55499
107.70122,-6.95067,grass,35.26987,0.21804,79.20477
107.32851,-7.17705,grass,25.21064,0.71267,4.43492
107.46676,-6.87063,grass,35.56382,0.24352,55.79179
107.55219,-7.23499,grass,25.17304,0.65243,2.98173
107.52794,-7.17624,grass,27.88353,0.65475,4.70918
107.57052,-6.89866,grass,39.2587,0.27321,129.73065
107.57375,-6.89893,grass,36.64391,0.32954,150.99442
107.59639,-7.18621,grass,25.93526,0.49538,19.84197
107.79366,-7.11856,grass,23.48625,0.61195,5.19948
107.40046,-7.16707,grass,28.01341,0.48104,3.09747
107.48374,-6.90944,grass,34.08382,0.37586,23.48956
107.5654,-6.97924,grass,36.23375,0.3255,43.54975
107.59558,-7.23957,grass,26.36593,0.65049,4.46662
107.47808,-7.12557,grass,26.66501,0.53749,9.85489
107.53413,-7.24981,grass,28.1057,0.64991,5.16584
107.57617,-6.89893,grass,41.80171,0.30838,160.90506
107.58588,-7.21235,grass,26.44967,0.56872,9.51834
107.62064,-7.19995,grass,26.10787,0.62951,26.92986
107.48562,-6.90243,grass,36.0902,0.38523,19.01258
107.71847,-7.13393,grass,29.24903,0.67912,2.69807
107.67912,-7.22825,grass,25.52851,0.56739,4.43584
107.69987,-6.95121,grass,35.3519,0.23968,87.55337
107.44277,-6.8771,grass,35.15879,0.41129,18.24058
107.22152,-7.01939,grass,27.61351,0.64173,1.38732
107.64705,-6.8011,grass,27.20676,0.28557,18.87118
107.4832,-6.90782,grass,33.21564,0.43173,23.47195
107.58803,-6.79409,grass,26.44113,0.46572,30.02352
107.58345,-7.15791,grass,26.05147,0.61647,5.21907
107.63897,-6.92183,grass,36.58581,0.17985,188.12511
107.25494,-7.03664,grass,31.28275,0.42614,1.62017
107.69556,-6.95929,grass,38.26918,0.17881,0.0
107.55246,-7.21477,grass,29.50025,0.41076,6.26906
107.44385,-6.88141,grass,34.89731,0.42036,13.2022
107.57725,-7.16653,grass,27.10422,0.58754,15.56418
107.61175,-7.19645,grass,27.41868,0.52956,16.85357
107.39265,-7.19295,grass,26.31808,0.60736,2.35509
107.73356,-6.97331,grass,34.39657,0.31932,0.0
107.73679,-6.98409,grass,34.41024,0.25627,0.0
107.43577,-6.87683,grass,34.56234,0.37074,18.37644
107.61094,-7.23849,grass,26.95212,0.50084,10.10977
107.61148,-7.23849,grass,26.66842,0.5025,10.30743
107.73356,-7.12854,grass,33.27033,0.34082,6.80538
107.59315,-6.78924,grass,26.57785,0.69284,8.82158
107.58022,-6.99244,grass,36.10729,0.15394,0.0
107.82734,-7.0741,grass,30.95633,0.36455,5.14098
107.61121,-7.2393,grass,27.49046,0.50996,10.24656
107.67616,-6.9151,grass,35.50059,0.25053,191.4426
107.30884,-7.17085,grass,26.12667,0.62002,5.61616
107.60124,-7.17893,grass,27.2512,0.64584,10.35405
107.64247,-7.28323,grass,28.07152,0.57045,3.50488
107.65002,-6.79921,grass,29.96852,0.23064,20.84409
107.44412,-6.87845,grass,35.19126,0.47852,18.11656
107.5813,-7.21936,grass,28.08177,0.51903,7.43838
107.73599,-6.94851,grass,34.57089,0.15997,0.0
107.36462,-7.01211,grass,27.35374,0.67178,2.54711
107.34495,-6.84691,grass,35.03061,0.48058,9.12171
107.83219,-7.07464,grass,31.22977,0.25762,6.80413
107.48832,-7.09862,grass,28.82349,0.46539,22.27282
107.76752,-6.98867,grass,33.11481,0.26546,0.0
107.57698,-7.1668,grass,27.96556,0.55943,17.71819
107.79797,-7.11695,grass,27.44602,0.5563,3.37719
107.60528,-7.20265,grass,27.58274,0.3162,15.19637
107.59881,-7.23121,grass,27.2512,0.61197,11.55079
107.31234,-7.16815,grass,25.36445,0.64763,4.66016
107.43092,-6.87413,grass,33.78303,0.41713,9.97346
107.44331,-6.87171,grass,35.37241,0.36627,16.65592
107.6131,-7.23283,grass,26.41891,0.43797,11.47393
107.48509,-7.12988,grass,28.1245,0.65854,7.03548
107.25628,-7.03745,grass,30.5718,0.45886,1.59014
107.3948,-7.1315,grass,22.74112,0.67189,5.25896
107.57025,-6.98031,grass,36.61486,0.37321,37.63631
107.59396,-7.18351,grass,26.73849,0.6056,15.62571
107.68963,-7.29697,grass,24.59881,0.58123,2.54288
107.40181,-7.16788,grass,25.64131,0.4901,3.01877
107.58884,-7.16411,grass,27.6699,0.51865,6.96719
107.5945,-7.20938,grass,29.00122,0.55643,25.96248
107.78773,-7.11641,grass,25.4687,0.66094,5.14285
107.62819,-6.95552,grass,37.86757,0.12687,238.33566
107.53764,-6.99109,crops,33.86165,0.26637,41.18449
107.44251,-7.1024,crops,29.05078,0.21121,25.07563
107.69448,-7.00726,crops,30.72049,0.20632,0.0
107.71119,-7.01346,crops,31.15628,0.21656,24.20905
107.44197,-7.10617,crops,28.66455,0.18857,23.84655
107.70499,-7.01131,crops,31.17337,0.20075,0.0
107.24685,-7.0493,crops,26.19674,0.36821,2.75839
107.65244,-7.08191,crops,33.28058,0.22778,8.28965
107.39669,-6.81916,crops,34.28206,0.33,14.31771
107.6926,-7.01535,crops,30.77517,0.21723,21.27459
107.69745,-7.19618,crops,29.18067,0.43128,6.9594
107.8074,-7.05847,crops,28.11254,0.27102,13.55701
107.69799,-6.98166,crops,31.93388,0.15027,0.0
107.674,-6.97816,crops,34.90585,0.1531,0.0
107.64517,-7.23526,crops,28.48168,0.30078,7.94784
107.71739,-7.00107,crops,31.68437,0.16614,33.12926
107.40316,-6.98004,crops,35.48862,0.26641,9.89613
107.34145,-6.83128,crops,35.83043,0.17497,21.56019
107.68155,-6.99109,crops,31.47416,0.16267,19.32808
107.53009,-6.92992,crops,35.08188,0.2974,33.81445
107.45517,-7.01454,crops,29.09693,0.46623,3.84146
107.44547,-7.01993,crops,30.35134,0.4931,4.07477
107.7624,-7.10859,crops,29.00635,0.34058,20.6591
107.87693,-7.01912,crops,34.05989,0.18649,32.6873
107.67158,-6.99945,crops,33.18146,0.21249,26.85258
107.63331,-7.18378,crops,29.02515,0.31732,14.51423
107.65756,-7.14713,crops,30.44363,0.37105,1.94369
107.70499,-7.02047,crops,31.83989,0.17622,0.0
107.61875,-7.05981,crops,29.44898,0.23382,15.37707
107.37432,-6.76121,crops,35.81163,0.35885,6.49292
107.67804,-7.0008,crops,32.54742,0.19439,21.98676
107.27111,-6.94393,crops,28.0869,0.63661,0.85923
107.45167,-7.11749,crops,28.26635,0.24906,23.38751
107.60851,-6.99136,crops,32.5816,0.18678,24.02357
107.36489,-6.81943,crops,32.46368,0.42819,10.20458
107.57725,-7.01346,crops,31.88945,0.2065,27.63397
107.71119,-7.11506,crops,31.17166,0.47692,10.07482
107.70877,-7.18756,crops,29.04224,0.39112,11.42145
107.44493,-7.10051,crops,27.66136,0.33328,18.11171
107.66349,-6.97196,crops,32.9986,0.15671,0.0
107.47188,-6.85338,crops,33.27204,0.18099,36.35986
107.67589,-7.25331,crops,28.70727,0.58523,2.06329
107.67616,-7.18567,crops,31.32206,0.22528,16.56615
107.7217,-7.04715,crops,30.25393,0.16596,26.65329
107.71227,-6.96846,crops,32.06035,0.18232,0.0
107.74919,-7.02909,crops,34.37435,0.11269,0.0
107.82627,-7.00753,crops,31.6707,0.14991,24.03941
107.67508,-7.15117,crops,29.82155,0.38361,7.11415
107.88097,-7.03313,crops,32.76446,0.33826,12.30641
107.7942,-7.00807,crops,31.46049,0.22351,22.6116
107.68828,-7.20157,crops,33.42072,0.1507,14.5064
107.71065,-7.01077,crops,31.92363,0.21265,0.0
107.74623,-6.99918,crops,34.48373,0.1422,0.0
107.53764,-6.92938,crops,34.96909,0.13937,64.05331
107.56162,-7.04769,crops,30.44363,0.21121,54.47798
107.66915,-7.1854,crops,29.81471,0.28791,16.39366
107.68316,-7.14498,crops,30.79226,0.25205,12.21055
107.25063,-7.04526,crops,27.14866,0.42959,3.33552
107.78072,-7.04284,crops,32.75079,0.20249,28.67977
107.70311,-6.97304,crops,31.49809,0.20798,0.0
107.79554,-7.06709,crops,29.91725,0.33861,14.7041
107.88852,-6.96711,crops,31.63993,0.42917,8.02563
107.33794,-6.89893,crops,29.95998,0.51055,3.54815
107.56378,-7.1377,crops,31.98857,0.43827,9.08245
107.56378,-7.12072,crops,31.81254,0.30385,12.71305
107.56378,-7.02748,crops,33.07208,0.29624,25.51277
107.57348,-6.89839,crops,35.54673,0.30762,137.68965
107.73086,-6.96792,crops,34.94003,0.24192,0.0
107.21694,-7.04553,crops,28.41845,0.65353,4.0727
107.70984,-6.97492,crops,32.221,0.22583,0.0
107.61471,-7.18297,crops,27.94847,0.36184,7.56142
107.28943,-6.95067,crops,27.77928,0.4778,1.53214
107.61983,-7.04742,crops,29.77711,0.36552,15.38184
107.68613,-7.29293,crops,27.50413,0.51701,3.97414
107.71928,-6.9725,crops,34.52132,0.2499,0.0
107.64894,-7.19807,crops,27.97753,0.43121,7.10982
107.84109,-7.01427,crops,34.94174,0.30882,17.69443
107.47134,-6.93046,crops,35.60825,0.16329,23.06143
107.70068,-7.00592,crops,30.65896,0.20774,0.0
107.68182,-7.16653,crops,29.86256,0.35541,12.93576
107.66484,-7.17489,crops,33.72493,0.2254,3.00527
107.46676,-6.86551,crops,37.24378,0.27751,47.99974
107.70365,-7.01184,crops,32.0689,0.20406,0.0
107.8012,-7.03125,crops,32.43975,0.27152,21.08733
107.68855,-7.01643,crops,31.02127,0.23064,0.0
107.80066,-6.99648,crops,32.9046,0.16241,32.07749
107.5592,-7.05604,crops,30.14626,0.25944,31.74617
107.67804,-7.21262,crops,32.01762,0.24981,7.35697
107.32528,-6.89893,crops,29.07642,0.56439,3.53881
107.35761,-6.94986,crops,31.387,0.29664,5.57937
107.46164,-6.82428,crops,31.57157,0.5193,17.57444
107.66565,-7.07248,crops,29.1294,0.4866,8.55814
107.67185,-7.30398,crops,26.67013,0.44507,2.73683
107.7756,-7.02155,crops,32.7713,0.18976,35.28274
107.80498,-7.0361,crops,34.2889,0.29171,21.61674
107.78908,-6.98678,crops,30.4573,0.21681,25.68349
107.69637,-6.98921,crops,35.7313,0.17434,0.0
107.6775,-7.17112,crops,29.66774,0.28371,5.4232
107.70526,-7.02478,crops,31.73222,0.18726,0.0
107.72278,-6.98543,crops,29.84889,0.21728,24.46878
107.72197,-7.20238,crops,30.95633,0.52213,7.81244
107.7306,-7.00726,crops,30.88797,0.19321,0.0
107.30722,-6.79167,crops,35.31772,0.32318,9.66947
107.76401,-6.97196,crops,34.3265,0.14838,0.0
107.50206,-6.78412,crops,27.28879,0.42193,6.7594
107.57105,-7.15764,crops,33.0174,0.27853,9.04717
107.49398,-6.73615,crops,28.79272,0.46603,6.52789
107.70095,-7.13716,crops,29.19263,0.29541,13.36337
107.84998,-6.9698,crops,29.27808,0.27255,21.34418
107.53764,-7.21235,crops,28.51586,0.44365,11.41878
107.69206,-6.97546,crops,33.5882,0.16025,49.61319
107.65621,-7.1792,crops,31.79033,0.27186,2.40052
107.45436,-7.1218,crops,28.67309,0.24731,12.11197
107.71658,-6.8965,crops,28.8081,0.34412,23.19806
107.52362,-6.83586,crops,30.21291,0.25253,14.9109
107.74218,-6.98436,crops,31.54765,0.22576,0.0
107.72143,-7.07248,crops,30.75467,0.20523,20.32319
107.76428,-7.03017,crops,31.34769,0.15929,0.0
107.46433,-6.8992,crops,31.75956,0.26722,14.37989
107.35303,-7.00376,crops,30.29665,0.42775,4.64713
107.37001,-6.85662,crops,32.47735,0.41813,7.32518
107.52928,-6.93073,crops,34.83407,0.27443,31.10116
107.70068,-7.02182,crops,30.88455,0.18939,25.0747
107.57995,-6.83802,crops,29.15162,0.37783,24.53821
107.54006,-7.00214,crops,31.70488,0.19327,26.21847
107.5123,-7.03017,crops,32.25518,0.15375,51.02555
107.79824,-6.98948,crops,29.91725,0.19893,40.90823
107.63466,-7.25951,crops,27.38792,0.45849,5.3835
107.5654,-7.22286,crops,29.77711,0.29992,13.08391
107.82869,-6.97627,crops,29.08155,0.16344,61.99478
107.43712,-6.91402,crops,33.94026,0.39741,15.52883
107.64624,-7.09566,crops,32.88409,0.28138,3.3884
107.57725,-7.08057,crops,30.86917,0.25522,19.60201
107.78557,-6.97277,crops,30.45388,0.2363,33.3438
107.77237,-7.00187,crops,30.60769,0.21913,0.0
107.72278,-6.98328,crops,30.9119,0.20555,28.70545
107.75754,-7.03448,crops,30.90506,0.15689,0.0
107.47431,-6.72645,crops,29.71217,0.41694,7.91953
107.80902,-7.00053,crops,28.5227,0.2391,30.92769
107.35573,-6.95741,crops,30.94949,0.30585,5.34404
107.58588,-7.01265,crops,30.60769,0.17119,27.62782
107.76752,-6.98463,crops,34.44442,0.23718,0.0
107.77425,-6.99972,crops,30.51028,0.21879,0.0
107.71658,-7.0962,crops,28.69018,0.29056,15.21589
107.68882,-7.10886,crops,33.11994,0.38663,6.96027
107.49883,-6.9531,crops,34.73153,0.2605,10.68248
107.53979,-6.97951,crops,31.48612,0.2709,24.82505
107.70553,-6.9787,crops,32.82428,0.16409,0.0
107.48131,-7.09054,crops,28.656,0.19388,30.11631
107.79312,-6.98058,crops,31.31864,0.22381,29.56206
107.80228,-7.00699,crops,29.48316,0.20364,41.79377
107.6837,-7.20696,crops,32.9798,0.20684,6.76906
107.58695,-7.08596,crops,32.70294,0.24569,16.2189
107.78288,-7.02478,crops,31.65873,0.21239,25.93726
107.36866,-6.74639,crops,30.45901,0.24185,8.15213
107.79581,-6.98732,crops,29.01319,0.21882,34.69258
107.71065,-7.07598,crops,29.5857,0.20568,21.1093
107.788,-7.0008,crops,32.74054,0.12468,33.77954
107.45894,-7.11641,crops,28.72094,0.29449,15.47485
107.37028,-6.81592,crops,33.08234,0.33971,10.84101
107.42822,-7.07464,crops,28.75171,0.54812,6.49635
107.56809,-7.12988,crops,31.07425,0.22423,9.87713
107.51123,-7.0396,crops,29.813,0.30859,24.59604
107.7721,-7.02424,crops,33.7967,0.17771,0.0
107.55111,-7.0714,crops,32.56964,0.28457,22.1671
107.67454,-7.30263,crops,28.87817,0.29906,4.1991
107.65648,-6.78897,crops,29.06958,0.38226,12.47323
107.80444,-7.03583,crops,32.55425,0.28762,21.46413
107.64975,-7.07356,crops,34.56576,0.34163,8.31196
107.73545,-6.99594,crops,31.804,0.15795,27.30575
107.57671,-7.06143,crops,33.21735,0.26371,24.33333
107.41313,-6.99702,crops,33.23273,0.2568,8.3503
107.66538,-6.8647,crops,31.85698,0.25299,20.65388
107.47997,-6.83802,crops,31.76811,0.21293,58.61572
107.84297,-7.02316,crops,32.60723,0.32348,15.74317
107.68182,-6.86389,crops,32.50127,0.41579,12.66206
107.48401,-6.81916,crops,32.37139,0.36002,23.49981
107.76536,-7.03017,crops,30.51199,0.17195,0.0
107.56243,-7.09943,crops,31.3118,0.16646,24.63953
107.71227,-6.95067,crops,30.96146,0.15934,0.0
107.7058,-7.30047,crops,27.63743,0.34131,1.74721
107.74272,-6.83506,crops,23.24357,0.6727,2.63206
107.68101,-7.00942,crops,33.1695,0.2262,21.3818
107.43307,-7.13015,crops,28.5791,0.1825,22.38817
107.5503,-7.0803,crops,32.60552,0.27315,17.6388
107.5945,-7.09485,crops,30.42312,0.22387,14.69907
107.53575,-7.09458,crops,32.49273,0.35358,10.2663
107.62037,-7.07787,crops,29.66774,0.38193,8.10143
107.37405,-6.77469,crops,35.09555,0.36204,7.20072
107.72574,-7.21262,crops,28.07494,0.29297,16.08007
107.78503,-7.05443,crops,32.94904,0.28349,25.09787
107.80336,-7.00349,crops,31.06229,0.21836,32.31078
107.79339,-7.01885,crops,31.47587,0.2013,31.40021
107.60528,-7.04823,crops,32.17314,0.16643,34.59775
107.81252,-6.98516,crops,32.37652,0.19857,31.98988
107.59477,-7.19214,crops,30.84524,0.34663,15.38574
107.70203,-6.99621,crops,32.50127,0.14331,0.0
107.7147,-6.99271,crops,29.29346,0.17812,0.0
107.69448,-7.01427,crops,31.79033,0.20373,20.08545
107.67993,-7.21936,crops,28.55859,0.22513,5.02085
107.36274,-6.71163,crops,32.54571,0.22919,13.86231
107.75566,-7.03206,crops,31.89287,0.16093,0.0
107.71604,-7.09512,crops,28.54663,0.22606,17.60157
107.43846,-7.11803,crops,29.8882,0.16613,25.5211
107.69367,-7.10132,crops,37.13611,0.41309,11.86501
107.66295,-7.18109,crops,30.42654,0.22642,4.7325
107.71254,-6.89327,crops,28.58593,0.27676,22.52316
107.67104,-6.8046,crops,31.80913,0.21421,10.43925
107.77075,-7.02909,crops,32.23467,0.12553,0.0
107.42714,-6.87898,crops,35.16391,0.31959,9.51731
107.68343,-7.30101,crops,26.99484,0.55097,4.2322
107.53117,-7.00565,crops,32.83453,0.17704,43.573
107.71901,-7.01697,crops,30.71023,0.22252,0.0
107.64867,-7.06547,crops,35.78941,0.28893,11.50328
107.46945,-7.08596,crops,29.49684,0.18437,29.26696
107.67131,-7.09188,crops,31.00931,0.37086,9.54274
107.68613,-7.01427,crops,31.57328,0.23509,0.0
107.80228,-7.02047,crops,32.07402,0.14188,36.50456
107.73679,-6.94312,crops,33.09772,0.16071,79.27029
107.66376,-7.08407,crops,31.58866,0.42753,6.33273
107.76455,-7.02828,crops,31.3118,0.16392,0.0
107.66457,-7.15522,crops,30.84695,0.4141,2.22505
107.80498,-7.00133,crops,30.18044,0.23134,34.49079
107.71955,-7.02182,crops,31.14432,0.20861,0.0
107.65648,-7.01454,crops,32.46368,0.18005,36.41554
107.5371,-6.99082,crops,34.16585,0.27897,41.18449
107.69179,-7.12665,crops,30.73758,0.2541,12.48695
107.68451,-7.30829,crops,26.37276,0.51358,4.63088
107.75754,-7.07895,crops,31.19559,0.22496,27.29856
107.70418,-7.29724,crops,32.0518,0.34442,1.62161
107.43658,-6.75906,crops,36.015,0.52105,17.74635
107.55057,-7.0617,crops,34.7059,0.16059,24.27338
107.74946,-7.04149,crops,30.90335,0.17181,51.01356
107.65002,-7.20319,crops,28.26635,0.43462,6.71611
107.60798,-7.08488,crops,31.49979,0.45407,6.52955
107.62576,-7.18756,crops,27.26145,0.53693,9.92935
107.48589,-6.94717,crops,36.18761,0.251,16.34823
107.67697,-6.85473,crops,32.16289,0.29622,9.81736
107.39103,-6.71298,crops,32.51836,0.29926,9.07099
107.75404,-6.98247,crops,31.15799,0.20511,0.0
107.68289,-6.96064,crops,31.98686,0.14808,0.0
107.66457,-7.19106,crops,28.62524,0.34617,7.75795
107.66807,-7.17812,crops,28.96704,0.2523,4.91902
107.75458,-7.00053,crops,33.34211,0.18835,31.34396
107.59935,-6.86982,crops,35.82872,0.23093,181.26476
107.79177,-6.97816,crops,31.94072,0.18144,28.82478
107.4964,-6.8771,crops,33.80012,0.28363,33.42589
107.75162,-6.9822,crops,30.26247,0.19849,0.0
107.6996,-7.17166,crops,37.78212,0.42323,6.89436
107.27865,-7.0043,crops,27.80833,0.27147,4.79747
107.3781,-6.72699,crops,34.51449,0.34198,11.71671
107.69664,-7.01158,crops,31.22294,0.21077,0.0
107.74865,-7.11291,crops,35.2186,0.30133,11.71483
107.67966,-7.0175,crops,32.72857,0.19547,0.0
107.72871,-6.98894,crops,30.97,0.22288,21.87597
107.54842,-7.06979,crops,33.23615,0.20029,24.67867
107.71523,-7.18782,crops,27.41697,0.49133,4.66569
107.44628,-7.10994,crops,28.7312,0.226,31.27045
107.6926,-7.17031,crops,30.26589,0.29262,17.69107
107.67104,-6.98436,crops,31.70146,0.16682,0.0
107.56108,-7.00619,crops,32.2586,0.17899,33.9888
107.7632,-7.03933,crops,30.30861,0.19566,0.0
107.79608,-7.01211,crops,29.90529,0.23052,28.43271
107.77991,-7.08919,crops,37.84193,0.29746,12.34753
107.53925,-7.04365,crops,31.3118,0.11662,38.11427
107.76024,-6.98436,crops,35.46641,0.21813,26.94804
107.57052,-7.03906,crops,30.90848,0.20132,35.15726
107.67777,-7.07706,crops,30.7615,0.25205,14.22499
107.62738,-7.1792,crops,27.90404,0.2402,10.40766
107.51769,-7.01993,crops,32.16631,0.1731,26.20447
107.38888,-6.95768,crops,31.69804,0.27907,7.77726
107.68209,-6.98085,crops,33.29426,0.16832,0.0
107.68802,-7.00107,crops,31.17508,0.21724,0.0
107.3948,-6.81673,crops,31.18021,0.33904,11.75858
107.25143,-7.04149,crops,30.2488,0.52482,2.62715
107.65406,-7.19052,crops,27.75364,0.40715,4.95059
107.7632,-7.08191,crops,30.4197,0.29415,27.72905
107.42175,-6.81646,crops,34.09065,0.35697,9.19332
107.6422,-7.28134,crops,29.65406,0.49301,3.64052
107.68289,-7.0714,crops,29.74293,0.2626,13.89511
107.53683,-6.84125,crops,31.15799,0.42286,13.98599
107.57806,-7.19834,crops,30.51199,0.24385,20.41133
107.62953,-7.18324,crops,27.20847,0.33532,9.00762
107.67373,-7.2711,crops,26.64108,0.51824,7.8215
107.66888,-7.09916,crops,30.43508,0.35911,3.39532
107.37217,-6.7181,crops,36.49523,0.26803,12.38605
107.66861,-7.18324,crops,29.84206,0.35442,6.39888
107.49991,-7.07086,crops,32.23125,0.46502,10.4114
107.64975,-6.99568,crops,32.01933,0.18103,0.0
107.88529,-7.04957,crops,33.45148,0.27037,6.93056
107.61983,-7.07841,crops,32.28594,0.4114,7.95664
107.69529,-7.09404,crops,29.61305,0.25166,17.75157
107.67508,-6.97573,crops,32.40557,0.16629,0.0
107.37459,-7.00484,crops,29.93092,0.30746,9.49437
107.37459,-6.76068,crops,37.13953,0.32243,7.70904
107.74218,-6.9849,crops,31.43827,0.23146,0.0
107.72898,-7.04715,crops,32.30132,0.13144,43.93754
107.57132,-7.09781,crops,31.56645,0.28577,16.38249
107.33363,-6.89515,crops,29.6045,0.57412,3.51779
107.69879,-6.94771,crops,33.30109,0.17341,0.0
107.84136,-7.05389,crops,33.21564,0.29365,13.97724
107.66376,-6.98948,crops,31.4827,0.17028,0.0
107.70149,-7.0741,crops,30.89481,0.17322,19.5792
107.67643,-7.14686,crops,30.83328,0.38328,5.29699
107.7023,-6.87413,crops,30.51882,0.41573,12.34098
107.77776,-7.02721,crops,31.77153,0.22319,39.86282
107.68316,-7.21154,crops,30.89822,0.25313,4.50109
107.5185,-7.22879,crops,26.95383,0.36906,6.60965
107.4479,-6.74424,crops,29.58058,0.25285,30.6691
107.67858,-7.00592,crops,32.87213,0.18142,0.0
107.74272,-7.10563,crops,29.08325,0.28012,15.89803
107.66457,-7.17219,crops,28.9978,0.22226,2.32864
107.73868,-7.01643,crops,32.10137,0.21513,0.0
107.36274,-6.8364,crops,35.41001,0.21815,20.4326
107.712,-6.98867,crops,30.64529,0.19412,0.0
107.68316,-7.27487,crops,26.113,0.5625,3.93628
107.54195,-6.94366,crops,34.09065,0.14882,53.72137
107.76563,-7.03826,crops,30.64187,0.17579,0.0
107.66376,-6.97277,crops,33.58991,0.16334,0.0
107.77857,-7.03179,crops,31.00076,0.19703,46.10022
107.73518,-7.00753,crops,36.51574,0.15789,27.59236
107.79204,-7.00295,crops,31.47929,0.20314,27.52244
107.41286,-6.99621,crops,33.5489,0.27934,8.48711
107.67589,-7.1695,crops,30.57693,0.40963,5.17632
107.40558,-6.88922,crops,31.5579,0.33636,6.59087
107.58156,-7.1059,crops,27.85619,0.37511,11.18211
107.71389,-6.96953,crops,30.64187,0.18609,0.0
107.76132,-6.97897,crops,32.24492,0.14134,0.0
107.5274,-6.95795,crops,32.91144,0.32255,30.70996
107.43819,-6.92076,crops,32.83624,0.37933,10.49907
107.68721,-7.22205,crops,26.87863,0.31384,2.72346
107.72871,-7.03556,crops,31.07938,0.15611,0.0
107.3975,-6.9628,crops,33.33527,0.34742,6.97678
107.41313,-6.79463,crops,35.32969,0.47223,5.84946
107.6042,-7.00349,crops,31.51688,0.13335,31.77752
107.45975,-6.88976,crops,35.48521,0.19306,0.0
107.52551,-6.81646,crops,29.18921,0.36913,8.90897
107.24443,-7.04904,crops,26.76926,0.42937,2.63302
107.45706,-6.92129,crops,35.38267,0.2391,16.64567
107.5565,-7.07248,crops,31.31522,0.18553,21.87597
107.52794,-6.99298,crops,32.70977,0.20412,45.45013
107.55138,-6.81053,crops,31.71171,0.27954,15.3851
107.74245,-7.01346,crops,33.84797,0.13646,0.0
107.65945,-6.79436,crops,30.61111,0.35298,18.94334
107.65325,-7.05011,crops,33.49763,0.35961,10.16214
107.52039,-7.00107,crops,31.03494,0.36779,19.46077
107.7791,-7.11641,crops,28.8833,0.37806,15.32179
107.7721,-7.03421,crops,32.33037,0.15208,56.54683
107.78638,-7.00996,crops,29.75831,0.20556,24.82421
107.64274,-7.09458,crops,28.28002,0.3604,3.56981
107.47862,-6.85392,crops,32.36114,0.18478,27.7578
107.42903,-7.1183,crops,28.4099,0.18607,24.26796
107.69879,-6.99082,crops,31.04178,0.2063,0.0
107.73491,-7.04284,crops,36.38415,0.15311,54.65534
107.70499,-6.9539,crops,35.11948,0.18276,0.0
107.66214,-7.1757,crops,30.25564,0.18881,2.8876
107.73491,-7.12773,crops,34.6495,0.28874,7.06881
107.63735,-7.25843,crops,26.9675,0.5298,5.19053
107.29752,-6.93261,crops,28.75512,0.56083,1.18675
107.6678,-7.21316,crops,32.38164,0.22667,11.04466
107.68586,-6.97573,crops,33.91292,0.16093,0.0
107.81629,-6.97951,crops,31.45707,0.28744,24.9287
107.69448,-7.0043,crops,30.84695,0.18152,0.0
107.50718,-7.07922,crops,28.72094,0.47664,7.56064
107.79662,-7.01616,crops,31.31009,0.23084,34.71025
107.7465,-6.98921,crops,31.73222,0.21144,0.0
107.37217,-6.78304,crops,38.86221,0.45771,2.72353
107.44277,-7.0873,crops,28.33129,0.34712,12.51332
107.69125,-7.17273,crops,29.77711,0.29219,14.54153
107.92355,-7.04472,crops,35.71592,0.29979,12.38041
107.5371,-7.01697,crops,32.53204,0.21287,69.85455
107.85914,-7.03987,crops,35.61167,0.30137,7.51902
107.5371,-7.11533,crops,30.46413,0.39611,11.86616
107.57752,-7.02909,crops,32.06719,0.18125,30.60153
107.66403,-7.02074,crops,32.85162,0.20794,0.0
107.35222,-6.71621,crops,32.7337,0.26798,7.92616
107.37837,-6.96549,crops,33.96077,0.3247,6.81996
107.45032,-6.86093,crops,35.16904,0.3503,0.0
107.78611,-6.98624,crops,29.45582,0.23214,24.71063
107.31099,-7.03799,crops,27.91429,0.30599,3.82084
107.70311,-7.00538,crops,29.80787,0.21193,0.0
107.61822,-6.99352,crops,32.68756,0.26507,46.57787
107.36651,-6.71028,crops,31.37846,0.20709,10.85044
107.54734,-6.97735,crops,31.30155,0.13867,43.52646
107.41879,-6.87494,crops,35.62705,0.34429,7.11748
107.41529,-6.71863,crops,30.99905,0.46936,6.00993
107.78719,-6.9857,crops,30.24367,0.22795,27.70807
107.68802,-7.17381,crops,34.90756,0.21164,17.82658
107.70122,-7.00026,crops,31.93388,0.19721,0.0
107.67238,-6.9787,crops,34.16243,0.13141,0.0
107.72736,-7.00133,crops,30.44704,0.19867,28.30475
107.3789,-6.96926,crops,32.68585,0.29856,8.88162
107.78665,-6.98705,crops,29.3567,0.22681,27.0643
107.67319,-7.29266,crops,26.40694,0.39826,4.42518
107.44574,-7.10967,crops,29.51222,0.22983,24.19259
107.32393,-7.03799,crops,27.36399,0.64444,2.57681
107.48589,-6.94501,crops,35.48179,0.29258,17.25423
107.75647,-6.90863,crops,32.20049,0.36676,17.9052
107.70095,-7.02451,crops,30.67605,0.19031,28.05397
107.50611,-7.05631,crops,30.63845,0.34114,12.48818
107.26194,-6.99945,crops,29.39088,0.44099,3.72926
107.51689,-7.02397,crops,32.7901,0.16794,68.22422
107.66457,-6.84745,crops,30.11208,0.33154,9.74442
107.61525,-7.08084,crops,30.24538,0.41149,8.11406
107.57941,-7.13042,crops,28.61157,0.45767,8.06579
107.69745,-7.12988,crops,29.22681,0.33192,13.49858
107.6131,-7.08137,crops,30.99735,0.30031,8.03366
107.79473,-7.02532,crops,34.03084,0.14113,29.11193
107.75485,-6.98328,crops,34.14876,0.21813,0.0
107.54896,-7.06386,crops,34.75375,0.17304,26.07904
107.41636,-6.74936,crops,33.12506,0.39337,6.72937
107.57025,-7.15171,crops,30.36672,0.30782,7.64719
107.32474,-6.9248,crops,31.18192,0.2493,4.16813
107.33093,-6.78062,crops,36.42003,0.43353,2.78367
107.60097,-7.00969,crops,33.284,0.11471,23.84134
107.73221,-6.95633,crops,33.77961,0.20723,25.77374
107.77695,-6.99729,crops,30.553,0.19736,0.0
107.44682,-6.89246,crops,36.12779,0.27063,12.64081
107.3312,-6.84314,crops,38.15468,0.32827,8.51434
107.70176,-7.10617,crops,33.12506,0.23858,24.49137
107.77129,-6.97331,crops,35.3314,0.17531,29.53243
107.67265,-7.13554,crops,29.61647,0.38474,4.25247
107.47511,-7.08299,crops,27.83568,0.33348,20.46762
107.83462,-7.05577,crops,33.67024,0.30783,8.71244
107.52605,-6.87952,crops,37.67445,0.21115,40.37443
107.79312,-7.00457,crops,31.49296,0.20314,27.33336
107.49182,-6.88006,crops,33.1883,0.34492,21.39727
107.57725,-7.03098,crops,31.65702,0.16559,28.74106
107.52201,-7.01319,crops,31.86894,0.18051,25.54793
107.72574,-7.00107,crops,29.76686,0.19623,28.20087
107.34603,-6.72187,crops,30.64871,0.2712,9.33971
107.76509,-7.09215,crops,29.70363,0.36314,23.86556
107.69044,-7.01265,crops,31.54936,0.23444,18.57286
107.63546,-7.18782,crops,26.83249,0.41475,14.08194
107.65487,-7.17516,crops,30.5906,0.23326,2.37255
107.7279,-7.06898,crops,31.61259,0.2953,23.21643
107.53144,-7.10698,crops,32.49102,0.35945,7.26553
107.64732,-7.07652,crops,33.48908,0.27723,8.48222
107.68209,-7.00565,crops,32.58673,0.22412,11.60654
107.75,-7.04095,crops,30.99393,0.17439,0.0
107.76698,-7.09323,crops,29.4148,0.31125,20.4391
107.52147,-6.85069,crops,32.53204,0.16959,40.25901
107.41529,-6.80568,crops,32.23809,0.57283,7.52637
107.69152,-7.01265,crops,31.59892,0.23634,18.28119
107.49344,-6.87845,crops,32.54571,0.32457,21.71808
107.53602,-6.9601,crops,34.16585,0.17648,0.0
107.58642,-7.17462,crops,30.15309,0.27838,18.62741
107.44466,-6.89542,crops,37.74452,0.21585,15.93029
107.6767,-6.99999,crops,31.96806,0.20986,25.61386
107.80767,-7.0167,crops,33.83088,0.15531,33.64645
107.78988,-6.96792,crops,35.27671,0.1497,95.70388
107.7023,-7.19914,crops,31.36649,0.278,4.92061
107.43739,-7.1315,crops,28.12792,0.36487,15.59155
107.55462,-6.83964,crops,29.92751,0.28517,34.83324
107.71254,-7.01939,crops,32.1458,0.20818,0.0
107.6581,-7.08892,crops,32.39532,0.24872,5.01179
107.68263,-7.2746,crops,26.14718,0.55274,4.02181
107.70931,-6.97789,crops,31.27762,0.20938,0.0
107.64894,-7.17705,crops,31.66728,0.40649,4.39486
107.70041,-6.99972,crops,31.48954,0.18797,0.0
107.80363,-7.08407,crops,29.70875,0.58269,8.97884
107.7147,-7.05901,crops,31.02298,0.23154,23.27884
107.70499,-6.97519,crops,32.15947,0.20202,0.0
107.44089,-7.10078,crops,28.22191,0.30384,20.64284
107.80578,-7.00376,crops,28.65258,0.22806,34.25117
107.40585,-6.81916,crops,33.47883,0.45255,25.73067
107.79905,-6.98786,crops,29.63185,0.17831,31.77177
107.76482,-7.01939,crops,30.97171,0.19389,0.0
107.6678,-7.08892,crops,29.33961,0.47922,8.21761
107.46945,-7.10347,crops,29.02173,0.23398,58.25349
107.76752,-6.969,crops,33.66853,0.12261,33.91994
107.49101,-7.09377,crops,28.53124,0.39918,18.48543
107.67427,-7.01589,crops,33.88899,0.19128,28.59512
107.6802,-6.99648,crops,31.13065,0.24236,23.35622
107.75862,-7.08703,crops,33.14728,0.32062,26.67712
107.71847,-7.09539,crops,30.13259,0.28999,17.25034
107.66834,-7.19241,crops,29.77028,0.26062,15.96331
107.38537,-6.95336,crops,33.79841,0.33165,7.99656
107.75754,-7.01912,crops,33.42072,0.14877,0.0
107.73302,-7.02694,crops,31.36649,0.16756,38.90296
107.74299,-7.04014,crops,31.18875,0.16291,32.99392
107.61822,-7.17974,crops,29.00635,0.26896,4.02096
107.68101,-7.06628,crops,30.32058,0.21379,13.83232
107.72547,-7.03637,crops,31.99199,0.1487,0.0
107.34468,-6.84449,crops,37.42322,0.39625,9.82201
107.41825,-6.77927,crops,35.1434,0.42747,6.14355
107.79554,-6.976,crops,31.07938,0.19868,39.39223
107.73787,-7.10266,crops,30.72732,0.19181,19.672
107.24227,-6.99487,crops,30.19582,0.4638,1.56336
107.4099,-6.71621,crops,33.27546,0.38461,7.1148
107.76428,-6.9822,crops,32.38848,0.23337,0.0
107.38753,-6.74666,crops,34.33846,0.45428,6.44982
107.37917,-6.76148,crops,32.48077,0.24953,6.97973
107.2261,-7.00107,crops,27.50413,0.62747,1.7021
107.37971,-6.95121,crops,34.28206,0.29937,7.30549
107.40046,-6.83344,crops,35.28183,0.47417,7.72779
107.58237,-7.09727,crops,30.38039,0.26388,16.59216
107.28674,-6.95822,crops,27.94164,0.45776,1.36645
107.57025,-7.18702,crops,30.88455,0.22864,20.44213
107.55219,-6.95768,crops,33.91633,0.11654,61.26147
107.45921,-6.89138,crops,36.58239,0.20132,16.58887
107.71658,-6.96792,crops,31.92876,0.25095,0.0
107.70122,-6.99406,crops,32.2979,0.18487,0.0
107.70688,-6.97385,crops,31.45536,0.20644,0.0
107.6166,-7.25358,crops,27.93651,0.55185,6.36527
107.28674,-6.95552,crops,28.65258,0.36135,1.45791
107.72494,-7.00996,crops,31.70658,0.17392,42.17372
107.45409,-7.09701,crops,27.91429,0.35934,20.48388
107.27623,-6.97978,crops,26.88547,0.48757,2.91731
107.77344,-7.06008,crops,32.95245,0.17293,31.12302
107.77021,-6.99002,crops,33.4173,0.27358,0.0
107.69772,-7.01373,crops,31.07596,0.22081,0.0
107.68128,-7.17758,crops,32.31841,0.20051,15.91288
107.66834,-6.98705,crops,32.3355,0.15173,0.0
107.57914,-7.0838,crops,31.4246,0.28466,13.639
107.89067,-7.02882,crops,34.29403,0.3389,20.84595
107.64705,-7.29239,crops,27.78441,0.46557,3.5256
107.47404,-7.07679,crops,27.91258,0.3896,20.77129
107.70742,-6.976,crops,32.62432,0.20596,0.0
107.71146,-6.97654,crops,30.54275,0.22182,25.79784
107.7473,-6.97088,crops,30.29494,0.21292,0.0
107.33471,-6.83802,crops,37.24549,0.29879,10.57687
107.71928,-7.01831,crops,30.49319,0.21543,0.0
107.71173,-6.97897,crops,30.05397,0.2143,27.07149
107.57375,-7.01616,crops,31.88945,0.20261,25.45542
107.6139,-7.22798,crops,27.38108,0.44802,10.67022
107.55893,-7.09566,crops,31.97832,0.18071,24.48964
107.38295,-6.71136,crops,30.85037,0.33464,8.2899
107.71146,-7.00753,crops,31.77665,0.20656,0.0
107.78018,-6.99729,crops,30.28811,0.22318,22.73381
107.54734,-7.07006,crops,33.29938,0.23537,21.1215
107.54357,-6.94339,crops,32.20391,0.1668,56.22246
107.72871,-6.97897,crops,33.13703,0.26846,0.0
107.27434,-7.00457,crops,27.18967,0.27773,4.03308
107.57348,-7.1032,crops,27.39304,0.34441,10.86587
107.67481,-7.20346,crops,32.34405,0.20862,10.47159
107.78988,-6.98597,crops,30.74954,0.21771,25.05489
107.68882,-6.99729,crops,31.19559,0.19259,0.0
107.65595,-7.15602,crops,30.38894,0.48261,1.86422
107.6775,-7.17543,crops,33.28058,0.23532,10.64821
107.40558,-6.7499,crops,34.71273,0.40131,9.71421
107.46865,-6.88761,crops,35.67832,0.25873,21.70239
107.68128,-7.21909,crops,30.07106,0.2124,4.73598
107.82573,-7.05362,crops,34.07356,0.21743,9.98132
107.90792,-7.04391,crops,34.84945,0.27898,14.48599
107.32689,-7.1501,crops,27.4597,0.5635,4.30253
107.68505,-7.07572,crops,31.20585,0.19527,15.96585
107.68478,-7.01804,crops,31.77324,0.22305,0.0
107.75189,-6.98409,crops,31.85527,0.19738,0.0
107.53818,-7.00807,crops,30.67605,0.24364,26.28981
107.51985,-6.99783,crops,30.99051,0.21389,21.95674
107.42607,-6.75017,crops,33.03449,0.53269,7.39845
107.43173,-6.81053,crops,35.74839,0.46921,8.01774
107.53225,-7.10644,crops,32.78497,0.32228,7.24353
107.55084,-7.06413,crops,34.41195,0.17433,27.68702
107.56863,-7.01777,crops,32.12529,0.15666,26.56622
107.71712,-6.93719,crops,31.59208,0.12977,137.97067
107.72359,-7.09054,crops,29.46778,0.31564,21.30867
107.75647,-6.91806,crops,30.44021,0.36835,20.9425
107.64355,-7.06494,crops,31.39896,0.45895,8.76575
107.68909,-7.06359,crops,38.06752,0.30552,14.92503
107.61714,-6.99298,crops,32.45513,0.23716,38.74419
107.40397,-6.80757,crops,32.72686,0.36628,7.49534
107.42283,-6.79194,crops,36.03209,0.4008,7.78116
107.69906,-7.29913,crops,30.58718,0.3571,1.85861
107.46029,-7.11614,crops,28.29198,0.33747,16.15408
107.72332,-7.07086,crops,32.28423,0.21703,17.71884
107.67508,-7.28969,crops,27.80492,0.41558,4.91849
107.68802,-7.23175,crops,27.11106,0.33974,2.02541
107.89876,-7.04149,crops,32.65679,0.22133,15.63978
107.47943,-6.7278,crops,29.05933,0.41159,6.90752
107.57321,-7.01562,crops,31.36649,0.19095,25.45542
107.35034,-6.85715,crops,35.26645,0.3912,14.69728
107.55408,-7.08811,crops,31.93388,0.28811,17.66406
107.55839,-7.0776,crops,33.0943,0.24083,26.43576
107.41017,-6.7596,crops,34.47005,0.3712,9.12817
107.7915,-7.02074,crops,34.44955,0.14396,31.38646
107.59181,-7.18082,crops,29.27808,0.55357,12.89908
107.38726,-6.89785,crops,31.6707,0.37598,4.79056
107.35357,-6.81862,crops,33.7386,0.27548,12.09748
107.45355,-6.72995,crops,30.25222,0.4687,8.28732
107.67454,-7.15279,crops,28.55688,0.4798,4.97897
107.72332,-6.98705,crops,30.60598,0.22955,0.0
107.79608,-7.0175,crops,30.13259,0.23622,34.98774
107.44897,-7.09835,crops,27.59983,0.32304,15.30094
107.77641,-7.00672,crops,31.50663,0.17277,0.0
107.78045,-7.08703,crops,37.60609,0.35204,15.40717
107.67804,-6.85931,crops,30.88968,0.3129,10.8793
107.41583,-6.71917,crops,31.39042,0.4178,8.70504
107.60905,-7.1986,crops,30.22316,0.2471,12.60082
107.52632,-7.00026,crops,30.76834,0.30287,34.06701
107.71119,-7.07598,crops,29.27808,0.20995,21.1093
107.66511,-6.9822,crops,32.49444,0.16188,0.0
107.65082,-6.99325,crops,32.40557,0.16573,0.0
107.37675,-6.81323,crops,35.01865,0.39899,12.01852
107.68047,-7.17327,crops,33.14728,0.19344,9.79811
107.78854,-6.96414,crops,32.67388,0.22953,72.16775
107.45221,-7.08353,crops,27.71605,0.30847,11.57483
107.74191,-7.03637,crops,31.9373,0.16355,30.05505
107.51796,-6.9345,crops,33.12677,0.39102,21.12002
107.629,-6.92076,built,38.65371,0.06889,291.60641
107.50826,-6.9124,built,35.18271,0.13343,36.30171
107.34522,-7.01885,built,28.11937,0.49831,1.43451
107.59019,-7.16303,built,27.75706,0.57777,5.29566
107.57294,-7.08326,built,32.18169,0.34091,18.17147
107.90792,-7.04257,built,35.35532,0.23098,17.39764
107.59181,-6.82023,built,30.80423,0.28085,39.50319
107.42984,-6.72726,built,35.05112,0.45094,13.50818
107.61606,-7.06655,built,31.30155,0.24349,12.24717
107.63681,-6.87144,built,32.16631,0.29522,50.09415
107.55246,-7.02775,built,34.63412,0.15646,43.13003
107.85834,-6.99891,built,34.98276,0.09443,66.90136
107.72655,-7.07464,built,33.03619,0.19706,21.89555
107.78584,-7.05362,built,33.88045,0.25084,21.91104
107.40478,-6.89084,built,32.62261,0.32545,5.92577
107.58156,-7.02397,built,34.53841,0.12175,35.63282
107.58399,-6.93261,built,40.31145,0.06072,254.57968
107.84217,-7.02505,built,31.85527,0.2362,17.27482
107.33659,-6.89488,built,29.57716,0.5548,3.34045
107.72709,-6.9318,built,38.7836,0.06107,135.70467
107.57375,-6.96873,built,39.64323,0.05867,112.7366
107.70149,-7.12099,built,31.30326,0.21455,17.92752
107.37351,-7.06467,built,27.55027,0.36745,4.80756
107.45059,-6.88222,built,35.30747,0.14942,18.21306
107.66322,-6.88734,built,37.7411,0.07603,80.91521
107.39534,-6.99109,built,32.867,0.32104,7.69163
107.35815,-6.73804,built,33.7386,0.35307,0.0
107.51742,-6.86659,built,40.1884,0.07126,77.51098
107.65837,-6.89408,built,36.15856,0.06528,109.74334
107.50718,-6.89596,built,38.52383,0.18827,44.54482
107.76347,-6.96064,built,33.75911,0.11524,62.45076
107.64651,-6.80945,built,34.12483,0.10184,43.69882
107.6131,-6.89731,built,37.4369,0.08199,296.92786
107.46919,-6.8108,built,33.13703,0.3884,29.1238
107.63358,-7.05658,built,30.42825,0.23884,10.42516
107.61067,-6.81026,built,32.74737,0.14102,39.96718
107.79258,-7.06979,built,33.91633,0.33025,16.73519
107.76051,-7.05631,built,41.10443,0.10498,103.8672
107.74784,-7.01643,built,32.27739,0.1107,0.0
107.7791,-7.07733,built,35.47495,0.2172,20.34789
107.61444,-7.05496,built,31.45878,0.29579,16.39491
107.5503,-6.79517,built,29.49,0.18024,9.62626
107.74084,-6.9663,built,33.87532,0.13642,0.0
107.71038,-6.95444,built,37.75306,0.09476,0.0
107.6961,-7.03044,built,37.48987,0.07721,59.60186
107.55704,-7.18675,built,29.86256,0.26064,19.66913
107.48482,-6.88842,built,38.24697,0.16716,24.62545
107.36139,-6.72241,built,32.69268,0.39587,10.62212
107.5282,-7.03313,built,35.18784,0.11425,69.86654
107.49101,-6.91995,built,38.42129,0.10035,73.13333
107.64436,-6.86389,built,31.65361,0.34575,41.72636
107.60124,-6.86524,built,32.09453,0.14207,156.27586
107.58695,-6.86524,built,36.14147,0.06448,132.11101
107.38483,-6.89893,built,31.5579,0.41431,4.3724
107.35357,-6.93127,built,33.795,0.38005,9.97241
107.52605,-6.8515,built,35.07504,0.08212,38.24372
107.71065,-6.92857,built,34.99985,0.16222,150.97108
107.55246,-7.21801,built,30.48122,0.37746,6.73365
107.50638,-6.95848,built,35.29721,0.18511,15.4311
107.65568,-7.01858,built,34.64266,0.13082,38.42759
107.54545,-7.07733,built,32.32012,0.26536,17.8299
107.71604,-6.93207,built,38.03334,0.08586,205.80693
107.55327,-7.04203,built,38.08632,0.09714,80.25056
107.54357,-6.81565,built,30.08132,0.24247,16.13256
107.3463,-6.99568,built,32.05864,0.38801,4.51766
107.59935,-6.79544,built,29.74293,0.17869,17.929
107.66511,-6.85689,built,29.48487,0.32977,11.26541
107.64382,-6.82374,built,34.74008,0.10989,52.35863
107.59773,-7.18109,built,28.51928,0.3532,13.85273
107.60609,-7.05119,built,35.58262,0.15216,29.70088
107.65972,-7.01966,built,33.77107,0.17383,0.0
107.47862,-6.8108,built,33.54206,0.45669,21.44871
107.36435,-7.00511,built,30.71023,0.35141,5.70753
107.61956,-6.86228,built,30.94949,0.23982,92.7387
107.3948,-6.76014,built,33.69758,0.31159,9.01453
107.64813,-6.96576,built,36.78064,0.09851,0.0
107.55542,-6.86362,built,37.08484,0.06934,94.65311
107.37702,-6.76876,built,36.56188,0.20729,10.1988
107.78557,-7.05119,built,35.56382,0.18224,26.04424
107.47484,-7.09943,built,28.76196,0.2882,30.54828
107.63088,-6.90539,built,40.27043,0.10229,295.57077
107.64624,-7.00026,built,34.47689,0.12407,0.0
107.515,-6.97331,built,31.83134,0.3361,13.7668
107.61741,-6.92911,built,39.34415,0.06154,296.76196
107.56378,-7.18351,built,31.36991,0.19501,22.1188
107.73841,-6.9407,built,38.02821,0.08554,96.41833
107.53952,-6.80999,built,28.80469,0.23966,13.98891
107.27138,-7.00295,built,29.98903,0.29768,4.29161
107.55812,-6.95336,built,38.62978,0.0661,83.85923
107.53656,-7.04338,built,34.84604,0.09469,50.64039
107.66942,-6.938,built,38.11708,0.07205,275.63239
107.57483,-6.96307,built,39.74577,0.05731,133.11386
107.70553,-6.92264,built,38.48965,0.0805,191.37112
107.61741,-7.05685,built,31.71855,0.23194,17.49797
107.59531,-6.94609,built,40.22771,0.06498,282.55093
107.68074,-6.82886,built,31.25028,0.36021,11.89859
107.69394,-6.90782,built,39.28604,0.0602,132.7576
107.61741,-6.7976,built,29.83693,0.37314,16.13127
107.46811,-7.09916,built,30.55984,0.08704,73.71391
107.51042,-6.85877,built,35.09555,0.08236,57.83838
107.64867,-7.00214,built,34.30599,0.12637,26.36689
107.62495,-6.90081,built,38.14101,0.07645,308.62698
107.61849,-6.87925,built,37.55824,0.06711,226.11522
107.78854,-7.15468,built,31.34086,0.29322,13.8791
107.55569,-7.00915,built,35.40317,0.09649,49.68513
107.43523,-7.12557,built,30.98367,0.17834,26.70466
107.64301,-7.00322,built,36.42858,0.10805,43.19744
107.50018,-6.96792,built,32.07402,0.28659,8.46671
107.57294,-6.79194,built,27.96044,0.38162,18.07038
107.73706,-7.09054,built,38.14101,0.11371,23.04373
107.58237,-6.95202,built,36.015,0.05978,228.01874
107.59046,-7.01966,built,34.43416,0.15592,41.5378
107.74838,-7.00107,built,35.65269,0.11195,35.69222
107.49209,-6.91617,built,38.76651,0.0854,92.60815
107.56135,-6.90189,built,38.51699,0.06715,240.54131
107.42499,-7.13096,built,29.16871,0.21627,21.55547
107.65298,-6.79814,built,34.30257,0.17844,32.02463
107.55488,-6.92561,built,38.38198,0.07212,144.09685
107.63358,-6.88141,built,36.65246,0.08739,157.19058
107.82249,-7.0078,built,35.08188,0.09679,26.01755
107.59854,-6.96603,built,39.79875,0.07302,158.17305
107.68397,-6.98166,built,34.79135,0.13613,0.0
107.3277,-6.72726,built,32.51324,0.22519,0.0
107.59181,-6.90863,built,37.66932,0.06554,275.84174
107.71982,-7.10698,built,31.40067,0.43671,16.30306
107.59181,-7.06251,built,31.98174,0.3206,26.45735
107.80821,-7.03987,built,34.67855,0.20302,21.21681
107.57914,-6.97951,built,34.764,0.22518,51.82638
107.57132,-6.92588,built,39.65348,0.06068,266.19626
107.75215,-7.06736,built,33.14044,0.18942,26.51968
107.56459,-6.83452,built,30.49148,0.44111,14.16919
107.54195,-7.04203,built,35.01694,0.09877,53.32152
107.7597,-7.08461,built,32.92169,0.2459,26.22289
107.4487,-7.09404,built,29.35841,0.21684,14.81755
107.76401,-6.97492,built,35.10239,0.1607,42.91599
107.45275,-7.09188,built,29.04737,0.34835,12.07
107.54815,-7.11749,built,33.9095,0.18284,17.84044
107.49775,-6.93719,built,34.53841,0.10354,29.51718
107.71011,-7.0555,built,34.08211,0.15786,30.20507
107.56216,-6.90701,built,39.68595,0.0596,259.5517
107.61094,-6.81107,built,33.68049,0.23172,39.54053
107.36705,-6.90836,built,32.74395,0.50059,5.09138
107.62953,-6.94447,built,39.163,0.06322,312.39786
107.39912,-6.94474,built,33.72834,0.43874,9.11395
107.63492,-6.88464,built,35.86461,0.08271,115.75459
107.59881,-6.88168,built,36.17052,0.07536,275.60989
107.69556,-7.01966,built,37.2865,0.11784,30.9
107.67185,-7.19941,built,30.3445,0.19489,17.15616
107.80578,-7.07491,built,29.7173,0.26315,10.12621
107.45355,-6.86928,built,37.8368,0.11004,17.50232
107.70661,-7.08623,built,31.91338,0.16374,19.82819
107.73733,-7.12773,built,32.33721,0.27031,9.13054
107.69637,-6.93854,built,33.17804,0.15398,128.47296
107.31611,-6.76526,built,33.52839,0.46389,5.98765
107.62576,-7.00241,built,40.02605,0.07089,0.0
107.56728,-7.07895,built,31.88603,0.16899,23.28151
107.83732,-6.99918,built,32.60382,0.14651,22.60802
107.57321,-7.07572,built,32.85162,0.27266,21.13264
107.75781,-6.96334,built,33.37287,0.10766,0.0
107.59181,-6.94744,built,38.80069,0.06187,289.61246
107.64759,-6.86847,built,31.61088,0.40812,39.79785
107.64355,-6.94851,built,40.20891,0.10676,203.15431
107.39022,-6.7437,built,34.06331,0.40252,8.6689
107.59046,-7.05658,built,34.69223,0.24805,30.19782
107.54545,-7.07086,built,34.03938,0.28779,19.5532
107.70957,-6.92022,built,35.80821,0.08683,215.08093
107.58345,-6.80676,built,30.4949,0.07303,49.10697
107.57105,-6.84018,built,30.40261,0.16011,28.10589
107.53198,-6.94178,built,36.36022,0.19061,74.94385
107.83354,-6.9857,built,36.36706,0.07486,84.83093
107.39211,-6.70651,built,34.47689,0.34481,8.3682
107.88582,-7.00888,built,34.57943,0.14306,19.07545
107.67319,-6.96334,built,39.86027,0.07416,208.50662
107.30587,-7.01885,built,31.08451,0.36535,5.97052
107.65136,-7.02316,built,36.2611,0.24004,25.98444
107.45517,-6.95121,built,36.18761,0.27179,22.07776
107.41556,-6.97465,built,33.17121,0.40802,8.00764
107.49344,-7.06359,built,29.84889,0.29385,18.19184
107.82061,-6.96819,built,34.43587,0.10294,92.15116
107.54114,-6.90593,built,39.88078,0.07959,180.73576
107.55192,-6.93423,built,39.87394,0.07397,90.06162
107.83327,-6.98085,built,38.4623,0.08427,80.13398
107.60312,-7.24011,built,26.68551,0.59814,4.45931
107.34091,-6.90836,built,31.09647,0.47539,5.62137
107.59935,-6.96792,built,34.11116,0.12519,0.0
107.56459,-6.82751,built,30.86404,0.28441,14.41747
107.67346,-6.89408,built,33.30109,0.20119,58.32207
107.51365,-7.03583,built,31.87578,0.29808,24.36937
107.70338,-6.96765,built,36.80456,0.15577,0.0
107.58965,-6.98031,built,36.99939,0.11731,76.21825
107.5282,-6.7976,built,30.16335,0.2056,14.16585
107.73302,-6.92857,built,35.73472,0.09031,65.47099
107.86858,-7.03206,built,32.9422,0.25609,14.26978
107.63304,-6.8585,built,29.02515,0.37409,44.94559
107.46919,-6.85446,built,35.72789,0.16405,39.01382
107.46407,-6.86659,built,36.23717,0.17138,38.52831
107.49587,-6.96603,built,32.75763,0.55458,8.30043
107.38726,-7.02694,built,28.10228,0.57589,3.5535
107.59073,-7.05146,built,38.45547,0.07006,68.30972
107.56297,-7.0617,built,34.02058,0.14728,37.17741
107.69098,-6.90836,built,39.17838,0.06182,111.56288
107.50368,-6.94232,built,36.45421,0.1626,25.82477
107.69287,-6.91051,built,39.23136,0.06736,127.06218
107.28404,-7.01508,built,28.04418,0.49713,3.10959
107.66915,-7.03502,built,35.42368,0.28331,20.71609
107.78099,-7.1024,built,32.01079,0.30273,22.13094
107.55327,-6.84718,built,34.91781,0.20812,55.69316
107.69044,-7.15899,built,31.8997,0.13849,24.98966
107.52201,-6.85715,built,37.89833,0.06921,58.53168
107.62307,-6.93477,built,39.81242,0.06339,306.20038
107.53252,-6.87225,built,38.84512,0.06183,96.04287
107.62037,-7.07006,built,31.2725,0.39647,9.39313
107.69879,-7.11803,built,34.13509,0.17033,21.60806
107.52578,-6.95121,built,37.13953,0.20473,49.08049
107.59342,-7.0361,built,42.54342,0.08966,75.97257
107.58749,-6.87279,built,35.95177,0.07066,231.60283
107.65406,-7.02316,built,34.14705,0.23281,48.17728
107.72979,-6.95229,built,37.08484,0.0946,0.0
107.57564,-6.87979,built,38.3666,0.06801,141.72801
107.53575,-6.78763,built,28.80298,0.18179,8.07632
107.51796,-6.77631,built,30.17702,0.3126,7.47096
107.58507,-6.97331,built,39.80729,0.06167,78.79152
107.67211,-6.80326,built,30.27785,0.30886,8.08748
107.58183,-6.89165,built,37.37366,0.07619,277.2854
107.79581,-7.08084,built,33.9847,0.27959,16.37673
107.3339,-6.8329,built,38.51357,0.26215,19.94403
107.50691,-6.93127,built,36.85583,0.14947,30.07244
107.71335,-7.09,built,34.38119,0.16232,18.61343
107.51096,-6.84853,built,34.39998,0.14988,59.08191
107.58345,-7.06332,built,32.54571,0.20383,23.89829
107.30803,-6.93019,built,31.00076,0.3025,2.47691
107.60878,-7.04499,built,35.47495,0.23351,26.93993
107.63439,-7.06763,built,32.55596,0.34976,9.8103
107.61902,-6.95202,built,40.04826,0.06282,204.29712
107.7306,-6.92884,built,36.96179,0.06968,83.94894
107.39885,-7.00376,built,30.87088,0.48027,6.06585
107.61929,-6.99702,built,37.3617,0.11645,76.86601
107.50422,-6.88896,built,37.5702,0.17132,55.28959
107.51662,-7.03152,built,34.40511,0.11476,79.05045
107.46299,-6.74882,built,27.8596,0.59371,5.86244
107.55569,-6.91698,built,40.92669,0.07579,128.46507
107.3242,-6.93962,built,30.65896,0.30205,3.5277
107.8074,-7.02748,built,38.90152,0.10398,26.6919
107.56189,-6.94717,built,41.68891,0.06786,181.38107
107.56917,-7.17597,built,30.60769,0.11077,78.29415
107.54869,-7.09215,built,33.607,0.22896,18.48085
107.42202,-7.03664,built,28.96362,0.40662,4.21207
107.56189,-7.10428,built,33.89241,0.20221,22.62399
107.35196,-6.96522,built,31.40922,0.42334,5.80513
107.60393,-7.1156,built,23.76311,0.70907,3.27547
107.6139,-6.85904,built,31.57841,0.4793,38.37454
107.85133,-6.99702,built,36.61315,0.07955,71.03351
107.48185,-6.89677,built,33.99666,0.19544,20.5716
107.59019,-6.90566,built,39.03995,0.0937,239.0519
107.50853,-6.93207,built,37.9496,0.16512,37.1382
107.74164,-6.92857,built,37.27625,0.13793,56.50008
107.54006,-7.05281,built,37.95985,0.07151,50.01121
107.57348,-7.06655,built,33.48566,0.2387,26.76828
107.64624,-6.81296,built,34.47005,0.15866,30.21586
107.72386,-6.93908,built,36.6781,0.06339,109.16433
107.46514,-6.91456,built,33.46174,0.28584,25.12313
107.81549,-6.97142,built,35.27329,0.11144,82.65705
107.65972,-6.95229,built,41.27533,0.06751,126.71719
107.53791,-6.83802,built,31.59208,0.40228,12.59054
107.64597,-6.90782,built,39.89445,0.05795,304.12912
107.77991,-7.03367,built,34.90072,0.1566,49.01817
107.5786,-6.89003,built,36.46789,0.06906,234.52583
107.67616,-6.93666,built,37.38392,0.08048,199.55179
107.50287,-6.92857,built,37.7223,0.13785,33.8114
107.52713,-7.04122,built,34.32992,0.25636,26.42034
107.71011,-6.91941,built,34.33333,0.08927,207.25224
107.69098,-6.89893,built,37.78724,0.06472,61.86141
107.64274,-7.00888,built,38.95279,0.15457,63.0583
107.25548,-7.0043,built,30.76492,0.24304,5.6142
107.55057,-6.93504,built,38.47256,0.09733,89.22956
107.61337,-7.07545,built,32.56622,0.24582,9.86527
107.53171,-6.97816,built,31.37675,0.21149,29.97231
107.66753,-6.87818,built,33.0174,0.22256,42.12584
107.25682,-7.00996,built,30.1736,0.3619,3.95838
107.23419,-6.97465,built,30.38381,0.40671,2.52865
107.5786,-6.79598,built,27.72801,0.23913,45.803
107.33606,-6.92426,built,33.30622,0.19765,5.26439
107.74137,-6.92156,built,33.1883,0.12576,39.30364
107.60582,-6.97007,built,37.25232,0.16095,82.76279
107.3312,-7.16519,built,27.16916,0.32132,7.62754
107.51581,-6.85823,built,38.82461,0.09251,57.0042
107.51931,-7.03098,built,36.92077,0.07254,83.28164
107.7915,-7.04445,built,34.9144,0.15907,24.09599
107.53872,-7.04418,built,33.06525,0.11098,41.21383
107.67158,-7.19537,built,33.34211,0.13455,24.15631
107.44358,-6.97546,built,32.54742,0.39208,11.02965
107.56593,-6.99136,built,32.21074,0.11969,51.41202
107.34549,-6.81565,built,35.96715,0.17312,12.11126
107.5088,-7.0555,built,30.44021,0.43317,10.852
107.3401,-6.91941,built,30.96317,0.32941,7.49794
107.72305,-6.8965,built,30.12062,0.22965,17.42821
107.41044,-6.94232,built,34.10774,0.18899,6.67644
107.71038,-6.94151,built,34.34359,0.07496,0.0
107.47754,-6.84557,built,38.58706,0.11309,55.75298
107.81495,-7.02694,built,37.33777,0.17201,22.18713
107.55866,-7.00241,built,34.96054,0.0956,48.58038
107.63681,-6.92938,built,41.13861,0.06195,292.16437
107.7756,-7.05065,built,38.00087,0.07835,59.97742
107.57052,-6.92938,built,43.13473,0.06539,285.42981
107.82654,-7.05981,built,32.72686,0.32964,17.16381
107.63573,-6.91429,built,41.55219,0.06383,239.39737
107.40558,-6.89138,built,33.05841,0.37938,5.89672
107.62361,-6.91779,built,39.30655,0.06263,307.61536
107.47161,-6.85311,built,34.35042,0.16835,36.35986
107.6139,-6.87279,built,37.50526,0.08991,184.67331
107.52416,-6.88922,built,36.11583,0.19019,86.19656
107.4328,-6.9283,built,31.98515,0.17662,8.17844
107.24874,-7.00672,built,29.44386,0.45834,3.44314
107.63466,-7.05901,built,30.47097,0.34466,10.4365
107.54707,-6.99864,built,36.33971,0.14853,41.94777
107.53279,-7.0299,built,33.20197,0.13478,81.6284
107.45355,-6.93746,built,34.07698,0.23157,0.0
107.56135,-7.10024,built,33.86336,0.1692,24.23925
107.55704,-6.98382,built,36.47301,0.10998,68.10813
107.56566,-7.15926,built,29.09693,0.23863,19.17809
107.70499,-7.03071,built,34.80331,0.11964,41.93772
107.55246,-6.86174,built,37.75819,0.06491,140.6084
107.50152,-6.87683,built,36.00816,0.15435,43.21487
107.45841,-7.0334,built,31.4246,0.28183,5.50172
107.22368,-6.94097,built,27.12986,0.65015,1.22914
107.68909,-6.91725,built,35.05283,0.13463,129.46349
107.66295,-6.92264,built,42.12642,0.06632,240.2095
107.43253,-7.10051,built,31.41605,0.16173,20.35654
107.75889,-7.0714,built,35.24936,0.14039,30.40828
107.64139,-6.92156,built,37.84364,0.14696,225.20522
107.4452,-6.74612,built,32.90118,0.19798,35.75518
107.43604,-6.85608,built,32.47051,0.33709,12.77053
107.73302,-6.92749,built,34.36068,0.09143,63.77187
107.6581,-6.81646,built,32.67901,0.23706,18.9591
107.76051,-6.97277,built,37.88466,0.08955,54.15756
107.58857,-7.19941,built,34.53158,0.09733,29.20098
107.49533,-6.84125,built,38.05556,0.08032,73.00467
107.46487,-7.11856,built,30.99051,0.2014,20.04791
107.50718,-6.95929,built,36.02184,0.2548,15.17415
107.59881,-6.86497,built,35.70225,0.10072,146.89323
107.61579,-6.96037,built,37.92567,0.12985,221.6011
107.39858,-6.76714,built,32.45684,0.42124,7.94658
107.53683,-7.20103,built,29.95143,0.43596,10.95858
107.5115,-6.80164,built,30.26589,0.28445,7.89482
107.45868,-7.10671,built,30.71365,0.1521,30.81601
107.72628,-6.9442,built,35.47495,0.10329,0.0
107.55974,-6.83344,built,31.66044,0.23717,13.92411
107.63627,-6.81781,built,34.96909,0.08586,70.13842
107.63142,-6.81107,built,34.39828,0.15035,56.7066
107.62657,-6.98813,built,39.33731,0.07285,135.9304
107.6608,-6.93962,built,38.50674,0.07248,242.15015
107.59261,-6.97304,built,40.14739,0.06906,92.49772
107.61687,-6.98301,built,34.764,0.0951,70.64746
107.63627,-6.86066,built,30.11891,0.22687,46.68298
107.50611,-7.05092,built,29.96339,0.53209,11.05034
107.59234,-6.96334,built,40.05852,0.06795,163.13556
107.55947,-6.96037,built,39.6005,0.05969,117.55961
107.54249,-6.9221,built,36.69177,0.17932,73.32852
107.6201,-6.88195,built,39.6945,0.0674,238.43684
107.56378,-6.81808,built,30.27273,0.2636,29.84061
107.70957,-6.86416,built,25.36103,0.6367,7.12525
107.60339,-6.8647,built,35.74327,0.10621,196.1922
107.80848,-7.03718,built,32.69097,0.18329,16.8803
107.73787,-6.91779,built,32.95245,0.1741,30.81479
107.73572,-7.02882,built,35.72789,0.13511,0.0
107.56513,-6.80757,built,31.19046,0.11697,20.17579
107.70499,-6.94043,built,37.90858,0.11209,120.068
107.67454,-7.27433,built,29.08155,0.27893,8.39039
107.65325,-6.79355,built,31.49979,0.20733,50.49868
107.4231,-6.7976,built,33.08576,0.44114,9.88769
107.674,-6.92345,built,39.48087,0.07406,156.98524
107.52632,-6.77523,built,29.10376,0.31918,7.50078
107.38591,-7.01265,built,29.72584,0.531,6.12631
107.63466,-6.87629,built,36.16881,0.10926,61.078
107.60151,-6.87144,built,34.63412,0.12815,222.02162
107.33174,-6.91375,built,31.42118,0.42026,6.35244
107.79635,-7.04149,built,33.47883,0.24396,19.92063
107.56755,-7.16141,built,30.34109,0.26495,13.7879
107.75296,-7.09215,built,36.37731,0.23304,24.41606
107.5724,-6.97439,built,39.24161,0.05988,84.84969
107.56593,-6.93369,built,39.45695,0.06698,253.25806
107.53063,-6.95983,built,37.61463,0.17451,25.54209
107.7279,-6.91887,built,35.05454,0.14723,52.71805
107.44655,-6.74828,built,32.2586,0.18917,21.29681
107.45625,-6.91617,built,35.05112,0.24481,21.46357
107.73167,-6.95094,built,36.58239,0.07863,0.0
107.39993,-6.94393,built,32.69439,0.4626,8.99508
107.60178,-6.96441,built,39.35782,0.08062,179.26482
107.57564,-7.03502,built,36.87292,0.15379,35.65774
107.51662,-6.84018,built,33.23615,0.18346,30.16964
107.68289,-7.2013,built,31.24173,0.222,10.05711
107.48455,-6.84099,built,37.5138,0.15032,89.50931
107.76859,-7.1059,built,30.71365,0.23176,30.9541
107.81737,-7.02909,built,34.48373,0.27683,20.02105
107.80201,-7.04607,built,33.67536,0.26663,17.65295
107.20751,-7.00053,built,27.0427,0.5531,1.32444
107.60851,-6.81323,built,29.17212,0.4064,45.42521
107.63439,-6.88383,built,35.76548,0.08261,180.3535
107.78557,-7.04472,built,32.96783,0.18018,25.11788
107.73167,-6.92453,built,34.56234,0.09515,48.1906
107.6131,-6.81916,built,33.37116,0.15677,55.76047
107.62226,-6.89408,built,39.7714,0.05694,276.72147
107.5212,-6.94609,built,34.5555,0.17508,26.16843
107.4646,-6.72187,built,30.73758,0.23723,14.11074
107.64948,-6.91105,built,41.0805,0.07326,278.81064
107.55111,-7.1094,built,33.36432,0.19803,12.91086
107.38349,-6.91132,built,34.38973,0.3491,4.74964
107.63115,-6.97735,built,36.63024,0.10905,112.23305
107.82007,-6.99891,built,32.10137,0.13504,35.93188
107.39507,-6.73453,built,33.701,0.39502,14.03791
107.41771,-6.87306,built,34.10945,0.33869,7.00625
107.64355,-6.85419,built,28.239,0.43341,20.78036
107.8039,-6.97924,built,35.09042,0.13505,39.96452
107.56971,-6.90998,built,39.74064,0.05876,246.36673
107.54518,-7.05469,built,36.65417,0.09824,45.78141
107.69314,-6.90809,built,39.49454,0.05894,130.12909
107.79339,-7.04553,built,32.43462,0.19962,22.31414
107.63951,-7.07167,built,31.13407,0.31018,9.04675
107.56216,-6.83128,built,31.94756,0.13959,16.92999
107.72494,-6.94285,built,36.98913,0.06808,77.04222
107.43415,-6.893,built,35.75523,0.19126,0.0
107.82088,-6.96819,built,35.63902,0.10809,92.15116
107.54033,-7.20346,built,29.33619,0.24089,15.33278
107.59127,-7.20534,built,33.11652,0.2025,28.01716
107.55515,-6.9787,built,35.79625,0.0712,57.52895
107.788,-7.05604,built,31.45194,0.25457,22.4427
107.63924,-6.96145,built,39.04507,0.06758,194.30217
107.66834,-6.89785,built,35.74498,0.1219,93.66492
107.85025,-7.02047,built,32.34063,0.25954,16.15687
107.5813,-7.18998,built,33.44465,0.11754,37.60706
107.51796,-6.79355,built,30.04372,0.16427,8.49995
107.51958,-6.77712,built,30.136,0.35009,8.0557
107.62522,-6.93531,built,39.73893,0.0671,299.61908
107.68451,-6.82428,built,32.24492,0.19793,12.97984
107.56297,-6.81134,built,31.46561,0.09094,43.87996
107.67939,-6.98921,built,36.14488,0.14953,21.60062
107.66376,-7.0485,built,29.75148,0.37355,12.6177
107.50907,-6.87548,built,34.0428,0.137,26.92711
107.8012,-7.08865,built,30.55984,0.37113,11.08477
107.40532,-6.97654,built,34.2889,0.36746,9.80871
107.69098,-6.82212,built,31.61259,0.15517,13.13329
107.38025,-6.7251,built,33.6258,0.29111,11.81069
107.45598,-6.86847,built,38.33242,0.06887,15.01007
107.72062,-7.03799,built,37.23865,0.07803,72.49123
107.6705,-6.96387,built,38.72891,0.0774,193.28577
107.8233,-7.02694,built,32.88067,0.4749,14.19832
107.73895,-7.11156,built,30.56668,0.30148,16.85101
107.58749,-6.88976,built,36.92077,0.06995,277.1355
107.70742,-6.88303,built,29.95485,0.25406,18.96796
107.74434,-6.95256,built,33.66169,0.19194,0.0
107.68694,-7.14929,built,33.82747,0.42592,15.5595
107.70392,-7.03098,built,33.17121,0.1009,43.82419
107.71389,-6.96334,built,35.5604,0.16791,0.0
107.76482,-7.04203,built,34.32992,0.12551,83.75865
107.76832,-7.0485,built,39.80558,0.07477,113.3122
107.57213,-6.84584,built,32.83624,0.16828,28.36741
107.69017,-6.89515,built,35.06821,0.08282,57.79704
107.54545,-6.89947,built,37.67787,0.15773,170.03761
107.27353,-6.98274,built,30.18044,0.25162,3.25495
107.55327,-6.85338,built,34.48544,0.10668,78.59798
107.47619,-6.81107,built,33.22248,0.31305,22.8739
107.83543,-6.97492,built,33.65657,0.10936,69.17219
107.58291,-6.87548,built,37.40272,0.06554,268.9512
107.6961,-6.92534,built,37.39075,0.11703,108.28165
107.38942,-6.93585,built,38.56655,0.28625,8.40895
107.61337,-6.95336,built,39.18692,0.07223,241.65483
107.45921,-6.93989,built,36.25426,0.19011,20.32491
107.35788,-6.83021,built,36.89343,0.17536,24.37868
107.83085,-6.97897,built,37.29334,0.11694,60.63744
107.67616,-6.95983,built,39.10318,0.09161,136.47498
107.35573,-6.82859,built,35.66636,0.20956,17.61782
107.7314,-6.91968,built,34.22737,0.11564,37.09827
107.86561,-7.01427,built,35.15024,0.20587,51.70274
107.54141,-6.94205,built,36.95837,0.11292,53.92279
107.6007,-6.98543,built,37.9496,0.10517,64.60921
107.46892,-7.11398,built,32.3919,0.26638,25.6861
107.66861,-6.94393,built,40.65838,0.06214,269.09183
107.46299,-6.90243,built,33.06183,0.20088,16.84852
107.67831,-7.06817,built,32.91144,0.15668,16.45649
107.51096,-6.79086,built,30.68802,0.27929,7.23275
107.61121,-6.92911,built,39.32706,0.05893,311.61472
107.29509,-6.98409,built,27.7451,0.63188,1.44844
107.86265,-7.01939,built,29.76002,0.22096,22.57509
107.55192,-7.20561,built,31.09476,0.29359,10.93187
107.78638,-7.04661,built,33.62239,0.19257,24.09597
107.69799,-6.90998,built,37.44886,0.07259,141.07793
107.30183,-7.01777,built,30.21462,0.25661,5.75378
107.54437,-7.20453,built,27.35886,0.23894,13.86471
107.58103,-7.03179,built,33.20539,0.18194,33.94114
107.56809,-6.89273,built,38.47597,0.07001,179.91069
107.60205,-6.87818,built,35.33994,0.09235,241.74123
107.74245,-7.02694,built,38.32216,0.11419,43.16275
107.50799,-6.79544,built,30.08132,0.49656,7.42006
107.5848,-7.03152,built,37.95643,0.17255,36.99285
107.3374,-6.83021,built,37.87098,0.21895,17.16609
107.68182,-6.93154,built,36.18932,0.12074,180.13686
107.65109,-6.96846,built,37.57362,0.06104,147.92686
107.42822,-7.11479,built,31.05545,0.1624,23.40071
107.51662,-7.03933,built,32.93878,0.14511,29.16463
107.28323,-6.97115,built,28.21337,0.6351,1.28771
107.51689,-6.84772,built,33.23957,0.21093,40.89413
107.46865,-6.85284,built,36.67468,0.14469,31.85411
107.46433,-6.8647,built,37.62489,0.22249,37.72196
107.74488,-7.05793,built,39.79191,0.08673,64.37582
107.33552,-6.73777,built,33.31818,0.40868,10.32709
107.45221,-6.91887,built,34.47347,0.29058,0.0
107.51769,-7.03502,built,37.6659,0.0875,64.57542
107.43739,-6.77765,built,33.46516,0.40326,18.24357
107.55758,-6.82751,built,32.36114,0.33672,14.14399
107.45598,-6.95202,built,39.57999,0.25417,22.67673
107.59477,-6.92237,built,39.70133,0.05672,303.03989
107.477,-6.8903,built,32.62432,0.15477,0.0
107.57456,-6.93639,built,39.95256,0.06235,221.60339
107.56162,-7.05793,built,34.00862,0.21329,33.21339
107.56378,-7.12584,built,31.4827,0.27007,11.11029
107.69206,-6.94178,built,38.55288,0.09843,166.71996
107.33444,-6.74505,built,32.30645,0.49616,6.32393
107.44358,-6.83209,built,33.65144,0.15881,26.70656
107.62199,-6.99433,built,36.38756,0.12651,78.99928
107.70418,-7.14336,built,29.84547,0.34799,11.46228
107.52228,-7.01912,built,32.16973,0.19405,60.8732
107.54033,-7.04661,built,36.72937,0.07561,46.93612
107.60366,-6.96064,built,39.83976,0.1824,0.0
107.63951,-6.89057,built,34.17269,0.41634,120.77251
107.2897,-7.17705,built,27.83226,0.46853,4.52056
107.27784,-7.20184,built,28.05443,0.32976,5.68314
107.49128,-6.76148,built,27.4802,0.64294,5.26021
107.36543,-6.94178,built,33.99837,0.20479,6.02055
107.55273,-7.04014,built,36.50207,0.13579,83.71075
107.48562,-6.84476,built,38.6332,0.09672,95.90225
107.54384,-7.04499,built,38.2162,0.10105,42.84222
107.59746,-6.86362,built,37.48475,0.08017,195.29314
107.54195,-6.84449,built,34.23763,0.2074,36.45204
107.58938,-6.98705,built,37.52918,0.14252,52.97675
107.44601,-6.74451,built,35.69712,0.22948,32.49489
107.54815,-6.82482,built,30.05397,0.24292,15.95322
107.53548,-6.83398,built,31.16483,0.20776,13.17679
107.57132,-6.94528,built,44.07469,0.05723,172.51572
107.5689,-7.02343,built,33.67195,0.15962,25.72226
107.46245,-6.83937,built,33.99153,0.46121,22.40916
107.56324,-6.95956,built,41.29071,0.05952,141.12296
107.49802,-6.83452,built,35.14853,0.29193,25.91013
107.46972,-7.07167,built,33.63606,0.26308,18.84449
107.74676,-7.00187,built,35.40488,0.11201,41.42656
107.47835,-7.02586,built,29.27808,0.50874,5.93827
107.68478,-6.85554,built,30.07277,0.28093,16.24571
107.67265,-6.88572,built,33.74543,0.0818,58.56849
107.50287,-6.89408,built,39.69962,0.08273,59.96613
107.68855,-6.82805,built,30.98367,0.35549,12.85603
107.50072,-6.85473,built,37.71034,0.0837,98.87915
107.62846,-6.87898,built,36.02525,0.12771,97.87392
107.67643,-6.89111,built,36.22692,0.10769,82.00233
107.56701,-6.79328,built,28.5979,0.30926,16.32486
107.55704,-6.81215,built,32.17144,0.17489,31.23902
107.44978,-7.10374,built,31.68437,0.1769,24.39757
107.86885,-6.99648,built,29.26099,0.44142,15.94772
107.68155,-7.30856,built,28.58593,0.39747,4.60509
107.59962,-6.95822,built,40.11662,0.06189,210.95061
107.55327,-6.81484,built,31.67753,0.15037,26.77587
107.7058,-6.90647,built,37.52406,0.06549,104.17706
107.5026,-6.7976,built,29.58912,0.59429,7.54467
107.5786,-6.89273,built,41.45649,0.09698,209.46571
107.48266,-6.74019,built,29.67457,0.41729,4.63995
107.72494,-7.11587,built,31.59892,0.43141,8.92477
107.44143,-6.90917,built,35.45786,0.16945,13.07585
107.37513,-7.15198,built,26.29415,0.40452,12.59017
107.61498,-6.92938,built,40.67718,0.06052,304.22458
107.41583,-6.70759,built,33.40705,0.31562,11.60806
107.50907,-6.79544,built,30.22146,0.48012,7.42899
107.636,-6.81996,built,34.39998,0.10304,67.80592
107.74003,-6.94447,built,37.48475,0.06732,78.69601
107.46083,-7.09862,built,30.00783,0.19034,44.00969
107.80767,-7.04068,built,33.01398,0.22745,20.92319
107.54949,-6.98948,built,39.2587,0.09727,59.533
107.66942,-6.93989,built,38.19228,0.07251,278.52917
107.7624,-7.07086,built,34.16927,0.14517,26.76386
107.69853,-7.12503,built,33.20026,0.1914,17.19666
107.55138,-7.18756,built,32.30303,0.19247,17.13138
107.53764,-6.92237,built,35.17075,0.12797,121.42166
107.39157,-6.99298,built,31.64677,0.37469,7.06343
107.60851,-7.249,built,30.19411,0.51541,7.06114
107.59423,-6.9884,built,37.60096,0.06971,99.60227
107.82654,-7.05092,built,33.59504,0.31715,9.248
107.78369,-7.05981,built,34.20687,0.29567,22.62551
107.33309,-6.90971,built,32.34405,0.43728,4.77354
107.55785,-6.88922,built,36.03038,0.06277,228.64142
107.5972,-6.83236,built,32.07915,0.14582,39.15559
107.70769,-6.93989,built,37.078,0.08363,163.4115
107.53009,-6.80784,built,32.32012,0.07473,19.13221
107.3118,-6.92507,built,31.387,0.36169,2.77431
107.55111,-7.10967,built,32.45684,0.1981,13.88953
107.67508,-6.92534,built,33.82918,0.098,132.23907
107.80363,-6.99541,built,34.98959,0.1568,33.38917
107.48643,-7.0776,built,30.59744,0.42239,22.75277
107.70311,-6.90243,built,35.86119,0.09895,101.80361
107.50503,-6.89138,built,38.74258,0.20565,52.01186
107.5503,-6.86497,built,38.13246,0.06469,175.31181
107.77183,-7.07221,built,36.84558,0.16886,25.11572
107.52174,-6.93261,built,32.638,0.34127,20.02053
107.553,-6.931,built,39.52189,0.06232,117.00267
