date,lon,co
2019-07-01,97.25,24.76
2019-07-01,97.75,25.8
2019-07-01,98.25,26.06
2019-07-01,98.75,26.52
2019-07-01,99.25,28.69
2019-07-01,99.75,26.05
2019-07-01,100.2,26.86
2019-07-01,100.8,26.63
2019-07-01,101.2,27.43
2019-07-01,101.8,28.6
2019-07-01,102.2,28.83
2019-07-01,102.8,28.33
2019-07-01,103.2,27.61
2019-07-01,103.8,28.31
2019-07-01,104.2,28.3
2019-07-01,104.8,29.05
2019-07-01,105.2,28.15
2019-07-01,105.8,27.44
2019-07-01,106.2,26.9
2019-07-01,106.8,26.1
2019-07-01,107.2,26.28
2019-07-01,107.8,25.87
2019-07-01,108.2,25.09
2019-07-01,108.8,24.63
2019-07-01,109.2,25.83
2019-07-01,109.8,26.07
2019-07-01,110.2,25.16
2019-07-01,110.8,24.84
2019-07-01,111.2,25.21
2019-07-01,111.8,26.04
2019-07-01,112.2,25.57
2019-07-01,112.8,25.5
2019-07-01,113.2,25.17
2019-07-01,113.8,25.03
2019-07-01,114.2,24.89
2019-07-01,114.8,24.69
2019-07-01,115.2,24
2019-07-01,115.8,23.98
2019-07-01,116.2,24.04
2019-07-01,116.8,25.46
2019-07-01,117.2,25.32
2019-07-01,117.8,25.2
2019-07-02,97.25,23.6
2019-07-02,97.75,25.42
2019-07-02,98.25,27.57
2019-07-02,98.75,27.45
2019-07-02,99.25,26.81
2019-07-02,99.75,25.28
2019-07-02,100.2,25.86
2019-07-02,100.8,24.55
2019-07-02,101.2,24.69
2019-07-02,101.8,25.52
2019-07-02,102.2,27.25
2019-07-02,102.8,27.67
2019-07-02,103.2,27.96
2019-07-02,103.8,27.7
2019-07-02,104.2,27.34
2019-07-02,104.8,28.32
2019-07-02,105.2,28.26
2019-07-02,105.8,27.93
2019-07-02,106.2,27.36
2019-07-02,106.8,29.11
2019-07-02,107.2,28.02
2019-07-02,107.8,26.62
2019-07-02,108.2,26.43
2019-07-02,108.8,25.09
2019-07-02,109.2,26.94
2019-07-02,109.8,26.14
2019-07-02,110.2,25.86
2019-07-02,110.8,25.79
2019-07-02,111.2,25.45
2019-07-02,111.8,25.48
2019-07-02,112.2,25.63
2019-07-02,112.8,25.13
2019-07-02,113.2,24.91
2019-07-02,113.8,24.2
2019-07-02,114.2,24.41
2019-07-02,114.8,23.57
2019-07-02,115.2,22.77
2019-07-02,115.8,23.61
2019-07-02,116.2,23.69
2019-07-02,116.8,24.61
2019-07-02,117.2,24.71
2019-07-02,117.8,26.8
2019-07-03,97.25,25.07
2019-07-03,97.75,25.45
2019-07-03,98.25,24.54
2019-07-03,98.75,25.46
2019-07-03,99.25,25.57
2019-07-03,99.75,27.57
2019-07-03,100.2,26.75
2019-07-03,100.8,24.1
2019-07-03,101.2,24.81
2019-07-03,101.8,27.11
2019-07-03,102.2,27.73
2019-07-03,102.8,28.74
2019-07-03,103.2,29.25
2019-07-03,103.8,29.5
2019-07-03,104.2,29.76
2019-07-03,104.8,30.24
2019-07-03,105.2,30.03
2019-07-03,105.8,29.52
2019-07-03,106.2,28.86
2019-07-03,106.8,30.1
2019-07-03,107.2,27.69
2019-07-03,107.8,27.19
2019-07-03,108.2,26.56
2019-07-03,108.8,25.51
2019-07-03,109.2,
2019-07-03,109.8,26.51
2019-07-03,110.2,26.04
2019-07-03,110.8,26.37
2019-07-03,111.2,27.05
2019-07-03,111.8,26.01
2019-07-03,112.2,25.4
2019-07-03,112.8,23.87
2019-07-03,113.2,24.75
2019-07-03,113.8,24.59
2019-07-03,114.2,25.09
2019-07-03,114.8,24.71
2019-07-03,115.2,24.62
2019-07-03,115.8,23.25
2019-07-03,116.2,23.82
2019-07-03,116.8,22.52
2019-07-03,117.2,23.38
2019-07-03,117.8,24.47
2019-07-04,97.25,23.2
2019-07-04,97.75,24.82
2019-07-04,98.25,24.48
2019-07-04,98.75,24.37
2019-07-04,99.25,24.48
2019-07-04,99.75,25.31
2019-07-04,100.2,25.92
2019-07-04,100.8,27.79
2019-07-04,101.2,28.69
2019-07-04,101.8,29.68
2019-07-04,102.2,29.78
2019-07-04,102.8,29.72
2019-07-04,103.2,29.72
2019-07-04,103.8,29.76
2019-07-04,104.2,29.42
2019-07-04,104.8,29.58
2019-07-04,105.2,29.41
2019-07-04,105.8,29.24
2019-07-04,106.2,28.89
2019-07-04,106.8,27.22
2019-07-04,107.2,28.23
2019-07-04,107.8,27.72
2019-07-04,108.2,27.29
2019-07-04,108.8,28.1
2019-07-04,109.2,28.02
2019-07-04,109.8,28.41
2019-07-04,110.2,27.9
2019-07-04,110.8,26.14
2019-07-04,111.2,24.99
2019-07-04,111.8,24.65
2019-07-04,112.2,25.08
2019-07-04,112.8,25.21
2019-07-04,113.2,24.78
2019-07-04,113.8,24.98
2019-07-04,114.2,23.89
2019-07-04,114.8,23.78
2019-07-04,115.2,23.89
2019-07-04,115.8,24.75
2019-07-04,116.2,24.68
2019-07-04,116.8,24.27
2019-07-04,117.2,23.9
2019-07-04,117.8,24.28
2019-07-05,97.25,24.21
2019-07-05,97.75,25.46
2019-07-05,98.25,26.96
2019-07-05,98.75,26.69
2019-07-05,99.25,26.44
2019-07-05,99.75,27.95
2019-07-05,100.2,28.27
2019-07-05,100.8,28.21
2019-07-05,101.2,28.04
2019-07-05,101.8,27.83
2019-07-05,102.2,28.06
2019-07-05,102.8,28.91
2019-07-05,103.2,28.46
2019-07-05,103.8,27.6
2019-07-05,104.2,26.48
2019-07-05,104.8,26.5
2019-07-05,105.2,26.53
2019-07-05,105.8,26.93
2019-07-05,106.2,27.7
2019-07-05,106.8,27.98
2019-07-05,107.2,28.15
2019-07-05,107.8,27.87
2019-07-05,108.2,26.91
2019-07-05,108.8,26.54
2019-07-05,109.2,26.89
2019-07-05,109.8,26.82
2019-07-05,110.2,26.7
2019-07-05,110.8,26.43
2019-07-05,111.2,25.85
2019-07-05,111.8,25.77
2019-07-05,112.2,25.94
2019-07-05,112.8,26.4
2019-07-05,113.2,25.98
2019-07-05,113.8,25.64
2019-07-05,114.2,25.39
2019-07-05,114.8,24.75
2019-07-05,115.2,24.28
2019-07-05,115.8,23.64
2019-07-05,116.2,23.9
2019-07-05,116.8,24.36
2019-07-05,117.2,24.77
2019-07-05,117.8,25.67
2019-07-06,97.25,
2019-07-06,97.75,27.32
2019-07-06,98.25,26.63
2019-07-06,98.75,25.48
2019-07-06,99.25,27.07
2019-07-06,99.75,29.87
2019-07-06,100.2,29.86
2019-07-06,100.8,28.4
2019-07-06,101.2,27.66
2019-07-06,101.8,26.84
2019-07-06,102.2,27.28
2019-07-06,102.8,27.9
2019-07-06,103.2,28.74
2019-07-06,103.8,27.82
2019-07-06,104.2,27.53
2019-07-06,104.8,26.73
2019-07-06,105.2,26.84
2019-07-06,105.8,26.95
2019-07-06,106.2,26.64
2019-07-06,106.8,26.74
2019-07-06,107.2,26.83
2019-07-06,107.8,26.66
2019-07-06,108.2,26.1
2019-07-06,108.8,25.94
2019-07-06,109.2,26.08
2019-07-06,109.8,25.93
2019-07-06,110.2,26.03
2019-07-06,110.8,26.14
2019-07-06,111.2,26.52
2019-07-06,111.8,26.58
2019-07-06,112.2,26.42
2019-07-06,112.8,26
2019-07-06,113.2,25.5
2019-07-06,113.8,25.1
2019-07-06,114.2,24.75
2019-07-06,114.8,24.82
2019-07-06,115.2,24.78
2019-07-06,115.8,24.17
2019-07-06,116.2,24.28
2019-07-06,116.8,24.99
2019-07-06,117.2,25.89
2019-07-06,117.8,25.91
2019-07-07,97.25,29.62
2019-07-07,97.75,30.82
2019-07-07,98.25,31.22
2019-07-07,98.75,28.47
2019-07-07,99.25,29.38
2019-07-07,99.75,30.17
2019-07-07,100.2,29.82
2019-07-07,100.8,27.33
2019-07-07,101.2,27.14
2019-07-07,101.8,26.48
2019-07-07,102.2,26.93
2019-07-07,102.8,27.66
2019-07-07,103.2,27.63
2019-07-07,103.8,27.94
2019-07-07,104.2,27.29
2019-07-07,104.8,27.52
2019-07-07,105.2,27.88
2019-07-07,105.8,26.51
2019-07-07,106.2,27.09
2019-07-07,106.8,28.07
2019-07-07,107.2,28.32
2019-07-07,107.8,28.64
2019-07-07,108.2,28.6
2019-07-07,108.8,27.54
2019-07-07,109.2,27.13
2019-07-07,109.8,26.68
2019-07-07,110.2,26.2
2019-07-07,110.8,25.93
2019-07-07,111.2,25.82
2019-07-07,111.8,25.91
2019-07-07,112.2,25.65
2019-07-07,112.8,25.34
2019-07-07,113.2,24.95
2019-07-07,113.8,23.93
2019-07-07,114.2,23.39
2019-07-07,114.8,23.25
2019-07-07,115.2,23.38
2019-07-07,115.8,22.95
2019-07-07,116.2,23.22
2019-07-07,116.8,23.91
2019-07-07,117.2,24.3
2019-07-07,117.8,23.79
2019-07-08,97.25,25.56
2019-07-08,97.75,27.52
2019-07-08,98.25,27.67
2019-07-08,98.75,27
2019-07-08,99.25,27.49
2019-07-08,99.75,28.85
2019-07-08,100.2,29.82
2019-07-08,100.8,29.69
2019-07-08,101.2,29.59
2019-07-08,101.8,29.29
2019-07-08,102.2,28.94
2019-07-08,102.8,27.92
2019-07-08,103.2,27.19
2019-07-08,103.8,27.32
2019-07-08,104.2,27.15
2019-07-08,104.8,26.84
2019-07-08,105.2,27.1
2019-07-08,105.8,26.74
2019-07-08,106.2,27.13
2019-07-08,106.8,27.66
2019-07-08,107.2,26.9
2019-07-08,107.8,24.77
2019-07-08,108.2,24.77
2019-07-08,108.8,23.7
2019-07-08,109.2,25.68
2019-07-08,109.8,25.88
2019-07-08,110.2,24.55
2019-07-08,110.8,23.34
2019-07-08,111.2,23.33
2019-07-08,111.8,23.74
2019-07-08,112.2,24.04
2019-07-08,112.8,24.46
2019-07-08,113.2,23.88
2019-07-08,113.8,23.08
2019-07-08,114.2,22.3
2019-07-08,114.8,22.07
2019-07-08,115.2,22.46
2019-07-08,115.8,22.06
2019-07-08,116.2,21.89
2019-07-08,116.8,22.49
2019-07-08,117.2,22.8
2019-07-08,117.8,22.18
2019-07-09,97.25,28.23
2019-07-09,97.75,27.1
2019-07-09,98.25,27.54
2019-07-09,98.75,26.73
2019-07-09,99.25,27.08
2019-07-09,99.75,27.27
2019-07-09,100.2,27.92
2019-07-09,100.8,27.16
2019-07-09,101.2,26.77
2019-07-09,101.8,27.03
2019-07-09,102.2,27.07
2019-07-09,102.8,26.64
2019-07-09,103.2,26.25
2019-07-09,103.8,26.27
2019-07-09,104.2,26.52
2019-07-09,104.8,26.8
2019-07-09,105.2,25.45
2019-07-09,105.8,25.67
2019-07-09,106.2,25.52
2019-07-09,106.8,25.34
2019-07-09,107.2,26.44
2019-07-09,107.8,25.23
2019-07-09,108.2,25.7
2019-07-09,108.8,24.62
2019-07-09,109.2,24.72
2019-07-09,109.8,23.68
2019-07-09,110.2,23.84
2019-07-09,110.8,22.71
2019-07-09,111.2,23.02
2019-07-09,111.8,23.55
2019-07-09,112.2,23.94
2019-07-09,112.8,22.46
2019-07-09,113.2,22.14
2019-07-09,113.8,22.24
2019-07-09,114.2,22.86
2019-07-09,114.8,22.57
2019-07-09,115.2,22.1
2019-07-09,115.8,21.21
2019-07-09,116.2,21.48
2019-07-09,116.8,22.87
2019-07-09,117.2,23.45
2019-07-09,117.8,23.32
2019-07-10,97.25,26.39
2019-07-10,97.75,26.74
2019-07-10,98.25,25.5
2019-07-10,98.75,24.67
2019-07-10,99.25,25.39
2019-07-10,99.75,25.98
2019-07-10,100.2,26.09
2019-07-10,100.8,26.19
2019-07-10,101.2,26.01
2019-07-10,101.8,25.53
2019-07-10,102.2,24.99
2019-07-10,102.8,24.7
2019-07-10,103.2,24.39
2019-07-10,103.8,24.68
2019-07-10,104.2,24.52
2019-07-10,104.8,24.5
2019-07-10,105.2,24.47
2019-07-10,105.8,24.31
2019-07-10,106.2,24.3
2019-07-10,106.8,23.99
2019-07-10,107.2,22.31
2019-07-10,107.8,22.07
2019-07-10,108.2,22.9
2019-07-10,108.8,23.88
2019-07-10,109.2,23.85
2019-07-10,109.8,22.5
2019-07-10,110.2,23.26
2019-07-10,110.8,23.46
2019-07-10,111.2,24.46
2019-07-10,111.8,24.47
2019-07-10,112.2,24.36
2019-07-10,112.8,24.45
2019-07-10,113.2,23.87
2019-07-10,113.8,23.57
2019-07-10,114.2,23.13
2019-07-10,114.8,22.79
2019-07-10,115.2,22.08
2019-07-10,115.8,22.72
2019-07-10,116.2,25.59
2019-07-10,116.8,
2019-07-10,117.2,22.17
2019-07-10,117.8,23.01
2019-07-11,97.25,25.76
2019-07-11,97.75,24.13
2019-07-11,98.25,25.12
2019-07-11,98.75,26.32
2019-07-11,99.25,26.58
2019-07-11,99.75,25.06
2019-07-11,100.2,24.77
2019-07-11,100.8,25.42
2019-07-11,101.2,25.85
2019-07-11,101.8,25.98
2019-07-11,102.2,25.7
2019-07-11,102.8,25.7
2019-07-11,103.2,25
2019-07-11,103.8,24.59
2019-07-11,104.2,23.8
2019-07-11,104.8,22.99
2019-07-11,105.2,22.69
2019-07-11,105.8,23.07
2019-07-11,106.2,23.37
2019-07-11,106.8,23.29
2019-07-11,107.2,23.5
2019-07-11,107.8,23.39
2019-07-11,108.2,22.92
2019-07-11,108.8,23.51
2019-07-11,109.2,24.67
2019-07-11,109.8,25.04
2019-07-11,110.2,24.65
2019-07-11,110.8,24.47
2019-07-11,111.2,24.28
2019-07-11,111.8,24.41
2019-07-11,112.2,24.01
2019-07-11,112.8,24.19
2019-07-11,113.2,24.4
2019-07-11,113.8,23.91
2019-07-11,114.2,23.55
2019-07-11,114.8,23.15
2019-07-11,115.2,23.23
2019-07-11,115.8,23.12
2019-07-11,116.2,23.82
2019-07-11,116.8,23.31
2019-07-11,117.2,24.5
2019-07-11,117.8,23.2
2019-07-12,97.25,25.64
2019-07-12,97.75,26.11
2019-07-12,98.25,25.18
2019-07-12,98.75,24.78
2019-07-12,99.25,24.76
2019-07-12,99.75,25.51
2019-07-12,100.2,26.61
2019-07-12,100.8,26.8
2019-07-12,101.2,25.67
2019-07-12,101.8,24.93
2019-07-12,102.2,24.72
2019-07-12,102.8,24.95
2019-07-12,103.2,25.26
2019-07-12,103.8,24.91
2019-07-12,104.2,25.38
2019-07-12,104.8,23.74
2019-07-12,105.2,24.03
2019-07-12,105.8,24.61
2019-07-12,106.2,25.15
2019-07-12,106.8,25.18
2019-07-12,107.2,26.28
2019-07-12,107.8,26.52
2019-07-12,108.2,26.57
2019-07-12,108.8,25.64
2019-07-12,109.2,25.83
2019-07-12,109.8,25.81
2019-07-12,110.2,26.95
2019-07-12,110.8,25.56
2019-07-12,111.2,25.67
2019-07-12,111.8,25.11
2019-07-12,112.2,24.03
2019-07-12,112.8,23.8
2019-07-12,113.2,23.53
2019-07-12,113.8,23.64
2019-07-12,114.2,23.94
2019-07-12,114.8,23.83
2019-07-12,115.2,23.38
2019-07-12,115.8,23.37
2019-07-12,116.2,23.52
2019-07-12,116.8,23.66
2019-07-12,117.2,23.63
2019-07-12,117.8,23.81
2019-07-13,97.25,26.03
2019-07-13,97.75,25.45
2019-07-13,98.25,25.51
2019-07-13,98.75,24.91
2019-07-13,99.25,25.31
2019-07-13,99.75,26.8
2019-07-13,100.2,26.98
2019-07-13,100.8,26.45
2019-07-13,101.2,26.01
2019-07-13,101.8,25.8
2019-07-13,102.2,25.67
2019-07-13,102.8,25.58
2019-07-13,103.2,25.36
2019-07-13,103.8,25.64
2019-07-13,104.2,25.76
2019-07-13,104.8,26.03
2019-07-13,105.2,26.19
2019-07-13,105.8,26.3
2019-07-13,106.2,25.61
2019-07-13,106.8,24.38
2019-07-13,107.2,24.33
2019-07-13,107.8,24.59
2019-07-13,108.2,25.21
2019-07-13,108.8,25.75
2019-07-13,109.2,25.61
2019-07-13,109.8,24.71
2019-07-13,110.2,24.66
2019-07-13,110.8,25.54
2019-07-13,111.2,25.91
2019-07-13,111.8,25.85
2019-07-13,112.2,25.64
2019-07-13,112.8,24.78
2019-07-13,113.2,24.34
2019-07-13,113.8,24.55
2019-07-13,114.2,24.4
2019-07-13,114.8,24.56
2019-07-13,115.2,23.83
2019-07-13,115.8,23.46
2019-07-13,116.2,23.4
2019-07-13,116.8,23.12
2019-07-13,117.2,24.53
2019-07-13,117.8,24.5
2019-07-14,97.25,23.68
2019-07-14,97.75,25.09
2019-07-14,98.25,24.87
2019-07-14,98.75,24.61
2019-07-14,99.25,25.25
2019-07-14,99.75,26.78
2019-07-14,100.2,27.48
2019-07-14,100.8,27.44
2019-07-14,101.2,27.4
2019-07-14,101.8,27.19
2019-07-14,102.2,27.63
2019-07-14,102.8,27.63
2019-07-14,103.2,27.39
2019-07-14,103.8,27.08
2019-07-14,104.2,26.97
2019-07-14,104.8,27.89
2019-07-14,105.2,27.65
2019-07-14,105.8,26.58
2019-07-14,106.2,26.36
2019-07-14,106.8,26.23
2019-07-14,107.2,25.83
2019-07-14,107.8,25.14
2019-07-14,108.2,25.46
2019-07-14,108.8,25.83
2019-07-14,109.2,26.14
2019-07-14,109.8,25.72
2019-07-14,110.2,25.46
2019-07-14,110.8,24.47
2019-07-14,111.2,23.56
2019-07-14,111.8,23.59
2019-07-14,112.2,24.01
2019-07-14,112.8,24.6
2019-07-14,113.2,24.4
2019-07-14,113.8,23.56
2019-07-14,114.2,22.85
2019-07-14,114.8,22.95
2019-07-14,115.2,23.82
2019-07-14,115.8,24.17
2019-07-14,116.2,24.62
2019-07-14,116.8,25.24
2019-07-14,117.2,24.98
2019-07-14,117.8,24.36
2019-07-15,97.25,24.87
2019-07-15,97.75,23.49
2019-07-15,98.25,22.73
2019-07-15,98.75,24.23
2019-07-15,99.25,25.65
2019-07-15,99.75,28.39
2019-07-15,100.2,28.33
2019-07-15,100.8,28.55
2019-07-15,101.2,28.16
2019-07-15,101.8,25.76
2019-07-15,102.2,27
2019-07-15,102.8,29.08
2019-07-15,103.2,28.81
2019-07-15,103.8,28.86
2019-07-15,104.2,28.74
2019-07-15,104.8,27.95
2019-07-15,105.2,27.61
2019-07-15,105.8,26.92
2019-07-15,106.2,26.02
2019-07-15,106.8,26.12
2019-07-15,107.2,26.36
2019-07-15,107.8,25.1
2019-07-15,108.2,25.57
2019-07-15,108.8,25.59
2019-07-15,109.2,26.04
2019-07-15,109.8,26.43
2019-07-15,110.2,25.15
2019-07-15,110.8,24.37
2019-07-15,111.2,24.28
2019-07-15,111.8,24.13
2019-07-15,112.2,23.79
2019-07-15,112.8,23.45
2019-07-15,113.2,23.67
2019-07-15,113.8,23.86
2019-07-15,114.2,24.18
2019-07-15,114.8,25.17
2019-07-15,115.2,23.29
2019-07-15,115.8,22.21
2019-07-15,116.2,22.3
2019-07-15,116.8,23.11
2019-07-15,117.2,23.87
2019-07-15,117.8,24.27
2019-07-16,97.25,27.11
2019-07-16,97.75,28.02
2019-07-16,98.25,26.53
2019-07-16,98.75,26.27
2019-07-16,99.25,27.23
2019-07-16,99.75,28.16
2019-07-16,100.2,29.61
2019-07-16,100.8,29.83
2019-07-16,101.2,29.52
2019-07-16,101.8,29.08
2019-07-16,102.2,29.77
2019-07-16,102.8,30.94
2019-07-16,103.2,30.53
2019-07-16,103.8,30.05
2019-07-16,104.2,29.31
2019-07-16,104.8,27.78
2019-07-16,105.2,26.91
2019-07-16,105.8,26.35
2019-07-16,106.2,26.17
2019-07-16,106.8,26.48
2019-07-16,107.2,26.48
2019-07-16,107.8,26.6
2019-07-16,108.2,26.3
2019-07-16,108.8,26.51
2019-07-16,109.2,28.31
2019-07-16,109.8,26.14
2019-07-16,110.2,24.95
2019-07-16,110.8,24.39
2019-07-16,111.2,24.48
2019-07-16,111.8,25.06
2019-07-16,112.2,25.17
2019-07-16,112.8,24.65
2019-07-16,113.2,24.44
2019-07-16,113.8,25.26
2019-07-16,114.2,25.39
2019-07-16,114.8,25.49
2019-07-16,115.2,25.18
2019-07-16,115.8,24.55
2019-07-16,116.2,24.5
2019-07-16,116.8,24.66
2019-07-16,117.2,24.52
2019-07-16,117.8,25.86
2019-07-17,97.25,25.53
2019-07-17,97.75,25.89
2019-07-17,98.25,27.53
2019-07-17,98.75,27.98
2019-07-17,99.25,27.1
2019-07-17,99.75,26.15
2019-07-17,100.2,27.24
2019-07-17,100.8,27.35
2019-07-17,101.2,27.7
2019-07-17,101.8,29.29
2019-07-17,102.2,29.65
2019-07-17,102.8,29.59
2019-07-17,103.2,29.45
2019-07-17,103.8,30.22
2019-07-17,104.2,29.53
2019-07-17,104.8,28.47
2019-07-17,105.2,27.85
2019-07-17,105.8,26.47
2019-07-17,106.2,25.92
2019-07-17,106.8,25.24
2019-07-17,107.2,24.78
2019-07-17,107.8,25.79
2019-07-17,108.2,25
2019-07-17,108.8,25.36
2019-07-17,109.2,26.05
2019-07-17,109.8,25.63
2019-07-17,110.2,25.8
2019-07-17,110.8,24.37
2019-07-17,111.2,24.63
2019-07-17,111.8,25.43
2019-07-17,112.2,26.39
2019-07-17,112.8,27.68
2019-07-17,113.2,26.61
2019-07-17,113.8,27.25
2019-07-17,114.2,25.56
2019-07-17,114.8,25.34
2019-07-17,115.2,24.78
2019-07-17,115.8,24.24
2019-07-17,116.2,24.95
2019-07-17,116.8,25.82
2019-07-17,117.2,25.95
2019-07-17,117.8,26.14
2019-07-18,97.25,24.87
2019-07-18,97.75,27.02
2019-07-18,98.25,25.7
2019-07-18,98.75,26.72
2019-07-18,99.25,26.65
2019-07-18,99.75,28.11
2019-07-18,100.2,28.75
2019-07-18,100.8,28.21
2019-07-18,101.2,28.22
2019-07-18,101.8,27.93
2019-07-18,102.2,28.53
2019-07-18,102.8,28.99
2019-07-18,103.2,28.58
2019-07-18,103.8,27.41
2019-07-18,104.2,28.94
2019-07-18,104.8,26.29
2019-07-18,105.2,25.93
2019-07-18,105.8,26.95
2019-07-18,106.2,26.9
2019-07-18,106.8,27.73
2019-07-18,107.2,26.66
2019-07-18,107.8,25.99
2019-07-18,108.2,27.53
2019-07-18,108.8,28.29
2019-07-18,109.2,28.02
2019-07-18,109.8,27.18
2019-07-18,110.2,27.06
2019-07-18,110.8,26.12
2019-07-18,111.2,25.78
2019-07-18,111.8,25.84
2019-07-18,112.2,25.72
2019-07-18,112.8,26.03
2019-07-18,113.2,26.81
2019-07-18,113.8,26.32
2019-07-18,114.2,24.49
2019-07-18,114.8,23.31
2019-07-18,115.2,23.46
2019-07-18,115.8,23.43
2019-07-18,116.2,24.24
2019-07-18,116.8,25.28
2019-07-18,117.2,25.45
2019-07-18,117.8,26.29
2019-07-19,97.25,27.57
2019-07-19,97.75,29.58
2019-07-19,98.25,29.92
2019-07-19,98.75,29.99
2019-07-19,99.25,28.12
2019-07-19,99.75,27.35
2019-07-19,100.2,29.62
2019-07-19,100.8,30.4
2019-07-19,101.2,30.58
2019-07-19,101.8,29.49
2019-07-19,102.2,28.4
2019-07-19,102.8,28.74
2019-07-19,103.2,28.08
2019-07-19,103.8,27.67
2019-07-19,104.2,27.84
2019-07-19,104.8,27.66
2019-07-19,105.2,27.81
2019-07-19,105.8,27.72
2019-07-19,106.2,27.23
2019-07-19,106.8,26.98
2019-07-19,107.2,28.95
2019-07-19,107.8,27.88
2019-07-19,108.2,27.98
2019-07-19,108.8,28.57
2019-07-19,109.2,
2019-07-19,109.8,27.45
2019-07-19,110.2,26.93
2019-07-19,110.8,26.89
2019-07-19,111.2,27.53
2019-07-19,111.8,27.55
2019-07-19,112.2,26.49
2019-07-19,112.8,25.4
2019-07-19,113.2,25.37
2019-07-19,113.8,25.26
2019-07-19,114.2,25.73
2019-07-19,114.8,26
2019-07-19,115.2,24.35
2019-07-19,115.8,23.95
2019-07-19,116.2,23.66
2019-07-19,116.8,23.95
2019-07-19,117.2,24.47
2019-07-19,117.8,23
2019-07-20,97.25,23.9
2019-07-20,97.75,23.94
2019-07-20,98.25,25.25
2019-07-20,98.75,24.99
2019-07-20,99.25,24.72
2019-07-20,99.75,26.68
2019-07-20,100.2,28.05
2019-07-20,100.8,26.57
2019-07-20,101.2,27.79
2019-07-20,101.8,28.61
2019-07-20,102.2,27.86
2019-07-20,102.8,28.52
2019-07-20,103.2,28.28
2019-07-20,103.8,27.94
2019-07-20,104.2,27
2019-07-20,104.8,26.99
2019-07-20,105.2,28.53
2019-07-20,105.8,28.32
2019-07-20,106.2,27.77
2019-07-20,106.8,27.74
2019-07-20,107.2,27.86
2019-07-20,107.8,29.14
2019-07-20,108.2,29.71
2019-07-20,108.8,29.66
2019-07-20,109.2,29.56
2019-07-20,109.8,28.95
2019-07-20,110.2,27.8
2019-07-20,110.8,27.23
2019-07-20,111.2,26.81
2019-07-20,111.8,26.68
2019-07-20,112.2,26.1
2019-07-20,112.8,25.56
2019-07-20,113.2,26.64
2019-07-20,113.8,25.57
2019-07-20,114.2,23.1
2019-07-20,114.8,23.39
2019-07-20,115.2,23.65
2019-07-20,115.8,23.9
2019-07-20,116.2,24.29
2019-07-20,116.8,23.86
2019-07-20,117.2,23.4
2019-07-20,117.8,23.45
2019-07-21,97.25,25.57
2019-07-21,97.75,25.24
2019-07-21,98.25,26.11
2019-07-21,98.75,25.64
2019-07-21,99.25,25.32
2019-07-21,99.75,25.79
2019-07-21,100.2,26.19
2019-07-21,100.8,27.27
2019-07-21,101.2,27.47
2019-07-21,101.8,27.71
2019-07-21,102.2,27.57
2019-07-21,102.8,27.94
2019-07-21,103.2,27.88
2019-07-21,103.8,27.36
2019-07-21,104.2,27.24
2019-07-21,104.8,27.77
2019-07-21,105.2,27.29
2019-07-21,105.8,28.01
2019-07-21,106.2,28.47
2019-07-21,106.8,28.33
2019-07-21,107.2,28.73
2019-07-21,107.8,28.23
2019-07-21,108.2,29.27
2019-07-21,108.8,29.39
2019-07-21,109.2,28
2019-07-21,109.8,27.89
2019-07-21,110.2,26.83
2019-07-21,110.8,27.68
2019-07-21,111.2,27.08
2019-07-21,111.8,27.17
2019-07-21,112.2,27.03
2019-07-21,112.8,26.93
2019-07-21,113.2,26.49
2019-07-21,113.8,25.48
2019-07-21,114.2,24.98
2019-07-21,114.8,24.26
2019-07-21,115.2,24.03
2019-07-21,115.8,24.31
2019-07-21,116.2,24.31
2019-07-21,116.8,24.77
2019-07-21,117.2,25.25
2019-07-21,117.8,25.4
2019-07-22,97.25,29.1
2019-07-22,97.75,
2019-07-22,98.25,
2019-07-22,98.75,27.87
2019-07-22,99.25,27.46
2019-07-22,99.75,29.52
2019-07-22,100.2,30.84
2019-07-22,100.8,30.7
2019-07-22,101.2,30.56
2019-07-22,101.8,29.77
2019-07-22,102.2,30.47
2019-07-22,102.8,30.76
2019-07-22,103.2,31.02
2019-07-22,103.8,30.78
2019-07-22,104.2,30.44
2019-07-22,104.8,30.12
2019-07-22,105.2,29.83
2019-07-22,105.8,29.75
2019-07-22,106.2,29.81
2019-07-22,106.8,29.85
2019-07-22,107.2,29.61
2019-07-22,107.8,30.25
2019-07-22,108.2,30.08
2019-07-22,108.8,28.71
2019-07-22,109.2,29.51
2019-07-22,109.8,30.05
2019-07-22,110.2,28.09
2019-07-22,110.8,27.38
2019-07-22,111.2,26.75
2019-07-22,111.8,27.08
2019-07-22,112.2,26.63
2019-07-22,112.8,26.16
2019-07-22,113.2,26.14
2019-07-22,113.8,26.33
2019-07-22,114.2,25.49
2019-07-22,114.8,25.27
2019-07-22,115.2,25.48
2019-07-22,115.8,24.33
2019-07-22,116.2,24.3
2019-07-22,116.8,24.61
2019-07-22,117.2,25.08
2019-07-22,117.8,25.26
2019-07-23,97.25,35.15
2019-07-23,97.75,31.96
2019-07-23,98.25,32.14
2019-07-23,98.75,30.31
2019-07-23,99.25,30.91
2019-07-23,99.75,30.5
2019-07-23,100.2,30.49
2019-07-23,100.8,29.54
2019-07-23,101.2,30.02
2019-07-23,101.8,30.34
2019-07-23,102.2,29.2
2019-07-23,102.8,28.3
2019-07-23,103.2,29.62
2019-07-23,103.8,28.86
2019-07-23,104.2,28.1
2019-07-23,104.8,27.87
2019-07-23,105.2,29.94
2019-07-23,105.8,29.81
2019-07-23,106.2,30.18
2019-07-23,106.8,29.17
2019-07-23,107.2,28.92
2019-07-23,107.8,28.13
2019-07-23,108.2,27.22
2019-07-23,108.8,26.73
2019-07-23,109.2,26.93
2019-07-23,109.8,26.9
2019-07-23,110.2,26.37
2019-07-23,110.8,27.35
2019-07-23,111.2,27.59
2019-07-23,111.8,27.42
2019-07-23,112.2,26.55
2019-07-23,112.8,26.42
2019-07-23,113.2,25.27
2019-07-23,113.8,24.55
2019-07-23,114.2,24.32
2019-07-23,114.8,23.69
2019-07-23,115.2,23.9
2019-07-23,115.8,23.86
2019-07-23,116.2,23.82
2019-07-23,116.8,24.3
2019-07-23,117.2,24.3
2019-07-23,117.8,24.21
2019-07-24,97.25,29.29
2019-07-24,97.75,31.3
2019-07-24,98.25,29.6
2019-07-24,98.75,30.16
2019-07-24,99.25,31.86
2019-07-24,99.75,31.73
2019-07-24,100.2,30.68
2019-07-24,100.8,30.71
2019-07-24,101.2,29.92
2019-07-24,101.8,29.62
2019-07-24,102.2,28.97
2019-07-24,102.8,28.75
2019-07-24,103.2,27.92
2019-07-24,103.8,28.15
2019-07-24,104.2,27.54
2019-07-24,104.8,27.27
2019-07-24,105.2,27.11
2019-07-24,105.8,26.55
2019-07-24,106.2,26.48
2019-07-24,106.8,26.94
2019-07-24,107.2,27.97
2019-07-24,107.8,27.16
2019-07-24,108.2,25.46
2019-07-24,108.8,26.21
2019-07-24,109.2,26.68
2019-07-24,109.8,26.72
2019-07-24,110.2,26.39
2019-07-24,110.8,25.7
2019-07-24,111.2,25.43
2019-07-24,111.8,25.18
2019-07-24,112.2,26.24
2019-07-24,112.8,25.6
2019-07-24,113.2,24.93
2019-07-24,113.8,25.83
2019-07-24,114.2,25.48
2019-07-24,114.8,24.75
2019-07-24,115.2,24.95
2019-07-24,115.8,24.44
2019-07-24,116.2,24.25
2019-07-24,116.8,24.42
2019-07-24,117.2,25.01
2019-07-24,117.8,24.13
2019-07-25,97.25,25.86
2019-07-25,97.75,27.43
2019-07-25,98.25,25.57
2019-07-25,98.75,26.86
2019-07-25,99.25,27.2
2019-07-25,99.75,27.73
2019-07-25,100.2,28.1
2019-07-25,100.8,27.98
2019-07-25,101.2,27.38
2019-07-25,101.8,27.41
2019-07-25,102.2,27.93
2019-07-25,102.8,28.02
2019-07-25,103.2,28.19
2019-07-25,103.8,28.75
2019-07-25,104.2,27.87
2019-07-25,104.8,28.07
2019-07-25,105.2,26.31
2019-07-25,105.8,25.54
2019-07-25,106.2,25.78
2019-07-25,106.8,27.16
2019-07-25,107.2,26.32
2019-07-25,107.8,26.61
2019-07-25,108.2,26.48
2019-07-25,108.8,26.98
2019-07-25,109.2,26.65
2019-07-25,109.8,25.98
2019-07-25,110.2,26.28
2019-07-25,110.8,25.44
2019-07-25,111.2,25.54
2019-07-25,111.8,26.32
2019-07-25,112.2,27.24
2019-07-25,112.8,25.88
2019-07-25,113.2,25.35
2019-07-25,113.8,25.93
2019-07-25,114.2,25.7
2019-07-25,114.8,25.38
2019-07-25,115.2,24.56
2019-07-25,115.8,23.24
2019-07-25,116.2,23.62
2019-07-25,116.8,24.57
2019-07-25,117.2,25.41
2019-07-25,117.8,25.14
2019-07-26,97.25,27.24
2019-07-26,97.75,26.81
2019-07-26,98.25,26.77
2019-07-26,98.75,25.61
2019-07-26,99.25,26.68
2019-07-26,99.75,27.82
2019-07-26,100.2,27.81
2019-07-26,100.8,27.41
2019-07-26,101.2,27.98
2019-07-26,101.8,27.22
2019-07-26,102.2,26.08
2019-07-26,102.8,25.86
2019-07-26,103.2,25.88
2019-07-26,103.8,25.81
2019-07-26,104.2,25.21
2019-07-26,104.8,25.82
2019-07-26,105.2,24.73
2019-07-26,105.8,25.53
2019-07-26,106.2,24.79
2019-07-26,106.8,24.33
2019-07-26,107.2,23.07
2019-07-26,107.8,24.74
2019-07-26,108.2,25.03
2019-07-26,108.8,26.53
2019-07-26,109.2,27.39
2019-07-26,109.8,26.54
2019-07-26,110.2,26.87
2019-07-26,110.8,27.47
2019-07-26,111.2,27.24
2019-07-26,111.8,28.25
2019-07-26,112.2,27.89
2019-07-26,112.8,27.14
2019-07-26,113.2,26.71
2019-07-26,113.8,28.04
2019-07-26,114.2,26.14
2019-07-26,114.8,24.91
2019-07-26,115.2,24.51
2019-07-26,115.8,24.17
2019-07-26,116.2,24.76
2019-07-26,116.8,25.61
2019-07-26,117.2,23.88
2019-07-26,117.8,24.94
2019-07-27,97.25,25.26
2019-07-27,97.75,25.56
2019-07-27,98.25,26.5
2019-07-27,98.75,27.74
2019-07-27,99.25,26.7
2019-07-27,99.75,27.38
2019-07-27,100.2,27.85
2019-07-27,100.8,28.2
2019-07-27,101.2,29.27
2019-07-27,101.8,29.42
2019-07-27,102.2,28.65
2019-07-27,102.8,28.75
2019-07-27,103.2,28.16
2019-07-27,103.8,27.38
2019-07-27,104.2,26.88
2019-07-27,104.8,26.63
2019-07-27,105.2,26
2019-07-27,105.8,26.17
2019-07-27,106.2,26.72
2019-07-27,106.8,26.18
2019-07-27,107.2,26.06
2019-07-27,107.8,26.17
2019-07-27,108.2,27.09
2019-07-27,108.8,28.69
2019-07-27,109.2,28.56
2019-07-27,109.8,28.78
2019-07-27,110.2,29.33
2019-07-27,110.8,29.49
2019-07-27,111.2,30.95
2019-07-27,111.8,31.59
2019-07-27,112.2,31.68
2019-07-27,112.8,30.96
2019-07-27,113.2,29.62
2019-07-27,113.8,30.79
2019-07-27,114.2,28.17
2019-07-27,114.8,27.11
2019-07-27,115.2,26.68
2019-07-27,115.8,25.39
2019-07-27,116.2,25.45
2019-07-27,116.8,25.71
2019-07-27,117.2,25.9
2019-07-27,117.8,26.2
2019-07-28,97.25,25.99
2019-07-28,97.75,26.09
2019-07-28,98.25,26.82
2019-07-28,98.75,26.17
2019-07-28,99.25,27.36
2019-07-28,99.75,29.54
2019-07-28,100.2,29.83
2019-07-28,100.8,29.55
2019-07-28,101.2,31.15
2019-07-28,101.8,31.01
2019-07-28,102.2,29.02
2019-07-28,102.8,29.56
2019-07-28,103.2,30.17
2019-07-28,103.8,29.7
2019-07-28,104.2,28.97
2019-07-28,104.8,27.77
2019-07-28,105.2,26.89
2019-07-28,105.8,27.33
2019-07-28,106.2,28.07
2019-07-28,106.8,28.75
2019-07-28,107.2,27.62
2019-07-28,107.8,27.84
2019-07-28,108.2,27.09
2019-07-28,108.8,26.63
2019-07-28,109.2,27.04
2019-07-28,109.8,26.71
2019-07-28,110.2,27.38
2019-07-28,110.8,27.14
2019-07-28,111.2,26.95
2019-07-28,111.8,27.55
2019-07-28,112.2,27.73
2019-07-28,112.8,27.61
2019-07-28,113.2,27.15
2019-07-28,113.8,27.13
2019-07-28,114.2,25.74
2019-07-28,114.8,25.45
2019-07-28,115.2,25.05
2019-07-28,115.8,24.43
2019-07-28,116.2,24.63
2019-07-28,116.8,25.14
2019-07-28,117.2,24.73
2019-07-28,117.8,25.13
2019-07-29,97.25,29.76
2019-07-29,97.75,28.65
2019-07-29,98.25,27.59
2019-07-29,98.75,27.6
2019-07-29,99.25,27.47
2019-07-29,99.75,29.05
2019-07-29,100.2,29.82
2019-07-29,100.8,29.78
2019-07-29,101.2,29.61
2019-07-29,101.8,30.09
2019-07-29,102.2,28.57
2019-07-29,102.8,28.7
2019-07-29,103.2,28.44
2019-07-29,103.8,28.57
2019-07-29,104.2,27.94
2019-07-29,104.8,27.7
2019-07-29,105.2,27.24
2019-07-29,105.8,28.84
2019-07-29,106.2,27.48
2019-07-29,106.8,26.09
2019-07-29,107.2,26.37
2019-07-29,107.8,27.57
2019-07-29,108.2,28.33
2019-07-29,108.8,29.17
2019-07-29,109.2,27.39
2019-07-29,109.8,25.22
2019-07-29,110.2,26.67
2019-07-29,110.8,26.93
2019-07-29,111.2,27.13
2019-07-29,111.8,26.8
2019-07-29,112.2,26.7
2019-07-29,112.8,26.52
2019-07-29,113.2,26.46
2019-07-29,113.8,26.57
2019-07-29,114.2,26.87
2019-07-29,114.8,26.93
2019-07-29,115.2,26.33
2019-07-29,115.8,25.57
2019-07-29,116.2,24.89
2019-07-29,116.8,24.77
2019-07-29,117.2,24.76
2019-07-29,117.8,24.65
2019-07-30,97.25,25.01
2019-07-30,97.75,25.55
2019-07-30,98.25,25.58
2019-07-30,98.75,25
2019-07-30,99.25,25.03
2019-07-30,99.75,26.78
2019-07-30,100.2,28.07
2019-07-30,100.8,28.55
2019-07-30,101.2,30.22
2019-07-30,101.8,30.65
2019-07-30,102.2,30.9
2019-07-30,102.8,31.78
2019-07-30,103.2,31.8
2019-07-30,103.8,31.73
2019-07-30,104.2,29.49
2019-07-30,104.8,31.26
2019-07-30,105.2,29.9
2019-07-30,105.8,30.47
2019-07-30,106.2,30.45
2019-07-30,106.8,28.54
2019-07-30,107.2,28.78
2019-07-30,107.8,27.09
2019-07-30,108.2,26.8
2019-07-30,108.8,26.88
2019-07-30,109.2,28.47
2019-07-30,109.8,28.78
2019-07-30,110.2,27.72
2019-07-30,110.8,31.1
2019-07-30,111.2,29.01
2019-07-30,111.8,27.26
2019-07-30,112.2,27.7
2019-07-30,112.8,28.76
2019-07-30,113.2,28.09
2019-07-30,113.8,27.93
2019-07-30,114.2,26.9
2019-07-30,114.8,26.89
2019-07-30,115.2,27.31
2019-07-30,115.8,27.29
2019-07-30,116.2,27.01
2019-07-30,116.8,26.58
2019-07-30,117.2,26.42
2019-07-30,117.8,25.02
2019-07-31,97.25,26.68
2019-07-31,97.75,26.84
2019-07-31,98.25,26.98
2019-07-31,98.75,27.01
2019-07-31,99.25,27.68
2019-07-31,99.75,29.12
2019-07-31,100.2,29.66
2019-07-31,100.8,29.82
2019-07-31,101.2,31.69
2019-07-31,101.8,32.49
2019-07-31,102.2,30.73
2019-07-31,102.8,31.57
2019-07-31,103.2,31.07
2019-07-31,103.8,30.78
2019-07-31,104.2,29.4
2019-07-31,104.8,28.26
2019-07-31,105.2,28.28
2019-07-31,105.8,27.79
2019-07-31,106.2,27.43
2019-07-31,106.8,28.14
2019-07-31,107.2,28.58
2019-07-31,107.8,27.16
2019-07-31,108.2,27.29
2019-07-31,108.8,27.56
2019-07-31,109.2,28.82
2019-07-31,109.8,29.36
2019-07-31,110.2,29.65
2019-07-31,110.8,28.77
2019-07-31,111.2,28.79
2019-07-31,111.8,28.89
2019-07-31,112.2,28.17
2019-07-31,112.8,27.78
2019-07-31,113.2,28.1
2019-07-31,113.8,28.74
2019-07-31,114.2,28.64
2019-07-31,114.8,29.26
2019-07-31,115.2,27.7
2019-07-31,115.8,27.39
2019-07-31,116.2,27.87
2019-07-31,116.8,26.38
2019-07-31,117.2,26.24
2019-07-31,117.8,27.85
2019-08-01,97.25,27.07
2019-08-01,97.75,26.68
2019-08-01,98.25,25.97
2019-08-01,98.75,25.6
2019-08-01,99.25,26.06
2019-08-01,99.75,27.74
2019-08-01,100.2,28.93
2019-08-01,100.8,29.33
2019-08-01,101.2,31.76
2019-08-01,101.8,33.08
2019-08-01,102.2,31.82
2019-08-01,102.8,31.83
2019-08-01,103.2,30.93
2019-08-01,103.8,30.18
2019-08-01,104.2,28.74
2019-08-01,104.8,27.3
2019-08-01,105.2,26.26
2019-08-01,105.8,25.92
2019-08-01,106.2,26.06
2019-08-01,106.8,26.58
2019-08-01,107.2,27.42
2019-08-01,107.8,27.93
2019-08-01,108.2,28.56
2019-08-01,108.8,29.71
2019-08-01,109.2,29.8
2019-08-01,109.8,29.21
2019-08-01,110.2,28.58
2019-08-01,110.8,28.29
2019-08-01,111.2,28.25
2019-08-01,111.8,28.62
2019-08-01,112.2,28.53
2019-08-01,112.8,28.18
2019-08-01,113.2,28.4
2019-08-01,113.8,28.42
2019-08-01,114.2,27.91
2019-08-01,114.8,27.16
2019-08-01,115.2,26.47
2019-08-01,115.8,25.68
2019-08-01,116.2,25.63
2019-08-01,116.8,25.49
2019-08-01,117.2,25.98
2019-08-01,117.8,26.1
2019-08-02,97.25,25.86
2019-08-02,97.75,24.98
2019-08-02,98.25,25.36
2019-08-02,98.75,26.53
2019-08-02,99.25,26.49
2019-08-02,99.75,27.59
2019-08-02,100.2,27.35
2019-08-02,100.8,29.11
2019-08-02,101.2,31.54
2019-08-02,101.8,32.61
2019-08-02,102.2,32.07
2019-08-02,102.8,32.58
2019-08-02,103.2,31.31
2019-08-02,103.8,31.52
2019-08-02,104.2,29.1
2019-08-02,104.8,29.9
2019-08-02,105.2,28.87
2019-08-02,105.8,28.41
2019-08-02,106.2,28.24
2019-08-02,106.8,28.86
2019-08-02,107.2,29.02
2019-08-02,107.8,29.42
2019-08-02,108.2,29.28
2019-08-02,108.8,30.71
2019-08-02,109.2,30.73
2019-08-02,109.8,30.83
2019-08-02,110.2,30.12
2019-08-02,110.8,29.18
2019-08-02,111.2,29.21
2019-08-02,111.8,30.03
2019-08-02,112.2,30.22
2019-08-02,112.8,29.84
2019-08-02,113.2,29.18
2019-08-02,113.8,30.9
2019-08-02,114.2,29.09
2019-08-02,114.8,29.13
2019-08-02,115.2,27.27
2019-08-02,115.8,25.73
2019-08-02,116.2,26.26
2019-08-02,116.8,26.75
2019-08-02,117.2,27.07
2019-08-02,117.8,26.23
2019-08-03,97.25,26.81
2019-08-03,97.75,27.71
2019-08-03,98.25,27.13
2019-08-03,98.75,26.74
2019-08-03,99.25,28.07
2019-08-03,99.75,30.33
2019-08-03,100.2,30.48
2019-08-03,100.8,30.32
2019-08-03,101.2,28.91
2019-08-03,101.8,29.56
2019-08-03,102.2,29.35
2019-08-03,102.8,30.74
2019-08-03,103.2,30.27
2019-08-03,103.8,30
2019-08-03,104.2,29.57
2019-08-03,104.8,
2019-08-03,105.2,30.72
2019-08-03,105.8,28.05
2019-08-03,106.2,28.84
2019-08-03,106.8,29.88
2019-08-03,107.2,29.68
2019-08-03,107.8,28.07
2019-08-03,108.2,27.2
2019-08-03,108.8,28.23
2019-08-03,109.2,30.18
2019-08-03,109.8,29.57
2019-08-03,110.2,29.46
2019-08-03,110.8,29.77
2019-08-03,111.2,28.79
2019-08-03,111.8,28.87
2019-08-03,112.2,28.66
2019-08-03,112.8,28.69
2019-08-03,113.2,28.73
2019-08-03,113.8,28.63
2019-08-03,114.2,28.04
2019-08-03,114.8,27.92
2019-08-03,115.2,26.95
2019-08-03,115.8,25.47
2019-08-03,116.2,25.66
2019-08-03,116.8,26.93
2019-08-03,117.2,27.36
2019-08-03,117.8,27.76
2019-08-04,97.25,26.01
2019-08-04,97.75,26.57
2019-08-04,98.25,26.4
2019-08-04,98.75,26.12
2019-08-04,99.25,26.59
2019-08-04,99.75,27.99
2019-08-04,100.2,30.14
2019-08-04,100.8,32.24
2019-08-04,101.2,32.45
2019-08-04,101.8,32.02
2019-08-04,102.2,31.37
2019-08-04,102.8,31.61
2019-08-04,103.2,31.51
2019-08-04,103.8,30.56
2019-08-04,104.2,30.93
2019-08-04,104.8,29.22
2019-08-04,105.2,30.09
2019-08-04,105.8,29.25
2019-08-04,106.2,29.46
2019-08-04,106.8,29.64
2019-08-04,107.2,29.63
2019-08-04,107.8,30.48
2019-08-04,108.2,30.54
2019-08-04,108.8,29.94
2019-08-04,109.2,30.91
2019-08-04,109.8,31.68
2019-08-04,110.2,30.41
2019-08-04,110.8,30.07
2019-08-04,111.2,30.35
2019-08-04,111.8,30.36
2019-08-04,112.2,29.64
2019-08-04,112.8,29.36
2019-08-04,113.2,29.04
2019-08-04,113.8,31.17
2019-08-04,114.2,31.05
2019-08-04,114.8,29.08
2019-08-04,115.2,28.35
2019-08-04,115.8,27.44
2019-08-04,116.2,27.95
2019-08-04,116.8,28.15
2019-08-04,117.2,28.52
2019-08-04,117.8,28.43
2019-08-05,97.25,26.73
2019-08-05,97.75,26.21
2019-08-05,98.25,26.1
2019-08-05,98.75,25.49
2019-08-05,99.25,25.31
2019-08-05,99.75,26.55
2019-08-05,100.2,26.86
2019-08-05,100.8,27.96
2019-08-05,101.2,29.63
2019-08-05,101.8,31.83
2019-08-05,102.2,32.43
2019-08-05,102.8,33.35
2019-08-05,103.2,33.11
2019-08-05,103.8,32.74
2019-08-05,104.2,30.69
2019-08-05,104.8,30.26
2019-08-05,105.2,31.04
2019-08-05,105.8,31.95
2019-08-05,106.2,30.66
2019-08-05,106.8,30.22
2019-08-05,107.2,29.95
2019-08-05,107.8,30.41
2019-08-05,108.2,29.88
2019-08-05,108.8,32.15
2019-08-05,109.2,35.89
2019-08-05,109.8,32.28
2019-08-05,110.2,29.77
2019-08-05,110.8,27.94
2019-08-05,111.2,28.24
2019-08-05,111.8,28.82
2019-08-05,112.2,29.08
2019-08-05,112.8,28.68
2019-08-05,113.2,27.48
2019-08-05,113.8,28.95
2019-08-05,114.2,28.22
2019-08-05,114.8,28.07
2019-08-05,115.2,28.07
2019-08-05,115.8,27.56
2019-08-05,116.2,27.43
2019-08-05,116.8,27.64
2019-08-05,117.2,27.18
2019-08-05,117.8,27.18
2019-08-06,97.25,24.82
2019-08-06,97.75,25.96
2019-08-06,98.25,25.33
2019-08-06,98.75,25.43
2019-08-06,99.25,24.88
2019-08-06,99.75,25.77
2019-08-06,100.2,26.88
2019-08-06,100.8,29.47
2019-08-06,101.2,28.37
2019-08-06,101.8,30.5
2019-08-06,102.2,30.71
2019-08-06,102.8,31.63
2019-08-06,103.2,31.09
2019-08-06,103.8,30.9
2019-08-06,104.2,30.17
2019-08-06,104.8,30.09
2019-08-06,105.2,29.64
2019-08-06,105.8,30
2019-08-06,106.2,30.6
2019-08-06,106.8,29.94
2019-08-06,107.2,31.08
2019-08-06,107.8,29.93
2019-08-06,108.2,30.01
2019-08-06,108.8,30.13
2019-08-06,109.2,34.18
2019-08-06,109.8,31.33
2019-08-06,110.2,30.59
2019-08-06,110.8,30.14
2019-08-06,111.2,28.7
2019-08-06,111.8,28.28
2019-08-06,112.2,28
2019-08-06,112.8,29.85
2019-08-06,113.2,28.4
2019-08-06,113.8,31.89
2019-08-06,114.2,33.52
2019-08-06,114.8,30.56
2019-08-06,115.2,30.25
2019-08-06,115.8,29.33
2019-08-06,116.2,29.41
2019-08-06,116.8,29.43
2019-08-06,117.2,28.16
2019-08-06,117.8,28.03
2019-08-07,97.25,26.28
2019-08-07,97.75,26.01
2019-08-07,98.25,26.79
2019-08-07,98.75,26.69
2019-08-07,99.25,25.96
2019-08-07,99.75,26.36
2019-08-07,100.2,28.12
2019-08-07,100.8,28.64
2019-08-07,101.2,29.96
2019-08-07,101.8,30.76
2019-08-07,102.2,30.56
2019-08-07,102.8,32.79
2019-08-07,103.2,32.43
2019-08-07,103.8,32.1
2019-08-07,104.2,31.32
2019-08-07,104.8,31.56
2019-08-07,105.2,31.43
2019-08-07,105.8,31.93
2019-08-07,106.2,31.52
2019-08-07,106.8,31.88
2019-08-07,107.2,31.22
2019-08-07,107.8,31.84
2019-08-07,108.2,32.32
2019-08-07,108.8,30.32
2019-08-07,109.2,31.63
2019-08-07,109.8,30.78
2019-08-07,110.2,32.54
2019-08-07,110.8,31.21
2019-08-07,111.2,29.95
2019-08-07,111.8,29.6
2019-08-07,112.2,30.24
2019-08-07,112.8,30.84
2019-08-07,113.2,29.88
2019-08-07,113.8,29.39
2019-08-07,114.2,31.92
2019-08-07,114.8,30.8
2019-08-07,115.2,32.66
2019-08-07,115.8,31.36
2019-08-07,116.2,29.4
2019-08-07,116.8,30.39
2019-08-07,117.2,28.52
2019-08-07,117.8,29.67
2019-08-08,97.25,26.03
2019-08-08,97.75,25.95
2019-08-08,98.25,25.28
2019-08-08,98.75,24.85
2019-08-08,99.25,25.18
2019-08-08,99.75,27.31
2019-08-08,100.2,29.59
2019-08-08,100.8,34.58
2019-08-08,101.2,33.83
2019-08-08,101.8,30.53
2019-08-08,102.2,29.27
2019-08-08,102.8,32.26
2019-08-08,103.2,29.85
2019-08-08,103.8,31.97
2019-08-08,104.2,33.32
2019-08-08,104.8,34.11
2019-08-08,105.2,32.27
2019-08-08,105.8,31.38
2019-08-08,106.2,30.45
2019-08-08,106.8,31.14
2019-08-08,107.2,31.69
2019-08-08,107.8,35.27
2019-08-08,108.2,33.3
2019-08-08,108.8,36
2019-08-08,109.2,33.85
2019-08-08,109.8,37.01
2019-08-08,110.2,32.26
2019-08-08,110.8,32.46
2019-08-08,111.2,30.42
2019-08-08,111.8,29.73
2019-08-08,112.2,29.51
2019-08-08,112.8,30.07
2019-08-08,113.2,29.06
2019-08-08,113.8,31.31
2019-08-08,114.2,32.34
2019-08-08,114.8,27.56
2019-08-08,115.2,30.04
2019-08-08,115.8,29.78
2019-08-08,116.2,29.1
2019-08-08,116.8,29.57
2019-08-08,117.2,29.55
2019-08-08,117.8,29.21
2019-08-09,97.25,25.86
2019-08-09,97.75,25.37
2019-08-09,98.25,25.24
2019-08-09,98.75,25.41
2019-08-09,99.25,26.74
2019-08-09,99.75,27.94
2019-08-09,100.2,28.42
2019-08-09,100.8,27.67
2019-08-09,101.2,30.43
2019-08-09,101.8,32
2019-08-09,102.2,32.68
2019-08-09,102.8,33.71
2019-08-09,103.2,31.04
2019-08-09,103.8,31.32
2019-08-09,104.2,30.98
2019-08-09,104.8,30.21
2019-08-09,105.2,31.24
2019-08-09,105.8,31.53
2019-08-09,106.2,29.85
2019-08-09,106.8,30.48
2019-08-09,107.2,30.39
2019-08-09,107.8,
2019-08-09,108.2,
2019-08-09,108.8,29.6
2019-08-09,109.2,29.36
2019-08-09,109.8,35.35
2019-08-09,110.2,35.26
2019-08-09,110.8,33.98
2019-08-09,111.2,29.89
2019-08-09,111.8,29.73
2019-08-09,112.2,30.67
2019-08-09,112.8,31
2019-08-09,113.2,31.12
2019-08-09,113.8,35.02
2019-08-09,114.2,29.87
2019-08-09,114.8,29.46
2019-08-09,115.2,28.47
2019-08-09,115.8,27.37
2019-08-09,116.2,26.81
2019-08-09,116.8,27.08
2019-08-09,117.2,26.84
2019-08-09,117.8,27.1
2019-08-10,97.25,23.4
2019-08-10,97.75,23.92
2019-08-10,98.25,22.87
2019-08-10,98.75,23.48
2019-08-10,99.25,23.21
2019-08-10,99.75,25.77
2019-08-10,100.2,25.26
2019-08-10,100.8,26.7
2019-08-10,101.2,29.34
2019-08-10,101.8,26.69
2019-08-10,102.2,26.05
2019-08-10,102.8,27.53
2019-08-10,103.2,27.88
2019-08-10,103.8,28.04
2019-08-10,104.2,28.13
2019-08-10,104.8,28.84
2019-08-10,105.2,26.64
2019-08-10,105.8,26.69
2019-08-10,106.2,26.76
2019-08-10,106.8,25.43
2019-08-10,107.2,29.26
2019-08-10,107.8,28.19
2019-08-10,108.2,27.92
2019-08-10,108.8,33.26
2019-08-10,109.2,45.12
2019-08-10,109.8,34.54
2019-08-10,110.2,32.56
2019-08-10,110.8,29.74
2019-08-10,111.2,27.72
2019-08-10,111.8,27.43
2019-08-10,112.2,29.97
2019-08-10,112.8,29.61
2019-08-10,113.2,29.56
2019-08-10,113.8,36.17
2019-08-10,114.2,33.56
2019-08-10,114.8,33.74
2019-08-10,115.2,30.28
2019-08-10,115.8,25.25
2019-08-10,116.2,26.05
2019-08-10,116.8,28.44
2019-08-10,117.2,29.22
2019-08-10,117.8,28.62
2019-08-11,97.25,24.11
2019-08-11,97.75,24.17
2019-08-11,98.25,24.88
2019-08-11,98.75,23.79
2019-08-11,99.25,24.1
2019-08-11,99.75,24.86
2019-08-11,100.2,23.55
2019-08-11,100.8,26.03
2019-08-11,101.2,27.63
2019-08-11,101.8,28.99
2019-08-11,102.2,28.6
2019-08-11,102.8,28.22
2019-08-11,103.2,26.83
2019-08-11,103.8,25.75
2019-08-11,104.2,26.01
2019-08-11,104.8,26.3
2019-08-11,105.2,25.94
2019-08-11,105.8,26.51
2019-08-11,106.2,26.13
2019-08-11,106.8,26.46
2019-08-11,107.2,25.44
2019-08-11,107.8,25.1
2019-08-11,108.2,25.66
2019-08-11,108.8,32.4
2019-08-11,109.2,41.68
2019-08-11,109.8,31.93
2019-08-11,110.2,31.23
2019-08-11,110.8,30.2
2019-08-11,111.2,29.23
2019-08-11,111.8,30.52
2019-08-11,112.2,31.26
2019-08-11,112.8,31.4
2019-08-11,113.2,31.49
2019-08-11,113.8,43.14
2019-08-11,114.2,35.88
2019-08-11,114.8,30.51
2019-08-11,115.2,28.37
2019-08-11,115.8,26.33
2019-08-11,116.2,25.91
2019-08-11,116.8,25.02
2019-08-11,117.2,26
2019-08-11,117.8,26.24
2019-08-12,97.25,22.83
2019-08-12,97.75,21.87
2019-08-12,98.25,22.27
2019-08-12,98.75,23.86
2019-08-12,99.25,24.05
2019-08-12,99.75,23.51
2019-08-12,100.2,23.81
2019-08-12,100.8,25.51
2019-08-12,101.2,29.08
2019-08-12,101.8,30.99
2019-08-12,102.2,30.54
2019-08-12,102.8,29.56
2019-08-12,103.2,28.13
2019-08-12,103.8,27.73
2019-08-12,104.2,28.29
2019-08-12,104.8,28.74
2019-08-12,105.2,28.82
2019-08-12,105.8,28.1
2019-08-12,106.2,28.23
2019-08-12,106.8,27.89
2019-08-12,107.2,27.58
2019-08-12,107.8,27.56
2019-08-12,108.2,27.19
2019-08-12,108.8,28.91
2019-08-12,109.2,36.2
2019-08-12,109.8,34.8
2019-08-12,110.2,34.1
2019-08-12,110.8,32.03
2019-08-12,111.2,31.56
2019-08-12,111.8,31.18
2019-08-12,112.2,31.19
2019-08-12,112.8,31.7
2019-08-12,113.2,32.73
2019-08-12,113.8,41.91
2019-08-12,114.2,36.39
2019-08-12,114.8,34.61
2019-08-12,115.2,29.8
2019-08-12,115.8,27.25
2019-08-12,116.2,27.98
2019-08-12,116.8,28.97
2019-08-12,117.2,29.65
2019-08-12,117.8,30.21
2019-08-13,97.25,23.17
2019-08-13,97.75,24.52
2019-08-13,98.25,24.35
2019-08-13,98.75,24.09
2019-08-13,99.25,25.09
2019-08-13,99.75,25.32
2019-08-13,100.2,25.02
2019-08-13,100.8,24.93
2019-08-13,101.2,33.25
2019-08-13,101.8,31.96
2019-08-13,102.2,29.95
2019-08-13,102.8,30.73
2019-08-13,103.2,29.96
2019-08-13,103.8,29.51
2019-08-13,104.2,29.19
2019-08-13,104.8,28.46
2019-08-13,105.2,27.22
2019-08-13,105.8,28.36
2019-08-13,106.2,29.83
2019-08-13,106.8,29.27
2019-08-13,107.2,29.19
2019-08-13,107.8,28.61
2019-08-13,108.2,28.85
2019-08-13,108.8,35.31
2019-08-13,109.2,37.69
2019-08-13,109.8,36.46
2019-08-13,110.2,35.09
2019-08-13,110.8,32.61
2019-08-13,111.2,31.59
2019-08-13,111.8,30.76
2019-08-13,112.2,30.95
2019-08-13,112.8,32.1
2019-08-13,113.2,32.47
2019-08-13,113.8,45.57
2019-08-13,114.2,42.49
2019-08-13,114.8,42.37
2019-08-13,115.2,35.57
2019-08-13,115.8,29.57
2019-08-13,116.2,28.24
2019-08-13,116.8,28.52
2019-08-13,117.2,28.61
2019-08-13,117.8,29.41
2019-08-14,97.25,30.81
2019-08-14,97.75,28.34
2019-08-14,98.25,27.27
2019-08-14,98.75,26.06
2019-08-14,99.25,26.57
2019-08-14,99.75,27.4
2019-08-14,100.2,29.37
2019-08-14,100.8,32.91
2019-08-14,101.2,33.47
2019-08-14,101.8,35.26
2019-08-14,102.2,33.34
2019-08-14,102.8,33.41
2019-08-14,103.2,33.52
2019-08-14,103.8,38.33
2019-08-14,104.2,33.99
2019-08-14,104.8,33.35
2019-08-14,105.2,30.19
2019-08-14,105.8,31.83
2019-08-14,106.2,30.55
2019-08-14,106.8,28.38
2019-08-14,107.2,28.78
2019-08-14,107.8,30.73
2019-08-14,108.2,33.14
2019-08-14,108.8,33.47
2019-08-14,109.2,36.54
2019-08-14,109.8,35.42
2019-08-14,110.2,36.5
2019-08-14,110.8,36.67
2019-08-14,111.2,35.98
2019-08-14,111.8,35.11
2019-08-14,112.2,34.34
2019-08-14,112.8,34.33
2019-08-14,113.2,33.78
2019-08-14,113.8,41.31
2019-08-14,114.2,40.69
2019-08-14,114.8,38.77
2019-08-14,115.2,35.22
2019-08-14,115.8,30.41
2019-08-14,116.2,28.64
2019-08-14,116.8,27.77
2019-08-14,117.2,26.63
2019-08-14,117.8,25.83
2019-08-15,97.25,29.18
2019-08-15,97.75,28.48
2019-08-15,98.25,28.36
2019-08-15,98.75,29.91
2019-08-15,99.25,31.78
2019-08-15,99.75,32.75
2019-08-15,100.2,33.26
2019-08-15,100.8,34.7
2019-08-15,101.2,35.09
2019-08-15,101.8,36.77
2019-08-15,102.2,37.02
2019-08-15,102.8,39.22
2019-08-15,103.2,38.01
2019-08-15,103.8,40.63
2019-08-15,104.2,36.52
2019-08-15,104.8,36.81
2019-08-15,105.2,37.52
2019-08-15,105.8,37.01
2019-08-15,106.2,37.57
2019-08-15,106.8,38.54
2019-08-15,107.2,40.15
2019-08-15,107.8,37.39
2019-08-15,108.2,36.92
2019-08-15,108.8,39.1
2019-08-15,109.2,39.1
2019-08-15,109.8,44.69
2019-08-15,110.2,42.29
2019-08-15,110.8,
2019-08-15,111.2,43.71
2019-08-15,111.8,42.76
2019-08-15,112.2,42.87
2019-08-15,112.8,42.72
2019-08-15,113.2,40.06
2019-08-15,113.8,40.93
2019-08-15,114.2,37.25
2019-08-15,114.8,35.33
2019-08-15,115.2,33.82
2019-08-15,115.8,30.46
2019-08-15,116.2,29.02
2019-08-15,116.8,29.38
2019-08-15,117.2,28.76
2019-08-15,117.8,28.2
2019-08-16,97.25,33.87
2019-08-16,97.75,32.41
2019-08-16,98.25,29.99
2019-08-16,98.75,30.28
2019-08-16,99.25,31.05
2019-08-16,99.75,33.69
2019-08-16,100.2,38.99
2019-08-16,100.8,35.86
2019-08-16,101.2,36.62
2019-08-16,101.8,38.01
2019-08-16,102.2,44.62
2019-08-16,102.8,48.28
2019-08-16,103.2,46.15
2019-08-16,103.8,45.21
2019-08-16,104.2,39.15
2019-08-16,104.8,37.46
2019-08-16,105.2,37.3
2019-08-16,105.8,37.29
2019-08-16,106.2,37.89
2019-08-16,106.8,37.44
2019-08-16,107.2,39.12
2019-08-16,107.8,38.32
2019-08-16,108.2,36.61
2019-08-16,108.8,36.51
2019-08-16,109.2,42.77
2019-08-16,109.8,42.83
2019-08-16,110.2,42.11
2019-08-16,110.8,39
2019-08-16,111.2,37.03
2019-08-16,111.8,36.22
2019-08-16,112.2,34.48
2019-08-16,112.8,33.63
2019-08-16,113.2,35.69
2019-08-16,113.8,37.59
2019-08-16,114.2,33.96
2019-08-16,114.8,33.87
2019-08-16,115.2,27.72
2019-08-16,115.8,25.87
2019-08-16,116.2,24.82
2019-08-16,116.8,25.88
2019-08-16,117.2,26.7
2019-08-16,117.8,26.83
2019-08-17,97.25,31.43
2019-08-17,97.75,31.28
2019-08-17,98.25,30.76
2019-08-17,98.75,30.18
2019-08-17,99.25,30.06
2019-08-17,99.75,31.14
2019-08-17,100.2,32.82
2019-08-17,100.8,34.75
2019-08-17,101.2,38.09
2019-08-17,101.8,40.51
2019-08-17,102.2,42.62
2019-08-17,102.8,42.64
2019-08-17,103.2,43.76
2019-08-17,103.8,42.87
2019-08-17,104.2,37.51
2019-08-17,104.8,35.72
2019-08-17,105.2,33.38
2019-08-17,105.8,32.61
2019-08-17,106.2,33.19
2019-08-17,106.8,31.49
2019-08-17,107.2,30.8
2019-08-17,107.8,30.64
2019-08-17,108.2,28.58
2019-08-17,108.8,32.56
2019-08-17,109.2,41.17
2019-08-17,109.8,36.67
2019-08-17,110.2,33.55
2019-08-17,110.8,33.12
2019-08-17,111.2,32.79
2019-08-17,111.8,33.15
2019-08-17,112.2,32.99
2019-08-17,112.8,32.58
2019-08-17,113.2,31.42
2019-08-17,113.8,36.82
2019-08-17,114.2,32.08
2019-08-17,114.8,31.9
2019-08-17,115.2,29.72
2019-08-17,115.8,26.3
2019-08-17,116.2,26.27
2019-08-17,116.8,26.51
2019-08-17,117.2,27.25
2019-08-17,117.8,27.2
2019-08-18,97.25,33.37
2019-08-18,97.75,34.1
2019-08-18,98.25,34.46
2019-08-18,98.75,35.07
2019-08-18,99.25,34.84
2019-08-18,99.75,38.78
2019-08-18,100.2,36.87
2019-08-18,100.8,35.55
2019-08-18,101.2,35.32
2019-08-18,101.8,35.26
2019-08-18,102.2,35.59
2019-08-18,102.8,36.18
2019-08-18,103.2,33.78
2019-08-18,103.8,33.32
2019-08-18,104.2,31.66
2019-08-18,104.8,32.76
2019-08-18,105.2,34.76
2019-08-18,105.8,34.84
2019-08-18,106.2,34.27
2019-08-18,106.8,38.08
2019-08-18,107.2,42.15
2019-08-18,107.8,41.75
2019-08-18,108.2,40.93
2019-08-18,108.8,48.51
2019-08-18,109.2,45.84
2019-08-18,109.8,45.71
2019-08-18,110.2,39.43
2019-08-18,110.8,36.9
2019-08-18,111.2,36.18
2019-08-18,111.8,36.01
2019-08-18,112.2,36.45
2019-08-18,112.8,38.12
2019-08-18,113.2,37.87
2019-08-18,113.8,34.66
2019-08-18,114.2,30.04
2019-08-18,114.8,27.27
2019-08-18,115.2,25.76
2019-08-18,115.8,25.31
2019-08-18,116.2,25.79
2019-08-18,116.8,26.46
2019-08-18,117.2,26.38
2019-08-18,117.8,26.46
2019-08-19,97.25,33.85
2019-08-19,97.75,33.74
2019-08-19,98.25,33.28
2019-08-19,98.75,32.27
2019-08-19,99.25,33.1
2019-08-19,99.75,35.09
2019-08-19,100.2,36.03
2019-08-19,100.8,35.91
2019-08-19,101.2,35.3
2019-08-19,101.8,36.19
2019-08-19,102.2,36.96
2019-08-19,102.8,37.79
2019-08-19,103.2,38.2
2019-08-19,103.8,39.96
2019-08-19,104.2,36.47
2019-08-19,104.8,38.73
2019-08-19,105.2,40.01
2019-08-19,105.8,42.28
2019-08-19,106.2,43.43
2019-08-19,106.8,43.55
2019-08-19,107.2,41.01
2019-08-19,107.8,40.34
2019-08-19,108.2,44.7
2019-08-19,108.8,47.51
2019-08-19,109.2,46.27
2019-08-19,109.8,44.11
2019-08-19,110.2,42.71
2019-08-19,110.8,41.65
2019-08-19,111.2,40.87
2019-08-19,111.8,39.8
2019-08-19,112.2,38.71
2019-08-19,112.8,37.42
2019-08-19,113.2,37.84
2019-08-19,113.8,34.79
2019-08-19,114.2,31.98
2019-08-19,114.8,29.47
2019-08-19,115.2,27.32
2019-08-19,115.8,25.7
2019-08-19,116.2,25.57
2019-08-19,116.8,26.84
2019-08-19,117.2,27.29
2019-08-19,117.8,26.62
2019-08-20,97.25,35.64
2019-08-20,97.75,33.92
2019-08-20,98.25,32.79
2019-08-20,98.75,32.31
2019-08-20,99.25,34.17
2019-08-20,99.75,37.57
2019-08-20,100.2,39.73
2019-08-20,100.8,39.51
2019-08-20,101.2,38.38
2019-08-20,101.8,39.04
2019-08-20,102.2,40.19
2019-08-20,102.8,40.22
2019-08-20,103.2,39.88
2019-08-20,103.8,39.96
2019-08-20,104.2,39.98
2019-08-20,104.8,39.07
2019-08-20,105.2,38.83
2019-08-20,105.8,38.95
2019-08-20,106.2,39.58
2019-08-20,106.8,40.31
2019-08-20,107.2,43.25
2019-08-20,107.8,48.73
2019-08-20,108.2,50.99
2019-08-20,108.8,52.04
2019-08-20,109.2,39.84
2019-08-20,109.8,49.29
2019-08-20,110.2,47.43
2019-08-20,110.8,46.67
2019-08-20,111.2,39.55
2019-08-20,111.8,43.24
2019-08-20,112.2,43.54
2019-08-20,112.8,41.68
2019-08-20,113.2,35.58
2019-08-20,113.8,33.78
2019-08-20,114.2,35.11
2019-08-20,114.8,34.83
2019-08-20,115.2,31.19
2019-08-20,115.8,28.79
2019-08-20,116.2,28.51
2019-08-20,116.8,28.47
2019-08-20,117.2,28.77
2019-08-20,117.8,27.68
2019-08-21,97.25,32.92
2019-08-21,97.75,32.7
2019-08-21,98.25,37.43
2019-08-21,98.75,38.29
2019-08-21,99.25,38.91
2019-08-21,99.75,42.18
2019-08-21,100.2,43.16
2019-08-21,100.8,41.95
2019-08-21,101.2,41.65
2019-08-21,101.8,40.61
2019-08-21,102.2,40.7
2019-08-21,102.8,41.78
2019-08-21,103.2,38.97
2019-08-21,103.8,38.35
2019-08-21,104.2,36.87
2019-08-21,104.8,37.05
2019-08-21,105.2,38.28
2019-08-21,105.8,38.53
2019-08-21,106.2,38.52
2019-08-21,106.8,38.09
2019-08-21,107.2,38.53
2019-08-21,107.8,39.26
2019-08-21,108.2,37.68
2019-08-21,108.8,39.21
2019-08-21,109.2,43.86
2019-08-21,109.8,39.98
2019-08-21,110.2,35.74
2019-08-21,110.8,34.06
2019-08-21,111.2,32.93
2019-08-21,111.8,32.72
2019-08-21,112.2,31.22
2019-08-21,112.8,30.39
2019-08-21,113.2,32.14
2019-08-21,113.8,31.68
2019-08-21,114.2,28.64
2019-08-21,114.8,27.92
2019-08-21,115.2,27.52
2019-08-21,115.8,27.07
2019-08-21,116.2,26.62
2019-08-21,116.8,27.17
2019-08-21,117.2,26.6
2019-08-21,117.8,26.17
2019-08-22,97.25,31.89
2019-08-22,97.75,32.87
2019-08-22,98.25,33.99
2019-08-22,98.75,34.59
2019-08-22,99.25,37.13
2019-08-22,99.75,39.14
2019-08-22,100.2,42.38
2019-08-22,100.8,43.66
2019-08-22,101.2,42.55
2019-08-22,101.8,41.8
2019-08-22,102.2,41.21
2019-08-22,102.8,42.64
2019-08-22,103.2,39.66
2019-08-22,103.8,37.78
2019-08-22,104.2,36.52
2019-08-22,104.8,34.83
2019-08-22,105.2,34.35
2019-08-22,105.8,34.79
2019-08-22,106.2,35.88
2019-08-22,106.8,36.24
2019-08-22,107.2,35.95
2019-08-22,107.8,35
2019-08-22,108.2,34.86
2019-08-22,108.8,34.83
2019-08-22,109.2,38.29
2019-08-22,109.8,39.19
2019-08-22,110.2,36.25
2019-08-22,110.8,35.62
2019-08-22,111.2,33.76
2019-08-22,111.8,32.72
2019-08-22,112.2,32.68
2019-08-22,112.8,31.58
2019-08-22,113.2,30.06
2019-08-22,113.8,30.4
2019-08-22,114.2,28.85
2019-08-22,114.8,29.01
2019-08-22,115.2,28.59
2019-08-22,115.8,27.15
2019-08-22,116.2,27.31
2019-08-22,116.8,27.23
2019-08-22,117.2,28.11
2019-08-22,117.8,29.7
2019-08-23,97.25,34.66
2019-08-23,97.75,34.81
2019-08-23,98.25,43.43
2019-08-23,98.75,39.66
2019-08-23,99.25,38.56
2019-08-23,99.75,40.62
2019-08-23,100.2,40.97
2019-08-23,100.8,37.19
2019-08-23,101.2,35.65
2019-08-23,101.8,34.55
2019-08-23,102.2,35.64
2019-08-23,102.8,36.14
2019-08-23,103.2,35.27
2019-08-23,103.8,33.11
2019-08-23,104.2,32.43
2019-08-23,104.8,31.51
2019-08-23,105.2,32.21
2019-08-23,105.8,32.29
2019-08-23,106.2,31.97
2019-08-23,106.8,33.78
2019-08-23,107.2,36.12
2019-08-23,107.8,35.95
2019-08-23,108.2,34.26
2019-08-23,108.8,32.5
2019-08-23,109.2,34.8
2019-08-23,109.8,36.29
2019-08-23,110.2,36.69
2019-08-23,110.8,35.62
2019-08-23,111.2,36.7
2019-08-23,111.8,36.41
2019-08-23,112.2,35.29
2019-08-23,112.8,33.34
2019-08-23,113.2,31.49
2019-08-23,113.8,30.86
2019-08-23,114.2,30.4
2019-08-23,114.8,30.45
2019-08-23,115.2,29.11
2019-08-23,115.8,27.58
2019-08-23,116.2,27.23
2019-08-23,116.8,28.41
2019-08-23,117.2,29.03
2019-08-23,117.8,28.96
2019-08-24,97.25,31.11
2019-08-24,97.75,31.77
2019-08-24,98.25,32.63
2019-08-24,98.75,33.26
2019-08-24,99.25,34.08
2019-08-24,99.75,36.55
2019-08-24,100.2,39.39
2019-08-24,100.8,39.26
2019-08-24,101.2,38.11
2019-08-24,101.8,36.22
2019-08-24,102.2,31.59
2019-08-24,102.8,38.05
2019-08-24,103.2,35.46
2019-08-24,103.8,34.97
2019-08-24,104.2,33.67
2019-08-24,104.8,33.77
2019-08-24,105.2,33.74
2019-08-24,105.8,33.05
2019-08-24,106.2,33.4
2019-08-24,106.8,34
2019-08-24,107.2,35.56
2019-08-24,107.8,35.87
2019-08-24,108.2,38.28
2019-08-24,108.8,37.82
2019-08-24,109.2,37.43
2019-08-24,109.8,38.16
2019-08-24,110.2,37.34
2019-08-24,110.8,36.63
2019-08-24,111.2,36.33
2019-08-24,111.8,34.19
2019-08-24,112.2,33.63
2019-08-24,112.8,32.98
2019-08-24,113.2,31.59
2019-08-24,113.8,31.45
2019-08-24,114.2,29.65
2019-08-24,114.8,29.23
2019-08-24,115.2,28.84
2019-08-24,115.8,27.55
2019-08-24,116.2,28.15
2019-08-24,116.8,28.44
2019-08-24,117.2,28.45
2019-08-24,117.8,27.67
2019-08-25,97.25,33.6
2019-08-25,97.75,33.74
2019-08-25,98.25,35.47
2019-08-25,98.75,34.37
2019-08-25,99.25,34.04
2019-08-25,99.75,34.88
2019-08-25,100.2,36.85
2019-08-25,100.8,38.6
2019-08-25,101.2,42.83
2019-08-25,101.8,43.22
2019-08-25,102.2,41.79
2019-08-25,102.8,42.45
2019-08-25,103.2,42.26
2019-08-25,103.8,41.89
2019-08-25,104.2,41.85
2019-08-25,104.8,39.95
2019-08-25,105.2,39.62
2019-08-25,105.8,39.4
2019-08-25,106.2,38.35
2019-08-25,106.8,39.5
2019-08-25,107.2,36.1
2019-08-25,107.8,35.17
2019-08-25,108.2,35.39
2019-08-25,108.8,39.56
2019-08-25,109.2,41.32
2019-08-25,109.8,38.9
2019-08-25,110.2,41.84
2019-08-25,110.8,42.9
2019-08-25,111.2,37.88
2019-08-25,111.8,35.87
2019-08-25,112.2,34.99
2019-08-25,112.8,34.64
2019-08-25,113.2,34.27
2019-08-25,113.8,32.22
2019-08-25,114.2,29.02
2019-08-25,114.8,28.79
2019-08-25,115.2,28
2019-08-25,115.8,26.84
2019-08-25,116.2,26.66
2019-08-25,116.8,27.16
2019-08-25,117.2,27.32
2019-08-25,117.8,26.17
2019-08-26,97.25,34.55
2019-08-26,97.75,34.75
2019-08-26,98.25,33.99
2019-08-26,98.75,32.76
2019-08-26,99.25,35.4
2019-08-26,99.75,37.9
2019-08-26,100.2,40
2019-08-26,100.8,46.7
2019-08-26,101.2,51.53
2019-08-26,101.8,53.42
2019-08-26,102.2,52.09
2019-08-26,102.8,52.81
2019-08-26,103.2,50.72
2019-08-26,103.8,48.24
2019-08-26,104.2,48.39
2019-08-26,104.8,41.69
2019-08-26,105.2,39.02
2019-08-26,105.8,40.71
2019-08-26,106.2,41.11
2019-08-26,106.8,40.74
2019-08-26,107.2,38.81
2019-08-26,107.8,37.51
2019-08-26,108.2,37.07
2019-08-26,108.8,37
2019-08-26,109.2,37.95
2019-08-26,109.8,38.01
2019-08-26,110.2,37.82
2019-08-26,110.8,37.53
2019-08-26,111.2,37.43
2019-08-26,111.8,36.56
2019-08-26,112.2,35.6
2019-08-26,112.8,33.58
2019-08-26,113.2,32.4
2019-08-26,113.8,32.03
2019-08-26,114.2,31.57
2019-08-26,114.8,30.63
2019-08-26,115.2,28.88
2019-08-26,115.8,26.78
2019-08-26,116.2,27.22
2019-08-26,116.8,29.13
2019-08-26,117.2,30.13
2019-08-26,117.8,29.41
2019-08-27,97.25,36.42
2019-08-27,97.75,35.89
2019-08-27,98.25,39.39
2019-08-27,98.75,40.72
2019-08-27,99.25,40.14
2019-08-27,99.75,41.45
2019-08-27,100.2,42.25
2019-08-27,100.8,44.19
2019-08-27,101.2,44.06
2019-08-27,101.8,42.33
2019-08-27,102.2,44.51
2019-08-27,102.8,45
2019-08-27,103.2,42.44
2019-08-27,103.8,42.24
2019-08-27,104.2,42.35
2019-08-27,104.8,42.43
2019-08-27,105.2,43.08
2019-08-27,105.8,42.47
2019-08-27,106.2,41.61
2019-08-27,106.8,42.37
2019-08-27,107.2,42.11
2019-08-27,107.8,42.85
2019-08-27,108.2,43.12
2019-08-27,108.8,42.35
2019-08-27,109.2,44.76
2019-08-27,109.8,43.62
2019-08-27,110.2,42.49
2019-08-27,110.8,42.09
2019-08-27,111.2,40.89
2019-08-27,111.8,42.05
2019-08-27,112.2,39.16
2019-08-27,112.8,37.83
2019-08-27,113.2,37.13
2019-08-27,113.8,35.48
2019-08-27,114.2,34.83
2019-08-27,114.8,33.47
2019-08-27,115.2,32.22
2019-08-27,115.8,33.65
2019-08-27,116.2,
2019-08-27,116.8,30.62
2019-08-27,117.2,32.15
2019-08-27,117.8,32.54
2019-08-28,97.25,43.35
2019-08-28,97.75,42.15
2019-08-28,98.25,31.35
2019-08-28,98.75,34.61
2019-08-28,99.25,36.34
2019-08-28,99.75,38.61
2019-08-28,100.2,
2019-08-28,100.8,44.85
2019-08-28,101.2,40.53
2019-08-28,101.8,40.17
2019-08-28,102.2,39.31
2019-08-28,102.8,44.94
2019-08-28,103.2,45.26
2019-08-28,103.8,45.19
2019-08-28,104.2,45.67
2019-08-28,104.8,45.21
2019-08-28,105.2,49.96
2019-08-28,105.8,46.34
2019-08-28,106.2,41.53
2019-08-28,106.8,42.97
2019-08-28,107.2,42.07
2019-08-28,107.8,41.48
2019-08-28,108.2,40.47
2019-08-28,108.8,39.76
2019-08-28,109.2,40.63
2019-08-28,109.8,40.65
2019-08-28,110.2,40.64
2019-08-28,110.8,40.02
2019-08-28,111.2,39.29
2019-08-28,111.8,37.92
2019-08-28,112.2,36.68
2019-08-28,112.8,36.91
2019-08-28,113.2,35.66
2019-08-28,113.8,35.69
2019-08-28,114.2,34.62
2019-08-28,114.8,33.97
2019-08-28,115.2,34.05
2019-08-28,115.8,33.55
2019-08-28,116.2,33.84
2019-08-28,116.8,34.14
2019-08-28,117.2,33.57
2019-08-28,117.8,33.81
2019-08-29,97.25,34.76
2019-08-29,97.75,35.74
2019-08-29,98.25,36.1
2019-08-29,98.75,34.27
2019-08-29,99.25,34.16
2019-08-29,99.75,35.55
2019-08-29,100.2,34.91
2019-08-29,100.8,39.11
2019-08-29,101.2,36.86
2019-08-29,101.8,37.63
2019-08-29,102.2,37.77
2019-08-29,102.8,38.86
2019-08-29,103.2,41.03
2019-08-29,103.8,41.37
2019-08-29,104.2,41.86
2019-08-29,104.8,39.33
2019-08-29,105.2,38.37
2019-08-29,105.8,37.05
2019-08-29,106.2,37.05
2019-08-29,106.8,36.67
2019-08-29,107.2,
2019-08-29,107.8,33.59
2019-08-29,108.2,37.02
2019-08-29,108.8,37.97
2019-08-29,109.2,38.2
2019-08-29,109.8,35.78
2019-08-29,110.2,34.51
2019-08-29,110.8,36.75
2019-08-29,111.2,34.42
2019-08-29,111.8,32.91
2019-08-29,112.2,32.26
2019-08-29,112.8,31.81
2019-08-29,113.2,31.16
2019-08-29,113.8,32.25
2019-08-29,114.2,32.23
2019-08-29,114.8,32.06
2019-08-29,115.2,31.76
2019-08-29,115.8,30.47
2019-08-29,116.2,30.32
2019-08-29,116.8,31.06
2019-08-29,117.2,30.66
2019-08-29,117.8,31.18
2019-08-30,97.25,33.54
2019-08-30,97.75,33.86
2019-08-30,98.25,34.01
2019-08-30,98.75,32.74
2019-08-30,99.25,32.68
2019-08-30,99.75,33.6
2019-08-30,100.2,34.75
2019-08-30,100.8,34.95
2019-08-30,101.2,34.85
2019-08-30,101.8,34.64
2019-08-30,102.2,35.56
2019-08-30,102.8,36.48
2019-08-30,103.2,36.25
2019-08-30,103.8,37.13
2019-08-30,104.2,37.32
2019-08-30,104.8,35.44
2019-08-30,105.2,35.1
2019-08-30,105.8,33.88
2019-08-30,106.2,32.77
2019-08-30,106.8,32.85
2019-08-30,107.2,30.55
2019-08-30,107.8,31.99
2019-08-30,108.2,32.55
2019-08-30,108.8,32.46
2019-08-30,109.2,32.33
2019-08-30,109.8,31.36
2019-08-30,110.2,31.51
2019-08-30,110.8,33.42
2019-08-30,111.2,33.26
2019-08-30,111.8,32.56
2019-08-30,112.2,32.33
2019-08-30,112.8,31.91
2019-08-30,113.2,31.26
2019-08-30,113.8,31.06
2019-08-30,114.2,30.75
2019-08-30,114.8,30.03
2019-08-30,115.2,29.39
2019-08-30,115.8,28.41
2019-08-30,116.2,28.23
2019-08-30,116.8,28.47
2019-08-30,117.2,28.51
2019-08-30,117.8,26.96
2019-08-31,97.25,30.89
2019-08-31,97.75,32.36
2019-08-31,98.25,32.83
2019-08-31,98.75,32.68
2019-08-31,99.25,33.54
2019-08-31,99.75,33.87
2019-08-31,100.2,35.49
2019-08-31,100.8,34.82
2019-08-31,101.2,34.61
2019-08-31,101.8,34.07
2019-08-31,102.2,35.43
2019-08-31,102.8,37.03
2019-08-31,103.2,36.65
2019-08-31,103.8,36.88
2019-08-31,104.2,36.05
2019-08-31,104.8,36.54
2019-08-31,105.2,37.19
2019-08-31,105.8,36.81
2019-08-31,106.2,37.36
2019-08-31,106.8,38.09
2019-08-31,107.2,38.14
2019-08-31,107.8,38.56
2019-08-31,108.2,37.81
2019-08-31,108.8,37.98
2019-08-31,109.2,37.81
2019-08-31,109.8,37.56
2019-08-31,110.2,36.96
2019-08-31,110.8,35.75
2019-08-31,111.2,34.5
2019-08-31,111.8,34.07
2019-08-31,112.2,34.08
2019-08-31,112.8,33.8
2019-08-31,113.2,32.56
2019-08-31,113.8,31.61
2019-08-31,114.2,30.51
2019-08-31,114.8,29.36
2019-08-31,115.2,29.6
2019-08-31,115.8,29.55
2019-08-31,116.2,29.89
2019-08-31,116.8,30.73
2019-08-31,117.2,30.77
2019-08-31,117.8,30.84
2019-09-01,97.25,29.05
2019-09-01,97.75,29.61
2019-09-01,98.25,30.06
2019-09-01,98.75,30.84
2019-09-01,99.25,32.48
2019-09-01,99.75,34.66
2019-09-01,100.2,38.39
2019-09-01,100.8,38.45
2019-09-01,101.2,39.14
2019-09-01,101.8,37.12
2019-09-01,102.2,38.24
2019-09-01,102.8,39.25
2019-09-01,103.2,40.27
2019-09-01,103.8,40.77
2019-09-01,104.2,40.16
2019-09-01,104.8,37.5
2019-09-01,105.2,37.77
2019-09-01,105.8,40.12
2019-09-01,106.2,40.39
2019-09-01,106.8,42.78
2019-09-01,107.2,41.79
2019-09-01,107.8,40.79
2019-09-01,108.2,41.17
2019-09-01,108.8,39.78
2019-09-01,109.2,42.21
2019-09-01,109.8,41.63
2019-09-01,110.2,37.74
2019-09-01,110.8,38
2019-09-01,111.2,37.27
2019-09-01,111.8,34.96
2019-09-01,112.2,34.92
2019-09-01,112.8,34.49
2019-09-01,113.2,34.25
2019-09-01,113.8,35.48
2019-09-01,114.2,36.39
2019-09-01,114.8,36.91
2019-09-01,115.2,32.88
2019-09-01,115.8,31.84
2019-09-01,116.2,32.32
2019-09-01,116.8,33.95
2019-09-01,117.2,34.04
2019-09-01,117.8,34.39
2019-09-02,97.25,34.39
2019-09-02,97.75,31.9
2019-09-02,98.25,30.1
2019-09-02,98.75,30.83
2019-09-02,99.25,33.01
2019-09-02,99.75,35.17
2019-09-02,100.2,38.93
2019-09-02,100.8,41.5
2019-09-02,101.2,42.26
2019-09-02,101.8,40.27
2019-09-02,102.2,42.45
2019-09-02,102.8,41.93
2019-09-02,103.2,43.77
2019-09-02,103.8,46.29
2019-09-02,104.2,40.84
2019-09-02,104.8,39.5
2019-09-02,105.2,38.01
2019-09-02,105.8,39.85
2019-09-02,106.2,41.26
2019-09-02,106.8,43.68
2019-09-02,107.2,42.6
2019-09-02,107.8,42.71
2019-09-02,108.2,43.75
2019-09-02,108.8,46.21
2019-09-02,109.2,45.39
2019-09-02,109.8,44.87
2019-09-02,110.2,43.12
2019-09-02,110.8,43.32
2019-09-02,111.2,40.51
2019-09-02,111.8,40.46
2019-09-02,112.2,42.53
2019-09-02,112.8,44.17
2019-09-02,113.2,40.26
2019-09-02,113.8,41.55
2019-09-02,114.2,41.26
2019-09-02,114.8,41.93
2019-09-02,115.2,38.96
2019-09-02,115.8,34.37
2019-09-02,116.2,34.02
2019-09-02,116.8,34.24
2019-09-02,117.2,34.42
2019-09-02,117.8,36.45
2019-09-03,97.25,33.8
2019-09-03,97.75,32.31
2019-09-03,98.25,34.17
2019-09-03,98.75,34.2
2019-09-03,99.25,36.34
2019-09-03,99.75,37.64
2019-09-03,100.2,33.75
2019-09-03,100.8,38.68
2019-09-03,101.2,39.12
2019-09-03,101.8,37.9
2019-09-03,102.2,37.71
2019-09-03,102.8,39.09
2019-09-03,103.2,39.68
2019-09-03,103.8,42.13
2019-09-03,104.2,39.59
2019-09-03,104.8,40.07
2019-09-03,105.2,39.83
2019-09-03,105.8,38.55
2019-09-03,106.2,38.64
2019-09-03,106.8,39.19
2019-09-03,107.2,38.24
2019-09-03,107.8,38.84
2019-09-03,108.2,38.62
2019-09-03,108.8,39.34
2019-09-03,109.2,40
2019-09-03,109.8,40.5
2019-09-03,110.2,42.17
2019-09-03,110.8,42.47
2019-09-03,111.2,40.64
2019-09-03,111.8,43.49
2019-09-03,112.2,44.14
2019-09-03,112.8,47.4
2019-09-03,113.2,44.07
2019-09-03,113.8,49.76
2019-09-03,114.2,49.33
2019-09-03,114.8,47.77
2019-09-03,115.2,39.32
2019-09-03,115.8,31.67
2019-09-03,116.2,32.92
2019-09-03,116.8,32.41
2019-09-03,117.2,31.68
2019-09-03,117.8,31.32
2019-09-04,97.25,35.35
2019-09-04,97.75,39.21
2019-09-04,98.25,40.11
2019-09-04,98.75,37.51
2019-09-04,99.25,37.9
2019-09-04,99.75,39.09
2019-09-04,100.2,39.63
2019-09-04,100.8,38.94
2019-09-04,101.2,39.15
2019-09-04,101.8,38.07
2019-09-04,102.2,38.62
2019-09-04,102.8,40.21
2019-09-04,103.2,41.71
2019-09-04,103.8,39.1
2019-09-04,104.2,38.58
2019-09-04,104.8,38.9
2019-09-04,105.2,38.16
2019-09-04,105.8,36.25
2019-09-04,106.2,31.59
2019-09-04,106.8,35.12
2019-09-04,107.2,35.73
2019-09-04,107.8,33.14
2019-09-04,108.2,33.97
2019-09-04,108.8,34.67
2019-09-04,109.2,45.52
2019-09-04,109.8,45.71
2019-09-04,110.2,46.36
2019-09-04,110.8,46.85
2019-09-04,111.2,42.24
2019-09-04,111.8,41.78
2019-09-04,112.2,40.43
2019-09-04,112.8,47.38
2019-09-04,113.2,36.82
2019-09-04,113.8,40.08
2019-09-04,114.2,41.27
2019-09-04,114.8,40.08
2019-09-04,115.2,41.23
2019-09-04,115.8,36.5
2019-09-04,116.2,34.59
2019-09-04,116.8,34.92
2019-09-04,117.2,34.5
2019-09-04,117.8,33.48
2019-09-05,97.25,30.63
2019-09-05,97.75,31.47
2019-09-05,98.25,30.89
2019-09-05,98.75,30.28
2019-09-05,99.25,31.15
2019-09-05,99.75,33.18
2019-09-05,100.2,35.43
2019-09-05,100.8,41.02
2019-09-05,101.2,44.65
2019-09-05,101.8,45.21
2019-09-05,102.2,46.96
2019-09-05,102.8,46.43
2019-09-05,103.2,42.59
2019-09-05,103.8,41.45
2019-09-05,104.2,42.26
2019-09-05,104.8,38.29
2019-09-05,105.2,35.43
2019-09-05,105.8,36.12
2019-09-05,106.2,37.51
2019-09-05,106.8,40.06
2019-09-05,107.2,38.81
2019-09-05,107.8,33.41
2019-09-05,108.2,33.18
2019-09-05,108.8,36.07
2019-09-05,109.2,48.33
2019-09-05,109.8,51.54
2019-09-05,110.2,49.8
2019-09-05,110.8,53.17
2019-09-05,111.2,51.21
2019-09-05,111.8,47.88
2019-09-05,112.2,48.35
2019-09-05,112.8,46.24
2019-09-05,113.2,41.85
2019-09-05,113.8,51.41
2019-09-05,114.2,51.5
2019-09-05,114.8,44.76
2019-09-05,115.2,44.15
2019-09-05,115.8,36.46
2019-09-05,116.2,34.11
2019-09-05,116.8,36.07
2019-09-05,117.2,35.61
2019-09-05,117.8,35.63
2019-09-06,97.25,28.96
2019-09-06,97.75,29.56
2019-09-06,98.25,29.64
2019-09-06,98.75,29.45
2019-09-06,99.25,29.93
2019-09-06,99.75,32.95
2019-09-06,100.2,38.02
2019-09-06,100.8,42.46
2019-09-06,101.2,41.75
2019-09-06,101.8,43.92
2019-09-06,102.2,45.71
2019-09-06,102.8,43.76
2019-09-06,103.2,43.11
2019-09-06,103.8,41.64
2019-09-06,104.2,40.49
2019-09-06,104.8,38.12
2019-09-06,105.2,37.38
2019-09-06,105.8,37.22
2019-09-06,106.2,36.97
2019-09-06,106.8,36.95
2019-09-06,107.2,35.53
2019-09-06,107.8,33.87
2019-09-06,108.2,33.14
2019-09-06,108.8,34.6
2019-09-06,109.2,54.42
2019-09-06,109.8,73.27
2019-09-06,110.2,55.7
2019-09-06,110.8,47.24
2019-09-06,111.2,41.24
2019-09-06,111.8,43.19
2019-09-06,112.2,54.37
2019-09-06,112.8,73.9
2019-09-06,113.2,39.96
2019-09-06,113.8,35.24
2019-09-06,114.2,31.04
2019-09-06,114.8,49.22
2019-09-06,115.2,51.15
2019-09-06,115.8,41.15
2019-09-06,116.2,39.41
2019-09-06,116.8,37.39
2019-09-06,117.2,35.63
2019-09-06,117.8,35.54
2019-09-07,97.25,27.89
2019-09-07,97.75,28.18
2019-09-07,98.25,30.54
2019-09-07,98.75,30.4
2019-09-07,99.25,31.64
2019-09-07,99.75,36.24
2019-09-07,100.2,42.29
2019-09-07,100.8,43.3
2019-09-07,101.2,43.3
2019-09-07,101.8,41.22
2019-09-07,102.2,41.54
2019-09-07,102.8,41.28
2019-09-07,103.2,40.5
2019-09-07,103.8,43.18
2019-09-07,104.2,37.8
2019-09-07,104.8,34.79
2019-09-07,105.2,34.52
2019-09-07,105.8,35.31
2019-09-07,106.2,35.08
2019-09-07,106.8,39.41
2019-09-07,107.2,39.27
2019-09-07,107.8,41.22
2019-09-07,108.2,35.46
2019-09-07,108.8,50.93
2019-09-07,109.2,72.16
2019-09-07,109.8,70.65
2019-09-07,110.2,65.89
2019-09-07,110.8,62.54
2019-09-07,111.2,60.25
2019-09-07,111.8,55.76
2019-09-07,112.2,53.5
2019-09-07,112.8,52.43
2019-09-07,113.2,48
2019-09-07,113.8,50.61
2019-09-07,114.2,51.18
2019-09-07,114.8,49.53
2019-09-07,115.2,41.94
2019-09-07,115.8,35.56
2019-09-07,116.2,35.21
2019-09-07,116.8,35.13
2019-09-07,117.2,34.74
2019-09-07,117.8,34.9
2019-09-08,97.25,30.57
2019-09-08,97.75,29.19
2019-09-08,98.25,32.99
2019-09-08,98.75,31.54
2019-09-08,99.25,31.6
2019-09-08,99.75,32.47
2019-09-08,100.2,35.12
2019-09-08,100.8,38.46
2019-09-08,101.2,45.5
2019-09-08,101.8,45.97
2019-09-08,102.2,45.63
2019-09-08,102.8,48.61
2019-09-08,103.2,52.93
2019-09-08,103.8,58.02
2019-09-08,104.2,47.08
2019-09-08,104.8,40.69
2019-09-08,105.2,42.71
2019-09-08,105.8,48.34
2019-09-08,106.2,49.85
2019-09-08,106.8,49.25
2019-09-08,107.2,50.77
2019-09-08,107.8,56.75
2019-09-08,108.2,64.12
2019-09-08,108.8,73.82
2019-09-08,109.2,73.32
2019-09-08,109.8,68.98
2019-09-08,110.2,62.31
2019-09-08,110.8,58.79
2019-09-08,111.2,61.23
2019-09-08,111.8,58.56
2019-09-08,112.2,57.34
2019-09-08,112.8,55.78
2019-09-08,113.2,50.1
2019-09-08,113.8,55.09
2019-09-08,114.2,52.16
2019-09-08,114.8,49.5
2019-09-08,115.2,42.97
2019-09-08,115.8,35.01
2019-09-08,116.2,34.15
2019-09-08,116.8,33.79
2019-09-08,117.2,33.62
2019-09-08,117.8,32.86
2019-09-09,97.25,33.9
2019-09-09,97.75,34.99
2019-09-09,98.25,34.75
2019-09-09,98.75,33.42
2019-09-09,99.25,34.36
2019-09-09,99.75,34.39
2019-09-09,100.2,38.33
2019-09-09,100.8,43.35
2019-09-09,101.2,45.2
2019-09-09,101.8,40.85
2019-09-09,102.2,37.29
2019-09-09,102.8,50.15
2019-09-09,103.2,54.95
2019-09-09,103.8,55.19
2019-09-09,104.2,54.13
2019-09-09,104.8,54.31
2019-09-09,105.2,53.14
2019-09-09,105.8,53.52
2019-09-09,106.2,56.78
2019-09-09,106.8,62.93
2019-09-09,107.2,60.21
2019-09-09,107.8,57.2
2019-09-09,108.2,48.39
2019-09-09,108.8,51.84
2019-09-09,109.2,73.3
2019-09-09,109.8,64.38
2019-09-09,110.2,57.11
2019-09-09,110.8,53.51
2019-09-09,111.2,51.92
2019-09-09,111.8,53.46
2019-09-09,112.2,51.67
2019-09-09,112.8,52.7
2019-09-09,113.2,46.81
2019-09-09,113.8,50.75
2019-09-09,114.2,47.69
2019-09-09,114.8,45.46
2019-09-09,115.2,41.39
2019-09-09,115.8,33.1
2019-09-09,116.2,32.53
2019-09-09,116.8,32.49
2019-09-09,117.2,31.58
2019-09-09,117.8,29.89
2019-09-10,97.25,34.74
2019-09-10,97.75,35.04
2019-09-10,98.25,35.12
2019-09-10,98.75,34.5
2019-09-10,99.25,34.29
2019-09-10,99.75,38.85
2019-09-10,100.2,46.9
2019-09-10,100.8,56.8
2019-09-10,101.2,61.04
2019-09-10,101.8,60.54
2019-09-10,102.2,59.05
2019-09-10,102.8,57.48
2019-09-10,103.2,54.42
2019-09-10,103.8,63.23
2019-09-10,104.2,56.64
2019-09-10,104.8,48.33
2019-09-10,105.2,50.88
2019-09-10,105.8,47.32
2019-09-10,106.2,47.8
2019-09-10,106.8,47.46
2019-09-10,107.2,60.2
2019-09-10,107.8,56.45
2019-09-10,108.2,55.34
2019-09-10,108.8,52.59
2019-09-10,109.2,63.64
2019-09-10,109.8,64.53
2019-09-10,110.2,60.22
2019-09-10,110.8,57.47
2019-09-10,111.2,54.59
2019-09-10,111.8,54.92
2019-09-10,112.2,53.11
2019-09-10,112.8,52.51
2019-09-10,113.2,50.92
2019-09-10,113.8,55.03
2019-09-10,114.2,54.39
2019-09-10,114.8,50.95
2019-09-10,115.2,43.15
2019-09-10,115.8,33.93
2019-09-10,116.2,32.23
2019-09-10,116.8,31.84
2019-09-10,117.2,31.48
2019-09-10,117.8,29.05
2019-09-11,97.25,33.52
2019-09-11,97.75,34.77
2019-09-11,98.25,37.27
2019-09-11,98.75,39.09
2019-09-11,99.25,40.34
2019-09-11,99.75,46.85
2019-09-11,100.2,55.17
2019-09-11,100.8,56.13
2019-09-11,101.2,53.96
2019-09-11,101.8,54.38
2019-09-11,102.2,58.31
2019-09-11,102.8,64.63
2019-09-11,103.2,66.15
2019-09-11,103.8,80.7
2019-09-11,104.2,58.4
2019-09-11,104.8,49.73
2019-09-11,105.2,53.24
2019-09-11,105.8,54.84
2019-09-11,106.2,61.3
2019-09-11,106.8,64.59
2019-09-11,107.2,66.7
2019-09-11,107.8,67.72
2019-09-11,108.2,63.92
2019-09-11,108.8,69.18
2019-09-11,109.2,79.41
2019-09-11,109.8,75.35
2019-09-11,110.2,67.72
2019-09-11,110.8,64.11
2019-09-11,111.2,64.8
2019-09-11,111.8,54.49
2019-09-11,112.2,46.25
2019-09-11,112.8,53.14
2019-09-11,113.2,54.74
2019-09-11,113.8,50.43
2019-09-11,114.2,50.28
2019-09-11,114.8,41.23
2019-09-11,115.2,35.44
2019-09-11,115.8,31.06
2019-09-11,116.2,32.18
2019-09-11,116.8,34.29
2019-09-11,117.2,34.56
2019-09-11,117.8,34.24
2019-09-12,97.25,43.73
2019-09-12,97.75,43.21
2019-09-12,98.25,43.3
2019-09-12,98.75,46.66
2019-09-12,99.25,50.67
2019-09-12,99.75,65.54
2019-09-12,100.2,89.45
2019-09-12,100.8,90.23
2019-09-12,101.2,87.54
2019-09-12,101.8,80.61
2019-09-12,102.2,76.02
2019-09-12,102.8,85.79
2019-09-12,103.2,71.28
2019-09-12,103.8,84.01
2019-09-12,104.2,67.72
2019-09-12,104.8,62.9
2019-09-12,105.2,57.65
2019-09-12,105.8,61.1
2019-09-12,106.2,63.21
2019-09-12,106.8,66.01
2019-09-12,107.2,64.56
2019-09-12,107.8,59.26
2019-09-12,108.2,66.42
2019-09-12,108.8,69.04
2019-09-12,109.2,85.18
2019-09-12,109.8,84.84
2019-09-12,110.2,77.41
2019-09-12,110.8,70.47
2019-09-12,111.2,63.11
2019-09-12,111.8,67.27
2019-09-12,112.2,67.21
2019-09-12,112.8,73.25
2019-09-12,113.2,63.24
2019-09-12,113.8,67.39
2019-09-12,114.2,75.93
2019-09-12,114.8,71.78
2019-09-12,115.2,66.61
2019-09-12,115.8,67.35
2019-09-12,116.2,58.15
2019-09-12,116.8,47.54
2019-09-12,117.2,44.54
2019-09-12,117.8,42.77
2019-09-13,97.25,47.99
2019-09-13,97.75,48.88
2019-09-13,98.25,51.47
2019-09-13,98.75,54.27
2019-09-13,99.25,57.92
2019-09-13,99.75,65.27
2019-09-13,100.2,70.75
2019-09-13,100.8,70.82
2019-09-13,101.2,87.46
2019-09-13,101.8,102.6
2019-09-13,102.2,100.6
2019-09-13,102.8,96.18
2019-09-13,103.2,83.56
2019-09-13,103.8,88.14
2019-09-13,104.2,70
2019-09-13,104.8,57.29
2019-09-13,105.2,53.18
2019-09-13,105.8,51.84
2019-09-13,106.2,49.5
2019-09-13,106.8,47.38
2019-09-13,107.2,48.7
2019-09-13,107.8,50.56
2019-09-13,108.2,57.5
2019-09-13,108.8,58.82
2019-09-13,109.2,75.96
2019-09-13,109.8,89.23
2019-09-13,110.2,78.58
2019-09-13,110.8,69.86
2019-09-13,111.2,66.93
2019-09-13,111.8,67.17
2019-09-13,112.2,70.28
2019-09-13,112.8,77.12
2019-09-13,113.2,71.01
2019-09-13,113.8,90.3
2019-09-13,114.2,103.2
2019-09-13,114.8,94.01
2019-09-13,115.2,82.52
2019-09-13,115.8,74.12
2019-09-13,116.2,72.9
2019-09-13,116.8,81.09
2019-09-13,117.2,78
2019-09-13,117.8,69.86
2019-09-14,97.25,37.87
2019-09-14,97.75,39.85
2019-09-14,98.25,39.86
2019-09-14,98.75,39.78
2019-09-14,99.25,41.55
2019-09-14,99.75,46.38
2019-09-14,100.2,46.9
2019-09-14,100.8,50.12
2019-09-14,101.2,79.28
2019-09-14,101.8,76.62
2019-09-14,102.2,75.88
2019-09-14,102.8,78.58
2019-09-14,103.2,82.98
2019-09-14,103.8,84.05
2019-09-14,104.2,97.22
2019-09-14,104.8,74.6
2019-09-14,105.2,75.33
2019-09-14,105.8,69.72
2019-09-14,106.2,74.79
2019-09-14,106.8,67.3
2019-09-14,107.2,61.84
2019-09-14,107.8,53.12
2019-09-14,108.2,45.18
2019-09-14,108.8,44.57
2019-09-14,109.2,54.17
2019-09-14,109.8,82.16
2019-09-14,110.2,66.93
2019-09-14,110.8,58.38
2019-09-14,111.2,56.35
2019-09-14,111.8,59.79
2019-09-14,112.2,70.18
2019-09-14,112.8,78.76
2019-09-14,113.2,75.91
2019-09-14,113.8,107.4
2019-09-14,114.2,109.3
2019-09-14,114.8,114.3
2019-09-14,115.2,112.6
2019-09-14,115.8,96.39
2019-09-14,116.2,84.45
2019-09-14,116.8,95.07
2019-09-14,117.2,99.01
2019-09-14,117.8,76.91
2019-09-15,97.25,37.85
2019-09-15,97.75,37.88
2019-09-15,98.25,38.22
2019-09-15,98.75,36.22
2019-09-15,99.25,38.14
2019-09-15,99.75,42.19
2019-09-15,100.2,50.57
2019-09-15,100.8,66.29
2019-09-15,101.2,82.41
2019-09-15,101.8,91.76
2019-09-15,102.2,104.1
2019-09-15,102.8,102.8
2019-09-15,103.2,82.47
2019-09-15,103.8,58.04
2019-09-15,104.2,61.78
2019-09-15,104.8,67.9
2019-09-15,105.2,53.1
2019-09-15,105.8,
2019-09-15,106.2,
2019-09-15,106.8,
2019-09-15,107.2,43.1
2019-09-15,107.8,44.03
2019-09-15,108.2,54
2019-09-15,108.8,54.27
2019-09-15,109.2,72.25
2019-09-15,109.8,89.91
2019-09-15,110.2,76.79
2019-09-15,110.8,66.25
2019-09-15,111.2,66.35
2019-09-15,111.8,85.03
2019-09-15,112.2,95.92
2019-09-15,112.8,117
2019-09-15,113.2,148.1
2019-09-15,113.8,190.3
2019-09-15,114.2,172
2019-09-15,114.8,130.2
2019-09-15,115.2,103.1
2019-09-15,115.8,64.51
2019-09-15,116.2,57.64
2019-09-15,116.8,56.13
2019-09-15,117.2,54.51
2019-09-15,117.8,52.48
2019-09-16,97.25,31.5
2019-09-16,97.75,34.51
2019-09-16,98.25,33.23
2019-09-16,98.75,32.76
2019-09-16,99.25,34.51
2019-09-16,99.75,37.68
2019-09-16,100.2,39.46
2019-09-16,100.8,46.14
2019-09-16,101.2,66.07
2019-09-16,101.8,80.08
2019-09-16,102.2,75.64
2019-09-16,102.8,69.11
2019-09-16,103.2,76.79
2019-09-16,103.8,91.17
2019-09-16,104.2,74.65
2019-09-16,104.8,63.3
2019-09-16,105.2,57.09
2019-09-16,105.8,56.16
2019-09-16,106.2,59.31
2019-09-16,106.8,55.55
2019-09-16,107.2,56
2019-09-16,107.8,61.95
2019-09-16,108.2,67.67
2019-09-16,108.8,89.94
2019-09-16,109.2,102.4
2019-09-16,109.8,111.1
2019-09-16,110.2,88.02
2019-09-16,110.8,82.64
2019-09-16,111.2,83.97
2019-09-16,111.8,69.2
2019-09-16,112.2,67.35
2019-09-16,112.8,76.29
2019-09-16,113.2,108.8
2019-09-16,113.8,128.4
2019-09-16,114.2,104.9
2019-09-16,114.8,81.2
2019-09-16,115.2,58.5
2019-09-16,115.8,45.76
2019-09-16,116.2,46.72
2019-09-16,116.8,49.22
2019-09-16,117.2,52.59
2019-09-16,117.8,63.31
2019-09-17,97.25,30.89
2019-09-17,97.75,31.68
2019-09-17,98.25,32.01
2019-09-17,98.75,33.39
2019-09-17,99.25,39.47
2019-09-17,99.75,51.41
2019-09-17,100.2,61.73
2019-09-17,100.8,74.29
2019-09-17,101.2,73.64
2019-09-17,101.8,71.53
2019-09-17,102.2,74.19
2019-09-17,102.8,73.94
2019-09-17,103.2,75.9
2019-09-17,103.8,109.2
2019-09-17,104.2,84.54
2019-09-17,104.8,74.08
2019-09-17,105.2,63.05
2019-09-17,105.8,64.05
2019-09-17,106.2,75.06
2019-09-17,106.8,78.42
2019-09-17,107.2,74.86
2019-09-17,107.8,70.83
2019-09-17,108.2,74.31
2019-09-17,108.8,83.9
2019-09-17,109.2,100.1
2019-09-17,109.8,105.2
2019-09-17,110.2,87.86
2019-09-17,110.8,81.13
2019-09-17,111.2,77.54
2019-09-17,111.8,78.37
2019-09-17,112.2,74.92
2019-09-17,112.8,76.39
2019-09-17,113.2,78.46
2019-09-17,113.8,78.37
2019-09-17,114.2,93.66
2019-09-17,114.8,106.3
2019-09-17,115.2,50.31
2019-09-17,115.8,41.83
2019-09-17,116.2,45.07
2019-09-17,116.8,45.87
2019-09-17,117.2,47.21
2019-09-17,117.8,46.56
2019-09-18,97.25,38.8
2019-09-18,97.75,40.17
2019-09-18,98.25,39.41
2019-09-18,98.75,36.95
2019-09-18,99.25,39.37
2019-09-18,99.75,49.36
2019-09-18,100.2,59.13
2019-09-18,100.8,70.01
2019-09-18,101.2,78.73
2019-09-18,101.8,74.11
2019-09-18,102.2,66.35
2019-09-18,102.8,80.99
2019-09-18,103.2,90.72
2019-09-18,103.8,102.1
2019-09-18,104.2,83.4
2019-09-18,104.8,72.89
2019-09-18,105.2,71.31
2019-09-18,105.8,72.31
2019-09-18,106.2,73.47
2019-09-18,106.8,74.57
2019-09-18,107.2,69.69
2019-09-18,107.8,71.63
2019-09-18,108.2,69.41
2019-09-18,108.8,66.84
2019-09-18,109.2,90.27
2019-09-18,109.8,99.55
2019-09-18,110.2,94.94
2019-09-18,110.8,83.4
2019-09-18,111.2,73.57
2019-09-18,111.8,80.47
2019-09-18,112.2,80.54
2019-09-18,112.8,79.44
2019-09-18,113.2,82.44
2019-09-18,113.8,91.61
2019-09-18,114.2,98.56
2019-09-18,114.8,89.88
2019-09-18,115.2,76.18
2019-09-18,115.8,49.47
2019-09-18,116.2,44.7
2019-09-18,116.8,48.35
2019-09-18,117.2,49.21
2019-09-18,117.8,46.93
2019-09-19,97.25,40.75
2019-09-19,97.75,46.12
2019-09-19,98.25,50.34
2019-09-19,98.75,39.76
2019-09-19,99.25,42.64
2019-09-19,99.75,92.75
2019-09-19,100.2,74.13
2019-09-19,100.8,64.98
2019-09-19,101.2,61.64
2019-09-19,101.8,66
2019-09-19,102.2,68.92
2019-09-19,102.8,56.89
2019-09-19,103.2,57.25
2019-09-19,103.8,80.19
2019-09-19,104.2,58.44
2019-09-19,104.8,48.68
2019-09-19,105.2,45.53
2019-09-19,105.8,43.38
2019-09-19,106.2,48.44
2019-09-19,106.8,58.01
2019-09-19,107.2,59.09
2019-09-19,107.8,69.13
2019-09-19,108.2,78.78
2019-09-19,108.8,91.56
2019-09-19,109.2,92.98
2019-09-19,109.8,94.9
2019-09-19,110.2,93.96
2019-09-19,110.8,84.31
2019-09-19,111.2,80.51
2019-09-19,111.8,80.37
2019-09-19,112.2,77.22
2019-09-19,112.8,78.22
2019-09-19,113.2,83.2
2019-09-19,113.8,95.16
2019-09-19,114.2,95.04
2019-09-19,114.8,83.6
2019-09-19,115.2,62.13
2019-09-19,115.8,46.04
2019-09-19,116.2,44.97
2019-09-19,116.8,46.77
2019-09-19,117.2,45
2019-09-19,117.8,47.28
2019-09-20,97.25,37.84
2019-09-20,97.75,45.44
2019-09-20,98.25,45.53
2019-09-20,98.75,42.72
2019-09-20,99.25,47.45
2019-09-20,99.75,58.96
2019-09-20,100.2,72.29
2019-09-20,100.8,73.84
2019-09-20,101.2,73.7
2019-09-20,101.8,71.93
2019-09-20,102.2,74.65
2019-09-20,102.8,83.23
2019-09-20,103.2,96.97
2019-09-20,103.8,72.56
2019-09-20,104.2,51.08
2019-09-20,104.8,59.55
2019-09-20,105.2,60.33
2019-09-20,105.8,59.69
2019-09-20,106.2,70.01
2019-09-20,106.8,68.82
2019-09-20,107.2,67.24
2019-09-20,107.8,73.91
2019-09-20,108.2,78.83
2019-09-20,108.8,95.03
2019-09-20,109.2,102.9
2019-09-20,109.8,100.6
2019-09-20,110.2,87.06
2019-09-20,110.8,81.96
2019-09-20,111.2,81.63
2019-09-20,111.8,81.43
2019-09-20,112.2,77.58
2019-09-20,112.8,78.09
2019-09-20,113.2,75.29
2019-09-20,113.8,80.93
2019-09-20,114.2,80.54
2019-09-20,114.8,80.41
2019-09-20,115.2,64.75
2019-09-20,115.8,44.61
2019-09-20,116.2,44.58
2019-09-20,116.8,47.16
2019-09-20,117.2,49.62
2019-09-20,117.8,48.61
2019-09-21,97.25,45.72
2019-09-21,97.75,47.96
2019-09-21,98.25,50.65
2019-09-21,98.75,53.42
2019-09-21,99.25,65.78
2019-09-21,99.75,89.63
2019-09-21,100.2,110.5
2019-09-21,100.8,114
2019-09-21,101.2,100.1
2019-09-21,101.8,91.14
2019-09-21,102.2,94.1
2019-09-21,102.8,110.3
2019-09-21,103.2,119
2019-09-21,103.8,157.3
2019-09-21,104.2,121.7
2019-09-21,104.8,79.02
2019-09-21,105.2,63.8
2019-09-21,105.8,69.49
2019-09-21,106.2,74.11
2019-09-21,106.8,85.74
2019-09-21,107.2,90.97
2019-09-21,107.8,93.3
2019-09-21,108.2,92.4
2019-09-21,108.8,91.87
2019-09-21,109.2,119.9
2019-09-21,109.8,124.8
2019-09-21,110.2,100.1
2019-09-21,110.8,89.58
2019-09-21,111.2,90.89
2019-09-21,111.8,89.28
2019-09-21,112.2,86.04
2019-09-21,112.8,79.81
2019-09-21,113.2,75.16
2019-09-21,113.8,82.02
2019-09-21,114.2,80.08
2019-09-21,114.8,72.06
2019-09-21,115.2,56.55
2019-09-21,115.8,44.35
2019-09-21,116.2,43.34
2019-09-21,116.8,42.16
2019-09-21,117.2,41.13
2019-09-21,117.8,39.69
2019-09-22,97.25,63.5
2019-09-22,97.75,63.7
2019-09-22,98.25,65.09
2019-09-22,98.75,68.51
2019-09-22,99.25,75.04
2019-09-22,99.75,93.89
2019-09-22,100.2,102.8
2019-09-22,100.8,109.8
2019-09-22,101.2,117.5
2019-09-22,101.8,123
2019-09-22,102.2,129
2019-09-22,102.8,122.9
2019-09-22,103.2,125
2019-09-22,103.8,139.4
2019-09-22,104.2,104.5
2019-09-22,104.8,96.61
2019-09-22,105.2,98.1
2019-09-22,105.8,107.4
2019-09-22,106.2,106.1
2019-09-22,106.8,106.4
2019-09-22,107.2,100
2019-09-22,107.8,102.5
2019-09-22,108.2,102.2
2019-09-22,108.8,107.3
2019-09-22,109.2,113.1
2019-09-22,109.8,114.2
2019-09-22,110.2,97.44
2019-09-22,110.8,86.07
2019-09-22,111.2,85.09
2019-09-22,111.8,87.74
2019-09-22,112.2,86.61
2019-09-22,112.8,77.33
2019-09-22,113.2,71.39
2019-09-22,113.8,46.98
2019-09-22,114.2,41.56
2019-09-22,114.8,41.79
2019-09-22,115.2,41.33
2019-09-22,115.8,40.52
2019-09-22,116.2,40.35
2019-09-22,116.8,40.33
2019-09-22,117.2,39.74
2019-09-22,117.8,39.8
2019-09-23,97.25,76.34
2019-09-23,97.75,84.01
2019-09-23,98.25,90.57
2019-09-23,98.75,93.01
2019-09-23,99.25,93.79
2019-09-23,99.75,99.58
2019-09-23,100.2,106.1
2019-09-23,100.8,104.4
2019-09-23,101.2,104.4
2019-09-23,101.8,101.4
2019-09-23,102.2,107.6
2019-09-23,102.8,109.8
2019-09-23,103.2,119.7
2019-09-23,103.8,129.8
2019-09-23,104.2,112.6
2019-09-23,104.8,110
2019-09-23,105.2,106.6
2019-09-23,105.8,93.16
2019-09-23,106.2,91.11
2019-09-23,106.8,90.77
2019-09-23,107.2,87.14
2019-09-23,107.8,87.31
2019-09-23,108.2,82.92
2019-09-23,108.8,81.13
2019-09-23,109.2,83.63
2019-09-23,109.8,80.18
2019-09-23,110.2,71.17
2019-09-23,110.8,68.34
2019-09-23,111.2,62.99
2019-09-23,111.8,61.06
2019-09-23,112.2,61.85
2019-09-23,112.8,63.32
2019-09-23,113.2,61.8
2019-09-23,113.8,66.52
2019-09-23,114.2,62.08
2019-09-23,114.8,44.94
2019-09-23,115.2,41.58
2019-09-23,115.8,40.92
2019-09-23,116.2,41.35
2019-09-23,116.8,38.9
2019-09-23,117.2,39.29
2019-09-23,117.8,39.49
2019-09-24,97.25,111.7
2019-09-24,97.75,93.12
2019-09-24,98.25,65.65
2019-09-24,98.75,69.97
2019-09-24,99.25,80.5
2019-09-24,99.75,77.21
2019-09-24,100.2,82.56
2019-09-24,100.8,92.17
2019-09-24,101.2,88.49
2019-09-24,101.8,84.88
2019-09-24,102.2,90.36
2019-09-24,102.8,82
2019-09-24,103.2,76.73
2019-09-24,103.8,73.87
2019-09-24,104.2,75.18
2019-09-24,104.8,69.47
2019-09-24,105.2,70.98
2019-09-24,105.8,72.63
2019-09-24,106.2,71.85
2019-09-24,106.8,74.51
2019-09-24,107.2,82.49
2019-09-24,107.8,78.46
2019-09-24,108.2,82.04
2019-09-24,108.8,90.45
2019-09-24,109.2,82.05
2019-09-24,109.8,75.56
2019-09-24,110.2,66.33
2019-09-24,110.8,66.47
2019-09-24,111.2,64.37
2019-09-24,111.8,60.46
2019-09-24,112.2,61.97
2019-09-24,112.8,69.56
2019-09-24,113.2,69.88
2019-09-24,113.8,66.08
2019-09-24,114.2,60.41
2019-09-24,114.8,44.18
2019-09-24,115.2,43.48
2019-09-24,115.8,43.39
2019-09-24,116.2,41.79
2019-09-24,116.8,39.2
2019-09-24,117.2,39.38
2019-09-24,117.8,41.2
2019-09-25,97.25,79.12
2019-09-25,97.75,76.6
2019-09-25,98.25,73.32
2019-09-25,98.75,70.56
2019-09-25,99.25,69.39
2019-09-25,99.75,71.09
2019-09-25,100.2,71.06
2019-09-25,100.8,70.77
2019-09-25,101.2,65.83
2019-09-25,101.8,63.13
2019-09-25,102.2,62.08
2019-09-25,102.8,49.93
2019-09-25,103.2,92.69
2019-09-25,103.8,80.22
2019-09-25,104.2,74.92
2019-09-25,104.8,78.59
2019-09-25,105.2,71.22
2019-09-25,105.8,66.72
2019-09-25,106.2,66.26
2019-09-25,106.8,69.99
2019-09-25,107.2,66.76
2019-09-25,107.8,66.14
2019-09-25,108.2,74.58
2019-09-25,108.8,58.46
2019-09-25,109.2,69.29
2019-09-25,109.8,79.29
2019-09-25,110.2,61.7
2019-09-25,110.8,64.24
2019-09-25,111.2,65.57
2019-09-25,111.8,71.64
2019-09-25,112.2,72.69
2019-09-25,112.8,78.44
2019-09-25,113.2,75.13
2019-09-25,113.8,74.18
2019-09-25,114.2,61.25
2019-09-25,114.8,50.51
2019-09-25,115.2,45.5
2019-09-25,115.8,39.51
2019-09-25,116.2,38.79
2019-09-25,116.8,38.86
2019-09-25,117.2,38.49
2019-09-25,117.8,38.07
2019-09-26,97.25,75.69
2019-09-26,97.75,78.72
2019-09-26,98.25,77.78
2019-09-26,98.75,74.97
2019-09-26,99.25,75.42
2019-09-26,99.75,76.09
2019-09-26,100.2,75.71
2019-09-26,100.8,76.25
2019-09-26,101.2,74.02
2019-09-26,101.8,71.36
2019-09-26,102.2,73.79
2019-09-26,102.8,78.66
2019-09-26,103.2,78.68
2019-09-26,103.8,78.77
2019-09-26,104.2,75.29
2019-09-26,104.8,72.01
2019-09-26,105.2,66.87
2019-09-26,105.8,62.12
2019-09-26,106.2,56.31
2019-09-26,106.8,67.43
2019-09-26,107.2,62.44
2019-09-26,107.8,
2019-09-26,108.2,79.41
2019-09-26,108.8,65.7
2019-09-26,109.2,62.01
2019-09-26,109.8,74.43
2019-09-26,110.2,70.52
2019-09-26,110.8,68.41
2019-09-26,111.2,70.67
2019-09-26,111.8,74.19
2019-09-26,112.2,85.66
2019-09-26,112.8,92.68
2019-09-26,113.2,81.43
2019-09-26,113.8,64.48
2019-09-26,114.2,58.12
2019-09-26,114.8,47.87
2019-09-26,115.2,41.93
2019-09-26,115.8,39.83
2019-09-26,116.2,39.92
2019-09-26,116.8,37.17
2019-09-26,117.2,36.11
2019-09-26,117.8,34.79
2019-09-27,97.25,66.3
2019-09-27,97.75,66.31
2019-09-27,98.25,66.92
2019-09-27,98.75,65.96
2019-09-27,99.25,64.57
2019-09-27,99.75,67.72
2019-09-27,100.2,71.35
2019-09-27,100.8,74.45
2019-09-27,101.2,76.32
2019-09-27,101.8,75.84
2019-09-27,102.2,75.5
2019-09-27,102.8,77.34
2019-09-27,103.2,74.78
2019-09-27,103.8,78.09
2019-09-27,104.2,79.04
2019-09-27,104.8,77.69
2019-09-27,105.2,81.75
2019-09-27,105.8,74.56
2019-09-27,106.2,74.34
2019-09-27,106.8,74.59
2019-09-27,107.2,72.58
2019-09-27,107.8,64.98
2019-09-27,108.2,57.6
2019-09-27,108.8,79.94
2019-09-27,109.2,82.74
2019-09-27,109.8,80.62
2019-09-27,110.2,76.76
2019-09-27,110.8,73.66
2019-09-27,111.2,72.46
2019-09-27,111.8,81.48
2019-09-27,112.2,38.79
2019-09-27,112.8,45.1
2019-09-27,113.2,44.46
2019-09-27,113.8,39.96
2019-09-27,114.2,37.73
2019-09-27,114.8,35.92
2019-09-27,115.2,32.73
2019-09-27,115.8,31.65
2019-09-27,116.2,33.47
2019-09-27,116.8,36.4
2019-09-27,117.2,36.94
2019-09-27,117.8,36.03
2019-09-28,97.25,75.48
2019-09-28,97.75,73.89
2019-09-28,98.25,64.94
2019-09-28,98.75,66.56
2019-09-28,99.25,64.43
2019-09-28,99.75,65.53
2019-09-28,100.2,62.27
2019-09-28,100.8,61.97
2019-09-28,101.2,60.66
2019-09-28,101.8,57.5
2019-09-28,102.2,55.46
2019-09-28,102.8,55.23
2019-09-28,103.2,55.65
2019-09-28,103.8,58.47
2019-09-28,104.2,61.87
2019-09-28,104.8,60.96
2019-09-28,105.2,64.1
2019-09-28,105.8,67.88
2019-09-28,106.2,72.03
2019-09-28,106.8,76.44
2019-09-28,107.2,78.79
2019-09-28,107.8,76.67
2019-09-28,108.2,70.18
2019-09-28,108.8,70
2019-09-28,109.2,66.97
2019-09-28,109.8,56.04
2019-09-28,110.2,55.18
2019-09-28,110.8,54.13
2019-09-28,111.2,52.37
2019-09-28,111.8,50.22
2019-09-28,112.2,48.86
2019-09-28,112.8,47.68
2019-09-28,113.2,45.22
2019-09-28,113.8,43.64
2019-09-28,114.2,45.47
2019-09-28,114.8,47.36
2019-09-28,115.2,44.01
2019-09-28,115.8,39.99
2019-09-28,116.2,40.36
2019-09-28,116.8,38.23
2019-09-28,117.2,36.22
2019-09-28,117.8,36.27
2019-09-29,97.25,
2019-09-29,97.75,44.48
2019-09-29,98.25,48.82
2019-09-29,98.75,55.75
2019-09-29,99.25,51.71
2019-09-29,99.75,50.94
2019-09-29,100.2,54.99
2019-09-29,100.8,58.73
2019-09-29,101.2,58.35
2019-09-29,101.8,54.38
2019-09-29,102.2,56.34
2019-09-29,102.8,56.61
2019-09-29,103.2,55.07
2019-09-29,103.8,54.28
2019-09-29,104.2,52.9
2019-09-29,104.8,54.26
2019-09-29,105.2,54.51
2019-09-29,105.8,53.99
2019-09-29,106.2,54.85
2019-09-29,106.8,51.01
2019-09-29,107.2,52.05
2019-09-29,107.8,51.05
2019-09-29,108.2,46.32
2019-09-29,108.8,45
2019-09-29,109.2,48.23
2019-09-29,109.8,53.03
2019-09-29,110.2,51.96
2019-09-29,110.8,52.63
2019-09-29,111.2,48.94
2019-09-29,111.8,48.47
2019-09-29,112.2,47.33
2019-09-29,112.8,49.08
2019-09-29,113.2,50.72
2019-09-29,113.8,56.25
2019-09-29,114.2,54.96
2019-09-29,114.8,48.21
2019-09-29,115.2,42.18
2019-09-29,115.8,38.96
2019-09-29,116.2,38.61
2019-09-29,116.8,35.48
2019-09-29,117.2,37.32
2019-09-29,117.8,38.59
2019-09-30,97.25,53.86
2019-09-30,97.75,54.39
2019-09-30,98.25,55.32
2019-09-30,98.75,55.78
2019-09-30,99.25,54.24
2019-09-30,99.75,54.51
2019-09-30,100.2,55.56
2019-09-30,100.8,55.7
2019-09-30,101.2,42.23
2019-09-30,101.8,55.52
2019-09-30,102.2,54.21
2019-09-30,102.8,52.99
2019-09-30,103.2,52.36
2019-09-30,103.8,54.08
2019-09-30,104.2,53.11
2019-09-30,104.8,53.53
2019-09-30,105.2,51.31
2019-09-30,105.8,53.1
2019-09-30,106.2,52.69
2019-09-30,106.8,54.71
2019-09-30,107.2,56.4
2019-09-30,107.8,59.7
2019-09-30,108.2,59.08
2019-09-30,108.8,60.02
2019-09-30,109.2,60.9
2019-09-30,109.8,60.48
2019-09-30,110.2,49.89
2019-09-30,110.8,44.11
2019-09-30,111.2,44.42
2019-09-30,111.8,39.71
2019-09-30,112.2,37.9
2019-09-30,112.8,37.61
2019-09-30,113.2,40.89
2019-09-30,113.8,38.16
2019-09-30,114.2,35.94
2019-09-30,114.8,36.79
2019-09-30,115.2,33.17
2019-09-30,115.8,31.48
2019-09-30,116.2,31.52
2019-09-30,116.8,31.93
2019-09-30,117.2,32.57
2019-09-30,117.8,32.68
2019-10-01,97.25,51.31
2019-10-01,97.75,51.28
2019-10-01,98.25,49.55
2019-10-01,98.75,49.85
2019-10-01,99.25,50.5
2019-10-01,99.75,50.86
2019-10-01,100.2,52.97
2019-10-01,100.8,52.12
2019-10-01,101.2,49.94
2019-10-01,101.8,48.28
2019-10-01,102.2,49.58
2019-10-01,102.8,54
2019-10-01,103.2,54.65
2019-10-01,103.8,71.58
2019-10-01,104.2,78.13
2019-10-01,104.8,61.25
2019-10-01,105.2,54.29
2019-10-01,105.8,52.68
2019-10-01,106.2,54.64
2019-10-01,106.8,52.43
2019-10-01,107.2,50.84
2019-10-01,107.8,49.67
2019-10-01,108.2,50.84
2019-10-01,108.8,48.81
2019-10-01,109.2,48.06
2019-10-01,109.8,46.65
2019-10-01,110.2,43.27
2019-10-01,110.8,40.98
2019-10-01,111.2,42.05
2019-10-01,111.8,47.61
2019-10-01,112.2,49.32
2019-10-01,112.8,49.19
2019-10-01,113.2,44.99
2019-10-01,113.8,42.68
2019-10-01,114.2,41.46
2019-10-01,114.8,37.19
2019-10-01,115.2,33.31
2019-10-01,115.8,29.65
2019-10-01,116.2,29.46
2019-10-01,116.8,29.7
2019-10-01,117.2,29.57
2019-10-01,117.8,28.56
2019-10-02,97.25,45.7
2019-10-02,97.75,45.7
2019-10-02,98.25,46.85
2019-10-02,98.75,45.94
2019-10-02,99.25,44.3
2019-10-02,99.75,45.99
2019-10-02,100.2,46.06
2019-10-02,100.8,46.41
2019-10-02,101.2,46.6
2019-10-02,101.8,46.46
2019-10-02,102.2,49.61
2019-10-02,102.8,53.02
2019-10-02,103.2,56.9
2019-10-02,103.8,59.96
2019-10-02,104.2,68.35
2019-10-02,104.8,56.56
2019-10-02,105.2,
2019-10-02,105.8,
2019-10-02,106.2,42.29
2019-10-02,106.8,38.61
2019-10-02,107.2,38.76
2019-10-02,107.8,37.3
2019-10-02,108.2,38.27
2019-10-02,108.8,42.42
2019-10-02,109.2,39.07
2019-10-02,109.8,42.12
2019-10-02,110.2,45.13
2019-10-02,110.8,36.62
2019-10-02,111.2,38.67
2019-10-02,111.8,40.81
2019-10-02,112.2,42
2019-10-02,112.8,43.37
2019-10-02,113.2,42.27
2019-10-02,113.8,39.11
2019-10-02,114.2,39.76
2019-10-02,114.8,39.71
2019-10-02,115.2,38.12
2019-10-02,115.8,38.61
2019-10-02,116.2,38.04
2019-10-02,116.8,37.02
2019-10-02,117.2,36.47
2019-10-02,117.8,34.06
2019-10-03,97.25,47.19
2019-10-03,97.75,46.03
2019-10-03,98.25,45.64
2019-10-03,98.75,44.7
2019-10-03,99.25,46.99
2019-10-03,99.75,48.92
2019-10-03,100.2,50.48
2019-10-03,100.8,52.14
2019-10-03,101.2,50.47
2019-10-03,101.8,49.44
2019-10-03,102.2,46.19
2019-10-03,102.8,48.76
2019-10-03,103.2,53.11
2019-10-03,103.8,47.79
2019-10-03,104.2,46.7
2019-10-03,104.8,49.01
2019-10-03,105.2,37.56
2019-10-03,105.8,44.82
2019-10-03,106.2,51.04
2019-10-03,106.8,57.18
2019-10-03,107.2,54.93
2019-10-03,107.8,45.74
2019-10-03,108.2,44.81
2019-10-03,108.8,44.84
2019-10-03,109.2,44.08
2019-10-03,109.8,42.23
2019-10-03,110.2,41.58
2019-10-03,110.8,38.4
2019-10-03,111.2,36.97
2019-10-03,111.8,35.04
2019-10-03,112.2,32.91
2019-10-03,112.8,31.87
2019-10-03,113.2,31.37
2019-10-03,113.8,33.55
2019-10-03,114.2,40.3
2019-10-03,114.8,41.39
2019-10-03,115.2,41.61
2019-10-03,115.8,32.34
2019-10-03,116.2,31.19
2019-10-03,116.8,32.32
2019-10-03,117.2,33.49
2019-10-03,117.8,35.89
2019-10-04,97.25,48.26
2019-10-04,97.75,46.46
2019-10-04,98.25,44.52
2019-10-04,98.75,42.37
2019-10-04,99.25,42.66
2019-10-04,99.75,42.63
2019-10-04,100.2,40.92
2019-10-04,100.8,40.01
2019-10-04,101.2,39.66
2019-10-04,101.8,40.24
2019-10-04,102.2,41.06
2019-10-04,102.8,42.14
2019-10-04,103.2,42.41
2019-10-04,103.8,41.26
2019-10-04,104.2,38.85
2019-10-04,104.8,39.15
2019-10-04,105.2,36.94
2019-10-04,105.8,37.04
2019-10-04,106.2,36.8
2019-10-04,106.8,37.11
2019-10-04,107.2,40.84
2019-10-04,107.8,41.71
2019-10-04,108.2,40.59
2019-10-04,108.8,41.53
2019-10-04,109.2,39.86
2019-10-04,109.8,40.14
2019-10-04,110.2,36.93
2019-10-04,110.8,36.47
2019-10-04,111.2,36.48
2019-10-04,111.8,37.24
2019-10-04,112.2,36.82
2019-10-04,112.8,35.03
2019-10-04,113.2,34.76
2019-10-04,113.8,34.15
2019-10-04,114.2,34.36
2019-10-04,114.8,32.77
2019-10-04,115.2,32
2019-10-04,115.8,32.43
2019-10-04,116.2,33.45
2019-10-04,116.8,31.74
2019-10-04,117.2,31.92
2019-10-04,117.8,33.13
2019-10-05,97.25,43.6
2019-10-05,97.75,42.48
2019-10-05,98.25,41.01
2019-10-05,98.75,41.71
2019-10-05,99.25,42.04
2019-10-05,99.75,39.65
2019-10-05,100.2,38.47
2019-10-05,100.8,37.39
2019-10-05,101.2,37.2
2019-10-05,101.8,37.69
2019-10-05,102.2,38.24
2019-10-05,102.8,38.09
2019-10-05,103.2,38
2019-10-05,103.8,40.4
2019-10-05,104.2,40.28
2019-10-05,104.8,40.96
2019-10-05,105.2,40.61
2019-10-05,105.8,39.73
2019-10-05,106.2,37.8
2019-10-05,106.8,36.99
2019-10-05,107.2,36.66
2019-10-05,107.8,36.37
2019-10-05,108.2,35.79
2019-10-05,108.8,36.25
2019-10-05,109.2,37.36
2019-10-05,109.8,37.81
2019-10-05,110.2,37.12
2019-10-05,110.8,36.89
2019-10-05,111.2,35.78
2019-10-05,111.8,35.14
2019-10-05,112.2,35.2
2019-10-05,112.8,34.2
2019-10-05,113.2,34.86
2019-10-05,113.8,34.34
2019-10-05,114.2,32.96
2019-10-05,114.8,31.59
2019-10-05,115.2,29.59
2019-10-05,115.8,28.72
2019-10-05,116.2,30.39
2019-10-05,116.8,28.89
2019-10-05,117.2,28.19
2019-10-05,117.8,29.68
2019-10-06,97.25,43.74
2019-10-06,97.75,44.32
2019-10-06,98.25,44.62
2019-10-06,98.75,43.91
2019-10-06,99.25,42.54
2019-10-06,99.75,42.24
2019-10-06,100.2,41.42
2019-10-06,100.8,39.72
2019-10-06,101.2,39.02
2019-10-06,101.8,38.94
2019-10-06,102.2,39.62
2019-10-06,102.8,41.51
2019-10-06,103.2,45.1
2019-10-06,103.8,48.55
2019-10-06,104.2,35
2019-10-06,104.8,38.49
2019-10-06,105.2,43.6
2019-10-06,105.8,40.22
2019-10-06,106.2,46.32
2019-10-06,106.8,51.36
2019-10-06,107.2,50.75
2019-10-06,107.8,45.15
2019-10-06,108.2,45.08
2019-10-06,108.8,41.17
2019-10-06,109.2,39.11
2019-10-06,109.8,37.94
2019-10-06,110.2,35.64
2019-10-06,110.8,35.39
2019-10-06,111.2,34.7
2019-10-06,111.8,34.46
2019-10-06,112.2,33.56
2019-10-06,112.8,35.88
2019-10-06,113.2,33.39
2019-10-06,113.8,33.69
2019-10-06,114.2,33.86
2019-10-06,114.8,31.56
2019-10-06,115.2,29.88
2019-10-06,115.8,28.27
2019-10-06,116.2,28.02
2019-10-06,116.8,28.39
2019-10-06,117.2,28.05
2019-10-06,117.8,27.95
2019-10-07,97.25,41.8
2019-10-07,97.75,41.64
2019-10-07,98.25,41.94
2019-10-07,98.75,41.83
2019-10-07,99.25,44.13
2019-10-07,99.75,46.39
2019-10-07,100.2,46.37
2019-10-07,100.8,49.03
2019-10-07,101.2,47.72
2019-10-07,101.8,45.39
2019-10-07,102.2,46.24
2019-10-07,102.8,44.07
2019-10-07,103.2,46.5
2019-10-07,103.8,46.15
2019-10-07,104.2,43.49
2019-10-07,104.8,36.57
2019-10-07,105.2,43.53
2019-10-07,105.8,37.73
2019-10-07,106.2,39.94
2019-10-07,106.8,38.39
2019-10-07,107.2,37.72
2019-10-07,107.8,37.29
2019-10-07,108.2,35.34
2019-10-07,108.8,
2019-10-07,109.2,33.91
2019-10-07,109.8,31.36
2019-10-07,110.2,30.77
2019-10-07,110.8,33.81
2019-10-07,111.2,38.01
2019-10-07,111.8,37.35
2019-10-07,112.2,33.01
2019-10-07,112.8,28.77
2019-10-07,113.2,28.16
2019-10-07,113.8,28.31
2019-10-07,114.2,25.75
2019-10-07,114.8,26.77
2019-10-07,115.2,27.3
2019-10-07,115.8,26.61
2019-10-07,116.2,24.68
2019-10-07,116.8,27.09
2019-10-07,117.2,27.49
2019-10-07,117.8,27.01
2019-10-08,97.25,46.47
2019-10-08,97.75,45.99
2019-10-08,98.25,44.58
2019-10-08,98.75,42.6
2019-10-08,99.25,41.04
2019-10-08,99.75,41.56
2019-10-08,100.2,38.86
2019-10-08,100.8,38.28
2019-10-08,101.2,36.89
2019-10-08,101.8,36.68
2019-10-08,102.2,37.63
2019-10-08,102.8,37.46
2019-10-08,103.2,37.73
2019-10-08,103.8,40.53
2019-10-08,104.2,35.21
2019-10-08,104.8,32.19
2019-10-08,105.2,31.29
2019-10-08,105.8,32.35
2019-10-08,106.2,31.89
2019-10-08,106.8,31.91
2019-10-08,107.2,31.59
2019-10-08,107.8,32.51
2019-10-08,108.2,32.84
2019-10-08,108.8,32.21
2019-10-08,109.2,31.67
2019-10-08,109.8,29.99
2019-10-08,110.2,30.95
2019-10-08,110.8,30.13
2019-10-08,111.2,30.46
2019-10-08,111.8,31.57
2019-10-08,112.2,30.94
2019-10-08,112.8,31.57
2019-10-08,113.2,32.72
2019-10-08,113.8,28.67
2019-10-08,114.2,27.64
2019-10-08,114.8,30.01
2019-10-08,115.2,28.95
2019-10-08,115.8,28.12
2019-10-08,116.2,27.54
2019-10-08,116.8,27.47
2019-10-08,117.2,27.8
2019-10-08,117.8,27.45
2019-10-09,97.25,43.27
2019-10-09,97.75,38.59
2019-10-09,98.25,35.05
2019-10-09,98.75,33.03
2019-10-09,99.25,35.26
2019-10-09,99.75,37.82
2019-10-09,100.2,38.66
2019-10-09,100.8,37.35
2019-10-09,101.2,35.89
2019-10-09,101.8,34.46
2019-10-09,102.2,35.23
2019-10-09,102.8,37.14
2019-10-09,103.2,38.53
2019-10-09,103.8,45.09
2019-10-09,104.2,36.08
2019-10-09,104.8,33.86
2019-10-09,105.2,32.72
2019-10-09,105.8,33.06
2019-10-09,106.2,32.96
2019-10-09,106.8,32.55
2019-10-09,107.2,32.92
2019-10-09,107.8,31.99
2019-10-09,108.2,32.45
2019-10-09,108.8,31.91
2019-10-09,109.2,33.36
2019-10-09,109.8,33.31
2019-10-09,110.2,33.47
2019-10-09,110.8,33.12
2019-10-09,111.2,32.18
2019-10-09,111.8,31.71
2019-10-09,112.2,31.6
2019-10-09,112.8,32.09
2019-10-09,113.2,31.75
2019-10-09,113.8,32.74
2019-10-09,114.2,35.63
2019-10-09,114.8,34.66
2019-10-09,115.2,29.7
2019-10-09,115.8,28.02
2019-10-09,116.2,28.61
2019-10-09,116.8,29.07
2019-10-09,117.2,30.64
2019-10-09,117.8,30.66
2019-10-10,97.25,36.49
2019-10-10,97.75,35.52
2019-10-10,98.25,29.54
2019-10-10,98.75,32.47
2019-10-10,99.25,34.72
2019-10-10,99.75,36.43
2019-10-10,100.2,36.11
2019-10-10,100.8,36.07
2019-10-10,101.2,42.13
2019-10-10,101.8,45.62
2019-10-10,102.2,39.45
2019-10-10,102.8,38.55
2019-10-10,103.2,35.95
2019-10-10,103.8,40.85
2019-10-10,104.2,37.06
2019-10-10,104.8,33.52
2019-10-10,105.2,31.96
2019-10-10,105.8,32.01
2019-10-10,106.2,31.46
2019-10-10,106.8,31.61
2019-10-10,107.2,32.07
2019-10-10,107.8,32.06
2019-10-10,108.2,32.03
2019-10-10,108.8,32.83
2019-10-10,109.2,33.02
2019-10-10,109.8,33.03
2019-10-10,110.2,33.14
2019-10-10,110.8,33.78
2019-10-10,111.2,33.46
2019-10-10,111.8,34.22
2019-10-10,112.2,34.71
2019-10-10,112.8,35.31
2019-10-10,113.2,35.94
2019-10-10,113.8,36.75
2019-10-10,114.2,40.46
2019-10-10,114.8,41.23
2019-10-10,115.2,36.98
2019-10-10,115.8,32.07
2019-10-10,116.2,30.24
2019-10-10,116.8,29.91
2019-10-10,117.2,30.35
2019-10-10,117.8,30.57
2019-10-11,97.25,42.84
2019-10-11,97.75,41.56
2019-10-11,98.25,43.09
2019-10-11,98.75,43.77
2019-10-11,99.25,44.66
2019-10-11,99.75,44.71
2019-10-11,100.2,45.6
2019-10-11,100.8,42.94
2019-10-11,101.2,37.65
2019-10-11,101.8,36.35
2019-10-11,102.2,38.62
2019-10-11,102.8,30.05
2019-10-11,103.2,29.81
2019-10-11,103.8,36.02
2019-10-11,104.2,39.64
2019-10-11,104.8,45.19
2019-10-11,105.2,41.32
2019-10-11,105.8,36.64
2019-10-11,106.2,35.21
2019-10-11,106.8,36.05
2019-10-11,107.2,34.66
2019-10-11,107.8,35.27
2019-10-11,108.2,36.73
2019-10-11,108.8,34.19
2019-10-11,109.2,32.78
2019-10-11,109.8,32.49
2019-10-11,110.2,33.91
2019-10-11,110.8,36.02
2019-10-11,111.2,35.91
2019-10-11,111.8,35.79
2019-10-11,112.2,38.02
2019-10-11,112.8,36.64
2019-10-11,113.2,39.35
2019-10-11,113.8,42.2
2019-10-11,114.2,43.79
2019-10-11,114.8,43.7
2019-10-11,115.2,36.31
2019-10-11,115.8,30.23
2019-10-11,116.2,27.48
2019-10-11,116.8,28.2
2019-10-11,117.2,29.36
2019-10-11,117.8,28.37
2019-10-12,97.25,44.13
2019-10-12,97.75,42.29
2019-10-12,98.25,42.99
2019-10-12,98.75,43.8
2019-10-12,99.25,43.12
2019-10-12,99.75,40.78
2019-10-12,100.2,39.36
2019-10-12,100.8,39.86
2019-10-12,101.2,42.48
2019-10-12,101.8,45
2019-10-12,102.2,46.9
2019-10-12,102.8,44.06
2019-10-12,103.2,40.48
2019-10-12,103.8,45.61
2019-10-12,104.2,38.64
2019-10-12,104.8,36.78
2019-10-12,105.2,35.83
2019-10-12,105.8,32.76
2019-10-12,106.2,33.21
2019-10-12,106.8,32.71
2019-10-12,107.2,
2019-10-12,107.8,
2019-10-12,108.2,
2019-10-12,108.8,
2019-10-12,109.2,36.59
2019-10-12,109.8,40.89
2019-10-12,110.2,36.14
2019-10-12,110.8,39.93
2019-10-12,111.2,36.29
2019-10-12,111.8,36.14
2019-10-12,112.2,36.36
2019-10-12,112.8,38.86
2019-10-12,113.2,38.5
2019-10-12,113.8,39.99
2019-10-12,114.2,39.97
2019-10-12,114.8,36.33
2019-10-12,115.2,35.85
2019-10-12,115.8,30.13
2019-10-12,116.2,29.26
2019-10-12,116.8,30.74
2019-10-12,117.2,29.18
2019-10-12,117.8,28.75
2019-10-13,97.25,42.66
2019-10-13,97.75,39.96
2019-10-13,98.25,40.14
2019-10-13,98.75,39.6
2019-10-13,99.25,44.44
2019-10-13,99.75,46.99
2019-10-13,100.2,47.97
2019-10-13,100.8,53.62
2019-10-13,101.2,54.15
2019-10-13,101.8,49.75
2019-10-13,102.2,47.6
2019-10-13,102.8,46.62
2019-10-13,103.2,43.05
2019-10-13,103.8,54.81
2019-10-13,104.2,56.46
2019-10-13,104.8,56.8
2019-10-13,105.2,45.27
2019-10-13,105.8,34.1
2019-10-13,106.2,37.81
2019-10-13,106.8,39.35
2019-10-13,107.2,40.47
2019-10-13,107.8,37.59
2019-10-13,108.2,38.42
2019-10-13,108.8,41.25
2019-10-13,109.2,41.47
2019-10-13,109.8,37.23
2019-10-13,110.2,42.03
2019-10-13,110.8,42.52
2019-10-13,111.2,41.15
2019-10-13,111.8,38.79
2019-10-13,112.2,37.15
2019-10-13,112.8,40.48
2019-10-13,113.2,40.01
2019-10-13,113.8,40.06
2019-10-13,114.2,39.87
2019-10-13,114.8,38.34
2019-10-13,115.2,29.04
2019-10-13,115.8,25.66
2019-10-13,116.2,28.11
2019-10-13,116.8,30
2019-10-13,117.2,30.31
2019-10-13,117.8,28.83
2019-10-14,97.25,47.28
2019-10-14,97.75,48.15
2019-10-14,98.25,49.29
2019-10-14,98.75,47.06
2019-10-14,99.25,49.69
2019-10-14,99.75,54.91
2019-10-14,100.2,56.27
2019-10-14,100.8,56.24
2019-10-14,101.2,55.51
2019-10-14,101.8,48.85
2019-10-14,102.2,52.77
2019-10-14,102.8,55.03
2019-10-14,103.2,52.76
2019-10-14,103.8,64.43
2019-10-14,104.2,64.03
2019-10-14,104.8,45.84
2019-10-14,105.2,40.49
2019-10-14,105.8,39.53
2019-10-14,106.2,39.32
2019-10-14,106.8,39.58
2019-10-14,107.2,40.51
2019-10-14,107.8,38.82
2019-10-14,108.2,39.71
2019-10-14,108.8,40.74
2019-10-14,109.2,39.75
2019-10-14,109.8,39.71
2019-10-14,110.2,40.24
2019-10-14,110.8,40.92
2019-10-14,111.2,40.16
2019-10-14,111.8,40.78
2019-10-14,112.2,41.3
2019-10-14,112.8,40.44
2019-10-14,113.2,38.22
2019-10-14,113.8,36.02
2019-10-14,114.2,35.52
2019-10-14,114.8,33.53
2019-10-14,115.2,31.31
2019-10-14,115.8,30.35
2019-10-14,116.2,32.7
2019-10-14,116.8,31.4
2019-10-14,117.2,27.46
2019-10-14,117.8,27.41
2019-10-15,97.25,65.31
2019-10-15,97.75,64.27
2019-10-15,98.25,47.88
2019-10-15,98.75,46.04
2019-10-15,99.25,50.25
2019-10-15,99.75,59.54
2019-10-15,100.2,65.03
2019-10-15,100.8,64.39
2019-10-15,101.2,56.55
2019-10-15,101.8,50.91
2019-10-15,102.2,50.48
2019-10-15,102.8,53.28
2019-10-15,103.2,52.63
2019-10-15,103.8,65.61
2019-10-15,104.2,55.58
2019-10-15,104.8,44.5
2019-10-15,105.2,39.09
2019-10-15,105.8,38.51
2019-10-15,106.2,37.73
2019-10-15,106.8,39.94
2019-10-15,107.2,39.23
2019-10-15,107.8,37.66
2019-10-15,108.2,38.72
2019-10-15,108.8,40.66
2019-10-15,109.2,42.58
2019-10-15,109.8,42.5
2019-10-15,110.2,43.15
2019-10-15,110.8,46.28
2019-10-15,111.2,41.3
2019-10-15,111.8,40.91
2019-10-15,112.2,39.86
2019-10-15,112.8,40.34
2019-10-15,113.2,38.23
2019-10-15,113.8,36.33
2019-10-15,114.2,34.36
2019-10-15,114.8,31.93
2019-10-15,115.2,29.75
2019-10-15,115.8,27.85
2019-10-15,116.2,27.29
2019-10-15,116.8,28.99
2019-10-15,117.2,29.44
2019-10-15,117.8,29.91
2019-10-16,97.25,52.22
2019-10-16,97.75,55.08
2019-10-16,98.25,55.49
2019-10-16,98.75,55.29
2019-10-16,99.25,50.44
2019-10-16,99.75,54.19
2019-10-16,100.2,66.31
2019-10-16,100.8,72.8
2019-10-16,101.2,42.54
2019-10-16,101.8,46.8
2019-10-16,102.2,48.29
2019-10-16,102.8,49.88
2019-10-16,103.2,46.98
2019-10-16,103.8,45.63
2019-10-16,104.2,46.46
2019-10-16,104.8,43.31
2019-10-16,105.2,38.28
2019-10-16,105.8,36.52
2019-10-16,106.2,35.79
2019-10-16,106.8,37.54
2019-10-16,107.2,39.92
2019-10-16,107.8,34.78
2019-10-16,108.2,36.21
2019-10-16,108.8,35.98
2019-10-16,109.2,36.7
2019-10-16,109.8,40.69
2019-10-16,110.2,42.16
2019-10-16,110.8,33.74
2019-10-16,111.2,35.05
2019-10-16,111.8,40.76
2019-10-16,112.2,40.81
2019-10-16,112.8,37.41
2019-10-16,113.2,34.75
2019-10-16,113.8,32.08
2019-10-16,114.2,30.73
2019-10-16,114.8,29.61
2019-10-16,115.2,27.72
2019-10-16,115.8,27.09
2019-10-16,116.2,26.92
2019-10-16,116.8,26.18
2019-10-16,117.2,27.28
2019-10-16,117.8,27.06
2019-10-17,97.25,65.71
2019-10-17,97.75,73.14
2019-10-17,98.25,67.83
2019-10-17,98.75,66.42
2019-10-17,99.25,67.28
2019-10-17,99.75,63.96
2019-10-17,100.2,61.81
2019-10-17,100.8,51.5
2019-10-17,101.2,50.86
2019-10-17,101.8,48.77
2019-10-17,102.2,44.75
2019-10-17,102.8,47.84
2019-10-17,103.2,48.25
2019-10-17,103.8,51.62
2019-10-17,104.2,44.36
2019-10-17,104.8,40.88
2019-10-17,105.2,40.62
2019-10-17,105.8,40.51
2019-10-17,106.2,37.49
2019-10-17,106.8,40.35
2019-10-17,107.2,40.57
2019-10-17,107.8,39.99
2019-10-17,108.2,39.77
2019-10-17,108.8,40.7
2019-10-17,109.2,36.21
2019-10-17,109.8,33.96
2019-10-17,110.2,35.83
2019-10-17,110.8,36.74
2019-10-17,111.2,35.82
2019-10-17,111.8,33.59
2019-10-17,112.2,31.58
2019-10-17,112.8,33.72
2019-10-17,113.2,32.54
2019-10-17,113.8,29.5
2019-10-17,114.2,26.75
2019-10-17,114.8,27.16
2019-10-17,115.2,26.42
2019-10-17,115.8,26.13
2019-10-17,116.2,26.42
2019-10-17,116.8,26.67
2019-10-17,117.2,26.56
2019-10-17,117.8,26.95
2019-10-18,97.25,62.14
2019-10-18,97.75,61.33
2019-10-18,98.25,54.84
2019-10-18,98.75,55.35
2019-10-18,99.25,53.6
2019-10-18,99.75,50.89
2019-10-18,100.2,46.56
2019-10-18,100.8,43.36
2019-10-18,101.2,44.65
2019-10-18,101.8,42.88
2019-10-18,102.2,57.88
2019-10-18,102.8,55.9
2019-10-18,103.2,34.6
2019-10-18,103.8,39.3
2019-10-18,104.2,44.01
2019-10-18,104.8,46.57
2019-10-18,105.2,32.47
2019-10-18,105.8,32.96
2019-10-18,106.2,32.55
2019-10-18,106.8,34.55
2019-10-18,107.2,41.4
2019-10-18,107.8,40.57
2019-10-18,108.2,32.42
2019-10-18,108.8,38.97
2019-10-18,109.2,39.08
2019-10-18,109.8,41.87
2019-10-18,110.2,45.86
2019-10-18,110.8,35.13
2019-10-18,111.2,36.84
2019-10-18,111.8,39
2019-10-18,112.2,35.55
2019-10-18,112.8,35.25
2019-10-18,113.2,30.22
2019-10-18,113.8,28.01
2019-10-18,114.2,26.8
2019-10-18,114.8,26.46
2019-10-18,115.2,27.59
2019-10-18,115.8,26.96
2019-10-18,116.2,26.26
2019-10-18,116.8,26.67
2019-10-18,117.2,26.12
2019-10-18,117.8,25.3
2019-10-19,97.25,52.02
2019-10-19,97.75,52.06
2019-10-19,98.25,49.3
2019-10-19,98.75,47.8
2019-10-19,99.25,46.98
2019-10-19,99.75,51.58
2019-10-19,100.2,48.03
2019-10-19,100.8,49.83
2019-10-19,101.2,48.55
2019-10-19,101.8,45.78
2019-10-19,102.2,42.85
2019-10-19,102.8,45.42
2019-10-19,103.2,45.76
2019-10-19,103.8,45.87
2019-10-19,104.2,44.6
2019-10-19,104.8,48.2
2019-10-19,105.2,40.93
2019-10-19,105.8,34.96
2019-10-19,106.2,38.7
2019-10-19,106.8,35.55
2019-10-19,107.2,35.96
2019-10-19,107.8,33.51
2019-10-19,108.2,33.52
2019-10-19,108.8,32.54
2019-10-19,109.2,29.7
2019-10-19,109.8,32.23
2019-10-19,110.2,29.33
2019-10-19,110.8,29.11
2019-10-19,111.2,29.78
2019-10-19,111.8,29.95
2019-10-19,112.2,28.21
2019-10-19,112.8,30.32
2019-10-19,113.2,28.02
2019-10-19,113.8,27.46
2019-10-19,114.2,24.86
2019-10-19,114.8,
2019-10-19,115.2,24.01
2019-10-19,115.8,23.11
2019-10-19,116.2,23.1
2019-10-19,116.8,25.96
2019-10-19,117.2,26.79
2019-10-19,117.8,27.6
2019-10-20,97.25,46.66
2019-10-20,97.75,45.34
2019-10-20,98.25,40.92
2019-10-20,98.75,41.52
2019-10-20,99.25,37.02
2019-10-20,99.75,34.38
2019-10-20,100.2,34.71
2019-10-20,100.8,34
2019-10-20,101.2,34.48
2019-10-20,101.8,33.51
2019-10-20,102.2,34.32
2019-10-20,102.8,34.89
2019-10-20,103.2,36.34
2019-10-20,103.8,42.01
2019-10-20,104.2,39.47
2019-10-20,104.8,35.6
2019-10-20,105.2,32.3
2019-10-20,105.8,31.97
2019-10-20,106.2,31.87
2019-10-20,106.8,32.02
2019-10-20,107.2,30.88
2019-10-20,107.8,32.29
2019-10-20,108.2,31.99
2019-10-20,108.8,30.11
2019-10-20,109.2,30.1
2019-10-20,109.8,29.74
2019-10-20,110.2,30.1
2019-10-20,110.8,27.97
2019-10-20,111.2,27.73
2019-10-20,111.8,28.11
2019-10-20,112.2,27.61
2019-10-20,112.8,27.44
2019-10-20,113.2,27.3
2019-10-20,113.8,28.45
2019-10-20,114.2,28.57
2019-10-20,114.8,30.17
2019-10-20,115.2,28.36
2019-10-20,115.8,24.88
2019-10-20,116.2,25.55
2019-10-20,116.8,25.35
2019-10-20,117.2,26.93
2019-10-20,117.8,29.04
2019-10-21,97.25,49.98
2019-10-21,97.75,49.56
2019-10-21,98.25,49.81
2019-10-21,98.75,46.47
2019-10-21,99.25,31.03
2019-10-21,99.75,26.89
2019-10-21,100.2,29.65
2019-10-21,100.8,34.48
2019-10-21,101.2,32.84
2019-10-21,101.8,31.78
2019-10-21,102.2,33.99
2019-10-21,102.8,35.73
2019-10-21,103.2,33.29
2019-10-21,103.8,34.85
2019-10-21,104.2,36.2
2019-10-21,104.8,34.81
2019-10-21,105.2,29.85
2019-10-21,105.8,29.81
2019-10-21,106.2,30.41
2019-10-21,106.8,27.1
2019-10-21,107.2,29.5
2019-10-21,107.8,30.57
2019-10-21,108.2,32.49
2019-10-21,108.8,31.81
2019-10-21,109.2,30.62
2019-10-21,109.8,30.71
2019-10-21,110.2,29.17
2019-10-21,110.8,29.52
2019-10-21,111.2,29.25
2019-10-21,111.8,30.15
2019-10-21,112.2,30.53
2019-10-21,112.8,31.35
2019-10-21,113.2,30.08
2019-10-21,113.8,29.5
2019-10-21,114.2,28.52
2019-10-21,114.8,28.34
2019-10-21,115.2,28.21
2019-10-21,115.8,28.34
2019-10-21,116.2,29.59
2019-10-21,116.8,29.3
2019-10-21,117.2,29.32
2019-10-21,117.8,29.43
2019-10-22,97.25,42.34
2019-10-22,97.75,43.27
2019-10-22,98.25,37.4
2019-10-22,98.75,39.46
2019-10-22,99.25,41.62
2019-10-22,99.75,39.46
2019-10-22,100.2,36.92
2019-10-22,100.8,36.64
2019-10-22,101.2,36.28
2019-10-22,101.8,38.89
2019-10-22,102.2,40.97
2019-10-22,102.8,45.58
2019-10-22,103.2,46.19
2019-10-22,103.8,
2019-10-22,104.2,
2019-10-22,104.8,
2019-10-22,105.2,
2019-10-22,105.8,26.38
2019-10-22,106.2,27.38
2019-10-22,106.8,29.43
2019-10-22,107.2,
2019-10-22,107.8,
2019-10-22,108.2,
2019-10-22,108.8,34.4
2019-10-22,109.2,35.99
2019-10-22,109.8,36.11
2019-10-22,110.2,35.26
2019-10-22,110.8,34.37
2019-10-22,111.2,33.37
2019-10-22,111.8,32.15
2019-10-22,112.2,32.52
2019-10-22,112.8,32.4
2019-10-22,113.2,31.27
2019-10-22,113.8,31.02
2019-10-22,114.2,30.45
2019-10-22,114.8,29.88
2019-10-22,115.2,29.14
2019-10-22,115.8,28.4
2019-10-22,116.2,29.47
2019-10-22,116.8,29.26
2019-10-22,117.2,29.54
2019-10-22,117.8,29.79
2019-10-23,97.25,43.45
2019-10-23,97.75,41.61
2019-10-23,98.25,37.93
2019-10-23,98.75,36.93
2019-10-23,99.25,37.16
2019-10-23,99.75,43.01
2019-10-23,100.2,42.33
2019-10-23,100.8,43.88
2019-10-23,101.2,41.07
2019-10-23,101.8,36.81
2019-10-23,102.2,33.7
2019-10-23,102.8,39.12
2019-10-23,103.2,43.09
2019-10-23,103.8,48.11
2019-10-23,104.2,60.65
2019-10-23,104.8,67.59
2019-10-23,105.2,49.13
2019-10-23,105.8,41.31
2019-10-23,106.2,31.69
2019-10-23,106.8,31.06
2019-10-23,107.2,32.03
2019-10-23,107.8,38.27
2019-10-23,108.2,37.97
2019-10-23,108.8,36.95
2019-10-23,109.2,29.49
2019-10-23,109.8,35.26
2019-10-23,110.2,33.59
2019-10-23,110.8,33.2
2019-10-23,111.2,33.39
2019-10-23,111.8,34.1
2019-10-23,112.2,33.84
2019-10-23,112.8,34.74
2019-10-23,113.2,34.23
2019-10-23,113.8,34.08
2019-10-23,114.2,35.94
2019-10-23,114.8,33.91
2019-10-23,115.2,33.79
2019-10-23,115.8,31.36
2019-10-23,116.2,31.22
2019-10-23,116.8,31.42
2019-10-23,117.2,32.06
2019-10-23,117.8,31.47
2019-10-24,97.25,46.14
2019-10-24,97.75,46.69
2019-10-24,98.25,48.38
2019-10-24,98.75,46.87
2019-10-24,99.25,44.95
2019-10-24,99.75,45.99
2019-10-24,100.2,45.82
2019-10-24,100.8,44.46
2019-10-24,101.2,45.64
2019-10-24,101.8,46.85
2019-10-24,102.2,49.45
2019-10-24,102.8,50.11
2019-10-24,103.2,51.79
2019-10-24,103.8,49.82
2019-10-24,104.2,54.33
2019-10-24,104.8,61.7
2019-10-24,105.2,41.55
2019-10-24,105.8,34.94
2019-10-24,106.2,34.72
2019-10-24,106.8,36.19
2019-10-24,107.2,35.1
2019-10-24,107.8,35.93
2019-10-24,108.2,37.84
2019-10-24,108.8,38.94
2019-10-24,109.2,38.15
2019-10-24,109.8,38.66
2019-10-24,110.2,39.59
2019-10-24,110.8,36.89
2019-10-24,111.2,36.56
2019-10-24,111.8,35.78
2019-10-24,112.2,35.74
2019-10-24,112.8,37.45
2019-10-24,113.2,39.45
2019-10-24,113.8,30.16
2019-10-24,114.2,29.75
2019-10-24,114.8,33.35
2019-10-24,115.2,33.09
2019-10-24,115.8,32.07
2019-10-24,116.2,33.14
2019-10-24,116.8,33.02
2019-10-24,117.2,32.08
2019-10-24,117.8,32
2019-10-25,97.25,53.89
2019-10-25,97.75,52.85
2019-10-25,98.25,49.02
2019-10-25,98.75,44.12
2019-10-25,99.25,39.82
2019-10-25,99.75,42.22
2019-10-25,100.2,41.38
2019-10-25,100.8,40.59
2019-10-25,101.2,38.7
2019-10-25,101.8,32.68
2019-10-25,102.2,34.32
2019-10-25,102.8,40.17
2019-10-25,103.2,34.47
2019-10-25,103.8,34.11
2019-10-25,104.2,42.8
2019-10-25,104.8,43.75
2019-10-25,105.2,37.68
2019-10-25,105.8,39.27
2019-10-25,106.2,37.85
2019-10-25,106.8,35.3
2019-10-25,107.2,35.44
2019-10-25,107.8,34.63
2019-10-25,108.2,38.39
2019-10-25,108.8,36.93
2019-10-25,109.2,38.87
2019-10-25,109.8,37.6
2019-10-25,110.2,38.46
2019-10-25,110.8,38.14
2019-10-25,111.2,36.91
2019-10-25,111.8,37.1
2019-10-25,112.2,37.62
2019-10-25,112.8,37.92
2019-10-25,113.2,39.26
2019-10-25,113.8,37.07
2019-10-25,114.2,37.62
2019-10-25,114.8,37.11
2019-10-25,115.2,33.58
2019-10-25,115.8,30.83
2019-10-25,116.2,29.73
2019-10-25,116.8,30.24
2019-10-25,117.2,31.64
2019-10-25,117.8,33.37
2019-10-26,97.25,44.33
2019-10-26,97.75,38.09
2019-10-26,98.25,34.71
2019-10-26,98.75,35.1
2019-10-26,99.25,36.1
2019-10-26,99.75,38.54
2019-10-26,100.2,38.77
2019-10-26,100.8,37.67
2019-10-26,101.2,37.54
2019-10-26,101.8,38.54
2019-10-26,102.2,50.77
2019-10-26,102.8,54.15
2019-10-26,103.2,56.02
2019-10-26,103.8,60.24
2019-10-26,104.2,54.9
2019-10-26,104.8,48.26
2019-10-26,105.2,40.64
2019-10-26,105.8,35.27
2019-10-26,106.2,33.76
2019-10-26,106.8,34.02
2019-10-26,107.2,34.28
2019-10-26,107.8,33.41
2019-10-26,108.2,32.53
2019-10-26,108.8,40.53
2019-10-26,109.2,39.69
2019-10-26,109.8,35.54
2019-10-26,110.2,36.2
2019-10-26,110.8,36.18
2019-10-26,111.2,38
2019-10-26,111.8,38.04
2019-10-26,112.2,36.97
2019-10-26,112.8,37.18
2019-10-26,113.2,33.01
2019-10-26,113.8,26.35
2019-10-26,114.2,31.61
2019-10-26,114.8,30.36
2019-10-26,115.2,30.75
2019-10-26,115.8,26.53
2019-10-26,116.2,25.46
2019-10-26,116.8,27.56
2019-10-26,117.2,38.97
2019-10-26,117.8,33.08
2019-10-27,97.25,49.41
2019-10-27,97.75,49.63
2019-10-27,98.25,48.48
2019-10-27,98.75,46.53
2019-10-27,99.25,41.35
2019-10-27,99.75,41.16
2019-10-27,100.2,41.67
2019-10-27,100.8,40.51
2019-10-27,101.2,44.23
2019-10-27,101.8,49.55
2019-10-27,102.2,51.27
2019-10-27,102.8,33.08
2019-10-27,103.2,38.17
2019-10-27,103.8,48.51
2019-10-27,104.2,53.63
2019-10-27,104.8,54.12
2019-10-27,105.2,49.91
2019-10-27,105.8,43.39
2019-10-27,106.2,36.92
2019-10-27,106.8,40.12
2019-10-27,107.2,41.38
2019-10-27,107.8,43.59
2019-10-27,108.2,44.99
2019-10-27,108.8,43.32
2019-10-27,109.2,39.56
2019-10-27,109.8,38.78
2019-10-27,110.2,36.5
2019-10-27,110.8,36.37
2019-10-27,111.2,34.92
2019-10-27,111.8,34.96
2019-10-27,112.2,35.29
2019-10-27,112.8,31.15
2019-10-27,113.2,30.4
2019-10-27,113.8,28.82
2019-10-27,114.2,29.11
2019-10-27,114.8,29.89
2019-10-27,115.2,29.43
2019-10-27,115.8,28.61
2019-10-27,116.2,29.83
2019-10-27,116.8,27.96
2019-10-27,117.2,28.01
2019-10-27,117.8,26.72
2019-10-28,97.25,41.84
2019-10-28,97.75,45.2
2019-10-28,98.25,43.09
2019-10-28,98.75,42.87
2019-10-28,99.25,40.64
2019-10-28,99.75,39.52
2019-10-28,100.2,41.81
2019-10-28,100.8,39.16
2019-10-28,101.2,43.97
2019-10-28,101.8,43.21
2019-10-28,102.2,41.43
2019-10-28,102.8,41.22
2019-10-28,103.2,39.27
2019-10-28,103.8,43.18
2019-10-28,104.2,49.13
2019-10-28,104.8,43.34
2019-10-28,105.2,45.85
2019-10-28,105.8,38.18
2019-10-28,106.2,44.63
2019-10-28,106.8,46.12
2019-10-28,107.2,
2019-10-28,107.8,
2019-10-28,108.2,43.54
2019-10-28,108.8,40.13
2019-10-28,109.2,39.29
2019-10-28,109.8,41.09
2019-10-28,110.2,41.69
2019-10-28,110.8,39.1
2019-10-28,111.2,37.73
2019-10-28,111.8,37.7
2019-10-28,112.2,39.56
2019-10-28,112.8,39.32
2019-10-28,113.2,37.37
2019-10-28,113.8,35.49
2019-10-28,114.2,35.32
2019-10-28,114.8,35.78
2019-10-28,115.2,36.1
2019-10-28,115.8,33.3
2019-10-28,116.2,32.57
2019-10-28,116.8,32.42
2019-10-28,117.2,32.61
2019-10-28,117.8,32.11
2019-10-29,97.25,44.71
2019-10-29,97.75,44.59
2019-10-29,98.25,44.88
2019-10-29,98.75,43.74
2019-10-29,99.25,41.79
2019-10-29,99.75,43.21
2019-10-29,100.2,42.98
2019-10-29,100.8,52.15
2019-10-29,101.2,54.9
2019-10-29,101.8,54.79
2019-10-29,102.2,56.28
2019-10-29,102.8,56.24
2019-10-29,103.2,52.33
2019-10-29,103.8,52.03
2019-10-29,104.2,51.59
2019-10-29,104.8,47.1
2019-10-29,105.2,46.38
2019-10-29,105.8,44.08
2019-10-29,106.2,42.45
2019-10-29,106.8,40.65
2019-10-29,107.2,39.44
2019-10-29,107.8,39.1
2019-10-29,108.2,38.75
2019-10-29,108.8,39.03
2019-10-29,109.2,37.37
2019-10-29,109.8,37.68
2019-10-29,110.2,37.33
2019-10-29,110.8,36.65
2019-10-29,111.2,36.44
2019-10-29,111.8,36.61
2019-10-29,112.2,32.24
2019-10-29,112.8,33.24
2019-10-29,113.2,33.61
2019-10-29,113.8,32.89
2019-10-29,114.2,32.53
2019-10-29,114.8,35.26
2019-10-29,115.2,31.72
2019-10-29,115.8,28.01
2019-10-29,116.2,31.51
2019-10-29,116.8,35.11
2019-10-29,117.2,35.39
2019-10-29,117.8,35.41
2019-10-30,97.25,43.7
2019-10-30,97.75,43.83
2019-10-30,98.25,44.03
2019-10-30,98.75,44.21
2019-10-30,99.25,46.24
2019-10-30,99.75,46.38
2019-10-30,100.2,42.66
2019-10-30,100.8,44.75
2019-10-30,101.2,44
2019-10-30,101.8,44.96
2019-10-30,102.2,41.77
2019-10-30,102.8,44.88
2019-10-30,103.2,43.71
2019-10-30,103.8,37.03
2019-10-30,104.2,43.77
2019-10-30,104.8,51.22
2019-10-30,105.2,45.47
2019-10-30,105.8,40.25
2019-10-30,106.2,37.7
2019-10-30,106.8,36.22
2019-10-30,107.2,35.42
2019-10-30,107.8,36.38
2019-10-30,108.2,37.4
2019-10-30,108.8,37.93
2019-10-30,109.2,36.47
2019-10-30,109.8,35.95
2019-10-30,110.2,37
2019-10-30,110.8,36.87
2019-10-30,111.2,37.12
2019-10-30,111.8,37.27
2019-10-30,112.2,36.8
2019-10-30,112.8,37.23
2019-10-30,113.2,37.36
2019-10-30,113.8,38.86
2019-10-30,114.2,39.48
2019-10-30,114.8,40.91
2019-10-30,115.2,38.36
2019-10-30,115.8,36.61
2019-10-30,116.2,37.55
2019-10-30,116.8,36.74
2019-10-30,117.2,34.01
2019-10-30,117.8,33.87
2019-10-31,97.25,42.78
2019-10-31,97.75,41.12
2019-10-31,98.25,38.73
2019-10-31,98.75,37.15
2019-10-31,99.25,38.44
2019-10-31,99.75,39.13
2019-10-31,100.2,38.1
2019-10-31,100.8,38.76
2019-10-31,101.2,40.92
2019-10-31,101.8,40.32
2019-10-31,102.2,38.34
2019-10-31,102.8,39.06
2019-10-31,103.2,42.57
2019-10-31,103.8,44.15
2019-10-31,104.2,44.14
2019-10-31,104.8,49.62
2019-10-31,105.2,47.5
2019-10-31,105.8,44.01
2019-10-31,106.2,41.64
2019-10-31,106.8,39.92
2019-10-31,107.2,38.88
2019-10-31,107.8,39.34
2019-10-31,108.2,38.75
2019-10-31,108.8,39.71
2019-10-31,109.2,43.55
2019-10-31,109.8,41.39
2019-10-31,110.2,43.24
2019-10-31,110.8,43.63
2019-10-31,111.2,42.98
2019-10-31,111.8,43.6
2019-10-31,112.2,44.92
2019-10-31,112.8,46.61
2019-10-31,113.2,48.2
2019-10-31,113.8,47.96
2019-10-31,114.2,43.52
2019-10-31,114.8,40.28
2019-10-31,115.2,35.28
2019-10-31,115.8,33.75
2019-10-31,116.2,34.34
2019-10-31,116.8,33.58
2019-10-31,117.2,32.94
2019-10-31,117.8,32.79
2019-11-01,97.25,38.9
2019-11-01,97.75,40.94
2019-11-01,98.25,40.98
2019-11-01,98.75,41.14
2019-11-01,99.25,39.55
2019-11-01,99.75,39.04
2019-11-01,100.2,42.63
2019-11-01,100.8,40.73
2019-11-01,101.2,40
2019-11-01,101.8,37.81
2019-11-01,102.2,40.7
2019-11-01,102.8,44.51
2019-11-01,103.2,49.72
2019-11-01,103.8,52.98
2019-11-01,104.2,54.5
2019-11-01,104.8,53.57
2019-11-01,105.2,54.24
2019-11-01,105.8,47.03
2019-11-01,106.2,45.34
2019-11-01,106.8,41.57
2019-11-01,107.2,39.1
2019-11-01,107.8,39.75
2019-11-01,108.2,38.99
2019-11-01,108.8,40.27
2019-11-01,109.2,41.31
2019-11-01,109.8,42.1
2019-11-01,110.2,40.61
2019-11-01,110.8,37.95
2019-11-01,111.2,38.66
2019-11-01,111.8,37.13
2019-11-01,112.2,37.49
2019-11-01,112.8,34.54
2019-11-01,113.2,34.76
2019-11-01,113.8,36.04
2019-11-01,114.2,36.37
2019-11-01,114.8,34.25
2019-11-01,115.2,35.89
2019-11-01,115.8,32.01
2019-11-01,116.2,26.77
2019-11-01,116.8,28.5
2019-11-01,117.2,28.43
2019-11-01,117.8,27.65
2019-11-02,97.25,38.58
2019-11-02,97.75,39.47
2019-11-02,98.25,38.66
2019-11-02,98.75,38.01
2019-11-02,99.25,36.18
2019-11-02,99.75,35.82
2019-11-02,100.2,36.95
2019-11-02,100.8,38.71
2019-11-02,101.2,39.3
2019-11-02,101.8,40.38
2019-11-02,102.2,41.58
2019-11-02,102.8,44.38
2019-11-02,103.2,45.33
2019-11-02,103.8,47.82
2019-11-02,104.2,54.65
2019-11-02,104.8,57.59
2019-11-02,105.2,55.95
2019-11-02,105.8,58.67
2019-11-02,106.2,
2019-11-02,106.8,
2019-11-02,107.2,
2019-11-02,107.8,
2019-11-02,108.2,
2019-11-02,108.8,
2019-11-02,109.2,
2019-11-02,109.8,
2019-11-02,110.2,
2019-11-02,110.8,
2019-11-02,111.2,
2019-11-02,111.8,
2019-11-02,112.2,
2019-11-02,112.8,
2019-11-02,113.2,
2019-11-02,113.8,
2019-11-02,114.2,
2019-11-02,114.8,
2019-11-02,115.2,
2019-11-02,115.8,
2019-11-02,116.2,
2019-11-02,116.8,
2019-11-02,117.2,
2019-11-02,117.8,
2019-11-03,97.25,36.89
2019-11-03,97.75,37.38
2019-11-03,98.25,37.83
2019-11-03,98.75,37.05
2019-11-03,99.25,35.94
2019-11-03,99.75,37.12
2019-11-03,100.2,37.27
2019-11-03,100.8,38.09
2019-11-03,101.2,39.27
2019-11-03,101.8,40.63
2019-11-03,102.2,41.43
2019-11-03,102.8,42.65
2019-11-03,103.2,43.41
2019-11-03,103.8,47.39
2019-11-03,104.2,51.75
2019-11-03,104.8,58
2019-11-03,105.2,60.87
2019-11-03,105.8,47.57
2019-11-03,106.2,43.96
2019-11-03,106.8,40.73
2019-11-03,107.2,38.76
2019-11-03,107.8,38.96
2019-11-03,108.2,39.71
2019-11-03,108.8,39.94
2019-11-03,109.2,39.42
2019-11-03,109.8,
2019-11-03,110.2,
2019-11-03,110.8,37.36
2019-11-03,111.2,35.01
2019-11-03,111.8,34.84
2019-11-03,112.2,34.45
2019-11-03,112.8,34.36
2019-11-03,113.2,34.74
2019-11-03,113.8,32.91
2019-11-03,114.2,31.44
2019-11-03,114.8,31.17
2019-11-03,115.2,33.22
2019-11-03,115.8,31.98
2019-11-03,116.2,31.09
2019-11-03,116.8,31.79
2019-11-03,117.2,31
2019-11-03,117.8,31
2019-11-04,97.25,33.07
2019-11-04,97.75,33.35
2019-11-04,98.25,33.15
2019-11-04,98.75,33.35
2019-11-04,99.25,33.22
2019-11-04,99.75,33.82
2019-11-04,100.2,34.27
2019-11-04,100.8,34.96
2019-11-04,101.2,35.59
2019-11-04,101.8,37.19
2019-11-04,102.2,39.42
2019-11-04,102.8,41.29
2019-11-04,103.2,43.06
2019-11-04,103.8,47.63
2019-11-04,104.2,50.86
2019-11-04,104.8,50.88
2019-11-04,105.2,50.66
2019-11-04,105.8,46.25
2019-11-04,106.2,46.76
2019-11-04,106.8,45.79
2019-11-04,107.2,44.69
2019-11-04,107.8,42.84
2019-11-04,108.2,41.18
2019-11-04,108.8,36.42
2019-11-04,109.2,38.52
2019-11-04,109.8,39.16
2019-11-04,110.2,38.58
2019-11-04,110.8,37.32
2019-11-04,111.2,36.5
2019-11-04,111.8,35.76
2019-11-04,112.2,35.6
2019-11-04,112.8,34.04
2019-11-04,113.2,34.86
2019-11-04,113.8,35.63
2019-11-04,114.2,39.46
2019-11-04,114.8,39.19
2019-11-04,115.2,
2019-11-04,115.8,34.43
2019-11-04,116.2,31.68
2019-11-04,116.8,30.3
2019-11-04,117.2,31.14
2019-11-04,117.8,32.2
2019-11-05,97.25,33.39
2019-11-05,97.75,33.48
2019-11-05,98.25,30.59
2019-11-05,98.75,31.32
2019-11-05,99.25,32.95
2019-11-05,99.75,36.11
2019-11-05,100.2,36.74
2019-11-05,100.8,37.64
2019-11-05,101.2,37.57
2019-11-05,101.8,37.49
2019-11-05,102.2,39.5
2019-11-05,102.8,41.63
2019-11-05,103.2,46.89
2019-11-05,103.8,47.91
2019-11-05,104.2,49.26
2019-11-05,104.8,48.03
2019-11-05,105.2,44.08
2019-11-05,105.8,43.86
2019-11-05,106.2,42.82
2019-11-05,106.8,43.48
2019-11-05,107.2,41.57
2019-11-05,107.8,38.49
2019-11-05,108.2,37.98
2019-11-05,108.8,37.09
2019-11-05,109.2,36.75
2019-11-05,109.8,37.71
2019-11-05,110.2,38.12
2019-11-05,110.8,37.32
2019-11-05,111.2,36.51
2019-11-05,111.8,37.51
2019-11-05,112.2,36.62
2019-11-05,112.8,35.21
2019-11-05,113.2,35.95
2019-11-05,113.8,37.85
2019-11-05,114.2,38.26
2019-11-05,114.8,39.12
2019-11-05,115.2,36.61
2019-11-05,115.8,33.43
2019-11-05,116.2,32.14
2019-11-05,116.8,32.11
2019-11-05,117.2,31.46
2019-11-05,117.8,31.72
2019-11-06,97.25,32.73
2019-11-06,97.75,33.88
2019-11-06,98.25,35.83
2019-11-06,98.75,37.53
2019-11-06,99.25,35.56
2019-11-06,99.75,36.42
2019-11-06,100.2,37.35
2019-11-06,100.8,36.91
2019-11-06,101.2,43.33
2019-11-06,101.8,41.33
2019-11-06,102.2,41.76
2019-11-06,102.8,43.34
2019-11-06,103.2,45.32
2019-11-06,103.8,45.28
2019-11-06,104.2,47.19
2019-11-06,104.8,51.43
2019-11-06,105.2,53.94
2019-11-06,105.8,51.17
2019-11-06,106.2,50.92
2019-11-06,106.8,40.17
2019-11-06,107.2,37.71
2019-11-06,107.8,38.47
2019-11-06,108.2,38.05
2019-11-06,108.8,38.35
2019-11-06,109.2,38.97
2019-11-06,109.8,39.6
2019-11-06,110.2,40.7
2019-11-06,110.8,40.5
2019-11-06,111.2,39.54
2019-11-06,111.8,40.18
2019-11-06,112.2,39.46
2019-11-06,112.8,39
2019-11-06,113.2,37.9
2019-11-06,113.8,43.56
2019-11-06,114.2,43.62
2019-11-06,114.8,42.71
2019-11-06,115.2,40.5
2019-11-06,115.8,37.41
2019-11-06,116.2,38.17
2019-11-06,116.8,39.72
2019-11-06,117.2,35.79
2019-11-06,117.8,33.76
2019-11-07,97.25,33.73
2019-11-07,97.75,33.54
2019-11-07,98.25,34.13
2019-11-07,98.75,33.72
2019-11-07,99.25,32.95
2019-11-07,99.75,34.51
2019-11-07,100.2,34.92
2019-11-07,100.8,35.55
2019-11-07,101.2,36.57
2019-11-07,101.8,37.87
2019-11-07,102.2,39.1
2019-11-07,102.8,41.24
2019-11-07,103.2,42.64
2019-11-07,103.8,44.81
2019-11-07,104.2,42.55
2019-11-07,104.8,45.39
2019-11-07,105.2,48.48
2019-11-07,105.8,44.41
2019-11-07,106.2,43.1
2019-11-07,106.8,43.19
2019-11-07,107.2,41.17
2019-11-07,107.8,40.03
2019-11-07,108.2,40.18
2019-11-07,108.8,40.74
2019-11-07,109.2,41.71
2019-11-07,109.8,43.41
2019-11-07,110.2,43.34
2019-11-07,110.8,42.49
2019-11-07,111.2,41.36
2019-11-07,111.8,41.46
2019-11-07,112.2,40.72
2019-11-07,112.8,40.5
2019-11-07,113.2,43.8
2019-11-07,113.8,45.06
2019-11-07,114.2,45.18
2019-11-07,114.8,43.51
2019-11-07,115.2,40.17
2019-11-07,115.8,38.06
2019-11-07,116.2,38.04
2019-11-07,116.8,38.47
2019-11-07,117.2,37.92
2019-11-07,117.8,37.16
2019-11-08,97.25,33.19
2019-11-08,97.75,32.06
2019-11-08,98.25,33.6
2019-11-08,98.75,29.58
2019-11-08,99.25,31.02
2019-11-08,99.75,33.58
2019-11-08,100.2,34.35
2019-11-08,100.8,39.87
2019-11-08,101.2,39.86
2019-11-08,101.8,38.88
2019-11-08,102.2,41.45
2019-11-08,102.8,52.02
2019-11-08,103.2,52.77
2019-11-08,103.8,54.66
2019-11-08,104.2,51.62
2019-11-08,104.8,48.45
2019-11-08,105.2,43.68
2019-11-08,105.8,38.47
2019-11-08,106.2,38.61
2019-11-08,106.8,38.7
2019-11-08,107.2,40.22
2019-11-08,107.8,38.61
2019-11-08,108.2,37.68
2019-11-08,108.8,40.03
2019-11-08,109.2,39.6
2019-11-08,109.8,42.1
2019-11-08,110.2,43.69
2019-11-08,110.8,42.82
2019-11-08,111.2,43.27
2019-11-08,111.8,43.15
2019-11-08,112.2,41.89
2019-11-08,112.8,41.1
2019-11-08,113.2,42.09
2019-11-08,113.8,45.27
2019-11-08,114.2,47.01
2019-11-08,114.8,46.19
2019-11-08,115.2,42.94
2019-11-08,115.8,39.54
2019-11-08,116.2,38.47
2019-11-08,116.8,38.68
2019-11-08,117.2,37.75
2019-11-08,117.8,35.32
2019-11-09,97.25,31.63
2019-11-09,97.75,31.97
2019-11-09,98.25,32.05
2019-11-09,98.75,31.5
2019-11-09,99.25,31.43
2019-11-09,99.75,32.91
2019-11-09,100.2,34.94
2019-11-09,100.8,35.35
2019-11-09,101.2,35.82
2019-11-09,101.8,38.12
2019-11-09,102.2,38.76
2019-11-09,102.8,41.92
2019-11-09,103.2,43.54
2019-11-09,103.8,45
2019-11-09,104.2,48.68
2019-11-09,104.8,53.71
2019-11-09,105.2,49.59
2019-11-09,105.8,42.87
2019-11-09,106.2,39.85
2019-11-09,106.8,40.5
2019-11-09,107.2,40.8
2019-11-09,107.8,41.59
2019-11-09,108.2,43.5
2019-11-09,108.8,44.01
2019-11-09,109.2,44.58
2019-11-09,109.8,46.11
2019-11-09,110.2,45.15
2019-11-09,110.8,46.47
2019-11-09,111.2,49.42
2019-11-09,111.8,45.94
2019-11-09,112.2,45.72
2019-11-09,112.8,49.83
2019-11-09,113.2,46.94
2019-11-09,113.8,46.42
2019-11-09,114.2,44.51
2019-11-09,114.8,41.82
2019-11-09,115.2,39.03
2019-11-09,115.8,32.93
2019-11-09,116.2,33.99
2019-11-09,116.8,39.69
2019-11-09,117.2,35.86
2019-11-09,117.8,31.89
2019-11-10,97.25,31.98
2019-11-10,97.75,34.26
2019-11-10,98.25,35.38
2019-11-10,98.75,35.26
2019-11-10,99.25,36.41
2019-11-10,99.75,36.69
2019-11-10,100.2,36.44
2019-11-10,100.8,37.17
2019-11-10,101.2,39.01
2019-11-10,101.8,41.05
2019-11-10,102.2,43.89
2019-11-10,102.8,46.7
2019-11-10,103.2,49.75
2019-11-10,103.8,57.09
2019-11-10,104.2,53.82
2019-11-10,104.8,51.67
2019-11-10,105.2,51.62
2019-11-10,105.8,45.57
2019-11-10,106.2,43.6
2019-11-10,106.8,42.08
2019-11-10,107.2,41.18
2019-11-10,107.8,40.36
2019-11-10,108.2,40.76
2019-11-10,108.8,39.79
2019-11-10,109.2,40.34
2019-11-10,109.8,42.33
2019-11-10,110.2,45.74
2019-11-10,110.8,46.9
2019-11-10,111.2,43.01
2019-11-10,111.8,44.2
2019-11-10,112.2,43.18
2019-11-10,112.8,43.75
2019-11-10,113.2,44.06
2019-11-10,113.8,45.95
2019-11-10,114.2,45.32
2019-11-10,114.8,43.77
2019-11-10,115.2,43.33
2019-11-10,115.8,42.77
2019-11-10,116.2,41.88
2019-11-10,116.8,43.37
2019-11-10,117.2,43.54
2019-11-10,117.8,39.28
2019-11-11,97.25,34.97
2019-11-11,97.75,32.9
2019-11-11,98.25,33.84
2019-11-11,98.75,34.67
2019-11-11,99.25,34.98
2019-11-11,99.75,36.3
2019-11-11,100.2,39.22
2019-11-11,100.8,42.98
2019-11-11,101.2,45.76
2019-11-11,101.8,47.17
2019-11-11,102.2,54.1
2019-11-11,102.8,41.28
2019-11-11,103.2,48.45
2019-11-11,103.8,49.36
2019-11-11,104.2,57.69
2019-11-11,104.8,59.98
2019-11-11,105.2,58.95
2019-11-11,105.8,50.17
2019-11-11,106.2,43.7
2019-11-11,106.8,41.98
2019-11-11,107.2,42.69
2019-11-11,107.8,41.73
2019-11-11,108.2,40.64
2019-11-11,108.8,41.73
2019-11-11,109.2,45.06
2019-11-11,109.8,46.24
2019-11-11,110.2,44.65
2019-11-11,110.8,43.62
2019-11-11,111.2,42.22
2019-11-11,111.8,40.96
2019-11-11,112.2,39.79
2019-11-11,112.8,41.01
2019-11-11,113.2,43.11
2019-11-11,113.8,44.27
2019-11-11,114.2,45.42
2019-11-11,114.8,42.1
2019-11-11,115.2,38.36
2019-11-11,115.8,36.3
2019-11-11,116.2,36.18
2019-11-11,116.8,38.74
2019-11-11,117.2,39.62
2019-11-11,117.8,40.32
2019-11-12,97.25,35.74
2019-11-12,97.75,36.68
2019-11-12,98.25,37.01
2019-11-12,98.75,36.76
2019-11-12,99.25,37.5
2019-11-12,99.75,42.41
2019-11-12,100.2,45.87
2019-11-12,100.8,48.56
2019-11-12,101.2,55.29
2019-11-12,101.8,57.87
2019-11-12,102.2,47.13
2019-11-12,102.8,46.26
2019-11-12,103.2,47.25
2019-11-12,103.8,51.14
2019-11-12,104.2,55.18
2019-11-12,104.8,70.19
2019-11-12,105.2,55.62
2019-11-12,105.8,43.66
2019-11-12,106.2,35.73
2019-11-12,106.8,35.72
2019-11-12,107.2,36.44
2019-11-12,107.8,37.13
2019-11-12,108.2,38.25
2019-11-12,108.8,36.91
2019-11-12,109.2,39.63
2019-11-12,109.8,42.85
2019-11-12,110.2,40.61
2019-11-12,110.8,41.08
2019-11-12,111.2,40.03
2019-11-12,111.8,42.06
2019-11-12,112.2,44.27
2019-11-12,112.8,42.74
2019-11-12,113.2,39.65
2019-11-12,113.8,42.07
2019-11-12,114.2,40.66
2019-11-12,114.8,38.1
2019-11-12,115.2,37.08
2019-11-12,115.8,35.81
2019-11-12,116.2,35.19
2019-11-12,116.8,36.75
2019-11-12,117.2,36.41
2019-11-12,117.8,36.6
2019-11-13,97.25,41.25
2019-11-13,97.75,44.96
2019-11-13,98.25,46.1
2019-11-13,98.75,45.35
2019-11-13,99.25,46.76
2019-11-13,99.75,52.2
2019-11-13,100.2,54.77
2019-11-13,100.8,54.06
2019-11-13,101.2,52.95
2019-11-13,101.8,49.05
2019-11-13,102.2,48.83
2019-11-13,102.8,48.34
2019-11-13,103.2,45.37
2019-11-13,103.8,45.86
2019-11-13,104.2,45.07
2019-11-13,104.8,47.17
2019-11-13,105.2,40.61
2019-11-13,105.8,40.36
2019-11-13,106.2,40.38
2019-11-13,106.8,
2019-11-13,107.2,
2019-11-13,107.8,40.37
2019-11-13,108.2,41.11
2019-11-13,108.8,40.82
2019-11-13,109.2,40.83
2019-11-13,109.8,38.66
2019-11-13,110.2,39.13
2019-11-13,110.8,39.84
2019-11-13,111.2,38.94
2019-11-13,111.8,39.05
2019-11-13,112.2,39.31
2019-11-13,112.8,38.8
2019-11-13,113.2,38.47
2019-11-13,113.8,38.17
2019-11-13,114.2,36.97
2019-11-13,114.8,34.78
2019-11-13,115.2,33.9
2019-11-13,115.8,33.68
2019-11-13,116.2,33.46
2019-11-13,116.8,34.75
2019-11-13,117.2,34.79
2019-11-13,117.8,33.43
2019-11-14,97.25,44.23
2019-11-14,97.75,45.19
2019-11-14,98.25,45.67
2019-11-14,98.75,44.23
2019-11-14,99.25,44.04
2019-11-14,99.75,45.99
2019-11-14,100.2,47.56
2019-11-14,100.8,47.15
2019-11-14,101.2,45.68
2019-11-14,101.8,44.08
2019-11-14,102.2,44.39
2019-11-14,102.8,44.55
2019-11-14,103.2,45.98
2019-11-14,103.8,46.99
2019-11-14,104.2,49.22
2019-11-14,104.8,51.28
2019-11-14,105.2,43.12
2019-11-14,105.8,45.25
2019-11-14,106.2,
2019-11-14,106.8,41.7
2019-11-14,107.2,45.2
2019-11-14,107.8,42.6
2019-11-14,108.2,39.61
2019-11-14,108.8,38.33
2019-11-14,109.2,39.51
2019-11-14,109.8,39.9
2019-11-14,110.2,39.58
2019-11-14,110.8,40.59
2019-11-14,111.2,42.38
2019-11-14,111.8,38.38
2019-11-14,112.2,35.57
2019-11-14,112.8,36.24
2019-11-14,113.2,36.32
2019-11-14,113.8,36.03
2019-11-14,114.2,35.94
2019-11-14,114.8,36.21
2019-11-14,115.2,34.12
2019-11-14,115.8,33.14
2019-11-14,116.2,33.1
2019-11-14,116.8,35.15
2019-11-14,117.2,34.54
2019-11-14,117.8,34.1
2019-11-15,97.25,45.04
2019-11-15,97.75,43.94
2019-11-15,98.25,43.23
2019-11-15,98.75,44.08
2019-11-15,99.25,44.43
2019-11-15,99.75,44.28
2019-11-15,100.2,43.89
2019-11-15,100.8,43.27
2019-11-15,101.2,42.92
2019-11-15,101.8,42.1
2019-11-15,102.2,42.57
2019-11-15,102.8,42.97
2019-11-15,103.2,43.41
2019-11-15,103.8,44.5
2019-11-15,104.2,47.06
2019-11-15,104.8,44.98
2019-11-15,105.2,44.6
2019-11-15,105.8,41.6
2019-11-15,106.2,40.7
2019-11-15,106.8,40.09
2019-11-15,107.2,38.83
2019-11-15,107.8,39.45
2019-11-15,108.2,40.38
2019-11-15,108.8,39.61
2019-11-15,109.2,39.43
2019-11-15,109.8,39.32
2019-11-15,110.2,40.21
2019-11-15,110.8,39.95
2019-11-15,111.2,39.22
2019-11-15,111.8,38.68
2019-11-15,112.2,37.96
2019-11-15,112.8,36.87
2019-11-15,113.2,35.51
2019-11-15,113.8,35.68
2019-11-15,114.2,35.92
2019-11-15,114.8,35.43
2019-11-15,115.2,33.9
2019-11-15,115.8,34.12
2019-11-15,116.2,35.27
2019-11-15,116.8,33.18
2019-11-15,117.2,32.65
2019-11-15,117.8,32.17
2019-11-16,97.25,40.44
2019-11-16,97.75,43.12
2019-11-16,98.25,42.21
2019-11-16,98.75,39.37
2019-11-16,99.25,40.07
2019-11-16,99.75,40.21
2019-11-16,100.2,40.29
2019-11-16,100.8,40.54
2019-11-16,101.2,41.76
2019-11-16,101.8,41.57
2019-11-16,102.2,41.19
2019-11-16,102.8,41.52
2019-11-16,103.2,41.11
2019-11-16,103.8,41.02
2019-11-16,104.2,41.24
2019-11-16,104.8,41.56
2019-11-16,105.2,42.73
2019-11-16,105.8,41.95
2019-11-16,106.2,41.61
2019-11-16,106.8,38.31
2019-11-16,107.2,37.99
2019-11-16,107.8,38.14
2019-11-16,108.2,36.4
2019-11-16,108.8,35.35
2019-11-16,109.2,36.89
2019-11-16,109.8,37.1
2019-11-16,110.2,37.21
2019-11-16,110.8,36.26
2019-11-16,111.2,35.74
2019-11-16,111.8,34.78
2019-11-16,112.2,34.66
2019-11-16,112.8,34.96
2019-11-16,113.2,35.79
2019-11-16,113.8,36
2019-11-16,114.2,35.41
2019-11-16,114.8,35.24
2019-11-16,115.2,33.59
2019-11-16,115.8,32.74
2019-11-16,116.2,33.15
2019-11-16,116.8,33.88
2019-11-16,117.2,32.78
2019-11-16,117.8,33.48
2019-11-17,97.25,40.77
2019-11-17,97.75,41.27
2019-11-17,98.25,42.27
2019-11-17,98.75,40.01
2019-11-17,99.25,39.99
2019-11-17,99.75,41.15
2019-11-17,100.2,42.51
2019-11-17,100.8,38.29
2019-11-17,101.2,39.37
2019-11-17,101.8,39.74
2019-11-17,102.2,39.93
2019-11-17,102.8,40.87
2019-11-17,103.2,40.88
2019-11-17,103.8,41.43
2019-11-17,104.2,41.95
2019-11-17,104.8,40.03
2019-11-17,105.2,39.57
2019-11-17,105.8,39.6
2019-11-17,106.2,39.74
2019-11-17,106.8,39.19
2019-11-17,107.2,38.52
2019-11-17,107.8,38.49
2019-11-17,108.2,37.9
2019-11-17,108.8,36.5
2019-11-17,109.2,36.88
2019-11-17,109.8,36.7
2019-11-17,110.2,36.79
2019-11-17,110.8,36.87
2019-11-17,111.2,36.49
2019-11-17,111.8,36.5
2019-11-17,112.2,36.81
2019-11-17,112.8,37.35
2019-11-17,113.2,37.7
2019-11-17,113.8,37.04
2019-11-17,114.2,36.67
2019-11-17,114.8,34.84
2019-11-17,115.2,32.39
2019-11-17,115.8,31.1
2019-11-17,116.2,31.29
2019-11-17,116.8,31.2
2019-11-17,117.2,31.64
2019-11-17,117.8,32.25
2019-11-18,97.25,40
2019-11-18,97.75,39.93
2019-11-18,98.25,39.14
2019-11-18,98.75,39.14
2019-11-18,99.25,39.25
2019-11-18,99.75,40.73
2019-11-18,100.2,41.87
2019-11-18,100.8,42.61
2019-11-18,101.2,40.5
2019-11-18,101.8,39.28
2019-11-18,102.2,38.18
2019-11-18,102.8,37.71
2019-11-18,103.2,37.4
2019-11-18,103.8,36.67
2019-11-18,104.2,38.8
2019-11-18,104.8,
2019-11-18,105.2,35.48
2019-11-18,105.8,34.39
2019-11-18,106.2,34.61
2019-11-18,106.8,33.55
2019-11-18,107.2,35.64
2019-11-18,107.8,35.65
2019-11-18,108.2,35.19
2019-11-18,108.8,36.69
2019-11-18,109.2,33.35
2019-11-18,109.8,36.14
2019-11-18,110.2,36.91
2019-11-18,110.8,39.09
2019-11-18,111.2,38.02
2019-11-18,111.8,36.35
2019-11-18,112.2,34.99
2019-11-18,112.8,33.28
2019-11-18,113.2,34.34
2019-11-18,113.8,34.78
2019-11-18,114.2,33.47
2019-11-18,114.8,31.89
2019-11-18,115.2,31.11
2019-11-18,115.8,30.33
2019-11-18,116.2,30.44
2019-11-18,116.8,30.47
2019-11-18,117.2,30.46
2019-11-18,117.8,30.68
2019-11-19,97.25,39.05
2019-11-19,97.75,40.66
2019-11-19,98.25,39.18
2019-11-19,98.75,37.88
2019-11-19,99.25,40.61
2019-11-19,99.75,39.65
2019-11-19,100.2,39.27
2019-11-19,100.8,37.83
2019-11-19,101.2,37.94
2019-11-19,101.8,38.99
2019-11-19,102.2,39.15
2019-11-19,102.8,40.29
2019-11-19,103.2,39.1
2019-11-19,103.8,37.86
2019-11-19,104.2,40.47
2019-11-19,104.8,38.39
2019-11-19,105.2,36.21
2019-11-19,105.8,37.16
2019-11-19,106.2,36.57
2019-11-19,106.8,36.6
2019-11-19,107.2,37.1
2019-11-19,107.8,37.96
2019-11-19,108.2,36.79
2019-11-19,108.8,37.91
2019-11-19,109.2,37.94
2019-11-19,109.8,37.51
2019-11-19,110.2,
2019-11-19,110.8,35.99
2019-11-19,111.2,33.95
2019-11-19,111.8,34.52
2019-11-19,112.2,34.07
2019-11-19,112.8,33.69
2019-11-19,113.2,33.52
2019-11-19,113.8,33.71
2019-11-19,114.2,33.59
2019-11-19,114.8,33.22
2019-11-19,115.2,33.08
2019-11-19,115.8,31.89
2019-11-19,116.2,30.98
2019-11-19,116.8,30.77
2019-11-19,117.2,29.49
2019-11-19,117.8,29.17
2019-11-20,97.25,37.66
2019-11-20,97.75,38.2
2019-11-20,98.25,38.1
2019-11-20,98.75,38.01
2019-11-20,99.25,38.13
2019-11-20,99.75,38.6
2019-11-20,100.2,38.27
2019-11-20,100.8,36.65
2019-11-20,101.2,36.35
2019-11-20,101.8,36.14
2019-11-20,102.2,35.6
2019-11-20,102.8,38.25
2019-11-20,103.2,37.9
2019-11-20,103.8,38.13
2019-11-20,104.2,37
2019-11-20,104.8,36.21
2019-11-20,105.2,36.42
2019-11-20,105.8,36.12
2019-11-20,106.2,36.1
2019-11-20,106.8,37.22
2019-11-20,107.2,38.01
2019-11-20,107.8,36.7
2019-11-20,108.2,35.82
2019-11-20,108.8,37.46
2019-11-20,109.2,36.9
2019-11-20,109.8,35.67
2019-11-20,110.2,34.72
2019-11-20,110.8,34.73
2019-11-20,111.2,35.27
2019-11-20,111.8,35.85
2019-11-20,112.2,35.71
2019-11-20,112.8,35.11
2019-11-20,113.2,35.09
2019-11-20,113.8,35.92
2019-11-20,114.2,42.34
2019-11-20,114.8,46.93
2019-11-20,115.2,28.3
2019-11-20,115.8,29.95
2019-11-20,116.2,30.28
2019-11-20,116.8,31.69
2019-11-20,117.2,31.93
2019-11-20,117.8,31.32
2019-11-21,97.25,39.51
2019-11-21,97.75,37.88
2019-11-21,98.25,37.44
2019-11-21,98.75,36.14
2019-11-21,99.25,34.8
2019-11-21,99.75,36.23
2019-11-21,100.2,35.35
2019-11-21,100.8,34.27
2019-11-21,101.2,32.81
2019-11-21,101.8,33.78
2019-11-21,102.2,34.07
2019-11-21,102.8,35.43
2019-11-21,103.2,36.42
2019-11-21,103.8,36.34
2019-11-21,104.2,36.12
2019-11-21,104.8,36.45
2019-11-21,105.2,36.66
2019-11-21,105.8,36.01
2019-11-21,106.2,35.84
2019-11-21,106.8,34.77
2019-11-21,107.2,34.95
2019-11-21,107.8,36.01
2019-11-21,108.2,36.33
2019-11-21,108.8,36.04
2019-11-21,109.2,35.47
2019-11-21,109.8,36.1
2019-11-21,110.2,36.24
2019-11-21,110.8,36.25
2019-11-21,111.2,37.11
2019-11-21,111.8,37.29
2019-11-21,112.2,37.38
2019-11-21,112.8,38.32
2019-11-21,113.2,36.95
2019-11-21,113.8,36.74
2019-11-21,114.2,36.05
2019-11-21,114.8,36.95
2019-11-21,115.2,36.05
2019-11-21,115.8,33.31
2019-11-21,116.2,33.36
2019-11-21,116.8,31.73
2019-11-21,117.2,32.18
2019-11-21,117.8,32.49
2019-11-22,97.25,35.53
2019-11-22,97.75,35.9
2019-11-22,98.25,36.16
2019-11-22,98.75,36.22
2019-11-22,99.25,35.01
2019-11-22,99.75,34.58
2019-11-22,100.2,34.07
2019-11-22,100.8,33.74
2019-11-22,101.2,34.33
2019-11-22,101.8,34.88
2019-11-22,102.2,35.81
2019-11-22,102.8,36.57
2019-11-22,103.2,36.2
2019-11-22,103.8,35.72
2019-11-22,104.2,36.92
2019-11-22,104.8,36.78
2019-11-22,105.2,35.85
2019-11-22,105.8,35.67
2019-11-22,106.2,34.79
2019-11-22,106.8,35
2019-11-22,107.2,34.8
2019-11-22,107.8,35.49
2019-11-22,108.2,35.46
2019-11-22,108.8,36.64
2019-11-22,109.2,37.03
2019-11-22,109.8,36.77
2019-11-22,110.2,36.47
2019-11-22,110.8,36.7
2019-11-22,111.2,37.55
2019-11-22,111.8,38.07
2019-11-22,112.2,37.72
2019-11-22,112.8,37.46
2019-11-22,113.2,36.44
2019-11-22,113.8,35.67
2019-11-22,114.2,34.16
2019-11-22,114.8,33.61
2019-11-22,115.2,32.53
2019-11-22,115.8,31.72
2019-11-22,116.2,32.72
2019-11-22,116.8,32.53
2019-11-22,117.2,32.23
2019-11-22,117.8,32.17
2019-11-23,97.25,33.98
2019-11-23,97.75,35.37
2019-11-23,98.25,36.66
2019-11-23,98.75,35.99
2019-11-23,99.25,33.29
2019-11-23,99.75,35.06
2019-11-23,100.2,34.21
2019-11-23,100.8,33.54
2019-11-23,101.2,33.35
2019-11-23,101.8,33.74
2019-11-23,102.2,34.44
2019-11-23,102.8,37.06
2019-11-23,103.2,34.56
2019-11-23,103.8,
2019-11-23,104.2,33.72
2019-11-23,104.8,34.61
2019-11-23,105.2,34.51
2019-11-23,105.8,35.64
2019-11-23,106.2,37.13
2019-11-23,106.8,37.12
2019-11-23,107.2,34.82
2019-11-23,107.8,35.95
2019-11-23,108.2,36.88
2019-11-23,108.8,38.31
2019-11-23,109.2,39.74
2019-11-23,109.8,38.88
2019-11-23,110.2,39.01
2019-11-23,110.8,38.87
2019-11-23,111.2,37.24
2019-11-23,111.8,36.37
2019-11-23,112.2,36.38
2019-11-23,112.8,36.05
2019-11-23,113.2,35.81
2019-11-23,113.8,35.13
2019-11-23,114.2,34.76
2019-11-23,114.8,33.17
2019-11-23,115.2,32.08
2019-11-23,115.8,30.98
2019-11-23,116.2,31.5
2019-11-23,116.8,31.85
2019-11-23,117.2,31.92
2019-11-23,117.8,31.77
2019-11-24,97.25,34.09
2019-11-24,97.75,34.44
2019-11-24,98.25,31.72
2019-11-24,98.75,32.93
2019-11-24,99.25,32.76
2019-11-24,99.75,33.72
2019-11-24,100.2,34.02
2019-11-24,100.8,34.14
2019-11-24,101.2,34.34
2019-11-24,101.8,34.97
2019-11-24,102.2,35.54
2019-11-24,102.8,36.9
2019-11-24,103.2,37.25
2019-11-24,103.8,35.76
2019-11-24,104.2,34.38
2019-11-24,104.8,35.32
2019-11-24,105.2,34.16
2019-11-24,105.8,34.18
2019-11-24,106.2,33.39
2019-11-24,106.8,32.54
2019-11-24,107.2,34
2019-11-24,107.8,36.64
2019-11-24,108.2,37.73
2019-11-24,108.8,30.25
2019-11-24,109.2,32.76
2019-11-24,109.8,35.97
2019-11-24,110.2,38.1
2019-11-24,110.8,38.77
2019-11-24,111.2,37.42
2019-11-24,111.8,32.5
2019-11-24,112.2,30.52
2019-11-24,112.8,30.7
2019-11-24,113.2,31.72
2019-11-24,113.8,30.42
2019-11-24,114.2,29.4
2019-11-24,114.8,30.17
2019-11-24,115.2,30.01
2019-11-24,115.8,28.26
2019-11-24,116.2,28.18
2019-11-24,116.8,29.43
2019-11-24,117.2,29.09
2019-11-24,117.8,28.8
2019-11-25,97.25,33.47
2019-11-25,97.75,33.91
2019-11-25,98.25,33.22
2019-11-25,98.75,32.26
2019-11-25,99.25,32.11
2019-11-25,99.75,32.41
2019-11-25,100.2,33.06
2019-11-25,100.8,33.25
2019-11-25,101.2,33.75
2019-11-25,101.8,34.23
2019-11-25,102.2,34.87
2019-11-25,102.8,35.27
2019-11-25,103.2,35.09
2019-11-25,103.8,34.88
2019-11-25,104.2,33.97
2019-11-25,104.8,34.18
2019-11-25,105.2,33.03
2019-11-25,105.8,33.45
2019-11-25,106.2,33.08
2019-11-25,106.8,32.76
2019-11-25,107.2,33.44
2019-11-25,107.8,35.15
2019-11-25,108.2,35.45
2019-11-25,108.8,35.54
2019-11-25,109.2,33.67
2019-11-25,109.8,33.28
2019-11-25,110.2,32.64
2019-11-25,110.8,32.79
2019-11-25,111.2,33.55
2019-11-25,111.8,33.72
2019-11-25,112.2,34.2
2019-11-25,112.8,35.02
2019-11-25,113.2,35.08
2019-11-25,113.8,27.64
2019-11-25,114.2,27.69
2019-11-25,114.8,29.5
2019-11-25,115.2,28.79
2019-11-25,115.8,28.9
2019-11-25,116.2,29.04
2019-11-25,116.8,27.91
2019-11-25,117.2,28.01
2019-11-25,117.8,29.46
2019-11-26,97.25,33.6
2019-11-26,97.75,33.23
2019-11-26,98.25,33.46
2019-11-26,98.75,32.56
2019-11-26,99.25,31.33
2019-11-26,99.75,31.63
2019-11-26,100.2,32.29
2019-11-26,100.8,32.6
2019-11-26,101.2,32.66
2019-11-26,101.8,32.04
2019-11-26,102.2,31.88
2019-11-26,102.8,32.22
2019-11-26,103.2,31.17
2019-11-26,103.8,29.96
2019-11-26,104.2,29.71
2019-11-26,104.8,30.01
2019-11-26,105.2,31.56
2019-11-26,105.8,32.43
2019-11-26,106.2,32.8
2019-11-26,106.8,32.46
2019-11-26,107.2,31.8
2019-11-26,107.8,32.66
2019-11-26,108.2,32.22
2019-11-26,108.8,31.98
2019-11-26,109.2,32.49
2019-11-26,109.8,32.88
2019-11-26,110.2,33.07
2019-11-26,110.8,33.29
2019-11-26,111.2,32.57
2019-11-26,111.8,32.66
2019-11-26,112.2,32.91
2019-11-26,112.8,33.28
2019-11-26,113.2,32.59
2019-11-26,113.8,31.34
2019-11-26,114.2,30.87
2019-11-26,114.8,32.15
2019-11-26,115.2,30.55
2019-11-26,115.8,29.61
2019-11-26,116.2,29.14
2019-11-26,116.8,29.96
2019-11-26,117.2,31.74
2019-11-26,117.8,31.28
2019-11-27,97.25,33.5
2019-11-27,97.75,31.14
2019-11-27,98.25,29.86
2019-11-27,98.75,30.11
2019-11-27,99.25,29.88
2019-11-27,99.75,30.68
2019-11-27,100.2,30.86
2019-11-27,100.8,30.52
2019-11-27,101.2,31.33
2019-11-27,101.8,31.11
2019-11-27,102.2,31.89
2019-11-27,102.8,33.9
2019-11-27,103.2,34.4
2019-11-27,103.8,32.92
2019-11-27,104.2,32.06
2019-11-27,104.8,31.63
2019-11-27,105.2,31.07
2019-11-27,105.8,30.54
2019-11-27,106.2,30.37
2019-11-27,106.8,30.62
2019-11-27,107.2,31.3
2019-11-27,107.8,31.16
2019-11-27,108.2,30.8
2019-11-27,108.8,31.03
2019-11-27,109.2,31.67
2019-11-27,109.8,32.39
2019-11-27,110.2,33.28
2019-11-27,110.8,33.55
2019-11-27,111.2,33.46
2019-11-27,111.8,33.31
2019-11-27,112.2,33.11
2019-11-27,112.8,32.95
2019-11-27,113.2,32.72
2019-11-27,113.8,33.27
2019-11-27,114.2,33.95
2019-11-27,114.8,34.04
2019-11-27,115.2,32.78
2019-11-27,115.8,30.98
2019-11-27,116.2,30.91
2019-11-27,116.8,30.71
2019-11-27,117.2,31.53
2019-11-27,117.8,30.82
2019-11-28,97.25,33.88
2019-11-28,97.75,33.27
2019-11-28,98.25,32.37
2019-11-28,98.75,31.28
2019-11-28,99.25,30.47
2019-11-28,99.75,31.87
2019-11-28,100.2,32.69
2019-11-28,100.8,32.49
2019-11-28,101.2,31.44
2019-11-28,101.8,31.49
2019-11-28,102.2,30.19
2019-11-28,102.8,31.42
2019-11-28,103.2,32.2
2019-11-28,103.8,31.92
2019-11-28,104.2,32.71
2019-11-28,104.8,33.42
2019-11-28,105.2,33.95
2019-11-28,105.8,33.77
2019-11-28,106.2,33.9
2019-11-28,106.8,34.92
2019-11-28,107.2,35.19
2019-11-28,107.8,34.48
2019-11-28,108.2,34.92
2019-11-28,108.8,33.58
2019-11-28,109.2,32.75
2019-11-28,109.8,33.27
2019-11-28,110.2,33.37
2019-11-28,110.8,33.34
2019-11-28,111.2,33.78
2019-11-28,111.8,33.75
2019-11-28,112.2,34.17
2019-11-28,112.8,33.06
2019-11-28,113.2,33.16
2019-11-28,113.8,31.4
2019-11-28,114.2,31.39
2019-11-28,114.8,30.73
2019-11-28,115.2,31.81
2019-11-28,115.8,30.78
2019-11-28,116.2,30.78
2019-11-28,116.8,29.93
2019-11-28,117.2,29.29
2019-11-28,117.8,28.89
2019-11-29,97.25,32.19
2019-11-29,97.75,30.6
2019-11-29,98.25,31.61
2019-11-29,98.75,31.45
2019-11-29,99.25,31.81
2019-11-29,99.75,31.95
2019-11-29,100.2,31.59
2019-11-29,100.8,31.75
2019-11-29,101.2,32.98
2019-11-29,101.8,33.12
2019-11-29,102.2,33.57
2019-11-29,102.8,33.28
2019-11-29,103.2,33.3
2019-11-29,103.8,34.48
2019-11-29,104.2,33.63
2019-11-29,104.8,32.4
2019-11-29,105.2,32.57
2019-11-29,105.8,33.05
2019-11-29,106.2,33.98
2019-11-29,106.8,33.77
2019-11-29,107.2,31.82
2019-11-29,107.8,
2019-11-29,108.2,35.05
2019-11-29,108.8,33.97
2019-11-29,109.2,34.34
2019-11-29,109.8,34.51
2019-11-29,110.2,35.63
2019-11-29,110.8,34.83
2019-11-29,111.2,34.15
2019-11-29,111.8,35.56
2019-11-29,112.2,36.38
2019-11-29,112.8,35.71
2019-11-29,113.2,35.68
2019-11-29,113.8,35.84
2019-11-29,114.2,35.39
2019-11-29,114.8,32.96
2019-11-29,115.2,31.91
2019-11-29,115.8,31.07
2019-11-29,116.2,30.83
2019-11-29,116.8,31.42
2019-11-29,117.2,31.23
2019-11-29,117.8,32.07
2019-11-30,97.25,33.12
2019-11-30,97.75,32.36
2019-11-30,98.25,32.14
2019-11-30,98.75,31.98
2019-11-30,99.25,32.61
2019-11-30,99.75,32.96
2019-11-30,100.2,33.26
2019-11-30,100.8,32.58
2019-11-30,101.2,32.43
2019-11-30,101.8,32.3
2019-11-30,102.2,32.84
2019-11-30,102.8,33.03
2019-11-30,103.2,33.62
2019-11-30,103.8,34.43
2019-11-30,104.2,34.43
2019-11-30,104.8,35.63
2019-11-30,105.2,35.11
2019-11-30,105.8,35.71
2019-11-30,106.2,35.65
2019-11-30,106.8,35.27
2019-11-30,107.2,36.95
2019-11-30,107.8,36.17
2019-11-30,108.2,36.52
2019-11-30,108.8,36.54
2019-11-30,109.2,36.96
2019-11-30,109.8,36.21
2019-11-30,110.2,36
2019-11-30,110.8,36.14
2019-11-30,111.2,36.79
2019-11-30,111.8,34.92
2019-11-30,112.2,32.69
2019-11-30,112.8,33.83
2019-11-30,113.2,35.57
2019-11-30,113.8,34.64
2019-11-30,114.2,33.21
2019-11-30,114.8,31.1
2019-11-30,115.2,30.95
2019-11-30,115.8,29.39
2019-11-30,116.2,29.43
2019-11-30,116.8,33.57
2019-11-30,117.2,35.14
2019-11-30,117.8,32.75
