built_1km,elev_m,km_to_centre,km_to_urban,people_ha,slope_deg,urbanised,lon,lat
0.00293975,1.48166,41.7581,0.509902,0,0.130299,0,107.156,-5.98772
0.000126183,480.655,61.6361,1.22066,0,26.4729,0,107.19,-6.59947
0.0149363,535.614,64.0219,0,21.8665,5.0231,0,106.827,-6.75488
0.034224,64.5172,35.0801,0.223607,0,1.11482,0,107.05,-6.40184
0.0329177,95.3404,39.162,0.412311,0,4.07715,0,106.677,-6.49617
0.114281,5.95214,31.9265,0.141421,0,0.330361,0,106.551,-6.09013
0.0220606,132.816,60.605,0.3,0,0.765907,0,107.163,-6.60935
0.00856246,790.102,71.1086,0.728011,0,3.95078,0,106.604,-6.77914
0.00393218,5.69926,35.0947,0.707107,0,0.105664,0,107.145,-6.16828
0.0131432,736.976,55.0428,0.72111,0,5.99018,0,106.741,-6.66595
8.17035e-05,1105.58,65.4243,1.87883,0,6.77507,0,106.54,-6.6929
0,1094.84,74.2553,2.78568,0,6.77813,0,106.553,-6.78902
0.0241246,30.4049,44.5813,0,0,2.70249,0,107.158,-6.40723
0.0114826,378.78,47.2531,0.223607,0,8.361,0,106.592,-6.5321
0.00757823,139.819,40.0586,0.509902,0,6.01386,0,107.021,-6.48179
0.0526644,9.76327,17.8682,0.1,1.36192,2.08158,0,106.676,-6.11798
0.0588868,8.25238,35.505,0.141421,0,0.108816,0,107.148,-6.20152
0.0126662,2.0752,23.5738,0.728011,0,0.025455,0,107.037,-6.13594
0.00438328,96.8694,35.7538,1.1,0,3.14001,0,106.963,-6.46922
0.00799905,1.48931,23.9155,0.707107,0,0.10996,0,107.025,-6.08564
0.0390804,633.441,60.3151,0.412311,0,7.80408,0,106.654,-6.6929
0.00346088,49.869,50.9276,1.11803,0,4.96131,0,106.412,-6.37489
0.211202,127.476,32.8226,0.1,4.94145,2.44045,0,106.881,-6.46742
0,1420.7,72.9889,3.50571,0,30.4652,0,106.533,-6.76656
0.0310442,20.4072,47.0342,0.412311,5.14192,3.1906,0,106.409,-6.25003
0.0054694,55.2683,47.372,0.943398,0,1.55331,0,106.444,-6.36591
0.048142,143.398,43.0081,0.282843,0,8.21421,0,106.676,-6.5339
0.0761912,403.639,52.7578,0.141421,2.86939,4.88416,0,106.679,-6.62912
0.0812767,60.7459,37.3043,0.141421,0,1.6782,0,106.548,-6.36411
0.0114334,877.816,69.531,0.282843,0,9.00634,0,107.112,-6.73692
0.0123852,428.631,67.7347,0.565685,0,20.396,0,106.41,-6.62463
0.114063,12.6223,30.9772,0.3,0,0.108292,0,107.101,-6.23655
0.000246057,73.9811,52.8511,1.26491,0,2.65836,0,107.223,-6.44406
0.0461738,109.048,49.6436,0.412311,0,1.22051,0,107.123,-6.51413
0.000253943,507.459,41.696,2.64008,0,21.2444,0,106.972,-6.52401
0.0722085,270.048,49.0277,0.3,0,1.02938,0,106.692,-6.59768
0.0417237,87.2371,44.3721,0.412311,0,7.32574,0,107.091,-6.4782
6.46688e-05,61.8794,51.1473,1.2083,0,4.24131,0,107.244,-6.37759
0.000301893,514.251,41.5538,3.63593,0,16.3737,0,106.989,-6.51503
0.0229826,771.034,62.3881,0.5,0,13.3206,0,106.768,-6.73692
0.0577338,6.38585,49.128,0.3,0,0.119731,0,106.386,-6.12247
0.118387,30.9109,23.3024,0.1,4.22873,0.556806,0,106.635,-6.26081
0.00388675,831.102,60.7632,0.1,0,15.4645,0,107.052,-6.67763
0.0347757,639.848,61.3352,0.282843,0,11.9869,0,106.858,-6.72973
0.0405391,28.0302,48.7576,0.447214,11.2029,2.41733,0,107.209,-6.39735
0.0112347,610.967,61.0972,0.632456,0,18.1589,0,106.529,-6.6408
0.267794,26.0246,36.0925,0.282843,0,0.451188,0,107.131,-6.29674
0.0105334,197.821,59.3298,0.824621,0,9.23985,0,107.223,-6.53839
0,1333.34,69.4081,3.84838,0,20.8971,0,106.469,-6.6911
5.36278e-06,1632.8,65.9212,2.02485,0,2.95613,0,106.987,-6.75039
0.00157445,195.018,38.2375,1.92354,0,9.92839,0,106.938,-6.50335
0.139514,1.48333,9.39208,0.141421,0,0.414106,0,106.779,-6.1054
0.0356798,10.3199,46.9529,0.316228,0.22955,0.586949,0,106.407,-6.11618
0.0784047,122.259,35.6154,0.223607,4.48789,0.89325,0,106.718,-6.4782
0.0204066,41.0017,47.3398,0.360555,0,2.35997,0,106.436,-6.34794
4.8265e-05,964.997,50.985,3.36155,0,25.461,0,106.963,-6.61654
0.00475868,919.669,66.5539,0.728011,0,6.55658,0,106.603,-6.73422
0.00584164,67.2911,57.5164,0.5,0,2.51648,0,106.374,-6.43149
0.00420852,848.092,70.8647,0.921954,0,5.58275,0,107.108,-6.75219
0.00470063,170.77,61.5539,0.223607,0,12.1494,0,106.411,-6.54557
0.0496827,3.71987,27.4422,0.223607,0,0.892839,0,106.6,-6.07576
0.0652047,173.931,47.7539,0.2,0,1.16215,0,106.634,-6.56174
0.0488047,3.32349,20.5226,0.5,0,0.229884,0,107.013,-6.16559
0.00895804,163.521,59.1362,0.4,0,7.49863,0,107.123,-6.62193
7.3817e-05,987.247,62.9973,1.772,0,35.1314,0,107.225,-6.5842
0.040458,142.782,58.4368,0.1,1.61373,6.12886,0,107.146,-6.59768
0.0159252,60.8358,42.7242,0.360555,0,4.2146,0,106.486,-6.35603
0.0209536,48.5759,40.3585,0.806226,3.13718,1.15849,0,106.494,-6.32369
0.0722729,21.4758,37.2351,0.141421,0,2.86931,0,106.498,-6.24284
0.00413628,182.183,35.9925,1.50333,0,4.63483,0,106.96,-6.47281
0.00190536,1267.49,62.3671,0.640312,0,14.2171,0,106.959,-6.72434
1.95584e-05,775.255,67.6018,1.55242,0,33.7233,0,107.191,-6.66775
0.000122713,798.451,60.8297,2.33452,0,14.4533,0,107.209,-6.57252
0.00223628,469.109,44.9542,2.1587,0,6.87734,0,106.982,-6.55186
0.0124025,551.359,50.3473,0.781025,0,10.151,0,106.898,-6.62552
0.324277,25.4363,36.8383,0.141421,4.21052,0.379976,0,107.14,-6.29225
0.0076795,52.861,45.5063,0.921954,0,3.20978,0,106.452,-6.34345
0.0481618,173.188,61.372,0.2,29.6726,3.51017,0,107.16,-6.62013
0.00679716,579.287,73.185,0.632456,0,29.5778,0,107.137,-6.76117
0,936.631,69.0403,3.40588,0,8.33844,0,106.577,-6.7477
0.00536877,491.887,59.6736,0.728011,0,34.9657,0,106.462,-6.57252
0.0309612,180.695,41.5067,0.2,0,4.68505,0,106.939,-6.5339
0.094447,4.87948,46.0006,0.282843,0,0.10024,0,107.237,-6.09821
0.0544142,621.198,60.2753,0.2,0,5.53811,0,106.862,-6.71985
0.068394,11.8659,50.6368,0.223607,0.139022,1.11092,0,106.37,-6.19882
0.00912397,30.4078,55.5223,0.282843,0,0.502988,0,106.357,-6.35244
0.0434215,131.919,39.8699,0.1,20.7637,1.42814,0,106.683,-6.50605
0.122081,66.2439,30.2879,0.316228,0,2.02943,0,106.984,-6.40005
0.023906,5.69359,34.5572,0.1,7.0164,0.637542,0,107.14,-6.15571
0.00106562,222.872,58.9547,0.894427,0,8.34017,0,106.438,-6.54018
0.00935773,3.95279,40.0523,0.806226,0,0.116897,0,107.185,-6.11259
0.0558145,103.852,36.4147,0.1,10.8951,1.42957,0,106.664,-6.46113
0.0168114,0.262303,53.2093,0.72111,0,0.370725,0,106.377,-6.00479
0.0989918,348.327,52.4312,0.1,0.983401,8.43333,0,106.817,-6.64978
0.0707533,326.631,51.9008,0.223607,0,0.310156,0,106.802,-6.64439
0.066936,16.6291,43.3555,0,0,0.947379,0,107.196,-6.30932
0.0672196,402.354,52.4285,0.3,0.181425,6.70845,0,106.689,-6.62912
0.00385584,743.37,61.2233,0.984886,0,34.8528,0,106.88,-6.72703
0.00244921,647.521,57.7875,0.707107,0,22.02,0,106.557,-6.62283
0.00742019,52.8149,57.665,0.447214,0,1.60067,0,106.36,-6.40723
0.000620189,934.681,65.3161,1.10454,0,7.08446,0,106.62,-6.72883
0.0898514,7.33799,41.6341,0.1,25.5826,0.346885,0,107.194,-6.08564
0.0216073,15.6633,48.3619,0.223607,0,0.137543,0,107.244,-6.31022
0.00129937,542.902,45.5802,2.5318,0,17.4385,0,106.564,-6.49257
0.00152271,113.357,59.0384,2.05913,0,3.28835,0,106.383,-6.47101
0.000103785,299.154,54.3239,1,0,7.99035,0,107.087,-6.59319
0.0220382,422.353,52.1932,0.5,0,6.24248,0,107.034,-6.60037
0,2200.02,65.2735,3.40147,0,32.5264,0,106.956,-6.75219
0.00161546,554.73,69.5495,1.72047,0,19.3189,0,107.223,-6.66505
0.0203666,96.3647,55.4201,0.761577,0,8.54275,0,107.2,-6.51144
0,990.255,66.4631,4.272,0,19.7566,0,106.89,-6.77375
0.0946776,1.31984,20.2672,0.4,0,0.00112146,0,106.676,-6.07126
0.0515476,2.53237,35.6602,0.141421,0,0.889995,0,107.116,-6.03084
0.100785,39.54,35.7571,0.2,0,0.999291,0,106.552,-6.34525
0.329485,18.1183,21.88,0.1,39.6803,2.56315,0,106.639,-6.23386
0.00681483,2.43231,30.3462,0.806226,0,0.0440723,0,107.097,-6.11977
0,313.079,57.8715,1.70294,0,11.763,0,106.456,-6.54468
0.0122319,1.69113,44.0929,0.6,0,0.148321,0,106.439,-6.08384
4.66877e-05,1155.99,75.5104,3.89487,0,13.9393,0,106.458,-6.75039
0.0286038,16.813,44.5764,0.2,0,0.24767,0,107.207,-6.31201
0.253172,10.9593,26.3628,0,1.94352,0.527871,0,106.591,-6.14493
0.417873,23.312,22.7493,0.1,36.6543,0.723765,0,107.01,-6.26979
0.0143457,395.492,57.5466,0.5,0,10.2091,0,106.499,-6.57971
1.35647e-05,2.62957,28.1285,1.08167,0,0.101205,0,107.078,-6.12786
0.0588066,37.8442,27.3833,0.223607,0.594625,7.96883,0,106.646,-6.34345
0.0604886,96.7455,34.3599,0.412311,0,0.551545,0,106.69,-6.45395
0.0704177,254.77,48.6485,0.1,12.1125,5.91234,0,106.674,-6.5878
0.037441,7.27344,48.2169,0.2,0,1.23171,0,106.396,-6.11079
0.117826,61.7778,38.8077,0.2,0,2.47084,0,107.07,-6.42969
0.0226738,2.93958,27.0493,0.412311,0,0.0747076,0,106.61,-6.06318
0.0154221,1.30436,36.4197,0.316228,0,0.0561095,0,107.111,-6.00659
0.0444274,269.042,52.1235,0.316228,0,4.14255,0,106.585,-6.57971
0.00136372,1515.21,68.8175,1.56525,0,18.4431,0,107.019,-6.76836
0.00322934,1503.85,57.7176,0.6,0,6.43846,0,106.986,-6.67314
0.055636,50.9511,30.7896,0.223607,18.4729,0.462453,0,107.042,-6.35333
0.128605,40.726,32.6116,0.1,1.08143,2.43936,0,106.552,-6.28147
0.0137994,667.56,62.045,0.316228,0,5.97809,0,106.86,-6.73602
0.105538,14.8108,37.5033,0.424264,0,1.88251,0,106.493,-6.23206
1.13565e-05,2.66176,43.0121,1.31529,0,0.0528055,0,107.204,-6.07396
0,946.842,64.8851,2.88444,0,19.1347,0,106.89,-6.75937
0.0184293,229.503,55.7922,0.141421,0.907127,9.59738,0,107.116,-6.58959
0.00384953,130.617,59.0815,0.989949,0,4.17911,0,106.398,-6.49347
0.00206972,510.199,66.2248,0.538516,0,4.81162,0,107.245,-6.60576
0,659.004,67.7633,3.32866,0,16.3896,0,106.856,-6.78812
0.0626757,4.17503,32.3722,0.565685,0,0.185463,0,106.545,-6.09731
0.179442,138.254,37.1146,0.282843,1.41798,9.25451,0,106.848,-6.51054
0.122655,47.3352,30.2266,0.141421,3.09637,2.08692,0,106.588,-6.30752
0.00723691,1045.76,61.9436,0.921954,0,8.29269,0,107.06,-6.68571
0.356108,15.1973,6.2074,0,47.7615,2.74301,0,106.829,-6.23116
0.000674763,377.619,44.2507,1,0,15.3299,0,107.006,-6.5339
0.00752492,67.974,60.1072,0.412311,0.0830725,2.68269,0,106.351,-6.43778
0.0561981,1.32155,20.3928,0.282843,0,0.0557191,0,106.998,-6.1036
0.00128675,1223.63,69.3323,2.4331,0,8.48303,0,106.433,-6.66325
0.00639369,1360.17,58.6699,0.5,0,9.78907,0,106.984,-6.68302
3.34385e-05,936.226,67.1684,1.3,0,21.4857,0,106.442,-6.64529
0.0987864,1074.52,59.7221,0.2,36.6622,5.13922,0,106.965,-6.69829
0.000155836,174.006,65.824,0.948683,0,7.20252,0,106.364,-6.54917
0,1484.33,69.8741,3.78021,0,3.3009,0,106.487,-6.70817
0.359619,14.9817,6.19661,0.2,0,1.91221,0,106.878,-6.19882
0.00314132,74.249,47.3166,1.20416,0,0.903207,0,106.486,-6.43328
0.0974221,51.8924,36.4057,0.223607,0,0.178826,0,107.098,-6.36411
0.163058,97.7733,28.6779,0.223607,0,2.55965,0,106.787,-6.43149
0.109385,13.6764,45.1206,0.141421,0,0.287844,0,107.223,-6.27608
0.00554953,503.798,59.4787,0.4,0,9.53184,0,106.465,-6.57342
3.7224e-05,1.08742,31.2654,1.11803,0,0.140577,0,107.068,-6.02545
0.0127297,429.017,52.282,0.894427,0,15.825,0,106.621,-6.60127
0.00985521,271.443,49.5821,0.806226,0,12.6022,0,106.589,-6.55546
0.0284271,19.2129,52.2617,0.7,0,0.578461,0,106.355,-6.18176
0.0194306,21.1409,48.3928,0.707107,0,0.171094,0,106.402,-6.27967
0.00215584,41.8557,47.0623,1.3,0,6.83297,0,106.445,-6.36322
0.0046511,350.61,74.4059,0.223607,0.85793,14.7724,0,107.169,-6.75578
0.0111448,159.964,65.4104,0.824621,0,1.38683,0,106.351,-6.52671
0.00266719,2.4373,29.4894,0.984886,0,0.0327924,0,107.09,-6.12337
0.0328215,646.65,56.4102,0.5,0,6.23085,0,106.782,-6.68391
0.0019347,1217.74,74.9648,0.424264,0,11.4322,0,106.491,-6.76476
0.0140779,419.993,50.0434,0.316228,0,8.77441,0,107.017,-6.5869
0.257323,247.627,46.6596,0.412311,2.53189,1.7215,0,106.801,-6.59678
0.0283249,31.3443,45.6906,0.4,0,0.401365,0,107.158,-6.4243
0.0251142,7.44437,38.6098,0.2,14.1964,1.94213,0,106.487,-6.09821
0.00021388,1268.43,54.4921,2.34307,0,14.4083,0,106.959,-6.65068
0.0137707,156.406,55.8935,0.707107,0.095487,8.86558,0,107.113,-6.59319
0.0456464,101.375,36.6713,0.223607,0.792542,0.23772,0,106.684,-6.47461
0.00201893,833.254,60.016,0.948683,0,10.6757,0,106.895,-6.71446
0.00720221,1008.03,53.8953,0.5,0,10.6369,0,107,-6.63181
0.0233814,67.1814,55.5343,0.316228,0,0.565046,0,107.197,-6.51593
0.0209375,35.9808,37.1648,0.2,3.61158,3.99871,0,106.507,-6.27518
0.0439776,8.97997,17.9267,0.1,5.39667,1.292,0,106.675,-6.11887
0.0012776,142.653,59.5863,1.00499,0,9.53429,0,106.402,-6.50695
0.0171388,51.8183,44.5501,0.412311,0,1.58589,0,107.109,-6.46383
0.00112524,116.943,52.5158,1.13137,0,6.91203,0,107.129,-6.54288
0.0109521,0.858443,12.6171,0.7,2.86375,0.128121,0,106.739,-6.1027
0.0153199,55.2351,32.1741,0.67082,0,2.14658,0,106.605,-6.36322
0.0226978,44.4216,51.8687,0.360555,0,0.767137,0,107.179,-6.48629
0.103612,4.08928,19.8241,0.2,0.0765166,0.19688,0,106.665,-6.10001
0.00484069,289.655,47.1798,1.11803,0,2.65145,0,107.022,-6.55546
0.0300249,46.6438,42.6478,0.223607,2.81687,3.43502,0,106.473,-6.32818
0.22578,16.1707,37.7346,0.2,3.09708,0.169841,0,107.154,-6.27518
0.0171306,129.565,63.4445,0.583095,0,0.916264,0,106.367,-6.51862
0.00170536,602.433,67.7759,0.9,0,18.3244,0,106.384,-6.59947
0.215181,74.2475,24.9854,0.1,0,3.25697,0,106.763,-6.39196
7.09779e-05,316.013,57.5986,2.30217,0,20.6985,0,107.177,-6.56264
0.326453,98.2758,26.1267,0.1,1.04678,1.71856,0,106.808,-6.41083
0.0363388,142.957,49.5434,0.1,3.22269,0.662463,0,107.113,-6.52132
0.0365151,3.39767,34.2425,0.424264,0,0.0238757,0,107.128,-6.09911
0.000515457,92.568,57.2085,1.10454,0,4.77998,0,106.403,-6.47191
0.0278981,56.0358,31.5729,0.905538,3.76172,0.206115,0,107.043,-6.36322
0.131374,7.23548,24.2742,0.1,0,0.310167,0,107.047,-6.17996
0.0831435,4.86091,37.2575,0.412311,0,0.12314,0,107.146,-6.06408
0.0630886,80.8779,28.7888,0.141421,0,2.25929,0,106.692,-6.39735
0.239729,54.2029,20.081,0.2,1.33661,0.420883,0,106.912,-6.33627
0.0300003,31.0836,45.3937,0.1,11.6141,1.56428,0,107.158,-6.41981
0.0687965,109.136,57.7276,0.223607,0,1.68037,0,107.222,-6.51862
0.0348678,192.337,46.5251,0.141421,0,4.9782,0,106.63,-6.54737
0.0453192,156.22,39.2038,0,8.12117,1.89046,0,106.745,-6.52042
0.0577855,4.71304,46.4066,0.2,0.586627,0.218367,0,106.418,-6.08025
0.105009,136.854,34.7925,0,6.61725,1.16925,0,106.779,-6.48629
0.0543555,10.5798,31.1706,0.141421,5.90295,0.39636,0,107.109,-6.19164
0.0941826,60.5605,39.0164,0.223607,0,4.56066,0,107.061,-6.44047
0.051712,120.005,55.0061,0,22.1673,1.88879,0,107.173,-6.5339
0.0326852,195.804,59.8666,0.5,0,6.27592,0,107.239,-6.52851
0.00744826,517.277,56.7196,0.223607,0,12.5895,0,106.591,-6.63091
0.0032918,140.353,59.3799,0.943398,0,6.01545,0,106.401,-6.50156
0.0644845,1.72628,26.6389,0.412311,0,0.0452172,0,107.051,-6.08384
0.0514312,48.011,41.1865,0.1,9.35773,2.39951,0,106.489,-6.32998
0.000664669,1104.48,63.1903,1.80278,0,26.9609,0,106.661,-6.72254
0.0916167,10.3517,38.5848,0.4,0,0.112105,0,107.171,-6.23745
0.0162653,1.5212,55.9875,0.6,0,0.28856,0,106.352,-6.0003
0.0906703,9.45025,28.8083,0.223607,7.62622,1.09068,0,107.085,-6.21679
0.0268634,44.2448,32.1526,0.781025,0,1.17581,0,107.048,-6.36501
0.0676934,17.3785,44.3934,0.1,6.17361,1.09469,0,107.214,-6.28416
0.0101328,582.78,55.2598,0.72111,0,17.3904,0,107.06,-6.61834
0.00820915,491.275,70.9552,0.781025,0,0.959445,0,107.164,-6.72254
0.000283596,1474.42,57.8442,1.41421,0,14.4625,0,107.001,-6.66954
0.00457981,455.249,46.7866,0.72111,0,11.8636,0,106.59,-6.52581
0.00583155,118.928,36.096,0.781025,4.97965,4.5451,0,106.968,-6.47012
0.00600694,311.051,47.0567,0.848528,0,17.2934,0,107.037,-6.54647
0.0934915,13.7661,44.4721,0.223607,0.0306066,0.284095,0,106.426,-6.15481
0.0350656,1256.28,63.3283,0.282843,0,18.721,0,107.004,-6.72075
8.20189e-06,941.104,70.9863,1.93132,0,24.8183,0,106.394,-6.64978
0.0106312,302.007,63.3169,0.72111,0,10.2377,0,107.16,-6.64259
0.022465,381.795,54.4188,0.360555,4.82209,13.297,0,106.564,-6.59139
0.0082858,632.289,70.6748,0.806226,0,14.9785,0,107.141,-6.73332
0.242801,8.53098,5.44142,0.282843,0.067119,2.81221,0,106.839,-6.12696
0,288.411,44.5436,1.3,0,10.8388,0,107.02,-6.5294
0.0376249,493.707,56.3552,0.3,0,4.15299,0,106.625,-6.64349
0.0298035,4.31861,41.424,0.6,0,0.135591,0,107.195,-6.09821
0.0217839,1.19207,32.6553,0.424264,0,0.0610605,0,107.053,-5.98323
0.00772524,2.22114,38.5065,0.761577,0,0.0449063,0,106.493,-6.07755
0.00183628,88.0695,58.238,2.20227,0,1.81032,0,106.381,-6.45484
0.082982,163.893,38.4974,0.360555,0,0.814698,0,106.896,-6.51683
0.0993893,5.66932,45.4138,0.141421,0,0.094877,0,107.239,-6.16918
2.58675e-05,307.237,58.2951,2.41868,0,29.6247,0,107.197,-6.55186
0.0571189,3.02413,30.0842,0.4,0,0.22921,0,106.575,-6.07396
0.0984584,6.43331,30.5364,0.360555,0,0.182549,0,106.56,-6.1045
0.0026388,4.53325,39.7966,0.640312,0,0.0326652,0,107.185,-6.12786
0,873.161,63.7205,1.36015,0,30.9428,0,106.568,-6.6902
0.157537,96.3527,42.1815,0.141421,0,0.814722,0,107.068,-6.47191
0.0257218,384.459,54.8324,0.141421,11.2913,3.3173,0,106.635,-6.63271
0.0485306,628.436,54.8128,0.412311,0,15.2589,0,106.767,-6.66775
0.052858,5.72949,28.0997,0.5,0,0.0315781,0,107.081,-6.19164
4.10095e-05,1230.5,66.6648,2.02485,0,8.96443,0,106.517,-6.6929
0,1128.2,66.2932,3.27567,0,8.59317,0,106.562,-6.71356
0.0505899,714.69,58.9268,0,3.35159,7.02842,0,106.886,-6.70547
0.107162,23.505,33.6197,0.2,0,0.509211,0,106.524,-6.18625
0.155738,19.4357,40.6707,0.1,0,1.91011,0,107.172,-6.30483
0.0168139,20.8461,47.1675,0.412311,0,2.11561,0,107.214,-6.35603
0.00983596,32.8392,54.8669,0.806226,2.2928,1.19406,0,106.36,-6.34256
0.0062571,510.411,64.2552,0.2,0,8.24271,0,106.436,-6.60576
0,839.102,65.4063,3.15753,0,5.45274,0,106.566,-6.70637
0.0350013,7.15113,40.6178,0.316228,0,0.14302,0,106.461,-6.15301
0.00312555,58.173,56.1055,0.921954,0,4.14779,0,107.233,-6.4809
0.0739899,56.7361,37.6489,0,18.5818,1.61112,0,106.55,-6.3722
0.442158,24.4544,34.0872,0.1,8.46901,1.88581,0,107.116,-6.28596
0.104402,59.1558,29.6214,0.1,10.4938,3.02813,0,107.002,-6.37849
0.00426845,140.688,59.1101,0.948683,0,6.74938,0,106.416,-6.51683
0.127239,63.8659,36.895,0.141421,0.232966,2.51258,0,107.103,-6.36411
0.015953,3.0614,45.6781,0.3,0,0.0716022,0,107.229,-6.07486
0.0665726,6.2386,35.3435,0.2,0,3.19187,0,106.511,-6.12965
0.00132114,663.654,60.8398,0.360555,0,11.2391,0,106.468,-6.59229
0.027983,1.29116,28.95,0.360555,0,0.861475,0,106.605,-6.03623
0.0173394,25.7638,52.8816,0.2,0,0.520963,0,106.372,-6.321
0.183023,14.5756,40.5579,0.1,4.88686,3.24933,0,106.461,-6.18445
0.00681104,728.219,71.6781,1.14018,0,9.42262,0,106.633,-6.79441
0.00910915,103.192,48.0329,0.824621,0,3.28811,0,106.499,-6.46023
0.140538,63.6587,27.5899,0.141421,0,2.65751,0,106.685,-6.38028
0.0014877,781.343,62.1027,1.11803,0,17.7286,0,106.648,-6.70817
0.0128215,388.56,49.7225,0.921954,0,1.65022,0,106.853,-6.62463
0.178509,74.0231,26.5577,0.1,10.5928,0.690942,0,106.931,-6.39196
0.00545268,115.629,48.1136,1.00499,0,6.69162,0,107.101,-6.51413
0.00714637,788.625,69.8914,0.360555,0,11.4825,0,106.639,-6.77914
0.0987539,168.325,40.8116,0.223607,0,3.06361,0,106.755,-6.53749
0.0122968,2.40542,27.497,0.565685,5.92694,0.0528129,0,107.048,-6.05959
0,1362.2,74.9527,4.44072,0,8.77573,0,106.456,-6.7432
0.0668025,12.5609,39.1298,0.1,33.4272,0.442057,0,107.172,-6.25722
0.0549886,7.74827,35.5652,0.1,10.6308,0.256202,0,107.122,-6.04431
0.0445763,676.581,65.1206,0.2,0,6.19656,0,106.754,-6.76027
0.0798741,201.954,46.9259,0.3,0.0477435,4.99075,0,106.69,-6.57702
0.000563722,1305.64,62.1864,1.76918,0,11.7682,0,106.939,-6.72703
0,93.3428,58.932,1.34164,0,2.59623,0,106.366,-6.44317
0.000301893,549.405,56.7145,1.2,0,21.5831,0,106.602,-6.6363
0.000980757,1020.84,64.3301,1.3,0,12.918,0,106.72,-6.7477
0.0467763,780.304,65.7027,0.1,41.1292,8.94715,0,106.73,-6.76207
0.00179211,984.111,70.0277,1.10454,0,15.9635,0,106.411,-6.65337
0.000279495,1.46957,26.8012,1.76918,0,0.191936,0,107.019,-6.02635
0.0501388,791.019,67.9459,0.141421,4.1562,5.58302,0,107.092,-6.73063
0.05073,9.11144,30.605,0.223607,0.83148,0.150286,0,106.567,-6.08204
0.0389883,2.16652,43.8716,0.282843,0.280561,0.407022,0,106.443,-6.07755
0.000766877,1026.13,70.0191,3.36155,0,12.2061,0,106.565,-6.75219
0.0115451,72.8389,43.8329,0.707107,0,1.60776,0,106.522,-6.4279
0.00368265,243.53,63.4282,0.67082,0,9.79724,0,107.15,-6.65068
0.102882,851.035,65.0542,0.1,0,3.00337,0,107.071,-6.71176
0.0298811,56.0165,43.1189,0.360555,0.40582,2.28505,0,106.471,-6.33267
0.0879871,42.0615,36.8373,0.1,32.5451,1.34942,0,106.521,-6.30572
0.0013347,411.705,41.528,2.05183,0,8.68531,0,106.966,-6.52491
0.0260659,365.702,51.8803,0.447214,0,1.92574,0,106.553,-6.55635
0.00511167,755.482,73.7906,0.989949,0,24.5866,0,107.121,-6.77554
0.000207256,1332.58,76.817,4.39659,0,11.1847,0,106.427,-6.7441
0.0205839,1144.34,61.1135,0.4,0,6.28253,0,106.963,-6.71176
0.0474823,81.0948,48.513,0.141421,0.897578,1.21833,0,107.125,-6.49796
4.79495e-05,939.461,78.6398,1.1,0,24.6091,0,106.439,-6.77195
0.00105773,1423.87,61.0517,0.989949,0,31.6021,0,107.014,-6.69559
0.0647252,232.358,50.1715,0.282843,0,4.54718,0,106.589,-6.56174
0,1447.76,69.2341,2.38537,0,12.8406,0,106.502,-6.71086
0.000196845,1.88245,23.2516,1.36015,0,0.206387,0,106.999,-6.0524
0.00213975,67.0914,46.8396,1.36015,0,3.37515,0,106.449,-6.36591
0.00275741,84.5669,37.5003,1,0,0.995051,0,106.992,-6.47191
0.00848044,298.806,74.0091,0.447214,0,16.3225,0,107.248,-6.69739
0.014465,49.0166,39.6735,0.761577,0,2.71984,0,106.526,-6.3704
0.0413909,4.4249,45.239,0.4,0,0.0764984,0,107.23,-6.09731
0.0936965,19.5045,36.5989,0.223607,2.60156,1.36945,0,106.497,-6.18715
0.0091429,1220.93,66.1098,0.583095,0,14.7846,0,106.662,-6.75039
0.16906,899.847,57.8926,0.1,92.6558,1.49015,0,106.95,-6.68481
0.0198322,5.79927,51.3428,0.316228,0,0.348661,0,106.364,-6.14942
0,1486.66,71.8902,1.58114,0,20.6336,0,106.507,-6.74141
0.0589025,538.956,58.2824,0.141421,16.524,5.21514,0,106.643,-6.66954
0.000650789,1433.96,74.5193,5.66392,0,10.7417,0,106.406,-6.70188
0.0703789,68.5625,34.0265,0.223607,10.8855,4.1767,0,107.002,-6.42879
0.00846309,589.891,50.1185,0.509902,0,7.71563,0,107.004,-6.59319
0.00750568,1.26483,28.4031,0.806226,0,0.265218,0,107.049,-6.04431
0.028394,166.916,63.6708,0.223607,31.9497,8.07939,0,106.396,-6.55725
0.0257375,118.361,53.5055,0.360555,0,13.9906,0,107.14,-6.54557
0.0642817,444.442,55.6026,0.2,0,2.30526,0,106.648,-6.64529
0.0657858,252.479,48.3828,0.1,0.534727,6.7275,0,106.671,-6.5842
0.0294432,6.96405,45.113,0.509902,0,0.103908,0,107.235,-6.20242
0.000134385,77.6793,47.0367,1.1,0,2.16933,0,106.453,-6.37669
0.00693407,3.65657,26.9916,0.761577,0,0.0440684,0,107.072,-6.1611
0,1045.86,66.0692,4.24382,0,26.9648,0,106.898,-6.76925
0.0386347,55.4467,42.9449,0.1,0,1.01073,0,107.151,-6.39017
0.0153915,132.957,63.8281,0.640312,0,3.55956,0,106.35,-6.50066
0.00334132,87.297,39.1486,0.894427,0,1.91603,0,107.007,-6.4809
0.070171,770.602,57.8129,0.1,0,3.34621,0,106.911,-6.692
0.0391849,1.65795,27.0128,0.509902,0,0.00759566,0,107.053,-6.07935
0.0667006,7.32787,30.8716,0.223607,0,0.209125,0,106.553,-6.12247
0.00780032,2.66912,29.6566,0.67082,0,0.0485087,0,107.092,-6.12965
0.0234148,5.09398,45.3652,0.707107,0,0.100071,0,107.238,-6.15481
0.00687066,903.274,62.2343,0.948683,0,21.4049,0,107.066,-6.68571
0.0292726,474.614,59.811,0.1,0,3.20506,0,106.55,-6.6399
0.024505,584.999,67.5681,0.412311,0,16.0035,0,107.139,-6.70188
0.00260379,278.068,41.9592,1.13137,2.09117,7.81836,0,106.877,-6.55186
0.200183,96.5485,30.0535,0.141421,15.1729,2.08361,0,106.916,-6.43239
0.0409151,4.12771,47.7942,0.282843,0,0.150065,0,106.405,-6.08294
0.0304199,315.122,49.7751,0.360555,0,8.06414,0,106.844,-6.62552
0.00223533,496.018,45.0393,1.76918,0,8.99499,0,106.988,-6.55007
0.335238,15.3487,28.4378,0.1,64.983,2.18157,0,106.57,-6.17188
0.0106555,121.966,60.307,0.6,0,7.18143,0,106.383,-6.49257
0.0339987,51.6853,31.2472,0.412311,0.198707,4.0121,0,107.036,-6.36681
5.55205e-05,836.687,71.081,1.36015,0,15.5818,0,106.385,-6.64259
0.00296435,548.501,66.4478,0.894427,0,22.5508,0,107.242,-6.61115
0.00987823,121.963,60.1538,0.2,0,7.71141,0,106.395,-6.50605
0.030288,21.1333,36.4378,0.538516,0,0.103675,0,106.514,-6.27608
0.131832,222.827,48.2065,0.141421,10.6707,2.11547,0,106.651,-6.57432
0.00478013,685.117,65.8309,0.1,0,10.6928,0,106.438,-6.62642
0.0332565,420.845,56.1952,0.316228,0,10.4664,0,106.819,-6.68391
0.00169338,548.089,62.5117,1.47648,0,12.3078,0,106.436,-6.5833
0.00163281,515.074,61.1933,1.64924,0,1.6619,0,107.078,-6.66954
0.197107,59.2379,38.0233,0.1,44.0957,0.305,0,107.116,-6.36232
0.27426,4.83693,5.7118,0.1,0.201357,1.73788,0,106.847,-6.12696
0.00481514,713.287,58.2723,0.583095,0,10.1064,0,107.056,-6.65068
0.00223817,98.3489,57.6384,1.2083,0,0.642393,0,106.391,-6.46023
0.0044164,1308.38,56.9291,1.04403,0,21.8257,0,106.967,-6.67134
0.0309432,315.869,52.7901,0.282843,0,5.07699,0,106.529,-6.54827
0.00171672,5.73871,34.9892,0.943398,0,0.00700478,0,107.144,-6.17188
0.073964,721.95,57.8461,0.141421,0,5.17849,0,106.901,-6.6938
0.105324,5.17032,33.4955,0.141421,0.0255055,0.417317,0,106.538,-6.08564
0.240538,102.721,33.0147,0,1.30817,0.919044,0,106.931,-6.45574
0.0341174,1.40393,16.5734,0.3,0,0.124608,0,106.973,-6.13684
8.70662e-05,1422.9,73.4358,5.36004,0,15.0773,0,106.41,-6.6929
0.055918,1.70465,14.9166,0.141421,0,0.477764,0,106.725,-6.08743
0.019483,77.3955,40.3407,0.608276,0,3.55494,0,106.549,-6.41083
0.0552606,26.4816,52.5299,0.223607,0,2.50837,0,106.358,-6.25093
0.369762,19.6028,9.9734,0.1,33.9141,0.892966,0,106.894,-6.23655
0.00376341,106.985,50.1843,0.905538,0,1.78032,0,106.481,-6.46922
0.00423975,83.9567,56.9275,0.6,0,4.88668,0,106.378,-6.427
0.13923,105.038,31.2511,0.1,0.846623,1.7825,0,106.752,-6.44766
0.0237243,1484.8,61.8051,0.3,5.14758,22.5081,0,106.992,-6.70997
0.00855174,135.603,60.7877,0.824621,0,11.414,0,106.385,-6.50246
0.068324,240.158,74.4453,0.1,32.7253,2.2479,0,107.237,-6.71086
0.00759716,207.518,63.3846,0.67082,0,7.20592,0,107.186,-6.62373
0.0506035,6.53112,35.4028,0.2,0,0.228598,0,107.148,-6.18535
0.0996552,244.636,49.1942,0.5,0,2.40775,0,106.649,-6.5833
0.00071388,71.3284,52.9974,1.02956,0,3.22614,0,106.407,-6.40544
0.0127227,845.921,64.1848,0.316228,0,11.5925,0,106.516,-6.66595
0.0964956,240.408,46.2037,0.223607,0,2.22753,0,106.843,-6.59319
0,1158.82,72.9642,3.49285,0,23.794,0,106.546,-6.77285
0.0019082,932.957,66.7627,0.781025,0,5.62061,0,106.595,-6.73332
0.00446972,35.7074,56.0688,1.33417,0,4.33048,0,106.359,-6.3704
0.00644795,794.762,65.3467,0.67082,0,4.47117,0,106.48,-6.65427
0.00493312,68.0294,52.9308,0.632456,0,3.58051,0,106.404,-6.39915
0.0347107,49.9687,50.9634,0.316228,0,3.00727,0,106.401,-6.35154
0.00848612,3.10545,31.8379,0.424264,0,0.0543654,0,107.115,-6.14942
0.0262407,28.4036,23.1687,0.2,0,0.532553,0,106.65,-6.28686
0.0163845,85.2199,34.2274,0.223607,0.0143231,3.83781,0,106.629,-6.41262
0.0136842,176.244,60.938,0.412311,0,11.3459,0,107.17,-6.60756
0.0561552,2.32301,19.4578,0.3,0,0.100224,0,107.001,-6.14672
0.0485669,58.1717,32.8503,0.447214,0,0.725131,0,107.031,-6.39196
0.0717155,332.484,52.4341,0.1,24.5784,1.59939,0,106.657,-6.61834
0.0165817,251.023,46.1977,0.447214,0,14.4072,0,107.05,-6.5294
0.0544177,7.80136,43.6728,0.3,0,0.603289,0,107.222,-6.20781
0.00015489,904.537,66.8802,2.19545,0,15.4665,0,106.547,-6.71176
0.000894637,343.341,46.2472,1.96469,0,11.6435,0,106.551,-6.48898
5.1735e-05,273.36,47.2111,1.60312,0,19.1988,0,106.542,-6.49347
0.358625,30.4344,11.6853,0.1,58.9907,1.3418,0,106.759,-6.25542
0.287351,99.6737,26.6568,0.141421,0.254257,1.10728,0,106.797,-6.41442
0.0116132,269.573,55.0965,0.412311,0,4.10636,0,107.109,-6.5869
0.0305464,6.68117,34.7991,0.223607,0,0.0615303,0,107.143,-6.18265
0.00494479,543.209,44.2755,0.360555,1.31295,4.82346,0,106.59,-6.49796
0.0277744,8.0693,30.8681,0.223607,0,0.0935412,0,107.106,-6.20242
0.0168142,57.3735,43.0793,0.360555,0,1.9019,0,106.475,-6.34166
0.128926,87.915,29.1481,0.1,1.46095,7.40791,0,106.89,-6.43149
0.0446476,5.56448,40.1914,0,26.3855,0.59823,0,107.16,-6.02814
0.0022306,497.589,66.9893,0.447214,0,20.4735,0,106.396,-6.60127
3.50158e-05,197.265,37.4375,2.40208,0,2.63093,0,106.944,-6.49347
0.00327445,234.018,41.8527,0.728011,0,8.25564,0,106.955,-6.5321
0.11284,206.603,46.7455,0.223607,0,6.76875,0,106.677,-6.57073
0.000250789,525.522,61.5851,1.66433,0,18.9957,0,107.108,-6.65697
0.0108735,361.112,72.1189,0.72111,0,17.6775,0,107.187,-6.72075
0.0255978,29.1206,44.4924,0.223607,0,0.390366,0,107.159,-6.40454
5.74133e-05,1344.85,76.6088,6.08769,0,24.8393,0,106.405,-6.72524
0.00778612,2.84475,33.975,0.761577,0,0.092055,0,106.543,-6.05779
0.0165401,369.783,68.3323,0.707107,0,18.5158,0,106.356,-6.57612
0,2923.51,67.4574,4.93356,0,25.3675,0,106.962,-6.77105
0.0871539,9.35437,46.8613,0.223607,0,0.593323,0,106.404,-6.15301
0.0242691,1.75485,40.116,0.412311,0,0.0928713,0,107.157,-6.02186
0.00252902,1.11109,26.8006,1.02956,0,0.28739,0,107.002,-6.00659
0.0368145,40.1579,41.9324,0.4,0.0143231,1.05875,0,106.475,-6.31561
0.113319,30.3327,28.8802,0.1,2.81273,2.17599,0,107.064,-6.28596
0.000789905,1062.6,77.1449,0.989949,0,4.9592,0,106.498,-6.79081
0,915.32,64.6514,2.35372,0,17.8849,0,106.567,-6.69919
0.00446751,478.531,75.9631,0.8,0,30.1958,0,107.165,-6.77464
0.0595533,233.553,51.4781,0.141421,0,2.76668,0,106.586,-6.57342
0.0113524,89.5957,38.0051,0.6,0,5.3402,0,106.566,-6.39825
0.0376861,2.50011,30.1051,0.2,0,0.1938,0,107.084,-6.08294
0,1678.89,71.9249,6.43817,0,10.3663,0,106.441,-6.69919
0.0351028,424.564,51.6841,0.447214,0,9.76091,0,106.734,-6.63361
0.192816,38.6134,35.1753,0.1,13.4949,4.74042,0,107.11,-6.32189
0.0457259,42.6257,41.9658,0.282843,0,0.41104,0,107.103,-6.43688
0.244749,20.4701,10.4558,0.2,0,2.04391,0,106.886,-6.24913
0.0814202,11.38,40.5765,0.1,9.16448,1.05877,0,107.193,-6.2141
0.0287476,63.552,45.4573,0.223607,22.0575,2.54413,0,107.102,-6.48179
0.0424871,7.65374,33.198,0.316228,0,0.0851261,0,107.127,-6.19793
0,151.212,64.4244,1.23693,0,6.94862,0,106.351,-6.51144
0.110702,95.106,33.0072,0.141421,0,2.72687,0,106.944,-6.45035
0.0244757,60.398,34.166,0.509902,0,3.20904,0,106.609,-6.39376
0.100424,37.5816,28.6924,0.141421,14.0088,1.9524,0,107.044,-6.3192
0.000679811,546.445,44.9214,1.13137,0,5.55328,0,106.596,-6.50964
0.0406596,62.7768,43.6275,0.4,0,1.03244,0,106.461,-6.321
0.0130028,1045.7,60.1638,0.921954,0,17.7253,0,106.936,-6.70907
0.0508278,4.98166,35.97,0.360555,0,0.0222109,0,107.152,-6.15211
0.014924,568.111,60.5016,0.141421,2.7357,4.25733,0,106.495,-6.61025
0.0124246,945.767,64.4011,0.583095,0,10.0297,0,106.727,-6.74949
0.0137552,17.1189,48.6813,0.632456,0,0.202352,0,107.243,-6.32189
0.0742098,94.0121,31.9348,0.1,8.39331,1.40936,0,106.691,-6.42969
0.00154164,1056.87,66.1997,0.806226,0,26.7929,0,106.476,-6.66056
0.00326593,138.722,61.248,1.11803,0,8.20275,0,106.372,-6.49078
0.0924233,57.6315,40.7616,0.1,13.0769,3.30226,0,107.086,-6.43867
0.00166404,1033.93,69.5654,1.06301,0,31.2783,0,106.665,-6.78363
0.0423423,1.73754,35.0755,0.316228,0,0.139274,0,107.092,-5.9994
0.0819309,89.3684,29.4168,0.2,17.6174,0.535651,0,106.719,-6.41801
0.149441,69.4703,20.398,0.1,1.94465,1.35276,0,106.765,-6.34884
0.196795,39.3909,23.3185,0.2,1.41893,2.6815,0,106.672,-6.3174
0.000700946,70.9767,56.1047,1.02956,0,7.17594,0,107.245,-6.46473
0.0332603,49.6819,31.4993,0.316228,0,2.55848,0,106.592,-6.33537
0.238978,73.883,21.2474,0.1,30.446,1.11285,0,106.788,-6.36322
0.0100322,1.45269,39.3186,0.360555,0,0.0664039,0,107.151,-6.02545
0.0924379,165.207,40.4687,0,0.873706,0.71332,0,106.749,-6.533
0.0364924,157.188,62.544,0.141421,0,5.42918,0,106.382,-6.52401
5.39432e-05,563.916,58.7257,1.11803,0,17.3404,0,106.46,-6.55905
0.000359621,493.773,61.3129,2.26274,0,17.8726,0,107.13,-6.6408
0,1324.73,70.0416,4.47214,0,13.3542,0,106.465,-6.69559
0.116036,30.1574,33.278,0.282843,0,1.33408,0,106.535,-6.24733
0.00827949,560.707,64.942,0.1,0,5.87695,0,107.105,-6.6938
0,1151.04,76.3622,5.50091,0,33.8974,0,106.396,-6.71536
0.00474574,424.559,67.4579,0.707107,0,6.18604,0,107.21,-6.65158
0.241807,53.2187,24.4601,0.1,11.3719,5.4119,0,106.681,-6.34076
0.016389,545.349,52.2446,0.608276,0,9.52261,0,107.019,-6.60756
1.5142e-05,1074.61,71.7367,1.11803,0,16.8549,0,107.078,-6.77464
0.000239117,965.548,50.2186,2.30868,0,12.4232,0,106.968,-6.60756
0.0262073,155.382,66.1889,0.223607,0,9.92335,0,106.354,-6.54198
0.0733937,667.574,56.3316,0.2,5.68148,8.46763,0,106.898,-6.68032
0.0352644,3.40489,42.843,0.583095,0,0.136063,0,106.445,-6.11528
0.00131514,1277.09,56.6295,1.26491,0,22.0332,0,107.015,-6.65247
0.0154691,1.43946,31.1048,0.6,0,0.232218,0,107.075,-6.04072
0.126961,6.81683,24.3679,0.141421,0,1.57947,0,106.616,-6.11259
0.060464,1284.01,66.5917,0.2,12.9643,7.73591,0,107.025,-6.745
0.0172095,558.598,60.7951,0.1,0,2.59129,0,106.555,-6.65337
0.0266192,1470.18,61.6051,0.223607,0,13.3475,0,106.998,-6.70637
0.0597893,4.00986,38.0831,0.2,0,0.08125,0,107.164,-6.10001
0.047105,2.10551,22.8543,0.223607,9.54134,0.284713,0,107.022,-6.1045
0.0232246,39.9935,52.7611,0.5,0,0.297955,0,107.195,-6.4809
0.0234994,30.1469,48.885,0.223607,0,7.39061,0,106.429,-6.36771
0.000807886,410.835,46.0223,1.36015,0,7.97659,0,106.985,-6.56085
0.150999,485.905,55.4153,0.1,1.98613,8.52658,0,106.842,-6.67673
0.00890662,1000.15,79.7079,0.9,0,12.8634,0,106.428,-6.77644
0.0323981,50.131,31.3873,0.538516,0.558434,3.97448,0,107.037,-6.36771
0.0222271,93.9162,50.9917,0.447214,0,4.7174,0,106.462,-6.45754
0,768.898,64.6686,1.64012,0,12.2674,0,106.868,-6.75937
0.0227886,214.624,44.695,0.4,0,17.8481,0,106.644,-6.53569
0.00450568,263.093,43.7767,0.632456,0,4.54379,0,106.93,-6.55815
0.0503199,269.56,47.9404,0.2,0,2.06258,0,106.853,-6.60846
0.00255079,388.695,69.5637,1.20416,0,16.7823,0,107.246,-6.64619
0.0822366,13.2933,37.8284,0.141421,9.89105,0.405721,0,106.489,-6.12786
0.0100899,372.532,65.1674,0.565685,0,21.733,0,107.147,-6.67134
5.36278e-06,1796.19,66.7039,2.20227,0,15.1234,0,106.984,-6.75848
0.122377,39.2037,28.8295,0.1,15.0075,2.84195,0,106.596,-6.29584
0.00824227,51.2639,49.692,0.538516,0,6.17525,0,106.43,-6.38567
0.0362751,613.201,51.2281,0.2,1.23656,9.82204,0,106.878,-6.6363
0,1048.46,67.7073,1.56205,0,18.0635,0,106.673,-6.76836
0,2370.93,69.7831,5.30377,0,19.0119,0,106.97,-6.79081
0,673.815,72.0025,1.64924,0,14.6993,0,106.382,-6.65068
0.208175,2.79483,20.2315,0.1,18.7211,0.574969,0,106.671,-6.08025
0.162057,43.7384,29.2252,0.2,16.0124,1.03851,0,106.592,-6.29494
0.127271,34.8422,33.4592,0.141421,0,2.76891,0,106.539,-6.2662
0.0311502,109.103,35.2298,0.360555,0,2.04621,0,106.578,-6.374
0.0785211,449.114,60.2534,0.2,0.358076,4.46544,0,106.828,-6.72075
3.97476e-05,766.326,76.3479,2.02485,0,3.416,0,106.354,-6.67852
0.00171924,94.739,54.0408,0.447214,0,18.0116,0,107.23,-6.45395
4.22713e-05,1149.89,75.9684,3.76431,0,31.9523,0,106.449,-6.74949
0.0024448,410.845,50.417,0.948683,0,16.4869,0,107.028,-6.5851
0.0104454,414.402,58.077,0.424264,0,9.55683,0,106.482,-6.57163
0.0798224,387.462,52.4973,0.282843,0,4.55335,0,106.789,-6.64888
0,1042.31,67.3621,2.18403,0,23.2352,0,106.464,-6.66505
0.0860849,147.501,42.925,0.141421,0,4.42005,0,106.722,-6.54917
0.000686435,161.498,55.7527,1.30384,0,5.99119,0,107.107,-6.59588
0.00355994,825.323,61.8274,0.5,0,13.6401,0,106.588,-6.68122
0.0141416,12.5831,46.5688,0.848528,0,0.123544,0,107.235,-6.28327
0,1467.54,75.7047,4.80416,0,22.5315,0,106.437,-6.73871
0,1974.88,60.3878,3.60694,0,30.652,0,106.737,-6.71446
0.0314549,3.92984,33.6395,0.1,0,0.635612,0,107.095,-6.02904
0,1657.1,70.8794,5.18941,0,9.81439,0,106.471,-6.70907
0.000157098,816.55,70.8041,2.05913,0,20.7641,0,106.351,-6.60396
0.18817,26.3002,19.7388,0.1,0.0280724,2.90983,0,106.69,-6.28866
0.0818237,3.52182,24.1185,0.141421,1.3671,1.03688,0,106.627,-6.08923
0.0124801,49.0155,48.1089,0.360555,3.89214,2.62988,0,106.426,-6.34256
5.36278e-05,839.186,70.9166,2.5807,0,25.6679,0,106.354,-6.60846
0.353931,43.318,18.4825,0.282843,0.382806,3.30571,0,106.751,-6.32369
0.0570524,34.9887,47.2615,0.1,0,1.31715,0,106.413,-6.28057
0.0229782,2.40234,46.617,0.5,0,0.0651184,0,107.237,-6.07216
0,1013.15,71.6923,2.50799,0,27.9386,0,106.363,-6.62822
0.0543795,4.04759,32.261,0.223607,0,0.239108,0,107.117,-6.13864
0,869.104,72.2559,1.62788,0,8.67875,0,107.081,-6.77824
0.0901388,153.351,41.4811,0.2,0,0.87127,0,106.726,-6.53659
0.231795,57.4629,23.6464,0.141421,0,0.492414,0,106.678,-6.32818
0.00134196,2.87468,26.4749,1.08167,0,0.21372,0,107.065,-6.14403
0.333087,9.44343,24.7638,0.1,1.74656,1.42401,0,106.604,-6.17367
5.04732e-05,391.141,39.6537,2.96142,0,11.4831,0,106.979,-6.50066
0.0334716,88.5212,36.028,0.141421,0.0620666,5.92074,0,106.608,-6.41622
0.17561,427.242,53.0334,0.2,0.414643,0.991461,0,106.841,-6.65517
0.0890738,3.1268,18.1495,0.412311,0,0.648515,0,106.699,-6.07306
0.0137347,194.49,65.667,0.8544,0,0.653375,0,106.35,-6.5294
0.224276,73.1734,29.4377,0.1,0,3.69969,0,106.945,-6.41442
0.089488,189.889,49.3685,0.1,17.2975,2.90854,0,106.608,-6.56444
0.176586,18.5774,41.7441,0.141421,2.59136,2.12011,0,106.45,-6.18265
0.039006,387.199,55.6291,0.447214,0,7.37407,0,106.539,-6.5878
0.000535962,2.10064,28.8479,1.14018,0,0.158703,0,107.083,-6.12157
0.0656599,114.219,37.0764,0.1,0.195748,1.20703,0,106.709,-6.48898
0.223027,109.915,31.652,0.141421,3.02694,1.40032,0,106.901,-6.45215
0.000170662,646.444,55.9863,1.14018,0,13.2439,0,106.578,-6.61654
0.0214391,293.557,79.321,0.2,0,1.82131,0,107.211,-6.78273
0.0559363,33.3848,41.6681,0.316228,0.153033,3.39,0,106.466,-6.28237
0.000435016,925.626,63.2042,1.42127,0,8.02866,0,106.602,-6.70098
0.100435,70.2856,27.6127,0.1,13.0244,2.50642,0,106.68,-6.37669
0.0585091,2.1159,52.1497,0.1,2.13167,0.302194,0,106.376,-6.03713
0.00991735,1.3662,27.556,0.608276,0,0.0780338,0,107.046,-6.05509
0.0521798,177.876,45.5547,0.316228,0,2.46888,0,106.654,-6.54917
0.066853,127.647,32.8007,0.223607,11.0813,1.24227,0,106.766,-6.46562
0.0126508,211.975,55.548,0.921954,0,9.62943,0,107.123,-6.58241
0.000897792,358.74,67.3992,1.2083,0,6.90104,0,107.213,-6.64798
0.00107823,1555.84,71.9375,2.63059,0,14.597,0,106.49,-6.73242
0.0522167,771.931,58.6767,0.316228,0,4.47603,0,106.897,-6.70188
0.0432593,396.512,69.9192,0.223607,0,11.1097,0,107.175,-6.70458
0.00979811,130.035,59.2004,0.223607,3.04046,5.27314,0,106.391,-6.48539
0.021895,25.0801,37.1749,0.360555,0,0.547687,0,106.512,-6.29135
0,1890.98,68.3754,6.86804,0,7.05916,0,106.942,-6.78363
0.0070817,5.47718,40.1064,0.412311,0,0.0310707,0,107.19,-6.15571
0.0480921,38.1591,53.6656,0.316228,1.69377,4.94462,0,107.217,-6.46562
0.0658334,1.7173,30.8744,0.3,0,0.130603,0,106.586,-6.03533
0,1750.51,74.2999,5.84209,0,37.1137,0,106.445,-6.72883
0.0230883,598.854,61.0592,0,0,10.124,0,106.639,-6.69469
0,906.722,68.0699,2.02237,0,17.1702,0,106.623,-6.75668
0.00052776,762.827,62.0219,1.17047,0,14.2213,0,106.602,-6.6893
0.0545312,4.14788,35.4033,0.2,3.46875,0.830243,0,106.523,-6.07665
0.0292902,20.1308,50.7192,0.316228,6.25598,1.61897,0,106.375,-6.25362
0.00113344,343.108,47.2665,1.11803,0,7.26702,0,107.019,-6.55815
0.00377098,601.435,59.9158,0.316228,0,13.6709,0,107.079,-6.65607
0.041206,167.082,52.7122,0.2,0,7.33054,0,106.502,-6.52401
0.0280662,339.877,75.0876,0.640312,0,4.44299,0,107.22,-6.73063
0.336727,9.4473,16.2219,0.1,0.208017,0.259541,0,106.682,-6.19074
0.0171315,90.7708,48.8824,0.5,0,3.42445,0,106.493,-6.46473
0.0725375,395.207,51.2542,0.223607,0,4.4031,0,106.762,-6.63451
0.000345426,824.77,58.0082,1.99249,0.0477435,12.5025,0,107.071,-6.6408
4.57413e-05,671.497,55.4918,1.17047,0,21.9631,0,107.064,-6.61834
0.00439716,0.92703,46.6089,0.948683,0,0.0774656,0,106.427,-6.04431
0.109134,984.707,58.4249,0.2,17.2545,13.4348,0,106.963,-6.68661
0.0266527,583.714,60.8781,0.632456,0,4.69739,0,106.501,-6.61924
0.0187082,734.006,53.1541,0.4,0,5.06587,0,107.013,-6.61924
0.00178013,968.804,64.7019,1.06301,0,21.5853,0,106.721,-6.75129
0.012476,965.6,70.9756,0.2,0,7.02267,0,107.071,-6.77015
5.96215e-05,880.322,50.404,1.11803,0,21.4249,0,106.998,-6.59857
0,702.817,79.9209,1.65529,0,17.2955,0,106.357,-6.72524
0.0194483,12.0398,47.864,0.67082,0,0.0786451,0,107.248,-6.28147
0.0742833,14.5646,46.5327,0.1,16.0022,2.16084,0,106.407,-6.1593
0.00346751,178.257,69.0924,1.30384,0,10.9338,0,107.249,-6.6372
0.0161448,424.96,72.3114,0.447214,0,21.1038,0,107.243,-6.68122
0,1230.63,59.2605,2.54951,0,23.1964,0,106.712,-6.69919
0,1199.9,71.3109,1.5,0,28.4046,0,106.531,-6.74859
0.0357309,31.3159,42.4337,0.424264,0,0.524174,0,106.465,-6.30213
0.00236688,56.9149,51.6639,1.1,0,8.12177,0,107.199,-6.45934
0.011682,624.881,60.9611,0.5,0,10.3169,0,106.49,-6.61205
0.0497694,85.0727,48.1259,0.2,13.1677,0.544398,0,107.118,-6.49976
0.00782555,537.309,58.9214,0.2,0,4.68302,0,106.525,-6.61474
0.196854,32.0081,32.3896,0,66.1512,0.149009,0,106.54,-6.23027
0,1289.06,71.8424,2.00998,0,25.2207,0,106.529,-6.75309
0.0108461,77.5906,45.6175,0.509902,0,1.49694,0,106.493,-6.41712
0.00238297,574.05,44.779,2.05183,0,16.829,0,106.986,-6.54827
0.0122262,111.046,40.1069,0.761577,0,3.01254,0,106.559,-6.41891
0.0580685,12.9789,49.1352,0.1,0,0.643535,0,106.383,-6.19613
0.102226,4.97432,14.2502,0.424264,0,0.848242,0,106.957,-6.17098
0.132017,485.404,67.7426,0.2,0,4.25694,0,106.787,-6.78722
0.0871461,688.894,56.4748,0.223607,2.60202,4.60807,0,106.895,-6.68212
0.07617,2.94021,27.7085,0.1,0.781122,0.867152,0,107.069,-6.1063
0.149586,78.1307,25.0261,0.3,0.156882,1.49534,0,106.736,-6.38208
0.0237467,4.65601,37.8542,0.1,6.00573,0.982022,0,107.16,-6.09372
0.112392,23.9253,42.2332,0.3,0,0.880523,0,107.18,-6.32279
0.0817454,81.9221,25.99,0.2,0,0.713043,0,106.716,-6.38208
0.00933975,131.779,57.6812,0.447214,0,5.37155,0,107.122,-6.60666
0.00290883,51.883,48.0606,1.07703,0,4.88137,0,107.17,-6.44317
0.0356549,117.993,32.8348,0.282843,9.68238,1.92958,0,106.718,-6.45125
0.0419369,1.72448,44.0822,0.223607,0,1.31736,0,106.435,-6.1063
0,655.568,65.0966,1.66433,0,29.0988,0,107.241,-6.59498
0.110913,1.52296,16.8423,0.3,0.326646,0.102723,0,106.963,-6.1045
3.43849e-05,1318.71,73.6626,1.67631,0,17.9763,0,106.493,-6.75219
0.0776855,8.65247,40.2408,0.141421,0,0.65129,0,107.191,-6.19972
0.119744,565.146,64.0198,0.1,40.5915,2.5028,0,106.782,-6.75309
0.0282795,200.856,39.9277,0.761577,0,4.19158,0,106.864,-6.53479
0,680.008,67.689,3.54683,0,6.03287,0,106.86,-6.78722
0.0315401,69.0823,42.1075,0.1,0.0381948,3.70719,0,106.542,-6.427
0.126505,52.6513,31.7051,0,52.0211,0.705994,0,106.581,-6.32189
0.371885,2.72706,6.80096,0.2,0,0.494405,0,106.783,-6.13235
5.74133e-05,1368.19,76.2464,6.47611,0,9.30559,0,106.414,-6.72793
0.000624921,219.624,43.1087,1.04403,0,5.98585,0,107.037,-6.50425
0.060164,4.98321,32.5071,0.424264,0,0.135713,0,107.122,-6.17727
0.0959858,6.21089,29.4105,0.282843,0,0.0215077,0,106.567,-6.12247
0.0537549,540.08,58.6887,0,14.5904,4.15441,0,106.642,-6.67314
0.0392858,321.275,49.3655,0.141421,0,1.84605,0,106.841,-6.62193
0.0258593,29.0985,38.5456,0.3,0,0.486519,0,106.514,-6.32728
0.0662243,9.46716,47.4534,0.447214,1.02094,0.273972,0,107.249,-6.26081
0,1104.02,79.2612,3.60139,0,16.1333,0,106.384,-6.73961
0,554.834,65.8098,1.47648,0,11.7349,0,106.428,-6.61744
0.143729,15.1435,40.3916,0.223607,0,0.466749,0,106.463,-6.20601
0.129912,25.3328,35.5209,0.1,3.683,1.40365,0,106.507,-6.20332
0.00122366,575.414,68.214,1.06301,0,4.68982,0,107.174,-6.68661
0.0555827,2.91902,32.5238,0.1,0,0.914637,0,106.56,-6.0515
0.0784082,244.092,46.3149,0.141421,0,1.79128,0,106.846,-6.59408
0.132919,656.405,53.499,0.1,38.0325,3.11847,0,106.915,-6.65158
0.00519653,992.66,57.1515,0.72111,0,15.1615,0,107.028,-6.65247
0.0558833,202.297,46.7078,0.223607,0,2.10594,0,106.699,-6.57791
0.103037,27.7244,29.1192,0.141421,0,1.04598,0,107.058,-6.30303
0.0998997,129.468,35.9792,0.1,2.9601,3.85802,0,106.751,-6.49168
0.00308833,964.701,62.4416,0.9,0,19.741,0,106.583,-6.68481
0.0024205,343.571,65.3426,0.989949,0,5.69687,0,106.386,-6.56893
0.0537713,533.051,67.1992,0,56.275,1.5682,0,106.794,-6.78273
0.00593975,125.58,53.7179,0.72111,0,11.4717,0,106.469,-6.50335
0.0137265,0.858084,27.6246,0.632456,0,0.0242507,0,106.616,-6.04162
0.0590852,3.02484,46.6527,0.141421,0,0.781833,0,106.416,-6.08204
0.00163785,324.186,41.3118,0.3,0,14.5825,0,106.619,-6.48539
0.0312287,8.49767,46.1833,0.640312,0,0.0361275,0,107.242,-6.22847
0.001253,495.091,49.9873,1,0,17.7831,0,106.536,-6.52132
0.0284426,10.7902,40.9774,0.360555,0,0.193525,0,107.19,-6.25362
0.0465574,41.0454,42.0245,0.223607,0,0.0768591,0,106.482,-6.33447
0.000585173,127.76,53.1337,1.50333,0,21.9923,0,107.125,-6.55366
0.0955555,61.3341,40.3696,0.3,0,0.377694,0,107.067,-6.45125
0,1166.57,67.0565,1.36015,0,19.1165,0,106.675,-6.76297
0.0283426,286.138,47.1554,0.223607,0,5.71788,0,107.079,-6.52042
0.0254372,1.36187,24.6073,0.1,0,0.580032,0,107.018,-6.05869
0.0361268,13.1075,47.9916,0.1,0.346875,1.41796,0,106.398,-6.11259
0.0121218,269.562,47.1935,0.8,0,5.6095,0,106.612,-6.54378
0.0126934,39.1707,44.5189,0.707107,0,1.42159,0,107.171,-6.38567
0.040095,327.609,52.2325,0.2,0,1.91722,0,106.533,-6.54468
0.399626,30.3014,13.8325,0,13.2476,1.26345,0,106.749,-6.27249
0.357315,57.6834,18.2348,0.1,2.19331,1.38869,0,106.818,-6.33986
0,218.674,41.8737,1.14018,0,21.6801,0,106.575,-6.45754
0.000990536,271.895,41.92,1.74642,0,18.4735,0,106.918,-6.54378
0.0318631,1.42959,27.9078,0.282843,0,0.0310925,0,107.057,-6.06947
0.000504732,1132.63,76.9582,1.0198,0,10.6895,0,106.501,-6.79081
0.139678,501.89,66.3093,0.2,0,2.81471,0,106.78,-6.77375
0.00748107,641.877,71.8165,1.58114,0,6.58563,0,107.151,-6.73961
0.0373603,394.395,57.573,0.141421,15.4975,6.42225,0,106.533,-6.60486
0.00861104,82.076,52.4198,0.806226,0,7.0693,0,107.154,-6.51952
0.0263625,8.41383,51.9756,0.5,0,0.144792,0,106.359,-6.13235
0.0263527,681.698,56.5683,0.3,2.14846,7.41317,0,106.701,-6.67134
0.0188584,2.66739,38.6196,0.565685,0,0.0991105,0,107.151,-6.04342
0.000409779,1013.42,68.4795,2.52389,0,18.752,0,106.587,-6.7468
0.0288237,1135.88,71.7321,0.360555,0,17.3787,0,107.037,-6.78992
0.073088,192.831,46.6673,0.2,0,1.46963,0,106.659,-6.56264
0.060324,129.067,33.7542,0.223607,0.358076,2.29613,0,106.772,-6.47551
0.0260233,53.0376,42.5581,0.4,0,3.25135,0,106.478,-6.33627
0.13275,7.08247,24.5035,0.1,0,1.69298,0,106.614,-6.11438
4.73186e-06,185.111,36.0671,1.81108,0,5.12547,0,106.956,-6.47551
0.0651789,53.73,37.2987,0.412311,2.89837,0.409339,0,107.098,-6.37669
0.0480259,64.4897,30.7301,0.316228,0,1.98715,0,106.63,-6.3704
0.00801672,819.365,69.8426,0.1,3.17434,3.98182,0,107.115,-6.73871
0.0540511,521.711,59.6216,0.412311,21.7949,2.92389,0,106.852,-6.71446
0.000103785,134.37,53.8952,1.17047,0,5.24274,0,106.457,-6.49257
0.00633817,220.769,42.7344,0.8,0,10.3225,0,106.933,-6.54737
0,1241.24,59.2659,1.62788,0,8.35451,0,106.704,-6.69739
0.00404227,184.058,61.3318,1,0,4.77384,0,106.394,-6.52222
0,929.41,69.8001,1.44222,0,8.42767,0,106.374,-6.61564
0.0856934,5.31238,44.6645,0.141421,0,0.715968,0,106.427,-6.11798
0.0203199,172.856,44.2951,0.1,0.253041,5.57152,0,106.65,-6.53479
0.0125438,569.589,49.8094,0.608276,0,7.74013,0,106.906,-6.61924
0.0268543,63.2188,48.1996,0.5,0,4.93176,0,106.463,-6.41532
0.0662505,6.64354,35.0449,0.282843,0,0.040255,0,106.522,-6.09103
0.253858,64.3563,24.2483,0.2,0,0.766926,0,106.727,-6.3704
0.0642022,9.12628,39.4859,0.2,0,0.0787305,0,107.184,-6.20421
0.0680735,266.089,52.9564,0.2,1.98136,1.57815,0,106.554,-6.56893
0,1639.55,55.5225,2.78927,0,23.7405,0,106.98,-6.65427
0.0574319,6.31279,30.3666,0.316228,0,0.0920442,0,107.102,-6.18984
0.105162,30.6861,39.3498,0.1,1.63235,0.728477,0,106.486,-6.27518
0,244.344,47.0718,1.13137,0,10.2827,0,106.528,-6.4782
0.0257555,2.6693,47.6352,0.583095,0,0.0975218,0,107.244,-6.06318
0.00399117,1.45894,39.4475,0.223607,0,0.397986,0,107.143,-6.00659
0.0377965,82.3392,38.0247,0.1,3.6476,2.07167,0,106.606,-6.43867
0.00116057,62.2432,50.1299,1.17047,0,0.786977,0,106.418,-6.3713
0,1061.72,66.9575,2.46982,0,23.4149,0,106.556,-6.71715
0.10033,53.5899,28.8197,0.1,1.05654,0.674297,0,106.632,-6.34794
0.00965962,64.7977,51.4135,0.608276,0,2.15389,0,106.425,-6.40813
0.0113256,165.833,55.2844,0.509902,0.572922,9.87853,0,107.131,-6.57342
0.0261249,17.7853,49.1733,0.360555,0,0.480352,0,106.386,-6.23116
0.0142394,535.979,68.0517,0.1,78.343,4.69389,0,106.801,-6.79081
0,1450.3,62.4135,2.22036,0,16.3896,0,106.728,-6.73153
0.0104385,1.30649,31.5372,0.860233,0,0.071735,0,107.081,-6.04252
0.0285035,14.7194,37.844,0.806226,12.5487,0.0241461,0,106.486,-6.15301
0,1616.67,61.7575,2.76586,0,28.6471,0,106.737,-6.72703
0.0149218,719.443,69.6772,0.5,0,6.42277,0,106.698,-6.79261
0.0131502,568.863,50.9352,0.5,0,10.3002,0,106.898,-6.63091
0.00428644,358.832,46.5927,0.412311,0,4.86882,0,106.595,-6.52671
0.0473533,73.1446,38.2907,0.2,16.0179,1.77405,0,106.596,-6.43328
0.00359211,201.478,69.0989,1.40357,0.0285977,10.2022,0,107.249,-6.6381
0.0194495,804.366,54.9926,0.5,7.36682,6.15843,0,106.906,-6.66685
0.00382114,4.67651,43.3325,0.848528,0,0.0448571,0,107.218,-6.13684
0.00733375,237.843,43.0081,0.632456,0,5.0089,0,106.881,-6.56085
0.0147946,120.63,39.5934,0.360555,0,1.53421,0,106.666,-6.49527
0,1385.14,72.03,3.50571,0,18.9494,0,106.409,-6.67493
0.261035,76.6304,24.1125,0,12.2476,4.41993,0,106.767,-6.38478
0.0669685,10.3696,43.1672,0.1,3.8645,1.79139,0,107.215,-6.22398
0.0367155,3.09522,42.9879,0.360555,0,0.0658595,0,106.444,-6.11259
0.00667445,643.743,61.2348,0.424264,0,6.90216,0,106.627,-6.692
0.00514953,1063.75,73.2786,0.9,0,11.8658,0,107.08,-6.78902
0.0930858,3.90513,22.0601,0.282843,0,0.0811282,0,106.645,-6.09462
0.0121965,88.0491,45.8484,0.583095,0,3.89117,0,106.496,-6.4243
0.00769905,810.165,69.5919,0.707107,0,31.033,0,106.404,-6.64169
0.0072123,180.361,59.7348,0.583095,0,17.6939,0,106.395,-6.49976
0.0123785,854.25,72.3397,0.1,1.73896,8.13767,0,106.578,-6.78093
0.00832177,344.008,45.3403,0.806226,0,8.14204,0,106.999,-6.54827
0.00452524,445.875,67.042,0.1,7.22568,8.27571,0,107.203,-6.65247
0.00966814,395.119,54.0823,0.824621,0,3.76355,0,106.542,-6.57252
0.0934981,499.083,59.2348,0.3,0,4.14635,0,106.801,-6.71086
0,909.785,67.298,4.29535,0,31.9893,0,106.875,-6.78273
7.76025e-05,911.253,61.9156,1.45602,0,25.0214,0,106.654,-6.70817
0,1404.03,74.203,2.52389,0,24.1429,0,106.476,-6.7477
0.0561489,62.5611,36.8855,0.1,16.1672,1.95636,0,107.076,-6.39825
0.0133662,432.789,48.9284,0.707107,0.181425,13.0259,0,106.875,-6.61564
0.00135552,318.15,43.5069,1.50333,0,11.7277,0,106.966,-6.54378
0.0709338,2.43519,19.6622,0.3,0,0.469931,0,107.001,-6.13684
0.000325867,1061.97,53.9945,1.48661,0,17.3369,0,106.948,-6.64888
0.00569243,317.033,40.0651,0.921954,0,17.7684,0,106.875,-6.53479
0.0593107,15.454,34.0272,0.223607,0,0.00143698,0,107.127,-6.24644
0.0125719,851.753,59.3811,0.412311,0,19.647,0,106.683,-6.6929
0.0112091,442.27,67.7743,0.538516,0,14.367,0,106.403,-6.61834
0.0270016,38.0241,43.623,0.2,0,4.20985,0,107.15,-6.40364
0.000470978,313.607,64.7486,1.30384,0,10.2444,0,107.196,-6.63091
0.0359085,5.35555,51.4086,0.2,7.28438,1.03278,0,106.369,-6.09642
0.0316174,51.1008,49.1095,0.223607,0.963642,4.12251,0,106.455,-6.41801
0.00537666,1.54597,32.1488,1.17047,0,0.280699,0,107.026,-5.96167
0.00551956,581.381,59.581,0.728011,0,16.8243,0,106.476,-6.5842
0.0166675,2.49742,34.6335,0.8544,0,0.0589994,0,107.122,-6.06677
0,652.375,71.9394,1.78045,0,14.4956,0,106.383,-6.65158
0.0229085,461.684,56.296,0.538516,0,3.52461,0,106.533,-6.59139
0.0972063,13.6346,41.5308,0.3,0,0.0999769,0,107.189,-6.27788
0.293381,14.2982,4.66972,0.2,21.1053,0.759384,0,106.805,-6.2105
0.00509148,1.74852,37.5247,0.583095,0,0.0546387,0,107.132,-6.02365
0.0264041,11.3368,50.768,0.72111,0,0.212624,0,106.368,-6.17637
0.0462391,9.79299,45.8659,0.141421,0,1.89756,0,106.414,-6.14043
0,995.795,68.3879,4.45982,0,21.5782,0,106.886,-6.79171
0.0077142,64.2037,41.8806,0.806226,0,2.4737,0,106.524,-6.40274
0.024089,877.751,63.0172,0.223607,0,17.0664,0,106.757,-6.74141
0.00297571,814.178,56.716,1.52315,0,10.9331,0,107.038,-6.64349
0.00157539,1043.69,68.4489,1.78045,0,24.0613,0,106.525,-6.71625
0.417845,3.34576,2.24986,0,22.113,0.674057,0,106.81,-6.18535
0.00738959,4.10741,43.33,0.707107,0,0.0258569,0,107.217,-6.12876
0.000829022,1016.61,51.1806,1.00499,0,0.839506,0,106.987,-6.61025
0.0040205,747.152,59.2845,1.20416,0,3.79559,0,107.049,-6.66415
0.0950281,6.01877,17.7138,0.282843,0,0.187712,0,106.674,-6.13055
0.00585741,1027.18,77.3732,0.707107,0,6.52181,0,106.495,-6.79171
0.0112151,580.045,59.6206,0.583095,0,7.13141,0,106.489,-6.59588
0.000584858,378.792,43.0314,1.08167,0,10.7091,0,106.908,-6.55635
0.0274565,65.9512,50.7555,0.707107,0,5.11808,0,107.234,-6.38927
0.0153259,827.783,52.964,0.3,0,11.8224,0,107.004,-6.62103
0.0243877,149.627,48.1987,0.761577,0,14.0258,0,106.515,-6.4791
0.0663148,8.64462,45.2071,0.223607,0,0.582758,0,106.424,-6.10899
0.00428644,289.412,53.1606,0.316228,0,2.9879,0,107.106,-6.56803
0.119723,27.6096,42.3946,0.1,37.2575,2.08596,0,107.185,-6.31561
0.398823,16.6034,24.2302,0.1,52.7108,0.907897,0,106.609,-6.19074
0.11477,107.284,29.823,0.141421,0.0238718,4.43682,0,106.89,-6.43778
0.0252912,58.6406,40.1407,0.360555,0,3.60433,0,106.504,-6.33986
0.0468448,1062.11,72.7459,0.223607,0,6.29034,0,107.047,-6.7962
0,1347.54,60.695,2.02485,0,20.4727,0,106.754,-6.71985
0.0538297,10.2248,53.4325,0.1,0,0.746881,0,106.35,-6.09821
0.000176656,1002.65,62.2178,2.24722,0,15.1483,0,106.897,-6.73422
0.00115142,918.872,63.4285,1.14018,3.14135,5.99191,0,106.749,-6.7441
0.0378533,710.28,71.3833,0.2,25.5796,6.46146,0,106.655,-6.798
0.380183,51.6774,17.524,0.141421,6.17083,1.61062,0,106.763,-6.3201
0,624.818,56.1444,2.50799,0,25.7447,0,106.48,-6.54557
0.103569,44.8593,34.0896,0.141421,19.0934,2.94219,0,106.537,-6.27877
0.0248609,45.7355,32.5993,0.223607,0,0.97929,0,106.562,-6.30393
0.0211315,59.4835,42.1521,0.447214,0.0716153,4.17987,0,106.491,-6.35513
0.061782,477.601,61.0086,0.141421,0,6.65466,0,106.803,-6.72703
0.0181603,130.497,55.2475,0.424264,0,12.0348,0,107.133,-6.57163
0.0444091,224.612,51.3125,0.1,6.86552,3.73175,0,106.595,-6.57702
0.017989,917.256,65.9651,0.316228,0,6.71531,0,106.604,-6.72883
0.319849,20.9342,26.686,0.1,16.0175,1.51854,0,106.591,-6.22308
0.00220032,1.39696,32.1128,1.11803,0,0.067854,0,107.077,-6.02545
0.244215,76.3903,22.2961,0.1,0,2.05049,0,106.789,-6.3731
0.0205763,870.238,69.442,0.509902,0,9.12372,0,107.107,-6.73871
0.0203867,9.11967,42.14,0.1,0,0.451268,0,107.204,-6.23386
0.000169716,1383.64,53.2906,2.45153,0,36.0512,0,106.981,-6.63271
0.0238401,161.965,40.5259,0.424264,0,14.9645,0,106.642,-6.49168
0.00101735,500.516,63.4533,1.11803,0,9.27832,0,106.454,-6.61115
0.0483855,49.9268,38.3801,0.3,4.28737,2.08719,0,106.536,-6.36411
0.00242019,807.447,56.021,1.17047,0,22.8139,0,106.727,-6.67224
0.0783726,50.8267,40.0997,0.360555,0,0.504011,0,107.107,-6.40634
0.0294218,448.473,46.2973,0.282843,1.62328,10.4856,0,106.961,-6.57252
0.0273416,282.907,72.1241,0.412311,0,5.55098,0,107.206,-6.70727
0.18376,9.10483,42.036,0.1,3.29532,0.650928,0,106.447,-6.17098
0.0429315,44.2545,43.4958,0.141421,0,2.22386,0,106.454,-6.30033
0.000135647,365.913,39.6812,1.61245,0,11.3287,0,106.939,-6.51683
0.00278044,829.114,56.9375,1.36015,0,7.23696,0,107.039,-6.64529
0.00764543,286.694,45.2361,0.806226,0,2.8088,0,107.028,-6.5321
0.0704874,7.33218,48.8964,0.316228,0,0.119763,0,106.388,-6.12516
0.0600155,200.467,47.605,0.141421,8.29782,1.72241,0,106.648,-6.56713
0.0420644,106.707,37.6262,0.316228,0.276912,7.4426,0,106.615,-6.44137
0.000100946,342.532,38.7368,2.78568,0,9.72618,0,106.965,-6.49796
0.209526,140.369,34.7456,0.1,9.52483,1.83741,0,106.807,-6.48898
0.0534372,86.0329,43.909,0.223607,0,4.84973,0,107.093,-6.47101
0.0366577,403.638,51.3335,0.141421,0.0143231,4.03655,0,106.736,-6.63091
0.00179495,210.692,44.6416,1.1,0,13.9748,0,106.533,-6.45125
0.0325517,17.7754,47.3995,0.565685,0,0.327478,0,107.231,-6.3201
0.054564,1.87035,51.0036,0.141421,0,0.244743,0,106.389,-6.03174
0.0018511,599.457,47.2178,0.781025,0,11.0423,0,106.565,-6.51234
0.0291972,18.3795,46.4438,0.223607,0,1.30783,0,106.413,-6.24464
0.0107003,369.293,72.3095,0.5,0,13.2509,0,107.176,-6.72973
0.0488107,795.189,54.3986,0.2,0,9.79524,0,106.934,-6.65607
0.24796,68.1396,29.7898,0.1,16.5718,2.45881,0,106.974,-6.40184
0.0040142,678.026,61.3194,0.989949,0.682732,8.89101,0,106.649,-6.70098
0.000330915,645.069,61.4405,2.10238,0,29.8415,0,107.124,-6.64619
0.0202675,509.743,66.6808,0.2,0,8.32979,0,107.154,-6.68302
0.0505442,2.61733,36.3816,0.412311,0,0.600725,0,107.138,-6.06498
0.00556814,147.051,40.0628,0.806226,0.0143231,10.6073,0,106.618,-6.47101
0.0193915,57.2994,34.3579,0.223607,9.73013,11.266,0,106.644,-6.4261
0.165657,25.2447,25.966,0.141421,6.42229,0.376074,0,106.601,-6.23655
0.0299391,6.62194,30.1004,0.282843,0,0.164124,0,107.099,-6.19433
0.00291451,147.293,53.4145,0.989949,0,3.2742,0,107.223,-6.45305
0.000100946,404.28,39.8822,3.23883,0,2.71513,0,106.978,-6.50335
0.076212,1.80471,21.6722,0.412311,0,0.0542412,0,106.663,-6.06857
0.00630915,776.635,70.0412,0.761577,0,13.2767,0,106.634,-6.77914
0,1246.09,57.2429,2.36008,0,24.786,0,106.755,-6.68841
0.000314826,1004.5,65.3189,1.30384,0,29.402,0,106.513,-6.67583
0.0324148,15.5518,48.8906,0.509902,0,0.180877,0,106.389,-6.23206
0.00538833,778.915,72.2152,1.02956,1.85885,8.25279,0,107.105,-6.76746
0.0107808,110.303,40.7731,0.8544,0,5.987,0,106.551,-6.41891
0.00181388,272.611,67.9718,0.894427,0,3.53667,0,107.227,-6.64349
0.0449356,52.8633,42.9456,0.1,13.0427,1.14072,0,107.15,-6.39286
0.0276413,8.9869,51.6025,0.282843,0,0.694725,0,106.361,-6.1566
0.404684,17.5664,26.0232,0,33.5222,0.732926,0,106.595,-6.20871
0.223888,142.239,36.1098,0.1,0.1862,3.58751,0,106.798,-6.50066
0.063747,7.79593,33.9702,0,20.889,1.12696,0,106.533,-6.08564
0.0121968,575.975,59.6359,0.632456,0,10.1558,0,106.49,-6.59678
0.0421385,4.17775,35.3195,0.1,3.81996,0.934344,0,107.087,-5.98772
0.047082,59.3637,30.9044,0.223607,4.30302,0.632812,0,107.016,-6.38208
0.0172091,331.764,72.2002,0.424264,0.381302,15.3712,0,107.189,-6.71985
0.00318107,397.334,66.8229,0.67082,0,3.88377,0,107.206,-6.64708
0.00135016,1279.82,56.8208,1.17047,0,17.2189,0,107.01,-6.65607
0.00925237,193.972,40.4156,0.2,0,4.55181,0,106.632,-6.48449
0,2440.61,69.8708,3.08058,0,28.1798,0,106.998,-6.78453
0,1337.57,55.4761,2.08806,0,6.06265,0,107,-6.64708
0.0389432,3.596,33.3344,0.1,0.948995,0.861094,0,107.106,-6.05779
0.000144479,1096.56,68.6059,1.65529,0,6.72356,0,106.521,-6.71536
0.101776,43.0671,44.9355,0.1,0,2.93276,0,107.189,-6.36142
0.0186095,2.63466,29.5411,0.583095,0,0.0869132,0,107.083,-6.09642
0.0807274,12.235,46.091,0.412311,0,0.754677,0,106.411,-6.14942
0.0403095,2.11328,47.8239,0.583095,0,0.11471,0,107.242,-6.0506
0.0196394,263.37,45.3605,0.3,0,2.88615,0,107.009,-6.54378
0.0277685,61.9929,55.098,0.412311,0,2.97759,0,107.212,-6.49347
0.00487413,287.908,40.029,0.5,0,13.5991,0,106.61,-6.46473
0.139321,177.145,44.524,0.1,12.8716,1.68608,0,106.723,-6.56444
0.0187754,0.86486,26.0084,0.640312,0,0,0,106.642,-6.02994
0.0708129,29.8296,29.4217,0.360555,0,0.300191,0,106.58,-6.27338
0,1203.55,67.062,1.92354,0,4.21267,0,106.498,-6.68481
0,1655.01,72.149,6.58559,0,17.1977,0,106.444,-6.70368
0.0445612,63.0838,36.7508,0.223607,0.0143231,3.61139,0,107.049,-6.4234
0.245193,12.5474,14.2398,0.2,0,0.798144,0,106.702,-6.20511
0.0043041,527.871,47.9671,0.728011,0,25.1793,0,106.957,-6.58959
0.00182808,255.598,38.6265,1.14018,0,2.69239,0,106.93,-6.50964
0.083095,354.68,77.3497,0.1,49.8553,2.93046,0,107.165,-6.78902
0.0119662,50.7963,47.5203,0.412311,0,1.28699,0,106.438,-6.35783
0.0234379,58.7786,33.0772,0.4,0.634989,2.72676,0,106.6,-6.3695
0.000635962,658.205,63.6757,1.10454,0,33.4582,0,107.209,-6.60756
0.0266457,53.4361,42.7814,0.412311,0,2.67469,0,107.142,-6.40184
0.0206397,47.9772,33.178,0.8,5.29495,1.92579,0,106.561,-6.31381
0.0334211,374.746,73.8759,0.5,0,1.69252,0,107.184,-6.74141
0.0165672,67.7656,43.0265,0.360555,0.0143231,1.01779,0,106.481,-6.35333
0.0341921,52.9564,34.144,0.608276,0,1.94821,0,107.074,-6.36142
0.00015836,465.423,45.7423,1.43178,0,10.4197,0,106.581,-6.50785
0.0653063,9.24331,46.0559,0.1,0,0.872203,0,107.24,-6.23925
0.0126461,309.715,56.013,0.8544,0,10.5059,0,106.514,-6.57342
2.46057e-05,1284.44,68.8295,3.76962,0,8.06501,0,106.452,-6.67224
0.0926511,10.3647,25.1688,0.3,0,0.188521,0,106.602,-6.14582
0.0458035,273.512,79.393,0.1,6.36775,2.56885,0,107.238,-6.76566
0.11364,295.906,49.4591,0.1,10.4749,4.46339,0,106.763,-6.61834
0.00358391,821.324,73.8842,0.943398,0,30.1316,0,107.096,-6.78812
0.00167855,927.711,58.2841,1.06301,0,11.7077,0,106.691,-6.68481
0.00482271,578.565,44.4325,0.1,1.23178,9.80149,0,106.586,-6.49707
0.00817413,1.28314,32.9293,0.72111,0,0.0794807,0,107.074,-6.00748
0.0524363,1327.02,64.0498,0.223607,0,17.3203,0,107.006,-6.72703
0.0217369,29.4891,52.0667,0.4,2.36337,1.53672,0,106.375,-6.30752
0.00053123,895.169,67.3011,1.84391,0,25.2732,0,106.709,-6.77285
0.000635647,2.28502,27.4233,2.54951,0,0.351444,0,107.035,-6.03803
0.080994,129.057,36.8713,0.316228,0,5.93076,0,106.913,-6.49796
0.00886278,135.764,48.0666,0.8,0,5.27069,0,107.099,-6.51503
0,2074.64,67.9043,6.35059,0,16.5907,0,106.948,-6.77824
0.0541145,348.931,71.0456,0.1,0,2.50571,0,107.187,-6.70907
0.044358,25.6538,36.9786,0.223607,0,0.320979,0,106.515,-6.29584
0.00363186,1.47096,45.2768,1.38924,0,0.0718977,0,107.21,-6.02725
0,1015.25,56.4574,1.78045,0,9.59472,0,106.755,-6.68122
0.214073,11.4317,29.7345,0.2,0.158134,0.129357,0,106.56,-6.15211
0.372857,18.4541,5.91827,0,50.8247,1.38278,0,106.825,-6.22847
0.0966186,2.24262,37.2538,0.2,0,0.147279,0,106.508,-6.06677
0.00542713,423.936,43.9796,0.5,0,16.5134,0,106.606,-6.50605
0.00487003,644.722,55.2518,0.894427,0,9.73283,0,107.047,-6.62463
0.0809319,157.217,43.3089,0.2,0,6.43022,0,106.716,-6.55096
0,622.888,57.1778,2.61725,0,18.2764,0,106.468,-6.54737
0.00427634,94.4654,56.9336,0.707107,0,2.9454,0,106.374,-6.41891
0.336044,34.7328,14.6754,0.1,34.8488,1.59702,0,106.883,-6.29584
0.0137852,637.872,53.5702,0.2,0,5.81677,0,107.051,-6.60576
0.0513492,582.204,66.2973,0,4.37545,6.47928,0,106.763,-6.77195
7.63407e-05,1147.74,64.7688,1.0198,0,23.9479,0,106.645,-6.73242
0.0144558,177.384,56.2357,0.412311,0,10.7213,0,107.131,-6.5842
0.0128612,352.059,46.022,0.7,0,6.61343,0,106.998,-6.55546
0.0019858,7.37488,27.7432,1.0198,0,0.406913,0,107.077,-6.20511
0.010511,569.426,60.7636,0.538516,0,4.59255,0,106.543,-6.64619
0.000323344,267.887,43.5885,1.60312,0,6.82704,0,107.02,-6.51952
0.0011571,921.996,66.9447,1.31529,0,6.22287,0,106.609,-6.74051
0.0311,4.54659,34.5927,0.728011,0,0.0548246,0,107.139,-6.14133
0.00676025,578.759,61.906,0.728011,0,11.9559,0,106.544,-6.65876
0.012888,74.3035,56.2742,0.509902,0,2.23584,0,106.393,-6.44137
0.00021388,1.40275,42.0542,1.58114,0,0.0279406,0,107.178,-6.02725
0.165065,71.8472,22.1982,0.1,35.6818,2.98933,0,106.907,-6.35962
0.0608612,12.0891,52.2918,0,0.984514,1.41077,0,106.358,-6.11438
0.0473915,88.915,48.2739,0.223607,0,1.31792,0,107.118,-6.50156
0.0581445,6.11308,30.7007,0.223607,0,0.063191,0,106.553,-6.13145
0.0078183,615.848,57.286,0.360555,0,9.36238,0,106.578,-6.63002
0.0714773,19.97,19.5353,0.1,3.75216,0.572513,0,106.657,-6.21949
0.00107508,92.6753,59.5839,1.94165,0,8.4427,0,106.371,-6.46203
0.00088959,812.384,72.4793,0.984886,0,15.3158,0,106.375,-6.65068
0.123553,61.9724,35.1549,0.1,63.4082,2.84902,0,107.031,-6.41981
0.0281855,3.77181,35.8858,0.316228,5.41678,0.327855,0,107.11,-6.01467
0.0472694,22.1894,53.1168,0.4,0,2.74591,0,106.356,-6.2662
0.0119076,305.531,52.0677,0.1,0,6.7878,0,106.608,-6.59229
0.00288549,966.47,68.1384,1.10454,0,30.8268,0,106.536,-6.71895
0.0356145,796.862,65.3611,0.141421,0,10.3783,0,106.727,-6.75848
0.0136438,609.393,58.1613,0.824621,0,26.1789,0,106.558,-6.62732
0.184418,15.5101,40.1897,0.1,30.7378,0.840064,0,107.179,-6.26799
0.0422574,37.1487,24.3021,0.1,8.82495,1.6416,0,106.652,-6.30752
0.0669098,36.4848,24.4767,0.2,1.33216,0.812845,0,106.63,-6.27428
0.0244297,63.433,32.2584,0.360555,2.60156,0.995469,0,106.594,-6.34974
0.276992,26.6544,33.9976,0.141421,21.4042,0.551369,0,106.524,-6.22218
0.0100088,804.431,59.0808,0.894427,0,11.3503,0,106.68,-6.6893
0.0569647,4.0515,32.4003,0.3,0,0.126718,0,107.119,-6.14313
0,344.419,46.5807,1.7,0,22.8225,0,106.528,-6.47191
0.0513577,273.153,78.6359,0.1,1.90651,1.41965,0,107.222,-6.76836
0.0261918,27.3347,50.1974,0.538516,0,2.77857,0,106.387,-6.28596
0.0237811,1.46675,38.5507,0.447214,0,0.0665442,0,106.499,-6.05689
0.00434164,681.456,73.8938,0.781025,0,4.69266,0,107.102,-6.78542
0.0108139,512.611,54.2735,0.608276,0,24.8172,0,106.608,-6.61474
0.0152767,51.8683,51.8634,0.4,0,0.498604,0,106.441,-6.44137
0.0161978,95.3568,52.8039,0.509902,0,5.12082,0,106.42,-6.4252
0.0191451,1.7981,23.338,0.412311,0,0.131912,0,107.035,-6.13325
0.00303722,297.325,44.6981,1,0,14.2222,0,106.935,-6.56534
0.175114,942.669,58.6414,0.2,2.08162,5.97111,0,106.949,-6.692
0,1657.71,73.8869,3.20624,0,13.0158,0,106.518,-6.76836
0.148241,28.6218,52.6638,0.141421,27.7302,1.73652,0,106.354,-6.22667
0.0571571,251.108,74.5021,0.141421,0.695877,1.32009,0,107.231,-6.71625
0.0295539,5.49674,42.4759,0.2,0,0.0182846,0,107.212,-6.1575
0.116638,529.664,56.1191,0.1,68.1873,6.96067,0,106.862,-6.68212
0.011717,462.349,56.256,0.860233,0,3.72266,0,106.615,-6.6381
0.0116921,2.17827,24.6545,0.360555,0,0.229697,0,107.026,-6.07216
0.0337552,599.056,56.024,0.4,4.32079,13.2495,0,106.781,-6.68032
0.0407823,436.686,51.5802,0.424264,0.253041,5.71111,0,106.726,-6.63091
0.259725,44.5927,37.8893,0.1,32.2693,0.285115,0,107.138,-6.321
0.0210123,1.49088,54.7501,0.2,0,0.562603,0,106.361,-6.00838
0.0701956,232.443,48.1789,0.282843,0,3.61612,0,106.692,-6.58959
0.448914,8.07872,3.62085,0.1,39.067,0.609957,0,106.857,-6.18984
0.069295,306.025,51.0284,0,3.84335,0.6069,0,106.667,-6.60846
0.00806309,175.609,35.666,0.72111,0,9.21103,0,106.929,-6.48179
0.0527991,67.5218,39.1638,0.2,0,0.767389,0,106.542,-6.38567
8.45426e-05,158.429,52.0127,1.33417,0,4.4926,0,107.114,-6.54917
0.0223407,3.06207,25.5323,0.6,0,0.127393,0,107.058,-6.1575
0.0188271,19.1397,48.4669,0.316228,0,2.09239,0,106.395,-6.24823
0.0313968,85.5372,40.1034,0.412311,0,5.49229,0,106.676,-6.50515
0.0203527,102.892,45.2311,0.608276,0,3.68036,0,106.524,-6.45035
0.0468032,587.609,53.5731,0.360555,0.577696,5.82527,0,106.746,-6.65337
5.39432e-05,1204.47,51.7255,2.87924,0,19.684,0,106.971,-6.62103
0,1105.03,71.0193,3.00832,0,25.3655,0,106.359,-6.61564
0,1380.14,61.3929,3.67967,0,4.60177,0,106.712,-6.71895
0.0646338,454.638,54.451,0.2,0.630214,3.62171,0,106.674,-6.64349
0.0241063,415.859,57.3693,0.360555,0,10.1237,0,106.511,-6.5869
0.117068,66.2963,37.4151,0.141421,0,1.86292,0,107.035,-6.44317
0.00457666,1.57457,28.7766,0.943398,0,0.0492997,0,107.051,-6.04072
0.0316953,46.2026,28.8758,0.223607,0,11.2284,0,106.653,-6.3695
0.0169038,1.89973,56.0218,0.608276,0,0.346673,0,106.352,-5.9994
0.0225164,249.179,46.7347,0.316228,0.0143231,5.2674,0,107.083,-6.51234
0.0472972,296.093,77.8417,0.141421,6.57747,1.7451,0,107.196,-6.77644
0.0247129,44.9098,51.7708,0.316228,0,0.203531,0,107.176,-6.48898
0.070159,160.287,38.7543,0.608276,4.14891,9.69756,0,106.865,-6.52401
0.0146754,78.3392,56.26,0.316228,0,1.71992,0,106.403,-6.45664
0.148504,81.7586,34.0967,0.223607,51.8685,0.285822,0,106.969,-6.44945
0.0574486,17.7076,48.5404,0.282843,0,0.612119,0,106.389,-6.19613
0.00905552,1.24312,26.1241,0.806226,0,0.0576643,0,107.037,-6.06408
0,1039.79,78.4532,3.66879,0,33.1404,0,106.383,-6.72883
0.0510751,57.6095,38.3754,0.5,0,0.0575029,0,107.074,-6.41981
0.0271776,6.59444,46.6164,0.2,0,0.102679,0,107.249,-6.18625
0.046989,11.353,40.5887,0.223607,1.02022,1.0709,0,106.465,-6.11528
0.136849,10.0054,22.4296,0.282843,0,0.141197,0,106.627,-6.14493
0.16805,5.04307,20.0104,0.1,5.01056,0.807986,0,107.009,-6.16918
0.324559,9.43848,16.4545,0.2,8.33232,0.612425,0,106.975,-6.19343
0.00161167,0.630122,46.7977,1.02956,0,0.258684,0,106.425,-6.04431
0.0347483,3.4388,40.3565,0.2,0,0.36798,0,106.473,-6.08654
0.0296864,81.1253,55.2945,0.360555,0,3.19974,0,107.207,-6.50156
0.134278,49.8302,26.7321,0.447214,0.683408,5.90601,0,106.998,-6.34705
0.0154404,540.238,67.3124,0.5,0,15.145,0,107.158,-6.68751
0.0248549,6.73842,45.3693,0.223607,0,0.913471,0,107.238,-6.19613
0.242349,27.5557,34.4758,0,1.8517,0.868924,0,106.518,-6.21499
0.0191918,34.627,54.0994,0.3,0,4.42202,0,106.358,-6.31471
0.00337098,335.406,50.5925,0.424264,0,6.67645,0,107.09,-6.55096
0.0246568,33.2353,45.0059,0.447214,0,2.62954,0,106.436,-6.28866
0.0958139,502.88,62.2019,0.3,0,1.53156,0,106.802,-6.73781
6.34069e-05,1030,72.1616,2.14709,0,9.46096,0,106.56,-6.77105
0.000169085,1223.89,76.5843,1.61245,0,12.1383,0,106.512,-6.79261
0,899.809,79.1355,2.98329,0,8.28731,0,106.377,-6.73242
0.0528855,7.28405,47.6796,0.223607,0,0.175745,0,106.399,-6.12786
0,708.381,68.3577,3.84708,0,19.3118,0,106.856,-6.79351
0.0142811,5.03273,45.4915,0.632456,0,0.114087,0,107.239,-6.15032
0.0481867,52.8268,36.7857,0.360555,0,0.297956,0,107.091,-6.37849
0.000480442,541.435,44.9626,1.3,0,8.00517,0,106.592,-6.50695
0.0154407,184.701,61.6427,0.583095,0,8.29028,0,106.394,-6.52671
8.26498e-05,87.0851,58.4631,1.17047,0,0.258247,0,106.368,-6.43778
0.0235224,7.28093,26.2077,0.5,0,0.0640292,0,107.063,-6.20062
0.0169148,363.415,51.1567,0.2,11.7592,5.95766,0,106.55,-6.54557
0.068242,868.707,73.5948,0,10.2952,3.98698,0,107.067,-6.7971
0.0172685,253.426,47.5621,0.728011,0,19.8259,0,106.523,-6.4791
0.00141514,198.068,43.5691,1.07703,0,1.47491,0,107.029,-6.51413
0.0361328,12.6698,39.4598,0.728011,0,0.430428,0,106.471,-6.18176
0.000594953,1146.73,60.7083,1.36015,0,5.16247,0,106.934,-6.71446
0.0464319,265.658,79.4884,0.565685,0,0.686734,0,107.226,-6.77464
0.00282871,50.3841,54.3148,2.02485,0,4.50736,0,106.373,-6.36142
0.000197792,1409.73,62.244,1.11803,0,24.6396,0,106.966,-6.72164
0.000343218,167.853,64.7691,1.13137,0,6.77198,0,106.351,-6.51683
0.0043918,688.288,65.475,0.141421,0.0143231,6.60145,0,106.456,-6.6372
0.0586536,340.18,78.9395,0.4,0,1.08043,0,107.178,-6.798
0,974.076,58.3517,1.64012,0,14.6816,0,106.706,-6.6893
0.0175886,104.604,55.2796,0.6,0,7.10509,0,107.185,-6.52581
2.14511e-05,909.817,50.3671,1.16619,0,22.0551,0,106.997,-6.59857
0.0215965,65.0508,31.1568,0.360555,0,1.85469,0,106.624,-6.3704
0.000529968,392.008,62.6907,1.62788,0,9.68069,0,107.107,-6.66954
0.0571271,42.6209,39.1346,0.1,7.56494,1.60721,0,106.492,-6.28866
0.0416871,48.7312,43.386,0.5,0,0.314277,0,107.176,-6.35693
0.036394,68.2996,37.4906,0.316228,0,4.34363,0,106.597,-6.4243
0,218.85,47.5504,1.2,0,6.82907,0,106.539,-6.49437
0.0833063,12.749,43.4841,0.447214,0,0.129956,0,107.209,-6.27249
0,1988.29,59.3894,4.41475,0,39.6297,0,106.728,-6.70368
0.000803155,2.59424,44.0676,1.20416,0,0.114119,0,107.213,-6.07396
0.0496009,23.6557,44.6852,0.141421,22.8683,2.19574,0,106.424,-6.19793
0,478.364,56.3998,1.64012,0,15.0294,0,106.464,-6.5339
0,1591.5,74.4102,3.67967,0,35.9807,0,106.522,-6.77554
0,3.12994,26.8606,1.34164,-200,1.34623,0,106.694,-5.97155
0.0418297,207.167,52.6831,0.360555,0,3.09551,0,106.493,-6.51503
0.0550508,2.40921,35.9425,0.141421,0,0.0184171,0,107.123,-6.03803
0.426483,9.99607,8.41368,0.1,75.0102,1.04799,0,106.9,-6.19882
0.044295,307.497,73.2488,0.282843,4.31825,3.81871,0,107.201,-6.72344
0.0176549,41.9127,49.5023,0,0.465206,2.23389,0,106.45,-6.41622
0.386385,1.74369,7.4165,0.1,15.3703,1.05623,0,106.771,-6.13954
0.076317,1.58048,19.9383,0.412311,0,0.0569981,0,107.001,-6.12337
6.37224e-05,954.156,66.4597,0.905538,0,4.846,0,106.592,-6.72883
0.0996606,35.4427,29.8563,0.1,7.89651,2.20721,0,106.583,-6.28955
0.00874385,545.896,55.0277,0.583095,0,21.6375,0,106.604,-6.62013
0.0505347,121.486,38.6012,0.1,0,0.663652,0,106.683,-6.49347
0.00376309,0.885564,49.6845,0.583095,0,0.0921432,0,106.401,-6.03443
0.00812145,140.796,58.8252,0.72111,0,11.0758,0,107.168,-6.5851
0.0709826,6.02254,44.1188,0.282843,0,0.0173899,0,107.227,-6.17547
0.0418385,56.6762,40.1943,0.223607,7.28089,0.939794,0,106.536,-6.39286
0.00417445,231.594,45.7534,0.538516,0,6.77168,0,106.542,-6.47551
0.054471,395.622,50.4764,0.223607,1.57554,7.22865,0,106.846,-6.63181
0.0140508,317.734,54.3788,0.3,0,5.01233,0,107.098,-6.5869
0.0778281,4.21694,35.3492,0.1,1.3824,0.400789,0,106.522,-6.08115
0,1.20525,55.4917,3.67696,0,0.489862,0,106.367,-5.97425
0.0968435,22.4068,36.0975,0.4,0,0.229794,0,106.502,-6.20152
0.0417735,29.9846,28.5668,0.2,36.4866,0.627292,0,107.056,-6.29584
4.63722e-05,2.20648,30.0783,1.80278,0,0.0963396,0,107.092,-6.11079
0,1436.43,69.1922,5.06063,0,34.457,0,106.929,-6.79351
0.0185457,37.697,46.3913,0.538516,0,0.742927,0,107.143,-6.45305
0.000114196,632.375,61.6149,1.3,0,30.7546,0,107.192,-6.59768
0.0403905,404.479,70.1971,0.2,0,6.43544,0,107.174,-6.70817
0,724.541,69.1559,1.47648,0,19.2809,0,106.366,-6.59857
0.00188013,0.886016,21.2904,1.04403,0,0.0757841,0,106.67,-6.06408
0.0777618,749.211,52.6582,0.282843,0,20.1989,0,106.917,-6.64349
0.114937,580.393,55.6929,0.2,0,5.67834,0,106.87,-6.67763
0.0265309,116.38,38.5823,0.509902,0,0.740102,0,106.719,-6.50695
0.0294757,150.755,55.9833,0.1,0,8.00076,0,107.181,-6.53839
4.19558e-05,601.544,67.7591,1.11803,0,26.2436,0,106.394,-6.60935
0.0242798,617.358,67.2409,0.4,0,17.8663,0,107.13,-6.70368
0.266293,193.228,42.3349,0.1,0,1.81764,0,106.798,-6.55725
0.0249634,161.789,59.8471,0.282843,0,5.42542,0,107.141,-6.61744
0.0102909,441.858,68.2014,0.3,0,14.5968,0,106.402,-6.62283
0.0105814,714.315,51.805,0.360555,0,12.4192,0,107.005,-6.60935
0.0782612,519.004,62.4353,0.316228,0,2.37541,0,106.796,-6.73961
0.0429476,6.71223,43.538,0.4,0,0.0540816,0,107.222,-6.18535
1.5142e-05,594.349,45.7915,1.7088,0,12.0101,0,106.572,-6.50156
0.111193,5.58738,23.59,0.1,24.6281,1.60365,0,106.635,-6.08294
0.000275394,116.626,57.8856,1.36015,0,7.31101,0,106.401,-6.48
0.000109779,1305.27,63.2783,1.71172,0,29.1238,0,106.691,-6.73153
0.0515792,15.2347,46.9923,0.316228,0,0.651036,0,107.234,-6.30033
0.013288,852.681,72.5773,0.3,0,7.97193,0,106.579,-6.78363
0.245749,29.1612,33.2292,0.1,11.8196,0.968944,0,107.104,-6.29405
0.0105852,407.624,68.0578,0.360555,0,10.9204,0,106.402,-6.62103
0,333.692,57.7103,1.23693,0,17.0467,0,107.166,-6.57342
0.111254,88.7848,27.163,0.282843,0,1.69484,0,106.88,-6.41532
0.0020388,1332.42,57.2389,0.943398,0,23.1604,0,107.007,-6.66146
0.00790883,60.9723,42.5276,0.565685,0,0.519783,0,106.529,-6.41801
0.0241196,25.8667,41.9961,0.707107,0,2.39348,0,106.452,-6.23116
0.0672353,6.42917,34.9028,0.223607,0,2.74946,0,106.513,-6.14942
0.00194038,4.02678,44.0759,1.30384,0,0.0570576,0,107.222,-6.11798
0.0101877,238.851,48.3991,0.1,0,6.88281,0,106.601,-6.55007
0.000339432,109.254,40.3182,1.07703,0,15.2167,0,106.583,-6.44586
0.190597,72.5062,31.8057,0.1,41.661,0.804178,0,106.948,-6.43688
0.00663849,1080.68,77.5949,0.5,0,11.5919,0,106.494,-6.79351
0.0878666,137.441,36.7361,0.1,19.8852,3.54215,0,106.755,-6.49976
0.0608596,243.938,75.0372,0.141421,0,2.29361,0,107.235,-6.71895
0.0657107,11.9612,31.9293,0,10.1683,0.591337,0,107.115,-6.20871
0.0782281,54.9745,40.2051,0.1,3.54588,3.8668,0,107.09,-6.4279
0.0175508,637.182,62.5105,0.360555,0,9.78627,0,106.496,-6.63361
0,955.792,72.1113,2.47386,0,34.5572,0,106.361,-6.63181
0.10415,1.68714,22.64,0.223607,0,0.0917047,0,106.66,-6.05689
0,964.6,68.5313,2.23607,0,7.71648,0,106.631,-6.76386
0.00328896,73.4,53.8918,1.20416,0,8.367,0,107.181,-6.51144
0.0981375,8,20.5553,0.1,1.02046,0.259412,0,106.646,-6.13594
0.0226416,644.938,61.8874,0.282843,0,8.50484,0,106.493,-6.62463
0.0631804,8.77488,42.3739,0.2,0,0.491039,0,107.209,-6.21589
0.0278073,6.93598,41.8572,0.223607,0,0.060697,0,107.206,-6.18715
0.0485536,49.4678,37.7901,0.360555,0,0.320773,0,107.057,-6.42879
0.0670082,57.1448,33.9309,0.141421,2.53995,1.60548,0,106.586,-6.36411
0.0418981,179.853,39.8192,0.72111,0,8.06192,0,106.863,-6.5339
0,2355.99,68.3194,5.76975,0,26.0181,0,106.957,-6.78003
0.0195688,57.3249,50.1638,0.4,0,2.36284,0,107.166,-6.4782
0.0649205,15.4454,40.9374,0.2,0,0.914504,0,107.182,-6.28327
0.333343,1.64882,12.3001,0.141421,0,0.520697,0,106.931,-6.13235
0.0414091,121.255,48.614,0.1,1.2652,2.29452,0,106.516,-6.48629
0.000649842,477.099,66.931,1.92354,0,15.1393,0,107.226,-6.63181
0.00210505,1356.17,57.5773,0.8544,0,26.907,0,107.006,-6.66505
0.00192965,342.877,41.0063,1.16619,0,10.3456,0,106.9,-6.53929
0.0111776,21.3959,52.5124,0.707107,0,0.15991,0,106.368,-6.29674
0.0209489,1.62596,35.5894,0.583095,0,0.402527,0,107.101,-6.00479
0.0269136,59.1322,50.7217,0.447214,0,1.65533,0,107.244,-6.36861
0.0336871,34.7979,45.0755,0.5,0,0.139423,0,107.135,-6.44317
0.111411,53.1699,25.6473,0.3,9.70625,2.61763,0,106.688,-6.36052
0,746.334,66.0702,1.9105,0,21.8908,0,106.854,-6.77285
0,1034.4,68.3836,1.78885,0,6.93866,0,106.669,-6.77375
0.046165,430.173,51.2133,0.223607,0,4.76154,0,106.854,-6.6381
0.205921,165.852,39.8239,0.1,7.41587,4.00496,0,106.777,-6.5321
0.000926183,320.074,41.0088,0.447214,0,17.5142,0,106.622,-6.48449
0.0297249,31.6285,49.0318,0.316228,0,5.42077,0,106.413,-6.33357
0.0063959,431.855,46.4203,0.223607,0,15.2068,0,106.975,-6.56893
0.0699306,4.51551,26.8976,0.1,4.95053,1.43684,0,107.054,-6.08654
0.0362047,479.763,52.7461,0.1,2.5686,5.54467,0,106.707,-6.6372
0.0527464,529.359,54.9686,0.412311,0,4.41478,0,106.789,-6.67134
0.0183688,1.43068,39.8593,0.412311,0,0.167801,0,106.48,-6.08025
0.057329,5.58021,29.5631,0.2,0,0.103111,0,106.574,-6.09013
2.74448e-05,1218.49,62.7577,3.32415,0,11.2306,0,106.913,-6.73692
0.0163063,147.766,41.7838,0.72111,0,8.83632,0,106.677,-6.52222
0.0588754,7.92625,36.2885,0.2,0.601931,2.13554,0,106.537,-6.02186
0,1147.53,66.9014,1.27279,0,13.7593,0,106.475,-6.66775
0.210423,3.5864,19.756,0.1,19.1649,0.427207,0,106.675,-6.08115
0.000119874,74.4224,46.051,1.33417,0,3.31598,0,106.459,-6.3695
0,796.732,66.5739,4.04599,0,14.7261,0,106.882,-6.77554
0,1971.24,64.2982,2.10238,0,16.1805,0,106.987,-6.73512
0.00324795,463.445,67.8611,1.10454,0,10.3079,0,107.213,-6.65337
0.0905284,13.2411,40.3257,0.223607,0,1.47617,0,106.466,-6.22488
4.10095e-05,931.096,63.8339,1.7088,0,24.4551,0,106.594,-6.70368
0.0023183,655.803,61.9523,0.948683,0,12.5114,0,107.072,-6.68032
0.00327003,383.663,68.4895,0.728011,0,9.85211,0,107.228,-6.64888
0.264228,35.3076,39.4312,0.141421,6.9376,2.79021,0,107.146,-6.33627
0.0190271,752.085,71.0727,0.282843,4.18473,9.63483,0,106.621,-6.78453
0.170732,45.095,34.6922,0.1,20.1573,0.823016,0,106.568,-6.35244
0.0204413,1.40588,29.2542,0.223607,0,0.119663,0,107.028,-6.0012
0.00971893,276.73,50.8404,0.447214,0,12.959,0,107.102,-6.54468
0.138708,4.83805,16.3913,0,0,0.746179,0,106.691,-6.11798
0.0188852,157.802,63.9536,0.67082,0,11.986,0,106.388,-6.55186
0.124724,14.266,33.9312,0,15.9053,1.35893,0,106.524,-6.12606
0,825.247,69.4136,1.83848,0,16.5128,0,106.622,-6.76925
0.037017,56.6142,33.5448,0.608276,2.68254,1.10786,0,107.047,-6.38478
0,2009.2,64.8979,3.11448,0,24.577,0,106.952,-6.74949
0.0252066,6.48876,40.4832,0.6,0,0.173851,0,106.462,-6.14493
0.0284697,72.2181,54.6878,0.282843,0,1.73576,0,107.148,-6.55276
0.0821022,282.648,50.2943,0.223607,0,1.79862,0,106.656,-6.59678
0.000259306,1483.99,74.4268,5.44885,0,9.83506,0,106.405,-6.70008
0.048317,6.93768,40.4144,0.412311,7.26908,2.57249,0,106.468,-6.10899
0.00487129,564.253,44.7698,0.424264,0,5.20813,0,106.584,-6.49886
0.0602278,8.66362,31.6141,0.360555,0,0.938668,0,106.545,-6.12965
0.0813189,4.42008,27.9159,0.316228,0.0171299,0.379546,0,107.072,-6.10899
0.0230442,344.796,72.0945,0.3,0,21.86,0,107.248,-6.67493
0.0904517,91.7454,33.5671,0.2,0,0.243721,0,106.948,-6.45395
0.120881,72.7187,27.1737,0.141421,6.28305,3.69221,0,106.693,-6.38118
0.0207524,81.6771,55.413,0.632456,0,1.53426,0,107.199,-6.51234
0.00649117,542.529,70.5014,1.27279,0,6.59157,0,107.165,-6.71715
0.0358069,320.641,51.846,0.1,0,2.56933,0,106.533,-6.54018
0.0656132,52.5065,32.7226,0.2,0.127528,2.84255,0,106.569,-6.3201
0.056411,259.167,44.9326,0,0,3.74083,0,106.896,-6.57612
0.109778,25.8652,45.5656,0.1,1.53033,1.25037,0,106.424,-6.25901
0.0518344,6.44632,35.4479,0.2,0,0.731824,0,106.515,-6.10091
0.0111688,616.497,55.0737,0.72111,0,6.91659,0,107.047,-6.62283
0.00940284,697.94,74.3776,0.316228,0,16.3192,0,107.105,-6.78902
0.00330978,1032,59.3839,0.316228,0,13.5782,0,106.692,-6.69559
0.302656,4.89641,3.29486,0.1,48.2179,1.38148,0,106.848,-6.15301
0.000328707,1415.45,72.7212,6.10328,0,7.33107,0,106.427,-6.69739
0.0175899,124.018,39.4264,0.223607,0,5.54003,0,106.576,-6.4279
0.000328707,1454.94,72.9244,5.43323,0,22.6002,0,106.417,-6.692
0.0938871,6.40869,37.5005,0.141421,0,0.148009,0,107.167,-6.1611
0.0680543,673.856,60.8485,0.141421,13.4398,6.19935,0,106.783,-6.72434
0.0270196,104.535,50.7419,0.223607,0,4.7498,0,106.473,-6.46742
5.07886e-05,1270,56.0162,1.44222,0,25.1526,0,106.966,-6.66325
0.0381536,70.2526,35.9943,0.2,4.74093,2.14499,0,106.594,-6.40184
0.0124489,102.046,39.726,0.1,0,3.3181,0,106.597,-6.45125
0.288738,26.0477,18.5975,0.1,4.38301,0.295003,0,106.948,-6.29225
0.0335703,11.5416,35.5308,0.223607,0,0.1868,0,107.145,-6.22577
2.58675e-05,395.741,58.4407,2.48395,0,23.6089,0,107.196,-6.55546
0.00560505,805.966,79.1096,0.608276,0,9.27406,0,106.438,-6.77644
0.0343442,8.31675,33.1786,0.360555,0,1.11984,0,106.557,-6.04521
0.0091265,1.4079,32.605,0.728011,0,0.0549713,0,107.089,-6.03713
0,1891.36,72.3812,6.80955,0,24.1944,0,106.453,-6.71266
0.0202716,685.191,56.6643,0.316228,0,9.50378,0,106.701,-6.67224
0.10485,611.586,56.6735,0.141421,0,2.68802,0,106.879,-6.68571
0.159347,29.0124,24.9984,0,60.8511,0.690427,0,106.608,-6.22937
0.164308,193.023,46.0093,0.1,28.4695,1.2459,0,106.74,-6.58241
0.00140221,839.042,70.1454,1.80278,0,14.8181,0,106.589,-6.76386
6.62461e-06,310.357,59.2832,2.26716,0,13.7572,0,107.213,-6.54827
0.355147,25.5002,25.6268,0,50.6393,1.08924,0,107.043,-6.26171
0.032529,5.72506,18.3452,0.424264,0,0.306131,0,106.673,-6.11528
0.185299,30.8364,29.7892,0.1,9.82983,0.80665,0,106.567,-6.24284
0.00129685,958.548,67.4799,1.47648,0,7.85668,0,106.594,-6.73961
0.00750789,418.749,73.5023,0.2,0,7.81828,0,107.169,-6.7468
0.0356423,449.201,48.3097,0.360555,0,11.149,0,106.887,-6.60846
0.0577006,186.125,46.3845,0.141421,0.978742,5.08144,0,106.646,-6.55366
0.000442902,0.876537,53.8376,3.61386,0,0.225513,0,106.382,-5.97874
0.000314196,1.93867,53.4515,1.08167,0,0.518504,0,106.368,-6.02365
0.0843448,12.3379,43.0222,0.141421,0,0.905319,0,107.208,-6.25811
0.067124,25.1906,47.5537,0.316228,3.58608,1.96191,0,106.407,-6.2653
0.00617161,64.4442,47.539,0.707107,0,3.75177,0,106.469,-6.41262
0.00376625,419.763,72.7743,1,0,3.77171,0,107.172,-6.73692
0.176054,29.3976,12.5777,0.1,0.072642,2.60952,0,106.886,-6.27249
0.0118155,3.02843,20.6769,0.282843,0,0.255459,0,107.014,-6.1584
0.0537003,42.5417,42.868,0.6,0,3.01637,0,106.454,-6.27788
0,464.098,55.9085,1.16619,0,16.3119,0,106.468,-6.5312
0.00191514,883.704,51.9453,0.640312,0,17.4211,0,106.992,-6.61564
0.0474423,490.156,55.0109,0.316228,2.2344,5.36699,0,106.796,-6.67224
0.000414511,318.671,64.7685,1.02956,0,11.2377,0,107.205,-6.62373
0,823.434,72.867,1.17047,0,28.8624,0,107.085,-6.78273
0.0742855,61.0484,39.203,0.1,11.2372,3.05558,0,107.123,-6.3722
0.0188577,130.723,58.3196,0.223607,0,0.485762,0,107.128,-6.60935
0.0119811,2.01509,24.7125,0.781025,0,0.0485513,0,107.045,-6.12426
0.0303562,8.17109,36.4788,0.316228,0,0.0854845,0,107.157,-6.19972
0.0848511,54.9467,28.2802,0.1,15.6329,1.07424,0,107.005,-6.35962
0.0375032,500.595,57.9181,0.316228,0,2.78662,0,106.636,-6.66325
2.58675e-05,1034.71,64.6576,1.22066,0,25.7242,0,107.224,-6.60576
0.0457022,37.687,41.6308,0.282843,0,0.822459,0,107.104,-6.43149
0,1561.49,72.6905,2.75136,0,36.0187,0,106.523,-6.75848
0.0328558,15.5084,49.8691,0.316228,6.00574,0.863401,0,106.379,-6.22398
0.0392738,197.232,45.2668,0.3,0,1.46256,0,106.673,-6.55456
0,1342.47,59.412,2.78927,0,19.9617,0,106.714,-6.70098
0.0226552,6.39659,34.6956,0.316228,0,0.0774457,0,107.142,-6.18086
0.0037858,704.907,71.7115,1.21655,0,11.6148,0,106.601,-6.78363
0.00374322,464.236,69.4038,0.905538,0,14.6097,0,107.233,-6.65517
0.0319022,32.311,41.831,0.728011,0,2.59346,0,106.473,-6.30842
0.00636909,532.744,56.322,0.424264,6.85119,8.41432,0,106.592,-6.62732
0.0235464,2.32632,37.0369,0.538516,0,0.0847205,0,107.134,-6.03982
0,1130.47,67.4163,1.78045,0,6.64902,0,106.485,-6.68032
1.4511e-05,572.452,63.4346,1.31529,0,6.97897,0,106.433,-6.59229
0.112176,89.2897,26.8147,0.223607,0,3.10646,0,106.886,-6.41083
0.00509022,1402.86,57.7665,0.8544,0,10.9527,0,106.979,-6.67583
0.0398864,13.1329,38.2649,0.2,2.99945,1.95741,0,106.483,-6.13954
0.0312394,306.773,51.5235,0.316228,0,9.93247,0,106.541,-6.54288
0.0256978,490.589,54.276,0.1,1.69967,4.8611,0,106.583,-6.60127
0.0482133,192.603,46.7113,0.360555,0,1.14681,0,106.65,-6.55905
0.0556344,69.352,39.0043,0.223607,15.2063,2.44866,0,106.544,-6.38567
0.0210139,2.64969,25.8351,0.2,18.6648,1.61983,0,106.706,-5.97514
0.00634921,3.64722,26.9046,0.781025,0,0.194443,0,107.071,-6.1593
0.00022776,189.513,55.5342,1.6,0,1.83228,0,106.45,-6.50695
0.00857224,64.2551,47.1251,1.00499,0,0.634476,0,107.107,-6.49796
0.045236,86.3238,41.9283,0.2,2.12459,1.87109,0,106.547,-6.43059
0,1606.49,72.8871,3.82753,0,7.56374,0,106.477,-6.73422
0.0136088,58.9212,42.3711,0.3,0,4.02803,0,106.512,-6.39286
0.00437445,75.0508,53.6238,0.989949,0,2.68045,0,107.182,-6.50695
0,1353.48,75.6974,2.40832,0,6.91034,0,106.515,-6.78542
0.0262151,52.5783,43.1511,0.447214,0,2.151,0,107.14,-6.40993
0.036483,90.3204,34.3182,0.223607,0,1.77771,0,106.665,-6.43957
0.00688328,1104.37,58.783,0.8,0,10.7624,0,107.025,-6.66954
0.000263091,318.839,49.5088,1.34164,0,4.77525,0,107.076,-6.54827
0.148354,1187.44,66.5497,0.141421,2.38314,10.3791,0,107.034,-6.74141
0.114658,531.892,56.5583,0,2.39195,4.52264,0,106.868,-6.68571
0.0630606,35.5811,26.4397,0.509902,7.16706,0.579513,0,106.611,-6.27608
0.0729773,53.6316,38.2308,0.2,0,2.43629,0,106.55,-6.38118
0.0275022,404.429,48.1842,0.223607,0.644537,7.0577,0,106.878,-6.60846
0.0149555,1062.18,68.3808,0.4,0,6.20727,0,107.063,-6.7477
0.0101965,710.668,60.9108,0.640312,0,17.4417,0,106.653,-6.69829
0,1027.53,66.407,2.50799,0,17.6579,0,106.534,-6.70008
0.036048,1306.15,61.9493,0.360555,0,16.0677,0,107.01,-6.70547
0.0748921,55.0625,35.5129,0.1,18.2399,1.34389,0,107.085,-6.36771
0.00356025,466.402,67.5477,0.412311,0,16.1936,0,106.376,-6.5878
0.0293823,308.5,53.8874,0.223607,0,5.04831,0,106.563,-6.5851
0.0226767,8.47631,41.925,0.6,0,0.0538881,0,107.204,-6.21949
0.0329319,433.543,41.6714,0.141421,0.0238718,7.86558,0,106.889,-6.54737
0.025388,59.9384,51.9994,0.412311,1.89725,6.21848,0,107.19,-6.47551
0.0830697,24.568,13.5834,0.5,0,0.272751,0,106.896,-6.27698
0.00402114,656.031,50.0534,0.761577,0,14.6791,0,106.55,-6.533
0.0451356,360.326,52.9327,0.282843,0,4.97068,0,106.533,-6.55276
0.0325656,170.384,59.802,0.5,0,14.7621,0,107.239,-6.52761
0.0142457,682.389,68.3381,0.223607,0,20.8346,0,106.413,-6.63451
0.0349625,157.19,55.5121,0.2,0,2.91093,0,107.172,-6.54108
0.0327779,358.521,54.9062,0.67082,0,11.1101,0,106.819,-6.67224
0.031206,5.43853,42.0003,0.2,0,0.134629,0,107.207,-6.15391
0.0330006,295.699,78.1663,0.1,1.1725,3.5962,0,107.198,-6.77824
0.0997054,3.00437,36.784,0.1,14.329,1.04881,0,106.513,-6.06677
0.000459306,51.4092,54.0356,0.7,0,7.06158,0,107.231,-6.45125
0.000359621,514.112,61.5873,2.54558,0,17.0127,0,107.132,-6.64259
0.0144845,509.352,70.679,0.412311,0,5.12465,0,107.158,-6.72344
0.0940022,89.8536,30.7763,0.447214,0,3.51193,0,106.881,-6.44856
0.0316681,819.883,63.2766,0.223607,0,21.9374,0,106.76,-6.7441
0,834.521,73.1041,2.84253,0,14.1419,0,106.35,-6.63361
0.00269338,544.899,46.3602,1.20416,0,11.2182,0,106.58,-6.51413
0.00054164,699.519,63.9564,1.69706,0,27.2217,0,106.558,-6.68751
0,1440.02,68.8403,3.52278,0,7.81987,0,106.496,-6.70278
0.00984006,4.30851,41.8399,0.8,0,0.0520946,0,107.204,-6.12965
0.0768956,7.52123,46.897,0.141421,13.7207,1.38208,0,107.245,-6.09731
0.0458533,9.24623,34.307,0.223607,0,0.110594,0,107.136,-6.2096
0.00515773,231.997,43.0039,1.43178,0,9.37444,0,106.581,-6.4764
0,161.651,57.3452,1.45602,0,10.5744,0,106.439,-6.51952
0.0824634,237.065,48.0332,0.1,0,1.71766,0,106.708,-6.59319
0.00220568,1076.69,66.7709,0.316228,0,5.28853,0,106.653,-6.75398
0.0141189,247.495,51.1454,0.8544,0,11.1203,0,106.609,-6.5833
0.0495385,149.718,59.5727,0.3,0,2.40625,0,107.145,-6.61115
0.0012795,2.33947,44.5853,0.608276,0,0.171903,0,107.187,-5.99042
0.369648,9.02617,18.6025,0.1,6.1441,1.44784,0,106.995,-6.19164
0.0458647,15.6329,46.2137,0.1,18.2008,1.79764,0,106.409,-6.18445
0.0602694,35.066,24.9669,0.1,0.214371,2.18796,0,106.627,-6.27877
0.101703,37.7655,23.6055,0.2,9.93254,2.98849,0,106.633,-6.2635
0,955.378,67.4661,1.43178,0,9.63329,0,106.638,-6.75578
0.0101953,1.66011,17.4201,0.761577,0,0.133588,0,106.978,-6.12786
0.0344473,33.7599,54.1871,0.1,16.2503,1.55262,0,107.224,-6.46383
0.00265173,195.984,57.8748,0.707107,0,5.55192,0,107.113,-6.61474
0.150286,273.955,47.7584,0.316228,0,4.70576,0,106.83,-6.60756
0.17662,10.9275,22.2632,0.223607,0,0.188667,0,106.628,-6.14942
0.00348328,35.3877,45.953,0.806226,0,1.4067,0,107.2,-6.36052
0.00636404,271.024,43.5493,0.728011,0,12.5582,0,106.616,-6.50785
0.0585621,9.54649,46.8699,0.141421,0.366579,0.679661,0,107.244,-6.25632
0.231948,1106.71,67.5575,0.1,157.602,6.23795,0,107.045,-6.7468
0.0981681,59.8458,29.477,0.1,0,1.5004,0,107.011,-6.36861
0.0336606,7.25932,41.0538,0.360555,0,0.647422,0,106.457,-6.14762
0.0305256,6.00748,40.2161,0.2,1.13057,0.290927,0,107.189,-6.13325
0.00542713,455.789,43.9245,0.565685,0,26.5969,0,106.607,-6.50605
0.104739,97.8048,29.0188,0.1,24.7216,2.20836,0,106.908,-6.4252
0.202546,142.526,36.313,0.1,64.4108,1.15867,0,106.789,-6.50156
5.39432e-05,650.362,58.7401,1.34164,0,31.6406,0,106.463,-6.56264
0.0857224,504.991,58.0733,0,1.66625,9.86558,0,106.797,-6.70008
0.0191946,68.9039,31.3658,0.412311,0,1.49863,0,106.623,-6.3722
0.0421054,3.45066,27.7834,0.1,11.5455,1.11437,0,107.06,-6.07845
0,1449.79,72.8565,3.53553,0,3.89872,0,106.535,-6.76656
0.0485454,66.2031,43.7686,0.2,0,5.25664,0,107.168,-6.37849
0,1567.18,71.186,4.45982,0,11.1766,0,106.476,-6.71536
0.0641372,7.30008,33.3064,0.1,8.09558,0.842148,0,107.129,-6.16918
0.0164997,183.194,44.4891,0.860233,0,10.9968,0,106.638,-6.5303
0.27219,9.02919,16.2148,0.1,54.6991,0.463025,0,106.686,-6.13594
0.0343517,9.5259,51.358,0.2,0,1.48579,0,106.374,-6.07576
0.0597823,300.364,57.0183,0.2,20.3817,8.68006,0,106.539,-6.60307
0.00184448,566.792,54.5501,1.30384,0,20.2137,0,107.068,-6.60666
0.00107697,427.683,54.4119,1.99249,0,8.18119,0,107.073,-6.60217
0.0008653,996.748,54.8428,1.02956,0,12.9273,0,107.01,-6.6372
0.00206183,54.8532,51.9678,1.20416,1.08885,4.60799,0,107.237,-6.40723
0.060424,67.4233,35.521,0.316228,0,1.80478,0,107.013,-6.43778
0.0301464,3.39884,28.2699,0.583095,0,0.0552856,0,107.083,-6.16289
0.0382375,3.61921,34.6173,0.360555,0,0.156051,0,106.53,-6.07755
0.007847,2.92253,31.4217,0.5,0,0.421729,0,107.107,-6.12426
0.000295584,847.962,63.8054,0.948683,0,10.5037,0,106.471,-6.63002
0.0661309,6.9609,25.2716,0.447214,0,0.0906797,0,107.056,-6.18176
0,1515.13,53.1217,3.8833,0,4.00352,0,106.967,-6.63541
0.0629063,4.07808,48.5498,0.2,0,0.0329849,0,106.398,-6.08384
0.0224256,0.662684,21.5001,0.583095,0,0.0162431,0,106.674,-6.05599
0.0501984,48.1761,27.5343,0.141421,0,5.25067,0,106.66,-6.35962
0.080035,131.865,33.4084,0.2,24.8839,1.12445,0,106.75,-6.46742
1.48265e-05,851.27,50.1309,1.7088,0,20.5605,0,106.922,-6.61924
0.00755552,444.335,51.7463,0.67082,0,11.3688,0,107.036,-6.59498
0.0490886,4.99514,41.2018,0.360555,0,0.102251,0,107.199,-6.14223
0.0155808,4.52388,45.9197,0,12.7583,0.484938,0,107.231,-6.07665
0,1373.27,74.5856,3.80132,0,28.4636,0,106.527,-6.78003
0.0147363,511.254,67.0411,0.447214,0,12.2598,0,106.806,-6.78183
0.142961,20.011,18.2372,0.141421,7.93213,0.578031,0,106.668,-6.21769
0.160506,50.2784,33.9194,0,65.7762,1.24777,0,106.572,-6.34525
0.00369621,673.981,64.4009,0.2,7.44799,6.88259,0,106.451,-6.62013
0.0149644,1.57667,45.4184,0.5,0,0.0115132,0,107.216,-6.04072
0.0262,1.47814,36.445,0.4,0,0.0720154,0,107.092,-5.97784
0.0324647,15.0491,51.2612,0.2,0.790672,1.48765,0,106.37,-6.09911
1.35647e-05,1418.02,71.1023,4.57056,0,20.6165,0,106.432,-6.68302
0.0191508,38.1489,43.7702,0.223607,4.7621,3.32152,0,107.157,-6.39556
0.0124546,0.769507,40.173,0.360555,1.52013,0.627832,0,106.482,-6.06138
0.00438833,1116.18,57.052,0.9,0,12.6901,0,107.019,-6.65517
0.0402845,401.86,53.8031,0.509902,0,9.63029,0,106.638,-6.62373
0.00787792,1.49535,24.9517,0.943398,0,0.00662493,0,107.041,-6.10091
0.152751,819.884,56.6849,0.141421,0.0907127,3.91938,0,106.923,-6.67942
0.0509549,589.247,55.7532,0.1,0,5.77267,0,106.68,-6.65786
0.0124678,3.21631,28.4758,0.781025,0,1.07242,0,107.074,-6.10001
0.0125789,716.227,55.2101,0.848528,0,7.48953,0,106.76,-6.67044
2.74448e-05,1191.75,62.7971,3.33766,0,7.82979,0,106.91,-6.73781
0.0348003,18.4254,38.3593,0.412311,0,1.00711,0,106.481,-6.15032
0.00514795,965.319,66.2798,0.223607,16.5431,5.19497,0,106.619,-6.73781
0.000164984,82.5521,47.6596,1.52315,0,3.14727,0,106.487,-6.43957
0.226791,118.011,35.5605,0.1,2.08639,3.25636,0,106.891,-6.49078
0.0274757,461.561,57.6296,0.316228,0,10.3385,0,106.508,-6.5878
0.00187697,862.159,56.8312,1.14018,0,15.3563,0,107.043,-6.64259
0.0695927,318.116,77.4176,0.1,30.4565,1.32066,0,107.182,-6.78003
0.00468233,1.0339,23.4494,0.921954,0,0.223847,0,106.684,-6.01826
5.89905e-05,1.11554,27.1997,1.52643,0,0.105263,0,106.643,-6.01198
0.0242757,198.131,40.1282,0.412311,0,17.9964,0,106.572,-6.43328
0.00183375,102.913,51.9405,1.08167,2.74139,5.10429,0,106.436,-6.43598
7.12934e-05,574.292,68.0894,1.60312,0,6.48982,0,106.824,-6.79171
0.0394975,7.96596,46.204,0.141421,0,0.335991,0,106.416,-6.1027
0.0131382,101.022,56.2108,0.447214,0,4.31109,0,106.409,-6.46383
0,1234.25,71.9839,1.82483,0,6.27738,0,106.513,-6.7459
0.25001,33.641,20.0295,0.141421,20.9063,2.61459,0,106.692,-6.29584
0.00757066,613.262,61.3468,0.583095,0,10.8651,0,106.615,-6.68841
0.0555476,8.34123,43.8475,0.1,7.93222,1.79894,0,106.432,-6.14493
0.00842271,1383.41,70.2565,0.707107,0.238314,17.5194,0,107.028,-6.77914
0.000825552,259.353,44.6555,0.905538,0,18.8424,0,106.554,-6.47281
0.149393,964.84,58.7336,0,59.4407,9.85439,0,106.96,-6.6902
0.107424,31.2246,35.33,0.509902,0,1.51158,0,107.101,-6.34076
1.26183e-05,714.762,78.6218,1.8868,0,1.64156,0,106.355,-6.70727
0.20408,3.7667,14.19,0.2,0,0.147566,0,106.954,-6.15121
0.00497855,92.1569,56.4635,0.72111,0,6.50892,0,106.397,-6.45035
0.0157464,15.8878,44.2233,0.632456,0,0.150753,0,107.205,-6.30752
0.0253896,381.811,55.9577,0.2,0,9.83476,0,106.526,-6.58241
0.0526533,333.859,51.6533,0.223607,0,5.37397,0,106.795,-6.64169
0.00244196,277.549,55.5167,0.921954,0,3.67625,0,106.512,-6.56624
0.0536555,26.5278,53.6815,0.141421,5.9594,0.652179,0,106.352,-6.27428
0,817.125,65.4276,2.75862,0,25.4901,0,106.876,-6.76566
0.0332877,17.2047,36.2771,0.538516,0,0.0599012,0,106.499,-6.17637
0.000566562,0.970963,43.0113,2.34094,0,0.432363,0,106.462,-6.04252
0.0277483,36.4902,23.4717,0.223607,0,1.29191,0,106.641,-6.27698
0.000845741,320.039,58.23,1.6,0,9.85481,0,107.1,-6.62642
0,751.961,65.5106,2.70185,0,5.81677,0,106.874,-6.76656
0.012435,78.6446,52.8442,0.4,0,6.34473,0,107.156,-6.52312
0.000803155,187.316,43.4748,1.10454,0,4.81769,0,107.037,-6.50874
0.0271442,1447.23,61.4624,0.412311,0,25.6804,0,106.991,-6.70727
0.0246937,55.6878,42.7189,0.5,0,1.84776,0,107.156,-6.37939
0.0108088,395.846,62.5799,0.583095,0,16.7003,0,107.235,-6.56893
0.00944448,382.626,63.8952,0.640312,0,14.8046,0,107.203,-6.61564
0,339.64,36.7776,2.46982,0,14.6698,0,106.948,-6.48539
0.00945142,64.8248,47.8145,0.282843,0,3.19481,0,107.176,-6.43239
0.104359,19.127,46.1535,0.141421,0,0.0304898,0,107.211,-6.34166
0.00456372,4.41528,44.5982,0.943398,0,0.0691521,0,107.228,-6.12247
0.00651577,210.363,39.0441,0.72111,0,4.58495,0,106.727,-6.51413
0.0430047,64.7012,32.4842,0.3,23.7524,0.83566,0,106.634,-6.39645
0.00044164,2.93124,27.3583,1.28062,0,0.134793,0,107.072,-6.13774
0.124104,141.529,36.2503,0.1,0,6.48236,0,106.851,-6.50246
0.0261543,45.1472,39.0401,0.583095,0,1.32599,0,106.536,-6.37489
0,1714.28,73.8703,7.44312,0,7.89633,0,106.432,-6.71446
0.0228189,517.932,61.3805,0.5,0,1.28064,0,106.502,-6.62552
0,1432.77,76.8017,6.19839,0,5.45656,0,106.41,-6.73153
0,1137.78,67.4634,2.28035,0,7.7233,0,106.682,-6.76836
0.0872915,18.3662,47.1345,0.1,8.49334,2.08368,0,106.402,-6.20781
0.00297729,484.672,73.7484,1.81108,0,16.3898,0,107.148,-6.76117
0,2352.71,70.7959,3.47851,0,29.3906,0,107.003,-6.79171
3.94322e-05,1063.36,73.3814,3.32866,0,22.7408,0,106.396,-6.68032
0,705.473,76.9257,2.61725,0,8.94404,0,106.364,-6.69469
0.153725,47.9453,19.468,0.1,31.4056,0.626179,0,106.912,-6.32998
0.0223233,277.909,39.9568,0.282843,0,7.5477,0,106.896,-6.5303
0.0187987,857.836,68.6432,0.4,0,19.1645,0,107.105,-6.73153
0.0239968,51.8872,48.6502,0.2,0,6.78006,0,106.456,-6.41173
0.11976,110.698,32.0066,0.141421,0,3.20664,0,106.879,-6.46023
0.0907271,100.222,29.7992,0.3,0.446303,3.26905,0,106.759,-6.43598
0.0308719,10.4904,34.9946,0.2,0,0.0397534,0,107.141,-6.22308
0.00670032,187.455,40.4059,0.948683,0,6.62267,0,107.014,-6.48988
0.0498413,15.3277,44.4776,0.2,0,0.724375,0,107.2,-6.32818
0.0675009,30.5302,43.5776,0.1,5.10128,2.78645,0,107.186,-6.34076
0.00512524,1.11796,31.6912,0.728011,0,0.00211269,0,107.079,-6.03623
0.0398792,41.1511,31.3825,0.3,0,0.459984,0,106.568,-6.29135
0.0339047,33.1633,53.8684,0.223607,0,2.15574,0,106.357,-6.30393
0.16267,37.9151,30.5576,0.1,0.239818,0.630616,0,107.052,-6.33717
0,1208.05,66.8731,3.06757,0,5.97447,0,106.563,-6.71985
8.51735e-06,1.0693,50.7,2,0,0.0162785,0,106.399,-6.01198
0.027594,50.1239,33.0608,0.5,0,2.64957,0,106.565,-6.3183
0.0511827,311.784,50.1765,0.2,0,2.25789,0,106.697,-6.61025
0.010624,1.11115,33.2771,0.806226,0,0.054175,0,107.072,-5.9994
0.396554,13.3413,15.1649,0.1,34.039,0.32158,0,106.952,-6.23296
0.0389543,24.1789,38.8347,0.1,3.80032,3.2376,0,106.484,-6.24913
0.192241,83.281,26.4904,0.1,0,0.216536,0,106.745,-6.40005
8.64353e-05,1912.71,69.8202,2.64764,0,21.276,0,107.009,-6.78093
0.0543741,574.217,58.7238,0.1,10.9189,3.64914,0,106.651,-6.67673
0,1083.51,65.0317,2.41661,0,13.75,0,106.579,-6.70907
0.000411987,2.87868,33.6581,1.07703,0,2.59783,0,107.114,-6.07037
0.0503028,43.712,35.7551,0.141421,0.397886,1.54261,0,106.535,-6.31381
0.0297953,36.457,24.1903,0.141421,0,1.00704,0,106.649,-6.30213
0.0197845,602.928,52.5793,0.412311,0,18.567,0,107.017,-6.61205
0.0806142,11.5572,40.7664,0.565685,0,0.403295,0,107.187,-6.26081
2.46057e-05,765.314,78.0788,2.34094,0,4.67514,0,106.36,-6.70547
0.000132808,467.747,62.5814,1.86815,0,11.8939,0,107.134,-6.65158
0.0256552,44.1155,31.9276,1.02956,0,0.197572,0,107.045,-6.36501
0.0778776,10.1391,29.1181,0.223607,0,0.449539,0,107.088,-6.21769
0.10092,3.87048,23.9855,0.2,0,1.63509,0,106.633,-6.07845
0.0566404,342.24,75.5483,0.1,18.4741,4.31156,0,107.194,-6.75309
9.46372e-05,353.458,65.1322,1.72627,0,14.1266,0,107.213,-6.62193
0.346653,4.12118,12.1557,0.1,9.07449,0.728051,0,106.929,-6.13145
0.391415,7.87534,19.3454,0.1,37.2819,0.476501,0,107.002,-6.18625
0.0207249,7.14623,34.0498,0.2,0,0.329218,0,107.135,-6.19254
0.00137792,2.4465,28.5842,1.78045,0,0.0436359,0,107.045,-6.03533
0.0372984,24.9658,47.8349,0.608276,0,2.48345,0,107.224,-6.34884
0.000440694,216.385,51.792,1.16619,0,5.72499,0,107.109,-6.55007
0.0235489,788.449,55.1729,0.316228,0,11.7985,0,106.905,-6.66864
0.080888,6.49281,48.9217,0.5,0,0.155132,0,106.387,-6.13145
0.0164562,1.76303,47.1577,0.848528,0,0.329916,0,106.419,-6.0506
0.00512334,4.15737,46.1022,0.9,0,0.0338593,0,107.242,-6.12786
0.0326732,724.581,71.0967,0.1,4.5774,9.0448,0,106.655,-6.79531
0.0195514,2.17266,30.7805,0.5,0,0.0752404,0,106.577,-6.0542
0.0291877,7.83747,46.6986,0.5,0,0.370092,0,106.405,-6.17637
0.136476,193.781,43.3314,0.141421,0,3.66047,0,106.859,-6.56624
0.0487621,13.8946,50.1849,0.3,0,0.453132,0,106.375,-6.21679
0.00767729,72.4988,39.5946,0.8544,0,0.345614,0,107.04,-6.46383
0.0417259,641.517,66.2528,0.223607,37.4718,3.55548,0,106.751,-6.77015
0,1149.92,71.8374,2.64197,0,15.4585,0,106.399,-6.66415
0.377682,48.3878,15.1816,0,49.5489,0.417257,0,106.839,-6.31201
0.00328644,1.54803,43.0985,0.2,0,0.137094,0,107.19,-6.03084
0.00690189,373.376,52.8226,1.06301,0,15.0391,0,106.623,-6.60756
0.000582334,69.9637,47.0216,1.28062,0,4.91987,0,106.46,-6.38927
0,1401.19,71.2764,4.88365,0,14.1915,0,106.433,-6.68571
0.00570599,906.241,58.5705,0.509902,0,34.3559,0,107.033,-6.66415
0.0573536,76.9155,31.6483,0.223607,7.7249,1.3065,0,107.005,-6.40005
0.0781489,57.5325,38.1392,0.141421,11.3811,0.86549,0,107.083,-6.40723
0.140618,114.916,31.714,0.141421,56.1464,1.70522,0,106.737,-6.44766
0.0293155,44.4677,38.4567,0.3,2.69338,2.19708,0,106.524,-6.34615
0.0204871,18.8766,47.7554,0.223607,0,0.220885,0,107.233,-6.32459
0.0156738,90.6865,55.5466,0.282843,0,7.78515,0,106.401,-6.44047
0.0425587,12.0474,37.2314,0.141421,0.219348,2.54395,0,106.491,-6.15571
0.0795984,2.00252,19.2444,0.223607,0,0.465011,0,106.994,-6.12426
0.0656401,5.86967,20.3433,0.360555,2.73955,0.0856771,0,106.655,-6.11169
0.00136909,405.61,47.6244,1,0,9.88397,0,107.037,-6.55186
0.0520047,4.07789,49.6387,0.223607,0,0.166592,0,106.388,-6.08294
0.0350256,236.242,46.9061,0.223607,0,2.21274,0,106.86,-6.59857
0.0132965,186.852,46.2668,0.8544,0.0143231,3.14924,0,107.097,-6.49617
0.0190461,609.29,61.0938,0.316228,3.24656,5.7029,0,106.497,-6.61834
0,1098.27,71.0962,3.32415,0,8.43877,0,106.551,-6.75668
0.0527208,812.612,52.3848,0.509902,0,11.802,0,106.918,-6.6408
0.0242896,43.7336,46.7266,0.360555,0,3.87025,0,107.174,-6.41801
0.000222397,1050.42,78.0665,1.21655,0,18.1798,0,106.472,-6.78632
0.0516353,17.8843,35.8565,0.6,0,0.757761,0,106.504,-6.15391
0.00043123,1296.26,74.3535,4.03609,0,10.5815,0,106.395,-6.6911
0.0116959,59.7023,53.5129,0.608276,0,4.67052,0,107.203,-6.48179
0,1154.93,75.6494,4.24853,0,8.74102,0,106.542,-6.798
0.0116243,78.3213,46.0468,0.565685,0,4.56172,0,106.495,-6.4261
0.0236492,95.1331,49.6381,0.412311,0.787768,2.60721,0,106.467,-6.44317
0,319.755,55.2991,1.93132,0,10.7709,0,106.484,-6.53929
0.0550155,2.16035,19.5718,0.412311,0,0.117518,0,107.002,-6.14582
0.307903,59.2286,18.7278,0.1,0,1.48132,0,106.765,-6.33267
0.0650483,98.861,29.0855,0.608276,0,4.91311,0,106.898,-6.42879
0.198578,15.3327,21.7019,0.1,30.5,0.954743,0,106.632,-6.15481
0.000235016,414.621,45.9146,1.33417,0,9.6643,0,106.987,-6.55905
0.0719467,76.6672,28.6099,0.2,12.843,1.56448,0,106.704,-6.40274
0.0519782,7.88497,46.3364,0.223607,0,1.32434,0,106.415,-6.10091
4.51104e-05,1142.16,76.514,3.08058,0,34.1202,0,106.458,-6.76117
0.0199785,12.1096,52.5346,0.67082,0,1.056,0,106.354,-6.13594
0.154029,61.5766,28.7974,0.1,0,3.39404,0,106.991,-6.37849
0.00969464,62.2532,43.6401,0.223607,0,3.20652,0,106.482,-6.36681
0.0783767,67.2467,30.2409,0.1,1.79993,2.91254,0,106.637,-6.3713
0.0245741,50.5685,52.0859,0.2,0,2.06413,0,106.392,-6.35423
0.0636943,429.419,53.7592,0.2,1.8238,5.78545,0,106.791,-6.66056
0.0253839,531.03,63.2581,0.640312,0,12.7989,0,106.845,-6.7477
0.0865524,75.1007,34.7417,0.2,1.06945,3.0915,0,106.991,-6.44406
0.0412757,88.6793,32.8673,0.412311,0,2.43881,0,106.661,-6.42161
0.0129565,429.743,58.2163,0.565685,0,10.4052,0,106.488,-6.57791
0.0535868,42.7058,42.6356,0.412311,0,2.29006,0,107.135,-6.40813
0.0513278,99.0004,40.0159,0.1,2.12459,2.60551,0,107.05,-6.46113
0.0456,737.396,58.2564,0.447214,0,5.26904,0,106.908,-6.69649
0,912.978,63.9423,1.58114,0,16.4218,0,106.567,-6.692
0.0408423,573.179,60.8296,0.1,0,11.7497,0,106.856,-6.72524
0.0037306,29.1369,45.4229,0.9,0,0.726911,0,107.183,-6.38208
0.0363233,68.6246,49.4676,0.1,0.763896,5.91465,0,106.458,-6.4279
0.0186826,6.66526,46.4457,0.538516,0,0.0292328,0,107.248,-6.19343
0.0282445,4.70698,50.7409,0.565685,0,0.194153,0,106.375,-6.09552
0.0305539,7.05879,51.0957,0.424264,0,0.0705609,0,106.366,-6.14223
0.0119196,94.1729,49.1426,0.707107,0,8.78019,0,106.501,-6.4773
0.120902,48.6277,31.7012,0.1,46.063,2.65064,0,106.577,-6.31561
0.0573107,69.8256,31.0104,0.223607,8.85642,1.13349,0,106.63,-6.37489
0.226325,27.9119,23.9927,0.1,0.0816653,0.456263,0,106.624,-6.25093
0.0917265,48.7178,33.62,0.282843,3.04026,0.470435,0,106.563,-6.32549
0.144537,41.1301,29.8555,0.1,3.33612,1.05724,0,106.589,-6.30213
0.00235205,792.595,56.0206,2.00998,0,13.132,0,107.033,-6.639
0,2013.7,64.8356,3.15753,0,17.475,0,106.949,-6.74949
8.58044e-05,450.496,39.8995,1.8868,0,7.58933,0,106.942,-6.51773
0.0998631,148.071,35.4432,0.2,1.87632,3.41279,0,106.775,-6.49168
0.036936,20.2478,46.899,0.632456,0,0.716236,0,106.406,-6.22308
0.00843155,1.15403,26.34,0.761577,0,0.0328015,0,107.042,-6.07037
0.02863,395.481,53.5418,0.282843,0,0.768627,0,106.532,-6.55905
0.0481855,82.9542,41.3978,0.1,0,4.04249,0,106.558,-6.43508
0.123466,32.3567,33.1094,0.2,9.27381,2.20273,0,106.537,-6.24823
0.00670189,551.252,64.1372,0.728011,0,3.51482,0,106.815,-6.75578
0.053447,8.90627,42.7418,0.1,0.0102779,0.913916,0,107.214,-6.18445
0,1090.03,63.9014,1.94165,0,26.8369,0,106.575,-6.69559
0.00168391,1387.74,62.7588,0.905538,0,8.18402,0,106.956,-6.72883
0.000911356,308.855,48.9324,1.28062,0,7.84756,0,107.071,-6.54557
0.0722767,573.893,68.9263,0.2,18.3432,2.5941,0,106.736,-6.79261
0,511.103,55.5931,2.11896,0,22.6443,0,106.485,-6.54378
0.00375047,66.2919,37.3128,0.707107,0,1.65698,0,106.576,-6.40005
0.189174,12.3545,23.5317,0,10.3498,0.89913,0,106.619,-6.13325
0.000188013,811.918,60.9894,2.1095,0,8.85057,0,107.117,-6.64529
0.00642934,85.6602,43.491,0.860233,0,1.79639,0,106.534,-6.43778
0.0206524,1170.96,57.136,0.7,0,11.0482,0,106.965,-6.67403
0.0101823,32.2254,44.6358,0.447214,0,1.24458,0,107.141,-6.43059
0.0133669,389.796,57.0108,0.583095,0,5.79435,0,106.494,-6.56893
0.0338801,38.775,25.772,0.360555,0,1.55232,0,106.639,-6.31291
0.0627473,64.925,33.8029,0.412311,0,0.873501,0,106.999,-6.42879
0.00811104,3.39738,26.1545,0.894427,0,0.35998,0,107.063,-6.14582
0.0332126,412.488,56.0831,0.608276,0,12.3809,0,106.631,-6.64349
0.12473,281.374,47.5626,0.316228,0.792542,1.40548,0,106.833,-6.60576
0.128756,42.4312,45.981,0.141421,2.2904,1.57945,0,106.421,-6.2644
0.0258722,1.71549,42.9452,0.447214,0,0.0658017,0,107.194,-6.04431
0.116709,10.7897,31.4796,0.2,0.32137,1.64791,0,106.544,-6.14582
0.0267259,4.95184,45.5685,0.538516,0,0.0196559,0,107.24,-6.15391
0.119791,55.5186,36.0226,0.1,3.53302,2.21898,0,107.04,-6.42251
0.00552177,307.181,63.994,0.412311,0,8.31258,0,107.201,-6.61834
0.00517066,1027.41,60.6156,0.905538,0,10.7232,0,106.686,-6.70547
0.0173215,3.40959,55.1931,0.67082,0,0.0120952,0,106.35,-6.02814
0.0621694,230.819,51.4942,0.223607,0,4.33654,0,106.588,-6.57522
0.00754164,1265.85,58.6724,1.04403,5.89632,12.6976,0,106.975,-6.68571
0.0133861,456.022,74.7764,0.806226,0,5.83642,0,106.355,-6.65966
0.0653533,457.24,57.9163,0.424264,0,1.20035,0,106.807,-6.69919
0.253279,86.5793,27.4367,0.2,1.55259,3.03586,0,106.758,-6.41352
0.0362249,1.81977,35.4078,0.223607,0,0.107607,0,107.092,-5.99401
0.0430738,8.61304,40.382,0.1,1.62215,1.27473,0,106.472,-6.08923
0.0741391,197.833,42.8575,0.424264,0,1.21664,0,106.848,-6.56264
0.0211729,709.675,54.9729,0.509902,0,8.45715,0,106.735,-6.66415
0.021105,1245.59,59.7236,0.2,0,22.9085,0,106.981,-6.6938
0.00168675,518.274,40.2235,2.66833,0,10.5036,0,106.958,-6.51503
0.134186,50.589,36.5898,0.1,14.1938,0.935113,0,107.102,-6.36052
0.343955,13.603,29.5485,0,34.2084,2.46578,0,107.087,-6.24105
0.0387158,719.543,51.8285,0.447214,0,16.6036,0,106.904,-6.6381
0.0469246,1.31388,20.2073,0.141421,0,0.195112,0,107.005,-6.13055
0.0100136,47.6081,49.0461,0.894427,2.27142,6.88169,0,107.186,-6.43778
0.00413596,258.743,52.4667,1.22066,0,19.2724,0,107.111,-6.55635
0.00819968,76.3863,41.4194,0.806226,0,3.32851,0,106.54,-6.41532
0.00124038,571.864,46.8612,0.948683,0,13.0577,0,106.567,-6.50964
0.0163186,58.7491,43.9261,0.632456,0,3.29047,0,106.477,-6.36232
0.109473,27.917,19.2819,0.3,9.78962,2.7192,0,106.683,-6.27338
0.00539621,35.2994,46.1396,0.921954,0,1.73388,0,107.197,-6.3695
0.112023,58.6429,36.1625,0.2,0,2.87006,0,107.041,-6.4234
0.0125659,189.545,40.5416,0.1,2.30601,2.03706,0,106.927,-6.52851
0.000109779,1246.29,63.3987,1.21655,0,7.59895,0,106.686,-6.73153
0.085524,135.852,40.6396,0.223607,0,1.44893,0,106.722,-6.52761
0,1475.65,75.7932,4.92544,0,16.5142,0,106.435,-6.73781
0.022771,283.99,73.3915,0.316228,0,9.77648,0,107.239,-6.69739
0.123431,16.0166,33.2622,0.223607,0,0.576114,0,106.527,-6.1566
6.08833e-05,659.304,64.2729,1.34536,0,30.94,0,106.868,-6.75578
0.0342366,3.89286,35.6547,0.806226,0,0.1855,0,106.523,-6.06947
0.00144606,703.905,63.6946,0.447214,0,27.4194,0,106.465,-6.62373
0,1431.27,62.426,2.10238,0,22.4228,0,106.733,-6.73242
0.00670095,775.237,62.6136,0.223607,0,6.42067,0,106.479,-6.62193
0.0435035,8.26986,17.7932,0.4,0,0.74474,0,106.674,-6.12516
0.053629,9.43961,43.3683,0.447214,0,1.10146,0,106.436,-6.14313
0.157456,14.9044,39.4804,0.1,4.05635,0.512046,0,107.167,-6.28776
0.0485827,7.24386,35.3284,0.1,13.0078,1.68198,0,106.516,-6.10181
0.0506208,134.808,33.7715,0.360555,0.157554,2.25289,0,106.766,-6.47461
0,787.669,75.9377,2.60192,0,19.3602,0,106.369,-6.68751
0.0197524,70.4807,52.5956,0.412311,0,4.11225,0,106.455,-6.47191
0.230229,77.3509,24.5945,0.141421,2.61863,0.312275,0,106.916,-6.37939
0.00527666,313.341,72.0688,0.447214,0,16.9031,0,107.226,-6.692
0.0114883,77.457,44.2652,0.632456,0,2.16576,0,106.518,-6.42969
0.0175536,46.2009,42.893,0.608276,0,1.66976,0,106.479,-6.34525
0.0719849,4.75345,32.59,0.509902,0,0.1135,0,106.543,-6.09642
0.0331265,33.6152,50.4594,0.3,0,2.45332,0,107.204,-6.43328
0,1074.16,65.4133,3.2573,0,9.95932,0,106.571,-6.70907
0.00232934,808.635,67.8456,0.984886,0,23.0282,0,107.105,-6.72344
0.00274196,957.1,57.5334,0.608276,0,13.2352,0,107.026,-6.65697
0.0385183,124.455,40.4595,0.141421,3.81948,1.97326,0,106.693,-6.51593
0.0437028,74.4381,31.6413,0.360555,4.86984,2.16423,0,106.626,-6.37849
0.00937634,998.001,61.8305,0.905538,0,8.83646,0,107.055,-6.68661
0.340992,13.2227,27.8406,0,16.3666,0.302541,0,106.576,-6.17637
0.0179808,177.574,39.262,0.1,6.63157,6.20422,0,106.922,-6.51773
0.148625,204.424,48.5523,0.141421,28.4074,1.14085,0,106.63,-6.56803
0.0361413,2.96876,53.8127,0.72111,0,0.0275624,0,106.352,-6.07037
0.0220634,31.1591,48.2543,0.632456,0.867188,0.0988512,0,106.402,-6.27428
0.0904397,34.5138,38.1655,0.282843,0,0.67688,0,106.498,-6.27967
0.0315539,3.67754,39.6133,0.282843,1.60685,0.557495,0,106.477,-6.10091
0.000501262,936.038,56.5867,1.6,0,25.022,0,106.723,-6.67673
3.94322e-05,916.319,69.1265,1.06301,0,11.3236,0,106.648,-6.77464
0.143942,8.83211,27.8166,0.3,0,0.19745,0,106.58,-6.12876
0.000325552,376.852,42.8313,2.37697,0,9.77401,0,107.001,-6.52222
0.0536634,4.92375,30.9248,0.3,0,0.0666851,0,107.107,-6.18086
0.0387246,1.59143,48.3355,0.565685,0,0.095036,0,107.243,-6.03803
0,2364.46,70.5266,5.62228,0,23.6504,0,106.973,-6.7971
0,1704.84,74.5448,5.54437,0,17.2976,0,106.445,-6.73153
7.12934e-05,1006.61,51.064,2.40832,0,8.24909,0,106.974,-6.61385
0.239841,42.858,39.3248,0.1,65.1175,3.9883,0,107.14,-6.34615
0.000342587,1093.6,58.4047,2.12132,0,7.9893,0,106.763,-6.70008
0,83.3601,58.3325,1.6,0,5.88548,0,106.373,-6.44317
0.0596584,6.475,32.2194,0.447214,0,0.221209,0,107.119,-6.18265
0.000250473,846.387,49.7164,1.82483,0,24.1116,0,106.967,-6.60307
0.00531325,403.361,65.459,0.905538,0,8.78704,0,107.18,-6.65158
0.0114325,1.16025,39.0698,0.509902,0,0.0907732,0,107.114,-5.96706
0.0681823,46.1146,25.6651,0.1,2.18199,1.33723,0,106.653,-6.32818
0.0471552,81.1174,33.7381,0.316228,2.84074,0.596008,0,106.984,-6.43778
1.73502e-05,226.46,58.0543,2.30868,0.095487,10.5118,0,107.185,-6.56085
0.0971009,2.03544,22.6622,0.223607,0,0.165236,0,106.656,-6.06318
0.0665331,244.831,52.5889,0.424264,0,1.97214,0,106.564,-6.57163
0.0300644,39.5589,54.8888,0.223607,0,1.00837,0,106.355,-6.32728
0.0235836,77.3435,44.2908,0.5,0,1.68091,0,106.526,-6.43957
0.000328391,1126.84,62.1329,2.6,0,27.0627,0,106.922,-6.72973
0.00848265,293.847,44.6498,0.761577,0,3.75865,0,107.009,-6.53659
0.0105789,71.5467,43.7605,0.4,0,4.51887,0,106.505,-6.40454
0.000136278,4.24236,46.8047,2.75136,0,1.2295,0,107.204,-5.98143
0.0255713,35.2365,49.2467,0.447214,0,1.25293,0,107.21,-6.40454
0.0296211,6.96912,34.4578,0.3,0,0.0643094,0,107.139,-6.19433
0.0320129,2.34778,47.3024,0.223607,0,0.434616,0,107.239,-6.05509
0,106.611,58.6199,1.71172,0,4.18824,0,106.372,-6.44676
0.0568994,1014.4,70.0346,0.282843,0,16.844,0,107.063,-6.76386
0.0392997,94.9574,36.6416,0.1,22.8023,3.17256,0,106.639,-6.44766
0.019918,63.0512,47.3663,0.316228,0,3.30202,0,107.138,-6.47101
0.00991073,77.77,55.3904,0.8544,0,1.27943,0,106.395,-6.42879
4.4164e-05,1120.47,74.4465,3.48282,0,24.2388,0,106.391,-6.68841
0.0316183,9.05854,48.9381,0.424264,0,0.122889,0,106.385,-6.15391
0.120417,147.113,37.062,0.1,32.3653,1.08837,0,106.778,-6.50695
0.00013123,344.926,39.7148,1.40357,0,10.9825,0,106.937,-6.51773
0.0186751,1.6025,30.8682,0.282843,0.0959273,0.300831,0,107.076,-6.04701
0.00298612,607.501,60.7071,1.33417,0,22.2783,0,106.452,-6.57612
0.00197319,1055.48,63.9477,1.06301,0,13.7888,0,106.725,-6.745
0.0217259,266.758,46.0776,0.282843,0,3.42224,0,107.007,-6.55186
0,1157.09,65.9952,1.69706,0,15.118,0,106.506,-6.67852
0.00778297,77.8604,57.1382,0.565685,0,3.04371,0,106.362,-6.40005
0.0368662,9.02921,40.0595,0.565685,0,0.0650788,0,107.187,-6.22667
0,388.139,54.2219,1.3,0,21.6838,0,106.498,-6.53929
0.00489085,946.039,65.9906,0.316228,0,5.59429,0,106.621,-6.73602
0.0208388,542.628,54.5994,0.424264,0,6.89005,0,107.059,-6.61205
0,1320.46,72.5812,2.28473,0,13.6146,0,106.507,-6.74859
0.0244823,51.9825,40.4395,0.640312,0.306066,2.69335,0,106.494,-6.32549
0.00913533,550.847,68.5414,0.640312,0,8.22287,0,106.397,-6.62193
0.0226735,31.0635,51.7794,0.316228,0,3.7595,0,106.383,-6.32459
0.0819451,2.12207,25.7772,0.360555,0,0.0905783,0,107.055,-6.12426
0.0013224,344.809,41.2333,1.43178,0,10.6366,0,106.956,-6.52581
8.51735e-06,1075.49,77.041,2.74591,0,26.2918,0,106.444,-6.75758
0.0424095,643.665,61.9859,0.360555,4.07252,14.9538,0,106.778,-6.73422
0.0607423,486.05,57.1359,0.282843,0,6.9723,0,106.805,-6.692
0.0877,2.12817,36.9221,0.141421,0,0.487589,0,106.514,-6.06048
0.0706186,68.4101,30.3427,0.141421,14.0294,1.43324,0,107.005,-6.38478
0.0142423,88.2693,56.0729,0.316228,0,5.35334,0,106.409,-6.46293
0,381.948,42.1752,1.21655,0,20.2049,0,106.634,-6.50425
0.0104555,48.1256,43.467,0.72111,0,1.19151,0,106.501,-6.39466
0.310456,27.6714,36.1504,0.141421,11.8093,1.26942,0,107.13,-6.30033
0,1117.41,76.6435,5.57136,0,12.022,0,106.399,-6.72075
0.0623498,21.1045,43.9237,0.360555,0,0.638226,0,106.431,-6.20242
0.145729,16.0365,44.9517,0.1,2.02132,0.835905,0,107.222,-6.27338
0.109445,282.462,74.026,0.360555,0,1.13902,0,107.217,-6.72075
0.0147779,60.3601,42.5317,0.4,1.61373,3.6188,0,106.508,-6.39017
0.227733,345.435,50.4958,0.141421,0,2.90006,0,106.773,-6.62912
0.0189293,620.09,49.5481,0.5,0,4.46931,0,106.897,-6.61834
0.011783,537.635,69.0915,0.412311,0,11.8559,0,106.386,-6.61834
0.0202502,7.16386,34.1488,0.223607,0,0.0460905,0,107.136,-6.19254
0.00427129,82.8375,38.9465,1.11803,0,1.68417,0,107.022,-6.46922
0.00112776,95.8512,55.3508,0.6,0,0.839134,0,106.427,-6.47551
0.0307681,89.3585,35.3771,0.360555,0,1.43988,0,106.618,-6.41712
0,2733.65,70.9654,4.29535,0,28.6979,0,106.996,-6.79531
0.0459256,101.61,49.4851,0.316228,0,1.52233,0,107.124,-6.51144
0.0085735,433.301,47.3978,0.316228,0,15.0304,0,107.052,-6.54108
0.372982,29.7712,13.7972,0.1,40.2572,2.01703,0,106.851,-6.29764
0.0422912,111.792,33.9224,0.4,0,1.19337,0,106.711,-6.45934
0.0380924,115.035,42.8254,0.447214,0,8.88639,0,106.676,-6.5321
0.000843849,797.042,61.557,1.2083,0,17.4301,0,106.665,-6.70817
0.0235621,405.943,51.839,0.2,0,4.3424,0,107.032,-6.59768
0.00595426,91.3793,38.2432,0.707107,0,2.52865,0,106.993,-6.4791
0.036688,3.20597,51.6299,0.565685,0,0.0445908,0,106.373,-6.06857
0.000599054,543.516,57.4743,1.36015,0,7.26166,0,106.603,-6.64439
0.050311,8.73975,33.4757,0.141421,0,0.931498,0,106.533,-6.1063
0,1715.75,65.2344,4.68722,0,23.5482,0,106.931,-6.75668
0.0420174,27.3351,48.8434,0.4,0.0102779,0.167354,0,107.21,-6.39735
0.0144016,136.301,41.432,0.632456,0,4.606,0,106.679,-6.51952
0.00757476,786.096,69.0941,0.6,1.98277,6.64415,0,107.116,-6.73063
0.297918,111.126,27.8139,0.1,16.6106,2.67128,0,106.857,-6.4252
0.0464666,50.1264,43.9047,0.3,0,5.2624,0,107.169,-6.37939
0.0745631,816.958,57.8636,0.223607,2.24394,9.50347,0,106.919,-6.6911
0.147173,17.042,41.5877,0.1,16.825,0.628714,0,107.187,-6.28866
0.0240596,57.8667,33.4949,0.424264,0,1.6042,0,106.604,-6.38028
0.0436369,4.59819,27.5456,0.4,0,0.030114,0,107.077,-6.17816
0.29545,192.611,42.7154,0.1,21.4403,3.92909,0,106.799,-6.56085
0.100401,12.7569,42.3821,0.223607,0,0.0888854,0,107.198,-6.27428
0.132328,51.2242,38.8735,0.223607,0,2.79173,0,107.119,-6.3722
0.0126249,789.971,64.4939,0.360555,4.46521,10.8665,0,106.744,-6.75309
0.00300662,804.122,68.0143,0.141421,11.4308,4.89031,0,106.426,-6.64169
0.0765394,7.49811,42.1965,0.1,10.9765,1.07877,0,107.2,-6.09013
0.0217609,3.44988,38.2421,0.761577,0,0.063299,0,107.162,-6.08654
0.0188751,721.704,55.0519,0.6,0,7.57683,0,106.736,-6.66505
0.280309,10.5423,27.8525,0.1,23.1182,1.16845,0,106.577,-6.14403
0.0142669,121.613,57.0842,0.3,0,4.19047,0,107.123,-6.59947
0.00383123,459.982,47.8438,0.707107,0,2.88478,0,107.045,-6.55007
0.0172631,618.668,60.8201,0.412311,0,7.52017,0,106.538,-6.64349
0.118444,153.684,37.0593,0.1,0,4.33609,0,106.819,-6.51054
0.000690536,180.212,55.9106,1.33417,0,28.3121,0,107.167,-6.55096
0.000557413,1280.51,75.5207,6.8352,0,24.7609,0,106.409,-6.71625
0.0124562,89.8351,46.433,0.412311,0,4.68517,0,106.497,-6.43418
0.179162,38.218,30.0905,0.1,19.2951,1.07038,0,107.06,-6.3174
0.0425227,2.82354,42.4335,0.141421,0.724357,0.556719,0,106.454,-6.08833
0.109495,93.715,31.6263,0.2,0.467886,0.814885,0,106.716,-6.43867
0.0201549,0.687809,24.2315,0.1,0,0.285144,0,107.011,-6.05509
0.355738,13.7978,13.5333,0,39.7391,0.5424,0,106.71,-6.2105
0.00438644,1131.01,69.947,0.1,0.0477435,3.51608,0,106.532,-6.73512
0.031164,706.498,55.3671,0.3,0,8.28521,0,106.721,-6.66505
0.0101186,485.889,46.6306,0.316228,0,15.7893,0,106.973,-6.57163
0.0166893,1039.13,68.6937,0.583095,0,3.34097,0,107.064,-6.75039
0.000278864,3.07957,28.5963,1.78885,0,0.0452173,0,107.083,-6.13415
0.152407,40.6845,27.4581,0.1,29.9549,2.85261,0,107.032,-6.3165
0.000111987,285.448,49.4883,1.2083,0,6.47303,0,107.082,-6.54378
0.00953186,43.4423,54.3034,1.40357,0,0.912086,0,106.368,-6.34974
0.000135331,391.686,65.6437,1.2083,0,6.07087,0,106.426,-6.61295
0.0411249,2.7911,46.9066,0.538516,0,0.105659,0,106.417,-6.06857
0.0168,343.799,75.5708,0.7,0,7.17907,0,107.226,-6.73153
0.00169085,842.215,70.3186,0.7,0,18.8017,0,106.687,-6.7962
0.037295,30.1405,49.0402,0.3,0.933503,3.4803,0,106.401,-6.29584
0,1543.27,70.66,5.04777,0,33.6718,0,106.458,-6.69739
0.193119,17.5149,45.2437,0.1,26.1333,0.749101,0,107.226,-6.26979
0.00572681,245.014,40.647,0.8544,0,11.9487,0,106.921,-6.5312
0.142614,1.74486,17.1508,0.1,0.720411,0.325548,0,106.966,-6.1054
0.0515732,48.1218,28.5409,0.509902,0,1.22155,0,106.629,-6.33986
0.000327445,236.159,49.4956,1.31529,0,15.0682,0,107.085,-6.54198
0,1151.46,60.1998,1.42127,0,10.7424,0,106.698,-6.70458
0.156177,155.112,39.0055,0.1,53.0669,1.8998,0,106.763,-6.52222
0.0364215,90.2516,38.7702,0.282843,11.2675,1.97787,0,106.592,-6.43508
0.00855394,551.669,55.2957,0.608276,0,13.4987,0,106.6,-6.62103
0.00763439,95.8653,59.4844,0.848528,0,5.06273,0,106.36,-6.44227
0.0292874,263.094,79.0526,0.1,28.3403,8.13276,0,107.241,-6.75937
0.174903,1142.42,64.2204,0.141421,0,5.4571,0,107.024,-6.72254
5.89905e-05,1114.4,75.904,5.23259,0,8.18494,0,106.392,-6.70637
0.0590016,5.35205,44.44,0.141421,1.10184,2.57965,0,106.431,-6.10809
0.00321104,88.0854,43.045,0.424264,0,1.34523,0,106.528,-6.4243
0.00143249,124.267,63.7578,1,0,1.08821,0,106.355,-6.50605
0.0292543,33.891,50.0492,0.223607,0,1.92043,0,107.213,-6.41262
0.00865836,38.1865,42.825,0.707107,0,0.416594,0,107.112,-6.43867
0.0293842,50.806,50.59,0.316228,0,4.63563,0,107.243,-6.36771
0.0206013,445.522,67.4449,0.538516,0,12.1275,0,106.804,-6.78542
0.0947606,40.7375,33.284,0.3,0,1.23652,0,106.545,-6.27967
0.0233174,1.75477,22.1417,0.6,0,0.0871257,0,107.013,-6.09911
0.058729,345.237,75.7079,0.1,0.228781,6.41878,0,107.196,-6.75309
0.00170852,632.842,64.0343,1.17047,0,6.07642,0,107.092,-6.6911
0.0606562,88.2998,57.2324,0.223607,0.214471,2.81676,0,107.223,-6.50964
0.165917,36.7407,31.7406,0.141421,49.088,0.525033,0,106.558,-6.27338
0.0316338,4.87969,40.1055,0.5,0,0.0156284,0,107.189,-6.14313
5.67823e-06,963.743,69.1306,1.38924,0,6.97779,0,106.548,-6.73512
0.0528546,367.909,70.3037,0.282843,0,10.1899,0,107.184,-6.70278
0.00126372,80.2391,58.7054,1.90263,0,7.0888,0,106.374,-6.45125
0.00197508,537.574,41.1411,2.56125,0,21.7903,0,106.967,-6.52042
0.054088,6.35348,38.1553,0.1,16.7051,1.02853,0,107.172,-6.15121
0.0122987,179.002,51.4416,0.707107,0,9.06529,0,106.508,-6.51413
0,1662.65,56.8035,1.93132,0,15.0271,0,106.992,-6.66236
0.0661599,75.1616,27.5707,0.316228,0,5.49759,0,106.917,-6.40813
0.0522224,14.4525,44.8158,0.1,1.07123,1.24761,0,106.422,-6.17996
0.0203691,1.40239,42.7275,0.412311,0,0.175463,0,106.458,-6.06138
0.00290063,1039.75,55.6725,2.05183,0,24.5107,0,107.019,-6.64169
0.00577287,4.08361,30.1273,0.894427,0,0.0565789,0,107.1,-6.17098
0.06013,530.912,60.9783,0.223607,3.5187,7.12974,0,106.845,-6.72703
0.0861322,23.3484,41.6228,0.2,0,1.62608,0,107.176,-6.3192
0.0239577,6.81752,40.9584,0.282843,0,0.0261236,0,107.198,-6.18535
2.49211e-05,907.596,63.347,1.9105,0,42.9425,0,107.228,-6.586
0.0538073,57.5045,32.6266,0.2,6.00916,0.547501,0,107.039,-6.38118
0.00568297,138.525,39.2459,1.52643,0,3.55876,0,106.992,-6.48988
0,1303.88,63.7928,3.92938,0,15.4472,0,106.911,-6.7468
0.0387697,5.90034,47.9228,0.1,0.22955,0.153794,0,106.398,-6.11708
0.0157845,615.565,61.0218,0.632456,0,5.13363,0,106.632,-6.692
0.00011388,166.605,60.2942,1.11803,0,3.92321,0,106.401,-6.51503
0.0112476,558.477,49.1136,0.141421,10.6468,9.81484,0,106.571,-6.53839
0.0546259,520.972,54.7708,0.5,0,9.87691,0,106.789,-6.66954
0.0592631,991.379,61.6979,0.223607,0,6.54391,0,107.042,-6.6911
0,1183.92,66.9339,1.76918,0,5.76252,0,106.68,-6.76297
2.30284e-05,682.479,64.2962,1.04403,0,32.158,0,106.856,-6.75668
0.137077,21.0091,42.5879,0.141421,24.975,1.2416,0,106.443,-6.19523
5.67823e-06,983.678,69.3081,1.28062,0,3.49399,0,106.546,-6.73602
0.0182934,447.533,49.8954,0.447214,0,5.8511,0,106.863,-6.62552
0.0172943,641.578,62.7441,0.360555,11.172,3.02749,0,106.492,-6.63361
0.0159224,1175.09,59.4283,0.1,2.47847,11.1615,0,107.025,-6.67583
0.0368568,537.398,50.7923,0,0,7.10731,0,106.874,-6.63271
0.0182085,439.517,53.6222,0.72111,0,1.96783,0,107.081,-6.58959
0.0833596,117.486,58.3071,0.2,0,1.63957,0,107.227,-6.52042
0.0322763,150.377,55.7885,0.223607,0.84506,12.9485,0,107.175,-6.54198
0.00508738,226.895,58.5184,0.9,0,7.23668,0,106.445,-6.54108
0.00674921,395.043,54.7615,0.72111,0,9.73055,0,106.607,-6.61924
6.52997e-05,727.084,77.0624,1.83848,0,9.06491,0,106.352,-6.68571
0.0271315,114.033,50.664,0.141421,0.787768,7.26448,0,107.125,-6.52401
0.0152902,71.7197,42.8465,0.632456,0,2.65768,0,106.481,-6.34974
0.015277,441.014,56.8726,0.781025,0,1.67046,0,106.531,-6.59588
0.023795,34.8636,45.526,0.4,0,0.281607,0,107.141,-6.44317
0.0129574,738.423,68.526,0.583095,0,12.6081,0,106.418,-6.6408
0.0588435,33.1648,23.1412,0.223607,0.63801,3.0815,0,106.657,-6.29584
0.117374,78.7938,27.0216,0.1,49.9206,2.14712,0,106.699,-6.38298
0.122381,166.031,42.7376,0.223607,0.133682,2.57719,0,106.732,-6.55007
0,1574.1,58.9208,3.21403,0,4.29143,0,106.719,-6.69739
1.35647e-05,600.253,73.3946,1.39284,0,21.8067,0,106.383,-6.66864
0,1534.42,75.4197,4.63897,0,27.4309,0,106.445,-6.74051
0.0343729,103.979,56.5778,0.1,0,3.77057,0,107.154,-6.56983
0.061005,37.8508,32.0348,0.3,0,0.277328,0,107.073,-6.32908
0,2068.86,65.996,3.51283,0,28.3307,0,106.973,-6.75488
0.0306369,3.85143,38.7474,0.424264,0,0.0517021,0,107.167,-6.08564
0.00442334,84.7272,48.3872,0.921954,0,1.59282,0,107.108,-6.51144
0.00787508,154.611,42.3274,0.943398,0,9.27104,0,106.669,-6.52401
0.00166656,549.895,58.7718,0.6,0,24.0239,0,106.469,-6.56803
0.078364,7.9055,31.4091,0.316228,0,0.17707,0,107.111,-6.19703
1.89274e-06,1472.68,68.1824,5.05964,0,23.4411,0,106.915,-6.78632
0.0417511,24.8207,42.9534,0.2,0,1.54076,0,106.451,-6.27069
0.00506498,207.811,42.2185,0.921954,0,7.02067,0,106.664,-6.52042
0.0754814,211.039,47.1614,0.2,0,3.10047,0,106.711,-6.586
0,302.54,39.1321,3.04631,0,7.61079,0,106.949,-6.50785
0,548.043,62.9625,1.40357,0,22.8083,0,107.245,-6.56354
0.0631161,134.266,35.0103,0.3,10.2123,2.07199,0,106.741,-6.48
0.162399,25.5105,14.1223,0.2,11.2353,1.93579,0,106.904,-6.27788
0.0469126,3.73768,33.2034,0.424264,0,0.183543,0,106.547,-6.06767
0.0304883,14.4201,38.0421,0.632456,0,0.219245,0,106.484,-6.15301
0.00788202,222.177,40.5247,0.583095,0,5.34308,0,107.018,-6.48898
0.0779073,316.801,50.7537,0.282843,0,2.17697,0,106.677,-6.60935
0.031789,15.1655,43.4031,0.583095,0,0.0858369,0,107.201,-6.29764
0.0428098,568.15,51.402,0.223607,0.429692,5.21354,0,106.866,-6.639
0.0389909,496.627,52.4304,0.223607,0.763896,3.66653,0,106.727,-6.639
0.000316088,1058.63,66.5878,2.02237,0,16.8488,0,106.465,-6.65697
0.0356,2.9377,49.5845,0.509902,0,0.109065,0,106.394,-6.05869
0.0042448,370.676,52.315,1.39284,0,2.11852,0,107.092,-6.56803
0.0955101,7.67678,21.5304,0.447214,0,0.262802,0,106.639,-6.12786
0.0577543,227.308,50.753,0.1,22.2771,6.9104,0,106.579,-6.56174
0.070606,38.4414,26.5641,0.4,0.0331765,1.76435,0,106.636,-6.3201
0.0102987,446.296,52.4145,1.00499,0,3.7899,0,106.621,-6.60217
0.172036,26.5471,24.8186,0.1,15.8507,0.960809,0,106.612,-6.23655
0.00468423,49.145,46.9828,0.9,0,4.29093,0,107.154,-6.44766
0.077111,10.8708,46.7275,0.282843,0,1.48917,0,106.405,-6.1602
0.0134442,744.324,70.0037,0.412311,0,34.8701,0,106.382,-6.62552
0.00136088,2.19418,28.6378,1.86011,0,0.295589,0,107.045,-6.03443
0.0780079,464.825,58.885,0.1,0,2.94642,0,106.842,-6.70817
0,1624.77,63.1996,1.38924,0,17.7974,0,106.992,-6.72344
0.0264517,276.564,73.0076,0.4,0,3.53201,0,107.234,-6.69649
0.0761719,350.085,52.5583,0.1,2.12936,6.15091,0,106.652,-6.61744
0.119116,193.374,46.2237,0.2,0,1.2354,0,106.683,-6.56803
0.0241603,6.53333,32.0861,0.1,11.7168,0.473474,0,107.107,-6.09731
0.00356025,573.42,68.1283,0.360555,0,16.8275,0,106.37,-6.58869
0.000301893,399.459,42.0399,3.13847,0,14.5042,0,106.992,-6.51862
0,2302.19,65.6892,4.531,0,25.0074,0,106.939,-6.75937
0.000130284,107.991,52.8222,1.62788,0,6.12114,0,107.125,-6.55007
0.107461,99.7697,32.2799,0.1,0,2.01596,0,106.692,-6.43418
0.00575079,123,53.5366,0.984886,0,4.73875,0,106.426,-6.44586
0.00262839,91.9837,39.4558,1.0198,1.71877,0.88738,0,107.001,-6.48718
0.00646751,57.8194,57.424,0.223607,0,3.06678,0,106.37,-6.42161
0.170798,179.657,44.3277,0.1,0.424917,7.91551,0,106.694,-6.55366
0.0201369,439.074,60.5042,0.360555,1.08855,10.5167,0,106.512,-6.62283
0.116176,83.2498,26.5542,0.3,0.930998,1.1545,0,106.719,-6.38927
0.00169054,793.355,61.4553,1.2,0,26.9781,0,106.662,-6.70637
0.000119874,65.054,46.0223,1.8,0,2.01093,0,106.462,-6.374
0.045742,1.27912,29.9844,0.538516,0,0.138621,0,106.595,-6.03443
0.0361562,50.4199,30.1266,0.360555,0.095487,4.64545,0,106.651,-6.38298
0.00463754,3.84495,44.8556,1.00499,0,0.0501337,0,107.224,-6.08833
0.0803694,6.14814,46.2045,0.282843,0,0.0158996,0,107.246,-6.17188
0.0418912,81.3756,55.3978,0.223607,0.133682,1.80118,0,107.146,-6.56264
0.0904609,38.035,46.8058,0.1,11.9315,0.698067,0,106.416,-6.27428
0.000477918,276.732,40.1562,1.02956,0,15.9632,0,106.627,-6.4782
0.000745741,137.838,53.1061,1.1,0,4.20272,0,107.222,-6.44945
0.00525647,940.279,72.0589,0.707107,0,22.2054,0,106.572,-6.77554
0.00274448,163.225,61.8175,0.5,0,4.60709,0,106.372,-6.49976
0,1306.03,67.5243,1.8868,0,13.4894,0,106.474,-6.67403
0,1276.36,79.1027,4.98197,0,6.67977,0,106.396,-6.7468
0.00165079,696.533,65.4631,1.30384,0,24.8987,0,106.851,-6.76746
4.10095e-06,546.014,67.1077,1.83576,0,4.86105,0,106.839,-6.78273
0,944.786,63.2563,2.22036,0,33.0425,0,107.215,-6.59678
0.246928,35.3038,30.3578,0.1,77.2665,0.901127,0,106.565,-6.25542
0.000188013,1786.65,69.9348,2.3,0,13.2442,0,107.012,-6.78093
0.146647,3.7072,22.5396,0.1,3.07087,1.01213,0,106.636,-6.1054
0.0183968,329.314,47.4736,0.2,0,14.7582,0,107.067,-6.5321
0,852.134,76.6894,4.81041,0,25.4658,0,106.383,-6.70817
0,1059.16,67.659,2.78029,0,14.012,0,106.685,-6.77105
0.173118,22.5,21.9844,0.282843,0,1.39376,0,106.645,-6.25362
0.0738303,185.395,48.9531,0.141421,0,2.69964,0,106.613,-6.56264
0.337636,10.0936,27.1566,0.1,14.5124,0.996385,0,107.068,-6.22667
0,325.897,37.5003,2.19317,0,10.405,0,106.959,-6.48808
0.0100404,190.487,46.8915,1.02956,0,7.75944,0,107.096,-6.50425
0.00101041,73.2518,50.3317,0.8544,0,6.94573,0,106.443,-6.41891
0.0258729,60.7591,30.659,0.141421,0.859383,7.35474,0,106.651,-6.38927
0.0129656,22.4524,52.7109,0.943398,7.18279,1.83916,0,106.367,-6.30033
0.000109148,1073.71,79.4231,2.1587,0,9.71338,0,106.463,-6.79531
0.00953943,514.208,64.8197,0.8544,0,8.48476,0,106.418,-6.59588
0.0660391,3.50878,37.5604,0.2,0,0.0558152,0,107.146,-6.05599
0,955.323,69.1385,1.34164,0,24.4922,0,106.663,-6.77914
0.0349416,737.673,63.2554,0.412311,0,5.61072,0,106.77,-6.745
0,1496.44,64.632,2.31948,0,20.4295,0,106.694,-6.745
0.00788486,176.371,55.3878,0.412311,0,6.61644,0,106.46,-6.51593
0.00831167,68.0583,52.0771,0.632456,0,1.21741,0,106.404,-6.38208
0.0257814,52.3778,52.0483,0.2,0,2.33181,0,106.392,-6.35333
0.00565615,808.256,69.9711,0.6,0,5.77171,0,106.603,-6.76746
0.0137975,649.08,66.697,0.6,0,14.9951,0,107.118,-6.70458
0.0692833,274.042,46.2695,0.316228,0.358076,4.35148,0,106.895,-6.58869
0.0268625,35.4693,48.2169,0.223607,0,1.57854,0,106.436,-6.36681
0.00989905,58.974,47.1612,0.806226,0,5.42347,0,106.442,-6.35783
0.0199934,390.576,47.667,0.806226,0,9.17484,0,106.884,-6.60307
0.262413,13.5368,21.4987,0,6.78151,0.969847,0,107.019,-6.20781
0.0300063,14.6023,32.9793,0.509902,0,0.638856,0,107.119,-6.23925
0.000288959,2.0488,30.4343,1.38924,0,0.115345,0,107.061,-6.02814
0.0183259,8.41779,31.1778,0.632456,0,0.172706,0,107.107,-6.2114
0.0429855,126.049,63.3888,0.282843,0,6.7693,0,106.373,-6.52491
0.107494,470.903,62.27,0.2,27.4477,3.62735,0,106.809,-6.73871
0.0984271,9.00112,38.6902,0.1,0,0.807133,0,107.178,-6.18894
0,1401.2,70.2612,4.74236,0,6.10897,0,106.452,-6.68841
0.0205252,42.5389,37.0406,0.316228,0.754964,3.38316,0,106.507,-6.27428
0.102318,4.35346,31.4888,0.2,0.795773,0.739014,0,106.555,-6.09193
0.0235981,30.5982,45.6183,0.4,0,0.178247,0,107.162,-6.41712
0.139972,5.72889,27.8372,0.141421,0,0.641809,0,106.589,-6.09372
0.0322662,48.1281,47.8014,0.1,1.44919,5.42335,0,107.197,-6.40005
0.0132666,47.8657,42.653,0.509902,0,0.773527,0,107.162,-6.36771
2.2082e-06,2.51304,34.7013,1.36015,0,0.0840271,0,106.539,-6.0515
0.035423,1.56626,53.1861,0.141421,0,0.517637,0,106.367,-6.03443
0.00308139,932.092,62.941,0.848528,0,16.6174,0,106.586,-6.6911
0.00320978,2.91985,28.895,1.14018,0,0.738581,0,107.079,-6.10181
0.0413691,7.31846,43.4229,0.632456,0,0.119009,0,107.22,-6.20152
0,1752.72,73.6313,4.84149,0,19.4924,0,106.462,-6.73242
0.0480416,3.67657,39.6401,0.412311,0,0.0134213,0,107.168,-6.06048
1.23028e-05,997.091,66.6882,2.08806,0,14.3159,0,106.462,-6.65607
0.0105457,1.78326,33.9339,0.860233,0,0.260925,0,106.551,-6.04252
0.124076,8.80606,25.7762,0.1,0,1.00894,0,106.6,-6.12426
0.0178205,1.93838,43.5676,0.316228,0,0.0624008,0,107.2,-6.04521
0.010447,266.221,43.8409,0.538516,0.763896,10.4247,0,106.89,-6.56713
0.108549,19.7831,44.3891,0.316228,0,1.2642,0,106.428,-6.21949
0.0051776,456.455,66.9808,0.2,0,6.2374,0,107.202,-6.65247
0.0434256,413.689,55.7441,0.223607,3.76219,2.3631,0,106.639,-6.64349
0.0468041,556.661,62.8647,0.316228,0,16.3295,0,106.846,-6.7441
0.00539022,61.8299,46.3126,0.781025,0,2.42343,0,106.45,-6.35693
0.0240328,75.4776,44.3002,0.412311,0,1.05066,0,106.525,-6.43867
0.00145584,273.073,61.3945,0.608276,0,17.7984,0,106.426,-6.55905
0.0617003,239.134,52.0956,0.4,0,2.41716,0,106.569,-6.56983
0.00527319,155.782,42.4476,0.565685,0,10.7656,0,106.56,-6.45125
0.0203744,95.7184,38.4181,0.5,2.60202,2.41675,0,106.645,-6.47101
0.0416426,678.873,55.4403,0.2,0,20.084,0,106.891,-6.67314
0.00817319,537.633,59.638,0.67082,0.190974,12.825,0,106.619,-6.67314
0.00507476,100.203,43.5732,0.781025,0,8.6173,0,106.533,-6.43688
0.0244719,592.513,67.5333,0.3,5.29057,13.7011,0,107.14,-6.70098
0.00176309,782.788,67.9042,0.781025,0,22.6808,0,106.388,-6.60486
0.0323713,3.20749,43.1998,0.424264,0,0.0708874,0,106.442,-6.11169
0.0271836,28.1466,37.902,0.538516,0,0.23437,0,106.515,-6.3174
0.0436593,671.379,60.2266,0.412311,0,2.39739,0,106.879,-6.71805
0.312375,40.8752,37.3691,0.1,20.0762,0.628031,0,107.135,-6.31561
0.070259,310.226,50.458,0.316228,0,1.42325,0,106.703,-6.61474
0.000321451,1430.29,72.4431,5.91354,0,23.5425,0,106.428,-6.69559
0.0205369,78.8115,32.0034,0.447214,0,3.43738,0,106.659,-6.41083
0.0101019,44.4575,46.5765,0.565685,0,1.65688,0,107.203,-6.36771
0.00605521,377.574,74.0698,0.316228,0,10.0636,0,107.165,-6.75488
0.170538,56.9327,38.4962,0.1,6.56074,5.67458,0,107.128,-6.35154
0,1555.23,73.3303,6.04401,0,20.1175,0,106.454,-6.72434
0.0148091,3.89077,35.4008,0.360555,0,0.0329199,0,107.143,-6.12067
0.0686927,8.29913,44.7324,0.1,0,0.460797,0,106.426,-6.12696
9.87382e-05,239.441,46.0192,1.13137,0,17.1672,0,106.533,-6.46922
0.0194808,1.65278,39.1899,0.141421,0,0.0242825,0,106.488,-6.07396
0.0417527,108.067,44.2321,0.3,7.48618,9.9992,0,107.09,-6.4773
0.0120631,147.475,38.7377,0.223607,0,22.8603,0,106.626,-6.46203
0.0117196,3.72046,31.7124,0.7,0,0.0413882,0,107.115,-6.17367
0.144626,26.8826,34.9714,0.141421,1.75067,0.552032,0,107.116,-6.30662
0.0131672,59.2168,52.0892,0.3,0,0.737658,0,106.441,-6.44496
0.101421,9.8545,24.6033,0.412311,0,0.245401,0,106.609,-6.13325
0,117.694,57.0014,1.70294,0,2.04779,0,106.411,-6.48
0.0160259,1137.89,77.686,0.316228,0,8.24785,0,106.484,-6.78902
0.007247,1.29032,22.5898,0.921954,0,0.358279,0,106.686,-6.02725
0.00559874,481.162,59.7799,0.282843,0,8.57678,0,106.466,-6.57791
0.0265716,62.6174,33.1263,0.1,4.09639,3.79514,0,106.596,-6.36591
0.0381804,47.75,50.9601,0.2,0,2.82046,0,106.4,-6.34705
0.0007,455.157,51.3428,1.2,0,7.65245,0,107.052,-6.58241
0.0505808,41.8277,41.6424,0.282843,0,1.52391,0,107.106,-6.42969
0.00335615,15.5772,44.2817,0.905538,0,0.102218,0,107.207,-6.30393
0.0111621,610.071,48.5795,0.5,0,16.2745,0,106.55,-6.51593
0.0322413,454.745,52.17,0.1,4.88416,7.09818,0,106.734,-6.6381
0.00150347,484.271,67.2976,1.07703,0,9.33261,0,106.822,-6.78453
0.0558707,8.58331,42.7506,0.1,10.3225,0.649521,0,107.208,-6.1045
0.152303,160.169,38.8966,0.2,6.74616,1.22386,0,106.848,-6.52671
0.00112461,97.9033,57.6158,1.253,0,6.6478,0,106.399,-6.47191
0.033271,3.90403,51.8176,0.565685,0,0.0966859,0,106.368,-6.08115
0.0728751,39.1938,43.5045,0.223607,0,1.89495,0,106.452,-6.29225
0.0877079,19.854,44.8653,0.316228,1.88741,0.723835,0,106.43,-6.25811
0,1343.17,58.1445,2.77849,0,24.6823,0,106.719,-6.6902
0.0316271,14.0223,48.5404,0.3,0,0.0159288,0,107.249,-6.30123
0.010459,366.798,47.0493,0.728011,0,13.4765,0,107.054,-6.53569
0.0412656,8.46049,29.7021,0.141421,0.335745,1.04836,0,107.094,-6.2114
7.57098e-06,4.47306,41.0637,1.39284,0,0.310896,0,107.195,-6.11618
0.000506309,274.052,45.0218,1.08167,0,14.1736,0,106.554,-6.4773
0,1238.66,64.0801,1.61245,0,50.5283,0,106.648,-6.72703
0.070341,41.6977,29.1183,0.1,3.40244,1.10512,0,106.597,-6.30303
0.0120697,533.522,59.4858,0.447214,0,9.00691,0,106.48,-6.5869
0.000322713,7.74485,48.0905,2.11896,0,1.61495,0,107.218,-5.98233
0.0149315,138.862,40.7683,0.640312,0,3.14694,0,106.674,-6.51054
0.0129836,12.0772,46.661,0.761577,0,0.0125747,0,107.237,-6.27967
0.0662672,7.52754,35.5238,0.141421,7.64146,0.141324,0,106.517,-6.09103
0.148978,25.508,34.5774,0.223607,0,0.998457,0,107.113,-6.30393
4.57413e-05,1.2356,47.24,1.28062,0,0.129474,0,106.42,-6.04521
0.00264858,114.751,52.2712,1.21655,0,3.03611,0,106.433,-6.43598
0.307045,33.8753,18.344,0.141421,17.0128,0.950974,0,106.922,-6.31201
0.00120221,475.725,49.7508,1.52643,0,9.21959,0,107.031,-6.57702
0,133.989,57.1364,1.55242,0,4.00706,0,106.413,-6.48449
0.000962145,1326.07,56.4649,1.43178,0,21.3947,0,107.013,-6.65158
0.0176467,1.52945,29.0928,0.424264,0,0.147023,0,107.062,-6.0542
0.00488959,488.689,67.9689,0.984886,0,4.77246,0,107.212,-6.65607
0.00798959,109.655,57.6093,0.806226,0,7.01571,0,107.205,-6.53479
0.0154697,56.6277,48.2922,0.4,4.33594,4.63514,0,106.424,-6.34256
0.000302208,117.382,54.2594,1.36015,0,4.86094,0,106.449,-6.48808
0.0233136,25.0339,44.7059,0.4,0,0.775229,0,106.438,-6.28506
0.16539,934.054,64.1169,0.2,0,2.62714,0,107.054,-6.70997
0.0313095,0.697803,21.5976,0.5,0,0.0340825,0,106.672,-6.05689
0.0212388,19.5231,51.7386,0.316228,0,2.97244,0,106.367,-6.26081
0.0273129,396.356,41.6239,0.412311,0,8.63002,0,106.886,-6.54737
8.51735e-06,886.912,77.9294,1.65529,0,8.94519,0,106.445,-6.76836
0.00524038,406.409,49.3125,0.921954,0,7.87943,0,106.874,-6.61924
0.0601612,35.0577,25.4487,0.141421,5.38991,0.946443,0,106.628,-6.28955
0,1534.75,54.6707,2.90689,0,10.49,0,106.983,-6.64529
0.10492,15.748,47.5458,0.282843,0,0.580725,0,106.399,-6.2096
0.0082183,280.749,43.2671,0.806226,0,12.6741,0,106.96,-6.54378
0.0277719,490.564,54.5765,0.5,0,9.97772,0,106.568,-6.59588
0.000332177,1.42865,31.2768,2.01246,0,0.0429735,0,107.063,-6.01826
0.178702,1130.99,66.1183,0.2,2.19249,5.99042,0,107.035,-6.73692
0.0801205,8.61922,39.8139,0.223607,0,0.426743,0,107.187,-6.19523
0.0212839,22.0223,53.5275,0.5,0,2.06848,0,106.356,-6.28416
0.00651388,574.524,49.701,0.707107,0,28.8305,0,106.566,-6.54108
0.0205868,148.697,59.9756,0.360555,2.73863,1.59897,0,107.242,-6.52581
0.0136751,1.21157,30.0766,0.447214,0,0.04739,0,107.068,-6.04701
0.0668054,15.0766,44.7458,0.1,17.3693,1.29441,0,106.424,-6.14403
0.0452596,6.13997,42.238,0.2,0,0.386954,0,107.21,-6.16918
0.0674593,22.1352,19.4145,0.1,10.6167,0.478726,0,106.657,-6.21859
0.0339401,68.0044,42.5173,0.707107,0,1.37347,0,107.096,-6.45125
0.0108457,297.728,51.0414,0.707107,0,2.33457,0,106.53,-6.52851
0.0738114,38.3205,33.7916,0.141421,0,3.25318,0,107.086,-6.33896
0,82.5531,45.2732,2.08087,0,2.91914,0,106.48,-6.39286
0.0195322,588.99,66.4042,0.360555,0,13.7127,0,106.823,-6.77644
0.150001,1.1383,15.4664,0.360555,0,0.381426,0,106.954,-6.11438
0.171256,27.5597,24.1704,0.223607,0.0969775,0.0494196,0,106.624,-6.25542
0.0340511,4.53239,50.3801,0.141421,0,0.169033,0,106.382,-6.08025
0.269328,49.3859,15.5693,0.1,8.08419,3.21575,0,106.817,-6.31561
0.0426098,59.8122,36.2066,0.412311,0,2.6849,0,107.063,-6.40274
0.0326946,5.53781,44.0433,0.509902,0,0.0704223,0,107.226,-6.16199
0.112492,251.626,46.5684,0.141421,7.47663,2.2727,0,106.83,-6.59678
0.0638151,301.682,50.622,0.1,12.695,2.52772,0,106.668,-6.60486
0.0179653,353.602,66.0232,0.6,0,29.8071,0,106.415,-6.60756
0,1426.94,69.5356,4.08044,0,13.9609,0,106.484,-6.70278
0.026442,55.7892,50.3459,0.223607,0,3.0796,0,107.234,-6.38118
0.0351095,55.5562,49.9033,0.447214,0,3.81503,0,107.233,-6.374
0.0705218,307.442,50.4727,0.1,7.28089,2.09122,0,106.677,-6.60666
0.0193558,239.9,47.4994,0.412311,9.13333,2.59523,0,106.86,-6.60396
0.0346341,1.17921,27.9116,0.223607,0,0.0472386,0,106.606,-6.0533
0.106471,59.8444,33.8546,0.1,25.5189,2.40684,0,106.578,-6.35333
0.000158675,1260.3,70.2189,4.64866,0,12.9303,0,106.443,-6.68122
0.404805,4.22577,5.38254,0.1,72.9092,0.586405,0,106.806,-6.13145
0.1776,84.5628,26.6425,0.2,0,1.89891,0,106.745,-6.40184
0.244844,6.237,21.0097,0.141421,0,0.276218,0,107.018,-6.18265
0.0121757,70.3572,48.3038,0.921954,0,3.89732,0,107.157,-6.46293
0.0413246,525.424,52.8066,0.4,3.31817,5.57137,0,106.723,-6.64169
0.074735,6.11873,47.3794,0.282843,0,0.177147,0,106.408,-6.08833
0.0159666,48.3972,42.7658,0.447214,0,1.18386,0,106.485,-6.35513
0.00738297,467.044,73.0786,0.360555,0,4.25256,0,107.164,-6.745
0.0180019,418.029,50.1749,0.2,0,9.11176,0,107.018,-6.5878
0.0771789,85.9424,34.4368,0.1,47.6671,2.20069,0,106.985,-6.44406
0.10204,21.7194,43.31,0.2,0,0.952669,0,106.436,-6.19972
0.00406719,738.37,64.1642,1.08167,0,15.8955,0,107.086,-6.69559
0.0457139,60.3872,32.367,0.360555,0,0.442408,0,107.027,-6.39017
0.0910871,11.0503,43.1238,0.1,15.7149,1.26679,0,107.216,-6.2123
0.000100946,446.575,40.0305,3.50571,0,6.98758,0,106.975,-6.50605
0.0451675,18.027,44.6141,0.360555,0,2.10227,0,106.424,-6.17547
0.0483473,627.511,75.2639,0.282843,0,16.39,0,107.108,-6.7962
0.0136391,2.6601,26.4719,0.412311,0,0.106469,0,106.614,-6.06587
0.00416972,113.867,39.5751,0.989949,0,4.64555,0,107.016,-6.48
0.0171227,224.268,54.2668,0.141421,11.2102,3.10223,0,106.515,-6.55456
0.00811609,79.5222,34.796,0.806226,0,2.4185,0,106.635,-6.4243
0.0621095,1281.84,65.3963,0.447214,0,19.5695,0,107.012,-6.73781
0.0136486,29.1132,47.1382,0.707107,0,1.7058,0,107.192,-6.39735
0.00386309,338.154,51.3971,1.0198,2.84074,3.96927,0,107.096,-6.55546
0.336295,29.5112,37.4567,0.1,8.3628,1.03089,0,107.142,-6.30303
0.138682,11.6398,38.0337,0.1,0.496766,0.923735,0,107.165,-6.24374
0.00233375,1070.92,52.224,0.806226,0,31.6895,0,106.992,-6.61834
0.00225994,4.02127,43.5565,1.253,0,0.06629,0,107.218,-6.11977
0.0572782,7.51176,30.5462,0.1,7.27334,0.650045,0,107.104,-6.18625
0.0091205,345.735,49.8468,0.360555,0,3.8405,0,107.022,-6.58241
0.00322208,597.95,62.0071,0.223607,0,3.55483,0,106.45,-6.59049
0.230858,91.8813,26.337,0.1,28.5823,2.26808,0,106.827,-6.41352
0.00445899,754.06,67.307,0.7,0,10.668,0,106.436,-6.64169
0.00767413,68.1068,53.9981,0.447214,0,3.89495,0,106.381,-6.3731
0.0180312,632.222,62.372,0.316228,0,11.824,0,106.497,-6.63271
2.55521e-05,298.757,66.3003,1.42127,0,24.9825,0,106.383,-6.57791
0.0322606,5.302,46.1566,0.223607,14.7655,0.718015,0,107.23,-6.06138
0.000475394,851.203,57.7909,2.19317,0,18.6883,0,107.072,-6.6381
0.00596246,80.7133,52.2617,1.00499,0,3.68532,0,107.161,-6.51054
0,1339.61,72.9962,2.64197,0,18.7828,0,106.51,-6.75488
0.00204858,4.25488,44.3567,1.21655,0,0.023295,0,107.225,-6.11887
0.0309514,25.0048,49.9604,0.360555,0,0.980305,0,106.398,-6.31561
0.0118798,39.7692,49.8,0.707107,0,3.05915,0,106.414,-6.35423
0.070258,2.96246,23.8058,0.6,0,0.0679203,0,107.041,-6.14493
0.0063795,52.0023,53.0224,0.5,0,4.26384,0,106.393,-6.37939
0.0327252,43.0452,44.2619,0.360555,0,0.805488,0,107.171,-6.38118
0.000739432,433.072,50.9481,0.943398,0,9.14236,0,107.032,-6.58869
0,1379.6,70.6361,3.10644,0,10.0639,0,106.423,-6.67044
0.0233309,3.52631,44.5018,0.806226,0,0.021743,0,107.222,-6.09103
0.0208315,183.891,50.375,0.412311,0,7.46687,0,106.511,-6.50335
4.88959e-05,465.985,62.4006,1.9799,0,5.89404,0,107.09,-6.67583
0.000278864,3.02108,28.922,1.43178,0,0.0615602,0,107.086,-6.13235
0.0343101,1.821,48.1487,0.360555,0,0.150113,0,107.242,-6.04072
0.0134653,332.498,45.7423,0.640312,0,5.0682,0,107,-6.55186
0.0474032,3.29811,30.3067,0.223607,0,0.0965466,0,107.1,-6.14493
0.0202953,258.292,45.3154,0.4,0,3.10959,0,107.01,-6.54288
0.0192584,6.75223,34.3962,0.632456,0,0.043679,0,107.139,-6.17996
0.11619,7.49403,27.5806,0.1,0,0.333974,0,106.595,-6.08564
9.46372e-06,4.89246,44.435,1.4,0,0.070104,0,107.229,-6.14582
0.0269681,42.5451,31.4089,0.5,0,0.989838,0,106.57,-6.29584
0.00971609,779.199,53.2644,0.6,0,27.4789,0,107.052,-6.60217
0.00747035,1085.36,78.1597,0.5,0,17.9857,0,106.495,-6.7998
0.00997918,377.163,63.6267,0.72111,0,6.88424,0,107.117,-6.67314
0.0306991,3.88316,33.6603,0.509902,0,0.096601,0,107.129,-6.13055
0,1359.63,58.6156,2.69072,0,28.2478,0,106.715,-6.6938
0.0135798,207.643,44.3874,0.8,0,7.79616,0,106.643,-6.5321
0.00139369,379.77,68.4884,1.47648,0,7.04285,0,107.222,-6.65337
0.0252779,26.325,43.3276,0.141421,0.0153033,0.584875,0,106.441,-6.24015
0.00268927,1.63674,43.0253,0.5,0,0.0660419,0,107.188,-6.02814
0.00466404,1.38751,38.3774,0.640312,0,0.0280327,0,107.142,-6.02635
0.0279192,723.517,60.5228,0.67082,0,24.8734,0,106.879,-6.72075
0.182303,70.5836,30.3363,0.2,66.5688,0.674906,0,106.98,-6.40364
0.00728549,303.311,50.8089,1.02956,0,4.52104,0,107.097,-6.54827
0.00125142,2.1128,45.1203,1.10454,0,0.0608981,0,107.221,-6.06408
0.0606145,3.2547,19.1949,0.2,0.0392485,0.196936,0,106.671,-6.10001
0.000432177,1221.02,56.2071,1.28062,0,18.1018,0,106.966,-6.66505
0.0381653,937.276,59.0789,0.67082,0,7.6147,0,106.926,-6.70098
0.0218997,5.16606,35.3146,0.360555,0,0.0384114,0,107.147,-6.16199
0.0460173,39.4608,33.4331,0.4,0,1.94264,0,106.652,-6.42161
0.110186,172.068,40.1474,0.360555,0,0.902002,0,106.841,-6.53839
0.0313562,40.0929,37.9069,0.360555,11.1357,2.07829,0,106.527,-6.34076
0.0201666,3.18757,25.058,0.2,7.83863,0.455616,0,107.037,-6.08654
0.247319,75.5102,30.3033,0.141421,29.9352,0.797285,0,106.966,-6.41173
0,1132.14,65.2106,4.22019,0,38.192,0,106.907,-6.76027
0.000319558,1447.06,64.3584,1.23693,0,20.7765,0,106.995,-6.73332
0.00835394,85.9314,42.589,0.72111,0,4.80684,0,106.533,-6.4243
0.0722691,42.4818,47.1418,0.1,1.93842,2.77184,0,106.413,-6.27608
0.000835647,843.568,57.2445,1.21655,0,16.7989,0,106.708,-6.67942
0.010141,1036.14,59.8329,0.905538,0,4.74212,0,106.934,-6.70637
0.0160584,5.32177,49.7634,0.360555,0,0.556207,0,106.383,-6.1063
0.0103464,41.7046,46.8617,0.6,0,0.18225,0,107.126,-6.4764
0.0790852,235.433,45.8605,0.1,3.8529,4.5416,0,106.865,-6.58869
0.00629558,292.102,49.9335,0.905538,0,5.00307,0,107.093,-6.54108
0.0202909,56.5453,39.3159,0.948683,0,5.26009,0,106.529,-6.36861
0.000893375,1.19525,46.0378,1.92354,0,0.0356416,0,107.207,-6.00299
0.0207309,163.262,62.1223,0.608276,0,5.73412,0,106.407,-6.54827
0.099665,16.5524,18.1034,0.1,8.61505,0.91046,0,106.667,-6.20871
0.0762634,78.6734,34.3988,0.1,0,1.28218,0,106.98,-6.44676
0.0023918,1228.03,65.8093,0.7,0,3.09719,0,106.675,-6.75129
0,914.24,72.7494,1.39284,0,8.67995,0,107.089,-6.78003
0.0525091,508.148,55.7991,0.2,6.38331,2.92878,0,106.667,-6.65427
0.0128278,123.259,48.9961,0.360555,0,2.4925,0,107.104,-6.52222
0.0380401,58.0259,40.8364,0.2,0.729458,2.23354,0,106.504,-6.35333
0.0131539,1.37868,24.305,0.5,0,0.062708,0,107.034,-6.09821
0.0260117,1.81854,28.6939,0.4,0,0.087475,0,107.066,-6.07216
0.0743246,56.5344,40.4688,0.141421,1.40465,0.434016,0,107.132,-6.37939
0,825.969,79.7414,2.33452,0,19.0098,0,106.372,-6.73512
0.00169338,570.369,63.07,1.83576,0,5.27281,0,106.431,-6.586
0,1058.48,79.4603,1.2,0,19.3075,0,106.428,-6.77375
0.00133249,783.292,62.7069,0.894427,0.634989,14.3784,0,106.595,-6.6929
0.0290142,1.28831,25.4205,0.72111,0,0.150043,0,106.639,-6.04252
0.0179448,61.7722,43.5702,0.447214,0,4.14256,0,106.48,-6.36052
0.0509246,132.089,42.1742,0.223607,0,2.9357,0,106.69,-6.5312
0.0165227,53.6918,47.4995,0.141421,0,5.39031,0,107.126,-6.48449
0.017524,189.613,50.0904,0.640312,0,2.13807,0,106.511,-6.49976
0,1308.24,61.6889,1.80278,0,25.1016,0,106.747,-6.72793
0.0883946,37.0109,26.9397,0.1,14.1199,1.50725,0,106.605,-6.27518
0.10904,252.43,49.8464,0.1,2.41582,5.93249,0,106.633,-6.58241
0.0987811,84.7358,28.0193,0.3,0,0.79579,0,106.928,-6.40813
0.0275593,51.9529,44.1453,0.565685,0,2.39481,0,106.455,-6.3201
0,69.6232,45.4734,2.26716,0,1.79255,0,106.478,-6.39196
0.0289909,33.8697,44.8458,0.5,0,0.459606,0,106.442,-6.30123
0.103284,49.9015,40.6397,0.1,16.4789,2.09916,0,107.117,-6.40184
0.0319817,108.791,57.4305,0.2,0,2.5278,0,107.145,-6.5869
0.0295319,1.07454,25.906,0.316228,0,0.0200061,0,106.639,-6.03623
0.00102082,986.033,67.7392,1.74929,0,6.79324,0,106.592,-6.74141
0.00306278,417.906,43.8862,2.80713,0,6.45709,0,106.978,-6.54288
0.013247,668.394,48.3604,0.360555,0,4.76416,0,106.555,-6.51773
0.00375994,360.758,51.5772,0.921954,1.35114,3.27278,0,107.092,-6.55995
0.323547,15.249,22.582,0.1,8.24032,0.601698,0,107.028,-6.21769
0.0839858,12.663,37.7024,0.360555,0,1.88443,0,106.49,-6.22667
0.00166688,59.0252,42.6657,1.10454,0,0.679859,0,106.494,-6.3695
0.0719328,28.4829,42.0611,0.3,0,0.54436,0,107.172,-6.33717
0.0253492,197.305,63.5087,0.282843,0,4.9497,0,106.409,-6.56983
0.059612,552.507,60.4055,0.1,0,9.48257,0,106.851,-6.72164
0.0213363,1.9697,37.8506,0.72111,0,0.131605,0,106.502,-6.06857
0.0134902,1.44444,23.0694,0.5,0,0.136105,0,107.018,-6.08833
0.0203382,616.546,61.7102,0.2,11.4584,0.877349,0,106.496,-6.62463
0.0755912,5.72163,44.8259,0.141421,0,0.454502,0,107.233,-6.16559
0.0514517,32.9713,35.8844,0.5,0,0.136412,0,106.545,-6.33537
0.0364744,97.8058,51.4191,0.1,1.01216,1.49776,0,106.466,-6.46832
0,715.225,73.369,1.41421,0,15.9656,0,106.357,-6.64439
0.00274132,953.241,79.3097,0.824621,0,33.0665,0,106.449,-6.78542
0.00676246,533.185,75.633,0.894427,0,13.5846,0,107.173,-6.76656
0.0145934,956.662,52.57,0.824621,0,23.3583,0,106.931,-6.6399
0.0266019,24.4391,44.5569,0.538516,0,1.31366,0,106.439,-6.28327
0.00489338,936.385,65.9664,0.412311,0,6.41096,0,106.62,-6.73512
0.00106151,1451.24,62.3672,1,0,17.9682,0,106.97,-6.72164
0.0496984,618.046,67.9902,0.1,39.7044,3.37146,0,106.734,-6.78363
0.00939653,669.273,74.23,0.282843,0,6.50418,0,107.107,-6.78632
0.00653628,404.915,41.4147,0.905538,0,12.8639,0,106.901,-6.54288
0.10295,32.4377,24.9554,0.360555,0.0459367,1.81707,0,106.621,-6.2653
0.140791,109.022,33.9893,0.1,33.2343,0.91623,0,106.934,-6.46383
0,1088.55,70.8791,2.94109,0,36.1905,0,106.36,-6.61474
0.0789558,85.5898,28.7246,0,13.7931,2.26307,0,106.69,-6.39556
0.00124921,3.32821,26.9547,1.56525,0,0.103621,0,107.07,-6.14493
0.0425662,88.3289,33.5672,0.3,4.32079,0.20932,0,106.672,-6.43598
0,1100.73,62.4669,2.72029,0,30.1552,0,107.213,-6.58869
0,1174.31,67.7397,3.42345,0,26.2548,0,106.569,-6.73153
3.24921e-05,376.367,59.9898,1.56205,0,25.3684,0,107.22,-6.55096
0.0351751,164.796,62.6396,0.1,0,2.92794,0,106.38,-6.52312
0.00292303,985.855,78.7289,0.860233,0.132916,13.7827,0,106.476,-6.79531
0.00743628,245.651,40.7431,0.640312,0,2.28014,0,106.913,-6.5339
0.00326372,1232.35,61.4291,1.253,0,11.1487,0,106.94,-6.71985
0,506.495,63.4673,1.27279,0,9.19457,0,107.095,-6.68391
0.0759338,2.75573,15.6786,0.5,0,0.0564602,0,106.968,-6.15571
0.196738,106.178,30.8162,0.141421,0,0.426169,0,106.902,-6.44406
0.00509148,1.61712,37.5248,0.608276,0,0.016421,0,107.131,-6.02186
0.0386524,2.56958,47.493,0.412311,0,0.3296,0,107.24,-6.05509
0.0547644,4.45347,46.3291,0.412311,0,1.88109,0,106.416,-6.09642
0.377722,12.9653,11.551,0.1,25.2761,1.45461,0,106.728,-6.20781
0.00774259,857.461,60.9755,0.282843,0,6.46585,0,107.054,-6.67852
0.00441483,98.062,53.3457,1.06301,0,5.84132,0,106.428,-6.44676
0,719.575,69.0344,3.54683,0,14.6108,0,106.852,-6.7998
0,781.12,65.1914,2.28035,0,15.2419,0,106.871,-6.76386
0.0315533,376.371,54.6273,0.360555,0,8.42822,0,106.558,-6.58959
0.0649691,4.27907,30.9955,0.360555,0,0.0613643,0,106.565,-6.07665
0.0130738,649.385,68.8264,0.8544,0,5.19144,0,106.715,-6.78812
0.00220095,727.657,62.3612,0.412311,0,11.0665,0,106.611,-6.69649
0.0184842,72.8322,49.6754,0.640312,0,1.35371,0,107.174,-6.46203
0.00357445,524.099,66.337,0.7,0,6.31611,0,107.195,-6.65068
0.00310158,670.244,60.7947,1.00499,0,7.79906,0,106.454,-6.57971
0.0142748,1.25197,27.531,0.5,0,0.0851963,0,107.012,-6.00748
0.225182,90.8178,31.5273,0,80.1041,0.573055,0,106.96,-6.4279
0.0127142,403.16,61.8008,0.412311,0,18.2645,0,107.226,-6.56803
0.0322978,1.95858,53.9902,0.360555,0,0.0273775,0,106.366,-6.01377
0.198225,109.575,29.5302,0.141421,0,1.42069,0,106.867,-6.43957
0.00414416,347.088,50.21,0.806226,7.5578,7.90381,0,106.567,-6.54737
0,2507.01,67.4165,3.79473,0,31.9688,0,106.972,-6.76836
0.0184587,225.736,55.639,0.360555,0,3.00446,0,107.119,-6.586
0.0547486,887.834,66.9552,0.1,6.29149,3.66211,0,107.064,-6.73332
0.0962697,8.99438,19.6528,0.1,4.54498,1.18833,0,106.652,-6.14672
0.0205697,54.7504,39.2291,0.921954,0,1.8862,0,106.515,-6.34435
0.00305205,2.1249,54.0176,0.9,0,0.0593698,0,106.363,-6.02365
0.0100678,330.581,53.9687,0.6,0,9.46633,0,106.525,-6.55905
0.194648,171.563,40.4207,0.282843,0,1.78337,0,106.831,-6.54108
0.00716656,66.6329,57.4531,0.5,0,4.05127,0,106.358,-6.39915
0.27816,36.1129,16.8954,0,3.97594,2.84701,0,106.901,-6.30932
0.0935628,289.265,73.8772,0.2,18.3406,1.76692,0,107.213,-6.72164
0.0165653,36.2192,53.881,0.141421,2.64141,3.38312,0,106.36,-6.31381
0.0218369,2.23199,30.9654,0.2,0,0.159034,0,107.081,-6.05599
0.0305047,724.995,74.5723,0.583095,0,10.4276,0,107.095,-6.79531
0.00772902,216.15,44.3407,0.5,0,6.35013,0,106.54,-6.45484
0.183194,33.9475,31.1842,0.1,43.6247,1.38745,0,106.554,-6.24464
0.00607508,91.4721,45.334,0.921954,0,3.77042,0,106.498,-6.41891
0.0230486,2.29704,42.7656,0.7,0,0.0885899,0,107.198,-6.06318
0.00608423,234.749,41.1484,0.447214,0,8.10839,0,106.59,-6.46203
3.91167e-05,1006.28,70.7052,3.5609,0,16.4934,0,106.556,-6.75488
0.00573123,222.413,51.2809,0.824621,0,9.90104,0,107.111,-6.54288
0.0157751,794.717,59.5722,0.72111,1.08855,9.75677,0,106.676,-6.6929
0.0287054,114.151,54.7578,0.447214,0,3.11376,0,107.138,-6.56174
0.0251555,4.46201,30.6207,0.141421,0,0.116964,0,107.105,-6.17637
0.00888454,70.4589,40.9155,0.3,0,0.864975,0,106.524,-6.38657
0.0782849,15.3774,42.9335,0.2,0,0.238493,0,107.197,-6.29494
0.0312757,53.3514,32.0014,0.282843,0,0.174792,0,106.595,-6.34705
7.66562e-05,1488.47,71.7082,1.84391,0,30.028,0,107.023,-6.79441
0.0723129,7.59842,36.0031,0.1,16.4562,1.00704,0,106.513,-6.09103
0.157829,189.433,42.5635,0.1,20.7762,2.44464,0,106.755,-6.55366
0,1148.98,68.9218,2.7313,0,10.0058,0,106.56,-6.73871
0.0360984,21.6123,46.2327,0.5,0,2.87028,0,107.206,-6.35333
0.00488233,804.073,61.2825,1.0198,0,13.7094,0,106.77,-6.72703
0.0345233,58.1793,35.2188,0.223607,11.4256,2.55154,0,107.053,-6.40095
0.00444606,105.992,52.3619,0.905538,0.215989,4.74719,0,106.424,-6.4234
0.256461,35.4415,23.894,0,14.6867,1.13801,0,106.989,-6.3192
0.0155032,2.05563,41.6977,0.141421,0.632416,0.648545,0,107.166,-6.00748
0.0210117,397.072,48.3476,0.4,0,10.4262,0,106.876,-6.61025
0.0344899,166.939,44.6745,0.223607,0,8.37903,0,106.667,-6.54647
0,304.749,38.4769,2.68328,0,15.2866,0,106.963,-6.49617
0.0436256,310.664,74.4452,0.1,15.2616,6.0526,0,107.213,-6.72793
7.12934e-05,1161.29,51.2265,1.60312,0,32.9045,0,106.981,-6.61295
0.107407,137.683,38.1091,0.141421,1.01694,2.41922,0,106.869,-6.51773
0.0194527,3.33355,34.2275,0.806226,0,0.0892697,0,107.126,-6.09282
0.0364473,8.3806,36.3044,0.360555,0,0.242379,0,107.155,-6.20242
0.000328707,1442.61,73.219,5.72189,0,11.9822,0,106.416,-6.69469
0.0448631,670.725,65.133,0.1,12.7898,5.0586,0,106.754,-6.76027
0.0204868,102.186,52.8068,0.583095,0,0.77146,0,107.135,-6.54108
0.081935,84.8315,28.779,0.1,30.2646,1.14699,0,106.717,-6.41083
0.0512732,9.67434,24.9016,0.583095,0,0.169273,0,107.051,-6.20601
0.0240508,336.962,58.1391,0.424264,0,13.9135,0,106.548,-6.62103
0.00123533,529.924,44.3402,1.70294,0.682732,19.389,0,106.991,-6.54198
0.0157057,275.764,63.6218,0.223607,2.11504,4.47657,0,107.126,-6.66775
0.0303397,89.8914,40.2093,0.2,0,12.9171,0,106.577,-6.43867
0.0234902,43.9086,48.7339,0.223607,0.229169,3.93633,0,106.455,-6.41173
0.00325205,73.8237,53.4924,0.894427,0,2.32256,0,106.408,-6.41622
0.00339401,225.569,49.4066,0.824621,0,21.4371,0,106.521,-6.50066
0.0696009,13.0087,44.6181,0.1,11.7223,2.8897,0,106.425,-6.14762
0.00253218,180.01,58.3713,0.509902,0,7.9161,0,106.428,-6.52132
0,941.203,76.3339,4.83839,0,6.83477,0,106.384,-6.70547
0.113805,347.452,50.0476,0.141421,0,2.04206,0,106.836,-6.62822
0.122828,108.163,30.057,0.141421,18.238,0.919638,0,106.879,-6.44227
0.000284227,329.561,62.1241,1.70294,0,3.94021,0,107.106,-6.66415
0.230155,28.383,17.4174,0.1,12.6479,0.588569,0,106.702,-6.27069
0.0169946,352.773,56.9411,0.2,0.587245,12.2506,0,106.505,-6.57702
0.0578416,6.84216,30.2658,0.1,13.6354,0.786175,0,107.1,-6.14852
0.0185098,23.525,37.3484,0.223607,0,0.403369,0,106.508,-6.28596
0.0415297,79.0359,55.4347,0.2,0,0.232712,0,107.149,-6.56085
0.00346372,74.618,57.7268,1.41421,0,0.329061,0,106.388,-6.45754
0.000449211,388.454,57.61,2.90172,0.095487,7.06151,0,107.088,-6.62732
0.00766625,259.264,37.7799,0.707107,0,21.5596,0,106.63,-6.45395
0.0662924,103.135,39.594,0.360555,0,0.883162,0,107.052,-6.45484
0.00911136,916.521,61.8514,0.67082,0,17.899,0,106.763,-6.73153
0.0460167,159.459,60.3604,0.1,9.64021,3.49107,0,107.236,-6.53839
0.00388328,1434.92,57.9119,0.424264,0,18.8458,0,106.984,-6.67583
0.0937653,72.0776,33.4301,0.1,27.0515,0.669813,0,107.019,-6.40993
0.0169713,440.321,68.1942,0.509902,0,15.5488,0,107.161,-6.69469
0.0548899,447.995,57.7107,0.141421,0.381948,6.0877,0,106.809,-6.69739
2.77603e-05,1207.6,57.0381,2.59422,0,22.9011,0,106.734,-6.68302
0.0834401,19.0702,46.2203,0.360555,0,0.618127,0,106.412,-6.22398
0.0612489,31.9597,22.4341,0.4,11.6628,1.59165,0,106.652,-6.27698
0.0226315,4.67352,41.608,0.509902,0,0.114677,0,107.202,-6.13235
0.00776372,823.791,71.1711,0.1,0,2.86089,0,107.116,-6.75129
0.00495647,715.421,74.1874,0.921954,0,17.8879,0,107.125,-6.77734
0.000890221,1570.01,58.2769,0.948683,0,16.3002,0,106.994,-6.67583
0.00183817,286.533,45.1871,1.06301,0,4.01446,0,106.628,-6.5321
0.0404278,158.886,45.494,0.4,0,2.28655,0,107.054,-6.51952
0.000156782,654.34,69.8476,1.7,0,25.5407,0,106.355,-6.59498
0.00701451,91.7722,54.8766,0.781025,0,2.39633,0,106.387,-6.40454
0.206704,19.6105,20.5525,0.1,10.8483,1.37673,0,106.648,-6.22488
0.0201129,152.335,61.6547,0.5,0,2.29466,0,106.408,-6.54288
0.00861357,0.948582,52.5121,0.806226,0,0.206196,0,106.383,-6.00838
0.0121902,6.04164,35.5908,0.223607,0,0.108493,0,107.15,-6.16828
0.0310107,84.9502,57.9907,0.3,0,4.5559,0,107.246,-6.49257
0.0206927,1.96799,41.3595,0.632456,0,0.0514404,0,107.178,-6.04431
0.00817129,172.577,61.2821,0.806226,0,5.16127,0,106.384,-6.50874
0.0648549,132.785,33.9342,0.223607,2.60202,2.85168,0,106.752,-6.47281
0.00293691,885.776,73.1174,0.989949,0,41.5392,0,107.082,-6.78632
0.00672524,62.1032,58.5122,0.360555,0,6.16788,0,106.351,-6.40634
0.0171893,93.0305,53.0562,0.640312,0,4.53817,0,106.435,-6.45125
0.01723,52.4093,43.5294,0.424264,0,0.609176,0,106.48,-6.36142
0.00183281,340.075,60.5653,1.07703,0,12.721,0,107.227,-6.55096
0.0397268,46.6261,32.6948,0.223607,1.09631,3.11147,0,107.055,-6.36411
0.072488,107.266,34.6805,0.2,4.23485,1.76155,0,106.694,-6.45934
0.0310177,73.9366,49.4636,0.141421,14.2623,3.83966,0,107.168,-6.46652
0.000608833,538.08,74.6721,1.56205,0,25.9079,0,107.159,-6.76476
0.266933,37.1262,20.2959,0,17.2263,0.760818,0,106.692,-6.29944
0.080017,13.4594,44.0706,0.1,1.52013,0.426597,0,106.429,-6.15571
0.0414726,294.088,79.7126,0.4,0,0.389923,0,107.204,-6.79081
0.352982,6.3938,0.97857,0.1,38.012,1.37748,0,106.822,-6.16828
0.00611293,719.123,70.8875,0.8,0,13.2347,0,106.631,-6.78632
0.000768139,909.646,57.4685,1.36015,0,6.83793,0,107.063,-6.639
0,887.846,69.023,1.07703,0,16.9079,0,106.645,-6.77285
0.0383524,440.54,59.7373,0.5,0,10.3846,0,106.559,-6.64439
0.000798738,1033.81,60.9498,1.39284,0,22.9006,0,106.927,-6.71805
0.248276,120.344,33.5896,0.1,0,1.48356,0,106.836,-6.4791
0.145038,37.3436,23.9668,0.1,2.38718,3.35832,0,106.966,-6.34256
0.0171025,1.16825,28.0394,0.223607,0,0.0933873,0,107.051,-6.0542
0.0494524,15.7579,40.2038,0,5.9683,0.486028,0,106.466,-6.13415
0,1358.23,77.2584,6.02993,0,3.86485,0,106.406,-6.73332
0.0394874,97.0258,57.8652,0.1,3.49753,3.14692,0,107.24,-6.49886
0.0694836,322.843,50.4406,0.1,0,3.76709,0,106.689,-6.61025
0.0123688,152.595,60.0547,0.316228,4.9319,6.49524,0,107.168,-6.59947
0.133061,19.216,23.5202,0.2,5.09838,2.4919,0,106.618,-6.13864
0.161092,106.375,31.0362,0.1,3.79493,0.701909,0,106.746,-6.44406
0.188053,62.8564,20.3503,0.1,4.11134,2.8309,0,106.762,-6.34705
0.021888,1.93727,44.2583,0.538516,0,0.0397238,0,106.438,-6.08115
0.170893,8.65955,23.9601,0,15.5941,1.46192,0,106.615,-6.13145
0.0704347,17.4913,44.2029,0.2,0,1.82637,0,107.201,-6.3192
0,1600.01,72.3003,6.16604,0,2.3457,0,106.433,-6.69739
0.0708221,45.867,32.2426,0.1,31.841,0.521986,1,107.072,-6.33537
0.196662,21.8623,19.8169,0.1,20.0128,0.907157,1,106.649,-6.19433
0.0794918,12.3608,22.0522,0.1,10.1968,0.461086,1,106.63,-6.14403
0.0116278,2.0646,39.1226,0.1,25.7366,0.276898,1,107.144,-6.01647
0.10799,146.703,36.6534,0,81.5698,3.03528,1,106.824,-6.50695
0.0234868,23.7016,49.4207,0.316228,43.1431,2.02895,1,106.383,-6.22757
0.00443628,85.3894,57.0605,0.632456,0,3.53332,1,106.395,-6.45754
0.109056,144.306,35.3602,0.223607,31.2768,0.940909,1,106.851,-6.49437
0.0887079,43.3969,36.7985,0.2,25.6994,0.831072,1,106.521,-6.30483
0.12576,42.8751,30.9879,0.1,38.3093,1.34985,1,106.583,-6.31201
0.0814524,9.74474,33.0131,0.141421,11.5764,0.758384,1,107.126,-6.18265
0.216769,55.356,27.0931,0.1,32.8561,0.654169,1,106.987,-6.36142
0.207728,11.8989,29.851,0.141421,5.01949,0.921122,1,106.558,-6.16379
0.285301,107.596,29.1361,0.1,36.5508,1.49107,1,106.838,-6.43867
0.0755369,2.89481,18.4945,0.2,0,0.489962,1,106.975,-6.09462
0.0294568,50.7657,50.5787,0.1,13.5019,3.55162,1,107.152,-6.49796
0.0683871,12.6073,45.9888,0.1,15.3758,1.22749,1,107.239,-6.24105
0.197096,11.5692,29.1976,0.223607,0,1.09426,1,107.087,-6.22667
0.213706,109.104,30.2226,0.1,28.5649,1.90866,1,106.837,-6.44856
0.145595,29.7395,25.2581,0.1,26.9266,0.437978,1,106.616,-6.26171
0.115173,2.62276,18.7931,0.447214,0.537705,0.477792,1,106.676,-6.09731
0.146294,17.7119,39.9641,0.1,1.33139,0.552967,1,106.467,-6.20242
0.104651,60.0049,37.0948,0.360555,0,1.08581,1,107.031,-6.44227
0.297382,3.59908,6.85268,0.1,80.5339,2.00902,1,106.798,-6.12067
0.162254,32.2679,33.2905,0.1,42.6555,1.60751,1,106.533,-6.24015
0.0927167,150.068,36.8674,0.1,23.4039,2.03607,1,106.767,-6.50335
0.308096,51.7402,20.6115,0.1,38.3766,2.33187,1,106.837,-6.36142
0.0202631,451.528,58.422,0.72111,0,6.20103,1,106.531,-6.61295
0.198678,108.913,28.7397,0.1,44.2651,1.62932,1,106.817,-6.43508
0.144539,158.042,38.5905,0.2,15.5509,0.964189,1,106.78,-6.52132
0.132708,1.94191,7.77997,0.1,3.10537,0.959252,1,106.86,-6.11259
0.235813,84.7684,26.8333,0,24.5331,1.63859,1,106.829,-6.41801
0.041742,814.482,68.2998,0.141421,16.4913,2.83475,1,107.094,-6.73332
0.0332243,7.46198,52.4409,0.1,20.0218,2.09073,1,106.363,-6.07935
0.0345688,58.8641,33.7356,0.632456,19.6703,1.5354,1,106.594,-6.3713
0.0544937,9.21129,16.1461,0.5,0,0.719319,1,106.974,-6.16828
0.0254817,44.2916,33.1756,0.223607,14.028,1.14216,1,106.558,-6.30662
0.15389,158.086,38.867,0.223607,35.23,2.94574,1,106.77,-6.52222
0.102277,83.7944,27.6677,0.316228,0,1.81793,1,106.926,-6.40544
0.0289145,32.3303,28.2164,0.6,0,0.583558,1,107.053,-6.29584
0.153613,72.619,22.929,0.1,16.4123,2.96809,1,106.907,-6.36681
0.224688,27.6904,25.6726,0.1,31.683,0.638345,1,106.607,-6.24823
0.120751,88.4465,34.4611,0.1,30.4078,3.02746,1,106.975,-6.45035
0.0427489,47.0552,39.1499,0.282843,24.3221,2.09893,1,106.495,-6.29674
0.0732927,54.362,35.554,0.141421,20.782,2.62245,1,107.087,-6.36591
0.336339,5.32646,12.113,0.1,31.052,0.057729,1,106.937,-6.16469
0.195711,59.7436,37.6908,0.1,41.283,0.675735,1,107.113,-6.36232
0.108228,112.599,34.1605,0.1,24.8744,1.76489,1,106.926,-6.46832
0.0692338,8.69914,24.9903,0.2,0,1.07114,1,107.051,-6.2114
0.265718,98.3125,26.6418,0.1,26.9053,1.45931,1,106.791,-6.41352
0.017423,667.543,48.6015,0.316228,0,4.34328,1,106.56,-6.52401
0.230213,29.0774,20.7641,0,19.3181,0.511666,1,106.652,-6.24194
0.0263293,112.982,51.8111,0.2,20.9117,1.68196,1,106.483,-6.49347
0.0496139,18.142,34.4768,0.1,23.9446,1.05445,1,106.516,-6.15301
0.0630874,123.434,33.1121,0.1,0,1.95777,1,106.78,-6.47101
0.112513,5.58217,28.2814,0.2,2.23428,1.04403,1,106.586,-6.08923
0.18251,126.251,32.9817,0.1,29.8063,4.03354,1,106.826,-6.47371
0.199337,39.0438,20.1663,0.1,18.8009,0.834982,1,106.678,-6.27967
0.092218,586.24,52.2675,0.1,60.1616,3.34383,1,106.889,-6.64439
0.155755,5.33285,13.6522,0.141421,49.8082,0.563287,1,106.951,-6.17188
0.0831637,52.5932,43.927,0.2,0,0.927365,1,107.178,-6.36232
0.0569322,50.6491,43.7052,0.223607,0,0.638178,1,107.177,-6.36142
0.0655454,322.75,76.3695,0.141421,65.6793,1.63134,1,107.199,-6.75848
0.0333625,35.0479,23.9903,0.1,9.73348,1.38961,1,106.645,-6.29225
0.0257265,5.02094,36.6565,0.2,0,0.682378,1,107.148,-6.08833
0.265335,97.4333,27.7419,0.2,46.0233,2.70317,1,106.851,-6.4252
0.313724,3.15566,10.4146,0.141421,69.0789,1.36929,1,106.922,-6.16649
0.0620394,425.372,52.6392,0.4,25.1608,2.72676,1,106.701,-6.63451
0.136746,46.1181,39.9877,0.316228,15.2833,0.243565,1,107.112,-6.39915
0.276307,7.22106,13.7788,0.1,45.8894,0.469118,1,106.703,-6.18355
0.153223,59.1981,36.0958,0.2,58.5049,0.794853,1,107.035,-6.4279
0.27193,67.2697,22.1576,0.1,43.9254,1.10803,1,106.928,-6.34884
0.0941609,12.0698,39.4424,0.3,0,0.235718,1,107.175,-6.25811
0.0895653,3.9806,23.2593,0.1,40.36,1.35707,1,106.635,-6.09013
0.334948,214.462,44.0373,0.1,6.16827,0.557386,1,106.778,-6.57073
0.119157,183.331,42.4846,0.141421,42.4869,1.25823,1,106.863,-6.55815
0.0321028,732.176,52.0619,0.360555,0,10.8426,1,106.912,-6.639
0.0372546,7.88195,42.6974,0.1,17.2738,0.881051,1,107.208,-6.1072
0.303067,41.2527,19.4019,0.1,41.655,1.72553,1,106.931,-6.3174
0.0709811,50.4676,25.7221,0.141421,12.015,2.48724,1,106.654,-6.32998
0.277305,74.1035,22.5963,0,37.3921,1.36705,1,106.793,-6.37669
0.0814984,134.493,37.1224,0.2,17.1733,3.12955,1,106.737,-6.49886
0.103278,24.1171,42.4486,0.3,0,0.224095,1,107.188,-6.30752
0.0290142,49.0497,41.5955,0,15.852,2.02458,1,107.153,-6.36411
0.177179,177.136,41.1916,0.1,32.5476,0.603926,1,106.793,-6.54647
0.0116404,109.917,59.8817,0.1,80.7964,5.63319,1,106.389,-6.49347
0.14406,59.6599,37.1456,0.1,42.4101,2.82072,1,107.104,-6.36681
0.110444,446.583,52.1264,0.2,37.5025,9.97468,1,106.756,-6.64169
0.0944328,8.67766,40.5311,0.282843,18.5345,2.26995,1,107.182,-6.08025
0.162349,30.6425,26.1009,0.141421,7.70971,0.227464,1,106.659,-6.34076
0.0192028,73.8899,39.6533,0.5,0,5.22059,1,107.045,-6.46113
0.0268558,23.8506,35.8798,0.141421,21.3226,0.80102,1,106.503,-6.17457
0.108889,49.5232,30.6421,0.1,55.3929,1.83607,1,106.586,-6.31201
0.0601073,128.279,36.8586,0.316228,41.1454,3.01445,1,106.719,-6.49078
0.122114,33.9684,26.1668,0.1,0,3.15012,1,106.61,-6.26799
0.0524249,784.908,58.703,0.282843,0,13.5307,1,106.899,-6.70188
0.122512,9.6829,27.2692,0,59.2698,0.286046,1,106.586,-6.12696
0.232549,30.7043,27.588,0.1,35.7639,0.888753,1,106.59,-6.25183
0.0461502,4.53066,26.5437,0.141421,27.2246,0.50157,1,106.63,-6.03892
0.230264,100.054,27.7626,0.1,47.6435,3.03955,1,106.815,-6.4261
0.0106416,425.661,53.8353,0.141421,15.2779,9.21917,1,106.629,-6.62013
0.00934132,69.9879,38.9231,0.728011,0,0.335888,1,107.035,-6.46023
0.238561,37.0305,20.1496,0,6.28057,4.79669,1,106.703,-6.30842
0.10259,29.6057,27.2776,0.282843,6.63954,0.416698,1,107.046,-6.28955
0.0639893,39.6588,32.4007,0.2,0.863346,2.99709,1,107.06,-6.35423
0.0938375,7.6311,29.1215,0.4,0,0.330925,1,106.568,-6.12696
0.0565208,570.068,61.3885,0.141421,0,7.93232,1,106.849,-6.73063
0.0417871,73.0759,32.5645,0.2,0,1.69091,1,106.991,-6.42071
0.287136,51.0785,19.7159,0.1,44.2243,2.34416,1,106.721,-6.3183
0.272883,86.4065,26.9157,0.1,44.9224,2.04316,1,106.799,-6.41712
0.103127,128.619,34.2348,0.141421,0,8.30704,1,106.911,-6.47371
0.138053,142.212,37.4614,0.141421,0,3.14369,1,106.817,-6.51413
0.0651823,45.2374,41.131,0.141421,20.038,1.38235,1,106.49,-6.33267
0.1536,16.3223,40.3314,0.1,3.51505,0.681022,1,107.178,-6.27608
0.0394587,30.3754,38.3709,0.1,43.5992,1.4063,1,106.486,-6.23655
0.296271,50.4851,18.9208,0,4.31805,0.90656,1,106.731,-6.3165
0.153547,105.224,31.0496,0.1,38.5195,1.39039,1,106.893,-6.44856
0.0501369,66.402,38.6211,0.447214,0,0.293954,1,107.037,-6.45484
0.266443,69.3623,21.9765,0.141421,3.96263,2.13107,1,106.795,-6.3713
0.0257268,46.0544,29.6476,0.1,24.2303,0.920433,1,106.599,-6.31561
0.28971,17.6261,31.6075,0.1,55.2678,1.57563,1,107.1,-6.26171
0.177193,94.7836,28.8144,0.2,8.90171,2.17772,1,106.79,-6.43328
0.0129281,69.5614,39.3948,0.806226,0,0.34025,1,107.042,-6.46023
0.0486502,308.859,49.6549,0.223607,15.0726,5.49277,1,106.729,-6.61385
0.0164921,75.0306,39.7518,0.565685,0,4.96793,1,107.044,-6.46293
0.0680107,85.5874,32.326,0,32.8141,0.811874,1,106.978,-6.4261
0.0508489,87.5169,29.2352,0.583095,18.2905,4.72845,1,106.701,-6.40723
0.066658,116.28,37.786,0.1,28.7368,0.831688,1,106.692,-6.48898
0.0601268,4.47383,27.0472,0.5,0,0.611086,1,107.072,-6.17547
0.0711647,88.703,34.9408,0.223607,0,0.942489,1,106.965,-6.46023
0.128909,79.0293,25.7248,0.223607,13.0997,1.52864,1,106.903,-6.39556
0.166456,140.186,36.8675,0.2,0,0.95288,1,106.888,-6.50335
0.233014,31.5763,35.3142,0,61.7387,0.867213,1,106.515,-6.24374
0.0571088,48.1295,50.4971,0.316228,0,3.72115,1,106.396,-6.32549
0.100624,46.002,26.5705,0.1,1.02337,4.94387,1,106.639,-6.32369
0.130498,107.683,30.162,0.141421,0,1.97431,1,106.78,-6.44406
0.0902464,63.192,30.2126,0.141421,0,0.49993,1,106.994,-6.39196
0.152313,115.832,31.1975,0.1,84.1861,0.671231,1,106.891,-6.45035
0.107539,11.3158,29.622,0.1,58.7801,1.38915,1,106.568,-6.1063
0.111088,5.19495,17.7709,0.3,0,0.430626,1,106.987,-6.15391
0.280281,14.9487,11.3703,0.1,11.9569,0.785243,1,106.9,-6.24823
0.169597,145.299,36.8812,0.1,0,0.512606,1,106.79,-6.50695
0.0156808,55.4012,46.7851,0.412311,16.7188,3.3041,1,107.169,-6.4252
0.0173517,35.7419,44.2406,0.424264,0,0.584324,1,107.163,-6.39376
0.0257521,123.716,38.4302,0.1,10.4224,3.08847,1,106.723,-6.50695
0.03053,149.066,49.5855,0.141421,20.7923,3.03346,1,107.11,-6.52401
0.0421975,51.5195,42.5775,0.583095,0,1.44672,1,107.138,-6.40364
0.0956814,38.0049,34.8739,0,0,0.516042,1,106.526,-6.26889
0.0972943,39.0874,31.4564,0.282843,5.66314,0.444546,1,107.069,-6.32639
0.308758,31.3429,20.8667,0.1,20.1586,0.736498,1,106.666,-6.27338
0.0588975,39.7729,32.1225,0.141421,0,1.61824,1,107.058,-6.35244
0.157729,34.1716,26.6989,0.223607,18.517,0.405139,1,106.602,-6.26081
0.0163943,112.203,38.5914,0.447214,23.3466,2.36349,1,106.662,-6.48269
0.0530246,19.6169,37.899,0.3,0,0.991199,1,106.492,-6.24644
0.130778,562.224,64.5065,0.141421,67.5951,4.41816,1,106.783,-6.75758
0.305963,36.5403,19.0344,0.1,44.7041,0.511763,1,106.701,-6.29135
0.0270555,57.8974,31.1974,0.6,16.0073,2.64463,1,106.595,-6.33447
0.185999,17.0864,16.6825,0.1,45.7088,0.794181,1,106.68,-6.20601
0.219155,51.597,21.5862,0.1,30.0667,0.821187,1,106.957,-6.32189
0.00683596,253.259,46.5162,0.583095,0,7.28472,1,106.622,-6.54288
0.0717662,124.846,37.3942,0,25.7242,0.537055,1,106.735,-6.50066
0.0660868,82.9776,27.6064,0.223607,15.0106,6.01575,1,106.918,-6.40813
0.0713101,16.424,34.7684,0.1,34.9732,0.899029,1,106.515,-6.14313
0.0326274,144.813,59.5239,0.1,22.5397,2.89579,1,107.141,-6.61385
0.00934227,3.49905,12.6037,0.806226,0,0.888932,1,106.74,-6.10181
0.145875,26.5154,26.8741,0.1,29.8301,1.57815,1,107.045,-6.28506
0.185216,11.0237,26.2784,0,3.85644,0.652846,1,106.593,-6.13774
0.0784662,462.473,58.3949,0.141421,32.2889,3.49067,1,106.812,-6.70368
0.210536,55.5451,27.3739,0.141421,2.7548,0.399761,1,106.975,-6.374
0.137921,20.9834,36.3783,0.1,27.1277,2.08863,1,106.505,-6.23925
0.102455,154.276,35.7915,0.141421,31.7876,2.93848,1,106.912,-6.48808
0.0365877,51.4049,42.7666,0.223607,0,0.695184,1,107.161,-6.3713
0.0374868,8.58354,11.9467,0.141421,24.7982,1.76091,1,106.746,-6.1036
0.204351,55.3744,22.5142,0.1,35.2448,1.07493,1,106.951,-6.33717
0.329509,4.62957,10.9415,0.2,1.18577,0.621104,1,106.899,-6.1063
0.055218,86.4046,27.9364,0.2,41.7469,1.54343,1,106.922,-6.40993
0.263337,137.626,32.4196,0.1,18.9828,1.19415,1,106.801,-6.46742
0.0518312,589.615,56.4442,0,32.6375,6.29357,1,106.789,-6.68481
0.235619,19.1851,18.9625,0.141421,0,0.901141,1,106.992,-6.22577
0.107385,53.4481,29.0255,0.1,10.0397,1.51268,1,106.631,-6.34974
0.15426,146.516,37.7888,0.1,47.1181,5.61747,1,106.798,-6.51593
0.102462,14.8102,35.682,0.360555,0,0.398418,1,107.143,-6.24284
0.126047,45.828,29.1902,0.1,17.2468,1.01933,1,106.595,-6.29944
0.0690063,3.95383,18.5704,0.1,29.1859,0.622699,1,106.991,-6.13415
0.289271,23.6691,18.3659,0.1,0,0.741335,1,106.674,-6.23745
0.0442331,23.6662,35.292,0.141421,20.7768,0.0813,1,106.508,-6.18176
0.230756,168.389,41.6062,0.1,9.26158,5.40219,1,106.802,-6.55096
0.0513845,3.46799,32.2635,0.412311,0,0.284373,1,107.105,-6.08294
0.0105593,341.079,42.6661,0.8544,0,7.71204,1,106.89,-6.55635
0.127613,38.5972,31.7407,0.4,0,0.354229,1,107.075,-6.321
0.2196,52.4615,21.3635,0.1,25.0627,0.345379,1,106.95,-6.32459
0.0649297,8.22421,18.7162,0.141421,0,0.140839,1,106.976,-6.09372
0.119781,568.693,55.9573,0.141421,57.0869,5.81957,1,106.867,-6.68032
0.235194,23.67,29.373,0.1,58.8137,1.32918,1,107.072,-6.27877
0.229118,21.5433,32.704,0.1,56.4029,0.118456,1,106.532,-6.17367
0.0206334,37.7593,47.0842,0.141421,14.4405,1.64789,1,107.177,-6.41981
0.0613691,99.2011,36.1073,0.1,21.2268,0.667178,1,106.665,-6.45844
0.0426984,6.77787,17.0272,0.1,34.5544,1.14691,1,106.98,-6.15121
0.0664675,1.82731,18.9078,0.1,6.01944,0.300674,1,106.993,-6.13235
0.0304287,53.0739,47.9766,0.1,14.5501,0.806695,1,107.196,-6.40454
0.142492,12.8816,39.7084,0.141421,11.1918,0.325862,1,106.469,-6.19433
0.258851,16.3407,21.4321,0.1,43.1697,0.166193,1,107.018,-6.2141
0.248362,32.0382,25.5015,0.1,50.8514,2.20573,1,107.019,-6.30483
0.331153,7.56483,14.2402,0.141421,0,0.350742,1,106.71,-6.12337
0.0227741,391.645,54.7621,0.538516,0,7.17755,1,106.54,-6.57881
0.0829874,17.8648,41.9598,0.223607,1.70614,2.04809,1,107.183,-6.30932
0.177166,36.8191,31.0982,0.1,12.5391,1.08433,1,107.072,-6.31561
0.126457,69.0172,29.1385,0.1,59.2488,1.62947,1,106.993,-6.38028
0.087736,73.0499,35.4681,0.1,40.6727,0.991298,1,107.022,-6.43059
0.0312369,39.9116,24.5961,0.608276,0,0.292016,1,106.645,-6.30213
0.094224,54.8637,28.135,0.141421,14.4238,1.28657,1,107.007,-6.35603
0.25741,32.4676,32.2021,0.141421,8.90143,3.95851,1,106.541,-6.22577
0.0107003,207.557,47.6457,0.583095,21.9859,4.13071,1,106.614,-6.55007
0.0233066,115.128,50.616,0.1,17.7367,1.97482,1,106.473,-6.46562
0.0276956,3.56628,32.656,0.4,0,0.488121,1,107.099,-6.05869
0.0842937,42.0895,29.9793,0.223607,0,1.6036,1,107.038,-6.34615
0.129907,42.8232,29.1436,0.141421,0,0.398062,1,106.595,-6.29854
0.228584,9.96356,22.6861,0.1,45.5636,0.644711,1,106.629,-6.12426
0.228859,77.8449,22.1412,0.223607,18.696,1.70185,1,106.787,-6.3713
0.0932091,55.8741,28.3561,0.141421,9.11429,0.868405,1,107.014,-6.35154
0.152989,34.2176,35.6381,0.2,16.8081,1.29117,1,106.515,-6.25632
0.165375,10.5922,22.4859,0,62.509,0.526855,1,106.632,-6.11798
0.319688,65.9701,22.2323,0.2,14.1789,0.913378,1,106.842,-6.37579
0.349712,4.58754,13.6841,0,87.4661,0.836995,1,106.705,-6.1575
0.169256,132.635,34.4136,0.1,65.3609,0.563464,1,106.812,-6.48629
0.0471789,35.7221,24.1167,0.2,18.8341,1.13028,1,106.641,-6.28866
0.186581,70.186,22.9145,0,67.3101,1.83597,1,106.909,-6.36591
0.127779,26.6027,36.573,0.2,0,2.48322,1,106.503,-6.23925
0.360635,116.251,30.7745,0.1,52.5895,2.56507,1,106.847,-6.45305
0.0806366,92.9961,28.4704,0.141421,39.3407,1.3191,1,106.923,-6.41442
0.343003,10.8843,28.3456,0.1,47.9842,1.25282,1,107.076,-6.23925
0.0442107,1.52883,20.6892,0.1,0,0.404538,1,107.01,-6.13055
0.338439,45.3044,36.4139,0,64.5008,0.867212,1,107.122,-6.32369
0.197674,37.0557,18.8385,0,32.6355,1.71414,1,106.695,-6.28237
0.102855,60.7787,38.2256,0.2,52.4701,0.351563,1,107.037,-6.45035
0.0483432,28.2785,49.1207,0.447214,0,1.76741,1,107.22,-6.38478
0.0218858,9.48252,43.1844,0.360555,0,0.935129,1,107.218,-6.15481
0.06843,5.48442,35.3256,0.1,14.9886,0.819839,1,107.118,-6.04162
0.0305309,4.24389,39.8929,0,27.2489,0.145607,1,107.127,-5.97335
0.202132,13.3213,38.702,0.1,0.469302,0.820956,1,106.479,-6.20511
0.296906,121.962,33.4723,0.1,51.5869,3.90283,1,106.868,-6.47551
0.179716,53.4933,40.0026,0,1.13057,1.3028,1,107.121,-6.38747
0.224371,50.8836,23.6484,0.1,18.5763,0.601846,1,106.679,-6.32908
0.254507,118.686,35.5032,0.1,42.0286,0.539699,1,106.888,-6.49078
0.0802804,11.7395,31.7501,0.360555,22.9295,1.1803,1,106.543,-6.13325
0.129129,422.481,53.3258,0.223607,6.29303,6.48738,1,106.839,-6.65786
0.0306476,6.95732,52.8493,0.282843,25.3678,1.27804,1,106.358,-6.08294
0.106015,224.357,48.7212,0,26.617,1.29909,1,106.646,-6.57702
0.0968082,100.02,33.0838,0.141421,1.66147,0.50593,1,106.687,-6.43957
0.042606,77.2426,32.6195,0.2,28.8753,2.4235,1,106.992,-6.42071
0.0380246,4.28262,46.4291,0.141421,24.8182,0.891972,1,107.239,-6.08743
0.0308429,2.63896,20.2575,0.223607,0,0.0408229,1,107.009,-6.14582
0.0738057,69.4483,31.7849,0.1,0,1.59676,1,106.995,-6.40903
0.0793757,5.76458,15.1792,0.141421,36.9554,0.863723,1,106.965,-6.16469
0.246157,2.9843,15.1473,0.1,15.4463,2.15172,1,106.941,-6.09821
0.158042,43.5204,29.6373,0.1,31.9232,4.29872,1,107.054,-6.3183
0.184191,135.665,34.2442,0.1,71.6439,0.823798,1,106.807,-6.48449
0.154409,207.641,44.191,0.1,14.252,1.0805,1,106.823,-6.57522
0.092153,5.24665,17.8271,0.282843,0,0.313143,1,106.987,-6.15032
0.323285,68.2872,22.8694,0,17.7647,0.300408,1,106.719,-6.35154
0.118312,50.9247,30.9053,0.1,57.8772,0.488093,1,106.587,-6.3183
0.262968,30.5166,23.8201,0.1,14.3647,1.64811,1,106.988,-6.3192
0.0322088,45.1764,44.3037,0.1,26.1607,2.56788,1,107.146,-6.41891
0.191544,105.058,28.5377,0.1,0,1.18774,1,106.818,-6.43328
0.0253773,19.8023,35.7814,0.1,20.2157,0.690878,1,106.504,-6.17277
0.239936,56.7514,23.7867,0.141421,36.6856,0.77438,1,106.677,-6.32908
0.17043,76.448,23.347,0,69.3053,0.84905,1,106.899,-6.374
0.314804,3.38357,7.48785,0.1,54.9571,1.39782,1,106.774,-6.13325
0.0991804,8.18645,24.9439,0.1,43.7726,0.754964,1,106.617,-6.09372
0.129614,61.3329,36.2313,0,2.64022,2.89598,1,106.556,-6.35872
0.0274237,484.738,46.6109,0.1,22.0718,6.68123,1,106.962,-6.57522
0.0518637,7.57349,32.8125,0.1,37.2942,0.661102,1,106.551,-6.06587
0.0891473,178.138,41.6745,0.1,0,3.73806,1,106.849,-6.55186
0.0655243,110.643,37.8659,0,18.0041,1.0592,1,106.696,-6.49168
0.128934,77.3519,26.1182,0.1,23.0124,4.39646,1,106.92,-6.39286
0.0715319,1.83303,46.1214,0.1,21.593,0.37326,1,106.428,-6.0533
0.0601028,15.6065,46.5969,0.1,24.9137,0.847517,1,107.241,-6.25722
0.0816098,51.0071,40.3026,0.223607,2.03845,0.449624,1,107.108,-6.40813
0.0957382,13.5433,39.8079,0.141421,2.32966,1.3228,1,107.187,-6.20691
0.0930839,40.2658,30.1818,0.5,2.16864,0.792103,1,107.043,-6.34345
0.189854,373.508,51.661,0.1,0,2.15383,1,106.783,-6.6408
0.124329,4.00758,18.6601,0.141421,3.21014,0.613792,1,106.979,-6.10001
0.0611139,86.6692,31.5311,0.360555,10.4702,2.56696,1,106.685,-6.42251
0.321671,81.1549,25.6567,0.1,70.9459,6.36117,1,106.82,-6.40723
0.15769,74.5289,26.0781,0.223607,22.967,2.78858,1,106.896,-6.40095
0.0283158,1.49887,25.5158,0.2,13.3544,0.529348,1,107.041,-6.08654
0.0913341,2.77323,31.3257,0.1,26.8675,0.707676,1,106.578,-6.03982
0.172915,6.47381,16.13,0.3,0,1.15868,1,106.974,-6.17637
0.166283,10.4988,22.6951,0.2,1.03616,1.19644,1,106.626,-6.13594
0.275885,166.657,40.025,0.1,85.776,1.27908,1,106.824,-6.53749
0.128948,12.4674,30.6015,0.2,0,0.503314,1,107.098,-6.23296
0.0799161,32.9932,40.2905,0.2,35.468,2.15201,1,106.478,-6.27788
0.207143,13.1757,31.1307,0.1,19.0724,0.41154,1,107.098,-6.25272
0.0810789,49.179,35.0643,0.1,15.793,0.783016,1,106.55,-6.32818
0.0637416,21.7074,37.3523,0.223607,3.61668,0.160655,1,106.497,-6.24374
0.0516028,65.067,33.8846,0,22.5588,0.647747,1,107.03,-6.40544
0.00995647,798.959,62.331,0.2,13.2011,14.7052,1,106.521,-6.64888
0.0599451,4.7417,25.221,0.316228,0,0.285569,1,107.055,-6.1593
0.255437,54.4465,20.4365,0.1,25.4296,0.756,1,106.913,-6.33896
0.0886088,14.0688,35.2182,0.412311,0,0.278941,1,107.139,-6.24374
0.362285,63.1298,18.2473,0.1,0,0.432803,1,106.816,-6.33986
0.124108,1.16904,9.87078,0.141421,15.6074,0.51859,1,106.772,-6.1054
0.0666587,330.757,76.0204,0.2,53.6874,7.99276,1,107.195,-6.75758
0.0149457,632.99,61.198,0.2,23.5375,6.59841,1,106.534,-6.64529
0.0856527,36.2576,34.9876,0.223607,0,0.64384,1,106.524,-6.2635
0.206542,16.5111,32.3481,0.1,40.0284,0.585708,1,106.535,-6.1602
0.117751,2.01292,6.28984,0.4,0,0.972027,1,106.827,-6.11798
0.213365,52.7649,39.7987,0,22.1832,0.787094,1,107.115,-6.39286
0.0991287,5.40383,17.8122,0.360555,0,0.302578,1,106.987,-6.15121
0.079877,150.779,36.2463,0.223607,30.7229,0.880551,1,106.769,-6.49796
0.32796,38.4559,19.6575,0.1,48.9096,1.19751,1,106.933,-6.3183
0.0454473,43.1952,41.4335,0.2,0,1.92002,1,107.166,-6.33717
0.0309341,7.0271,31.1667,0,34.3764,0.778756,1,106.561,-6.08204
0.183198,101.244,28.1231,0.141421,3.43518,0.667766,1,106.785,-6.4261
0.0781309,253.56,52.6191,0,35.3541,1.15062,1,106.56,-6.56893
0.174397,5.98455,14.2686,0.1,18.498,0.71643,1,106.954,-6.14762
0.0551183,44.5494,26.9625,0.141421,1.96903,4.25007,1,106.616,-6.29674
0.0487293,338.909,50.3008,0.5,12.5565,2.99896,1,106.727,-6.61924
0.151817,165.096,44.9017,0.1,49.8585,0.970659,1,106.689,-6.55725
0.072177,6.31191,40.117,0.2,14.0328,0.405793,1,107.18,-6.08833
0.167802,145.148,37.9672,0.2,10.3269,5.1078,1,106.841,-6.51862
0.0552211,62.6092,34.6357,0.223607,0,0.11942,1,107.013,-6.4279
0.105119,90.3082,28.3834,0,55.5973,0.903389,1,106.719,-6.40813
0.0938669,25.3549,40.5461,0,30.9688,1.52729,1,106.467,-6.24284
0.200865,13.8535,31.0766,0.1,24.6259,0.543816,1,107.098,-6.25093
0.0611858,43.3388,40.0102,0.282843,0,0.5347,1,107.14,-6.35872
0.0650328,11.2072,36.4443,0.141421,3.45345,0.620787,1,106.502,-6.12247
0.19688,54.6005,20.2749,0,16.5398,0.866131,1,106.759,-6.34525
0.0781319,5.60807,16.2375,0.316228,0,1.86151,1,106.975,-6.17008
0.0169726,228.035,39.1544,0.608276,0,5.71004,1,106.873,-6.52671
0.0146448,4.72859,30.4795,0.141421,15.0332,1.03522,1,107.071,-6.04431
0.115798,42.8739,29.1026,0.2,35.9475,0.747802,1,106.595,-6.29944
0.0754432,28.7931,23.8659,0.424264,0.352181,3.57472,1,106.656,-6.30572
0.169744,12.4523,24.6628,0.1,32.4371,0.269248,1,107.046,-6.21949
0.0376438,54.3638,40.3644,0,20.838,1.23599,1,106.509,-6.35423
0.234895,27.1708,35.7612,0.141421,2.64237,1.11206,1,106.509,-6.23296
0.130221,106.005,29.0051,0,35.4094,1.41694,1,106.767,-6.43059
0.0983543,52.5086,29.0997,0.141421,10.0397,1.08488,1,106.63,-6.34974
0.0659259,10.2053,46.7301,0.141421,17.8116,1.5146,1,107.247,-6.11798
0.108432,3.43777,18.9262,0.412311,0,0.0837342,1,106.981,-6.09821
0.100644,67.2761,25.1113,0.282843,17.5123,1.40194,1,106.704,-6.36591
0.234722,42.4625,20.2855,0,33.4394,3.41915,1,106.701,-6.30842
0.0395331,14.7686,32.6085,0.632456,0,0.236509,1,107.113,-6.25093
0.0415009,34.4411,23.774,0.1,8.33496,2.20668,1,106.638,-6.27608
0.0643959,261.213,48.572,0.2,36.5142,1.90408,1,106.743,-6.60666
0.108324,82.3016,27.6481,0.3,44.0482,0.584672,1,106.7,-6.39017
0.0100076,138.085,60.5295,0.141421,69.0001,5.78101,1,106.392,-6.50695
0.0939479,74.636,34.045,0.2,57.34,1.47652,1,107.008,-6.4252
0.180098,41.5784,30.1424,0.1,43.9621,1.61439,1,107.06,-6.3183
0.0742439,132.041,33.8796,0.1,42.0238,2.20325,1,106.744,-6.47012
0.0397489,413.999,59.2512,0.141421,17.9993,11.1653,1,106.555,-6.6372
0.170121,4.31671,21.1458,0.141421,42.1198,1.00158,1,106.657,-6.08743
0.179123,69.0836,24.4534,0.1,37.9718,1.34251,1,106.701,-6.35693
0.151107,105.47,28.5588,0,32.3772,0.430288,1,106.778,-6.42879
0.0719038,675.351,56.2398,0.223607,37.5455,2.75683,1,106.892,-6.68032
0.0503028,72.1662,33.3347,0.1,51.1142,2.9944,1,106.995,-6.4261
0.0596334,9.2536,46.3086,0.2,16.7804,2.25984,1,107.242,-6.11348
0.0918946,92.9049,34.8923,0.2,30.2885,1.97476,1,106.969,-6.45754
0.0923148,4.48732,24.5768,0.1,13.7475,1.01125,1,106.632,-6.06857
0.217867,175.57,41.7041,0,66.5741,3.05093,1,106.764,-6.54737
0.0426189,126.981,44.0922,0.2,15.1442,1.51077,1,107.09,-6.4764
0.347618,14.3302,20.0472,0.1,55.1589,0.5779,1,107.007,-6.20332
0.199046,108.067,30.9055,0.223607,0,0.871699,1,106.833,-6.45484
0.0485744,27.2788,52.2872,0.2,0,1.67246,1,106.36,-6.24823
0.0361,72.1145,31.9801,0.141421,22.7259,2.03838,1,107.013,-6.39735
0.0358227,30.8476,41.3498,0.1,26.8471,2.88472,1,106.457,-6.22757
0.185849,198.816,45.6163,0,45.6428,0.848877,1,106.749,-6.58061
0.245432,54.664,22.529,0.1,29.8629,1.36836,1,106.931,-6.35064
0.0370363,1.83586,25.4094,0.5,0,0.0368983,1,107.05,-6.11618
0.0970763,588.059,57.8109,0.1,38.8059,4.92195,1,106.875,-6.69649
0.0860331,33.5943,46.833,0.1,12.2733,2.24842,1,106.413,-6.2635
0.0930366,55.9576,28.5564,0.1,15.3097,1.61422,1,106.643,-6.35603
0.100921,127.992,36.3665,0.282843,18.6677,8.4097,1,106.912,-6.49347
0.182763,100.975,27.8208,0.1,15.461,1.37876,1,106.776,-6.42161
0.0153666,2.19369,20.1846,0.447214,0,0.0500183,1,107.009,-6.15032
0.147343,29.2108,25.4067,0.1,9.33536,1.28727,1,106.661,-6.33357
0.0391536,28.8011,48.51,0.1,11.1481,2.72576,1,107.209,-6.39286
0.0380804,243.666,46.6779,0.223607,33.5732,1.81627,1,106.868,-6.59588
0.0722808,11.7045,38.071,0.412311,0,0.490545,1,107.169,-6.21859
0.0503549,9.93808,30.5115,0.223607,22.7509,0.166886,1,106.568,-6.08204
0.0223814,12.0297,38.8779,0.707107,0,0.337025,1,107.171,-6.25093
0.241775,64.215,27.4242,0.1,51.7349,2.79688,1,106.948,-6.39196
0.339524,3.98841,14.1493,0.1,92.891,0.857698,1,106.71,-6.12337
0.165773,15.4875,30.9204,0,43.4037,1.07985,1,107.099,-6.24194
0.170815,12.6069,38.0504,0.424264,0,0.216912,1,107.163,-6.25272
0.0159965,26.5383,48.3748,0.632456,0,2.56159,1,107.213,-6.38388
0.0907252,39.4579,31.4881,0.282843,0,0.557439,1,107.07,-6.32549
0.0615517,118.302,34.6213,0.1,25.5762,2.02354,1,106.712,-6.46652
0.0871915,71.097,28.2305,0.360555,14.3278,0.431244,1,106.692,-6.39196
0.207133,26.6709,21.9031,0.1,28.3072,0.883912,1,106.65,-6.2635
0.109601,13.1024,37.639,0.141421,0,2.68726,1,106.488,-6.19613
0.0468404,1144.51,60.7147,0.2,0,5.09736,1,106.951,-6.71086
0.102251,12.3325,42.7743,0.141421,0.116483,0.265793,1,107.205,-6.25991
0.100395,131.698,35.0699,0.1,55.9602,4.70631,1,106.822,-6.49257
0.0278322,8.98383,25.0982,0.707107,0,0.0992689,1,107.053,-6.20601
0.0994577,57.3114,41.367,0,7.61594,0.847797,1,107.129,-6.39735
0.013711,43.3305,54.0712,0.67082,0,1.30388,1,106.365,-6.33357
0.2724,68.4046,20.5904,0.2,27.5301,0.126331,1,106.787,-6.35693
0.0435959,2.51369,20.7624,0.223607,0,0.116061,1,107.01,-6.13145
0.0740716,39.7314,28.313,0.316228,0,3.64928,1,107.024,-6.33986
0.288984,38.4939,39.1427,0.1,28.5007,1.81323,1,107.139,-6.34435
0.201933,51.8284,22.2632,0.1,38.3316,4.02416,1,106.692,-6.32369
0.0604814,233.071,75.1177,0.1,52.3147,0.811075,1,107.239,-6.71715
0.15114,1.65586,13.781,0.1,37.4569,0.625656,1,106.94,-6.12157
0.14675,39.3728,30.1913,0.1,38.3144,0.764343,1,106.568,-6.26171
0.169909,46.3417,39.4374,0,17.2258,1.16651,1,107.119,-6.38118
0.0487946,537.643,59.344,0.223607,30.532,4.51967,1,106.856,-6.71176
0.138718,44.0021,27.4972,0.1,9.61371,0.387083,1,107.027,-6.32459
0.036323,9.32172,24.9486,0.608276,0,0.143715,1,107.052,-6.20242
0.0328975,53.8497,31.6491,0.447214,0,0.216006,1,107.026,-6.38208
0.22343,90.8829,26.8878,0.1,40.3079,1.81763,1,106.754,-6.40723
0.0785363,48.151,35.0373,0.1,20.1188,1.60678,1,106.544,-6.3174
0.036042,67.3647,31.7199,0.1,8.58207,2.32523,1,107.016,-6.39196
0.00117603,26.9117,46.746,1.20416,0,0.7519,1,107.191,-6.39196
0.157695,39.4609,40.0101,0.223607,0,5.46957,1,107.153,-6.33357
0.0819659,21.3717,49.4872,0.1,40.1391,2.27304,1,107.243,-6.34256
0.168792,137.837,36.8952,0.282843,0,0.811279,1,106.885,-6.50425
0.101361,82.0539,27.699,0.2,44.0482,3.15966,1,106.699,-6.39017
0.0608751,87.2827,35.2484,0.282843,0,0.259808,1,106.973,-6.45934
0.174812,100.263,30.6688,0.141421,6.37853,1.58229,1,106.73,-6.43508
0.168631,119.282,31.1973,0.1,46.0343,1.60418,1,106.83,-6.45754
0.0636716,440.147,53.7092,0.141421,4.53172,2.77463,1,106.825,-6.66146
0.0981849,41.0576,29.8865,0.2,0,0.208216,1,107.04,-6.34256
0.0527953,2.93808,22.0978,0.5,0,0.107812,1,107.027,-6.15481
0.262433,14.556,22.5719,0.1,55.1873,3.45201,1,106.624,-6.1566
0.127506,7.75169,29.7881,0.2,0,0.111671,1,106.566,-6.11079
0.266102,46.2212,18.6066,0,27.5391,1.97537,1,106.725,-6.30842
0.0951025,19.2172,43.9266,0.3,4.87859,0.989107,1,107.215,-6.2635
0.0967328,35.1762,35.1135,0.141421,52.3068,0.484331,1,106.521,-6.25811
0.285138,108.913,30.6399,0.1,62.4151,3.18673,1,106.842,-6.45215
0.00684858,1.88301,38.2809,0.141421,27.1664,0.123786,1,107.139,-6.02275
0.168212,107.343,30.3854,0.1,26.8175,1.471,1,106.726,-6.43059
0.0631041,66.1225,35.6263,0.2,12.1364,2.45617,1,107.012,-6.43957
0.0824028,39.5031,31.052,0.316228,0,0.26066,1,107.05,-6.34705
0.304146,8.56892,20.6222,0.1,4.79294,0.320329,1,107.014,-6.18445
0.0964798,40.5858,30.1992,0.412311,3.5082,0.865296,1,107.044,-6.34256
0.0660391,39.1799,30.9614,0.223607,28.0255,1.82334,1,106.57,-6.28596
0.262504,40.4392,37.7008,0,37.4836,2.03806,1,107.134,-6.32639
0.14381,68.7938,29.5173,0.223607,22.3058,2.72162,1,106.99,-6.38747
0.124993,117.604,31.2719,0.1,45.4327,0.128334,1,106.765,-6.45125
0.197263,52.1972,39.957,0,4.18311,0.8443,1,107.116,-6.39286
0.084264,3.74589,46.7694,0.282843,0,0.200663,1,106.421,-6.05689
0.0655221,81.993,34.5737,0.1,47.0369,1.19929,1,107.003,-6.43418
0.0634609,129.101,33.226,0.1,0,1.64799,1,106.779,-6.47191
0.132165,5.2406,17.0911,0.1,0,0.476225,1,106.683,-6.11887
0.0879514,86.1454,39.5643,0.360555,14.3278,5.0676,1,107.054,-6.45305
0.164251,3.5036,7.65281,0,10.2692,0.989764,1,106.861,-6.11438
0.318191,28.6367,21.2891,0,40.3211,1.69216,1,106.976,-6.29764
0.10862,3.14722,24.3156,0.1,5.30515,0.546374,1,106.635,-6.06857
0.0469694,64.3036,43.4459,0.1,0,0.680784,1,107.166,-6.37579
0.110531,798.478,67.9271,0.1,85.4308,1.13487,1,107.084,-6.73422
0.245103,24.4626,17.1817,0.1,36.0756,1.59142,1,106.705,-6.27069
0.0536991,38.5945,28.5694,0.223607,0,2.15076,1,107.028,-6.33806
0.08693,61.2149,39.922,0.1,39.503,0.310631,1,107.067,-6.44586
0.217746,87.4511,26.6469,0.2,0,2.14677,1,106.738,-6.39915
0.224167,41.1591,32.1676,0.1,24.7355,1.63372,1,107.084,-6.31291
0.0774918,54.2218,26.8127,0.282843,14.2419,3.08601,1,106.67,-6.35962
0.0446584,13.8291,32.4963,0.1,28.8124,1.0524,1,107.117,-6.22577
0.249147,90.0971,25.9461,0.1,43.4212,3.66927,1,106.833,-6.40993
0.17235,31.972,31.5933,0,66.3144,2.0197,1,106.551,-6.24554
0.182672,12.0282,24.833,0.141421,39.5083,0.311534,1,107.046,-6.22667
0.146484,74.52,26.6105,0.1,18.6491,0.205131,1,106.929,-6.39376
0.0988681,22.3735,22.4811,0.2,0,0.429321,1,106.647,-6.26799
0.120358,179.397,40.8246,0.1,4.5595,3.37949,1,106.835,-6.54468
0.0544798,48.8148,37.8504,0.360555,0,0.284581,1,107.059,-6.4279
0.0943808,144.602,36.2065,0.1,40.9305,0.597788,1,106.81,-6.50246
0.13842,236.207,46.1713,0,91.9063,2.10379,1,106.826,-6.59319
0.194381,117.407,30.5054,0.1,5.83426,2.6754,1,106.832,-6.45125
0.171491,14.0525,40.524,0,9.22272,0.963217,1,107.183,-6.2662
0.147086,58.3024,37.6263,0,45.6168,1.92328,1,107.105,-6.3731
0.123033,53.1311,33.2321,0.223607,26.1969,1.1609,1,106.578,-6.34345
0.0937174,13.9589,46.3697,0.223607,7.1363,0.933864,1,107.238,-6.2644
0.129869,18.5008,41.7096,0.141421,28.1101,0.497582,1,107.185,-6.29764
0.281391,75.8725,22.7918,0.1,41.0599,2.04205,1,106.793,-6.37849
0.0528748,34.7117,24.7239,0.282843,0,0.519823,1,106.632,-6.28416
0.164755,121.897,31.9847,0.141421,63.3318,2.46136,1,106.789,-6.46203
0.128284,98.1499,32.142,0.1,9.79219,2.42825,1,106.697,-6.43508
0.113448,62.181,29.5428,0.1,29.6313,1.77736,1,106.997,-6.38208
0.170664,32.558,35.6606,0.223607,0,0.188945,1,106.515,-6.25362
0.0913956,46.2602,45.2987,0.1,4.79636,3.33128,1,107.19,-6.36681
0.0690785,7.68636,36.3601,0.1,24.3476,0.261308,1,106.508,-6.09552
0.0619965,531.186,57.8813,0.223607,24.2489,3.23587,1,106.86,-6.69829
0.0413132,173.273,42.0378,0.141421,0,7.01292,1,106.842,-6.55546
0.205577,21.2382,19.918,0.2,9.07426,0.523363,1,106.649,-6.20152
0.0814189,15.6434,35.7381,0.412311,0,0.440709,1,107.144,-6.24105
0.100938,63.3661,30.4716,0.1,1.56121,2.74716,1,106.99,-6.39825
0.110631,46.4296,27.0861,0.1,1.99825,6.03481,1,106.657,-6.35154
0.0436085,3.55508,18.938,0.1,0,0.065205,1,106.978,-6.09282
0.0928786,511.016,63.3743,0.1,51.6632,7.85944,1,106.806,-6.74859
0.0364814,8.95438,24.9368,0.6,0,0.206069,1,107.052,-6.20152
0.0364262,9.31584,33.9284,0.282843,0.627436,1.13246,1,106.527,-6.11169
0.369389,25.7041,18.1597,0.1,46.8759,3.05176,1,106.962,-6.26979
0.295512,125.032,35.6888,0.1,80.5099,2.14088,1,106.883,-6.49347
0.118169,77.7728,28.4682,0.1,36.5095,0.348834,1,106.682,-6.38747
0.276408,30.0741,16.6902,0.1,5.1347,1.72723,1,106.712,-6.27249
0.175308,468.463,68.6396,0.141421,156.069,3.79157,1,106.774,-6.79441
0.0224435,74.0256,44.4376,0.447214,0,0.537368,1,107.101,-6.47012
0.143271,473.591,53.3305,0.223607,0,3.38338,1,106.775,-6.65517
0.058818,4.21957,21.7488,0.141421,22.5326,0.130258,1,107.024,-6.1602
0.0854435,42.2812,36.4604,0.1,45.1703,0.992961,1,106.525,-6.30752
0.0381369,3.19387,19.2,0.223607,0,0.478493,1,106.981,-6.09282
0.357448,60.0722,17.7507,0.1,48.1953,4.1954,1,106.792,-6.33178
0.0681722,662.411,59.6624,0.1,28.3405,17.3193,1,106.872,-6.71356
0.0891041,4.07629,18.941,0.141421,3.19643,0.189424,1,106.995,-6.13864
0.191639,227.068,45.2807,0.1,58.5968,2.27009,1,106.824,-6.5851
0.252169,3.55066,9.40719,0.1,28.6956,0.952682,1,106.771,-6.11169
0.153808,223.359,44.9817,0.1,12.6118,0.993348,1,106.825,-6.58241
0.0646385,8.655,33.2281,0.2,0,0.371008,1,106.533,-6.11259
0.263205,109.003,28.9572,0.1,34.9252,3.82086,1,106.861,-6.43508
0.0744685,5.41597,11.6744,0.2,0,1.84343,1,106.744,-6.11079
0.249262,42.7574,20.1564,0.1,28.4863,1.84313,1,106.944,-6.31561
0.214262,107.931,31.3021,0.1,10.6468,0.494771,1,106.833,-6.45844
0.0915975,130.236,32.8778,0.360555,9.27656,1.29546,1,106.759,-6.46473
0.00115363,26.7216,46.8312,1.14018,0,0.542607,1,107.192,-6.39196
0.0773158,11.2902,46.0525,0.141421,2.24059,0.603044,1,107.236,-6.25901
0.11967,85.5157,26.5497,0.1,42.2661,1.1016,1,106.91,-6.40095
0.0253104,37.331,44.4156,0.583095,0,1.9972,1,107.171,-6.38388
0.0426208,48.2614,27.419,0.1,34.2998,1.39097,1,106.613,-6.30033
0.017236,54.1621,46.9478,0.1,18.7632,2.32255,1,106.438,-6.34525
0.249179,393.288,51.6428,0.1,38.3159,0.943532,1,106.84,-6.64259
0.057683,122.281,37.5334,0.141421,34.9673,1.81376,1,106.73,-6.50066
0.13795,30.2491,24.5571,0.223607,3.79744,0.634478,1,106.621,-6.25811
0.00346246,328.441,51.3734,1.10454,0,3.12342,1,107.097,-6.55456
0.0611309,40.0704,30.7792,0.360555,0,3.55651,1,106.572,-6.28596
0.256621,73.7843,28.418,0.1,103.207,1.19606,1,106.94,-6.40634
0.0784265,75.5781,25.4452,0,35.8267,1.67793,1,106.704,-6.3695
0.0882303,168.44,41.1767,0.2,0,2.9244,1,106.733,-6.53569
0.319534,7.52013,14.4188,0.1,11.8939,0.513998,1,106.953,-6.2114
0.040988,10.3038,47.5844,0.1,15.4462,1.17573,1,106.401,-6.11348
0.021711,67.9298,39.2174,0.632456,0,0.530207,1,107.043,-6.45754
0.37042,6.9116,9.78194,0,77.0102,0.973576,1,106.739,-6.17188
0.0860155,34.6965,34.8532,0.223607,0,0.264947,1,106.525,-6.2653
0.0880467,12.3596,30.9134,0.316228,0,0.183653,1,107.101,-6.23386
0.179311,33.3613,29.7889,0.2,37.4115,0.67872,1,106.57,-6.25542
0.21443,165.748,39.0311,0,20.5822,2.50357,1,106.829,-6.52851
0.0167208,411.216,72.8664,0.5,0,4.18326,1,107.177,-6.73512
0.366388,8.47028,11.1359,0.1,20.7998,0.91313,1,106.925,-6.20062
0.110157,60.8306,39.4284,0.3,0,0.465908,1,107.078,-6.42969
0.0832218,17.1921,39.4184,0.282843,0,0.469006,1,106.477,-6.24015
0.352146,19.8987,16.8741,0.1,52.7304,0.989673,1,106.685,-6.23027
0.236113,29.3217,27.433,0.1,53.5361,1.47249,1,106.591,-6.25003
0.12995,6.92974,38.4614,0.141421,0,0.204419,1,107.176,-6.17457
0.111904,5.24844,24.0616,0.223607,0,0.41989,1,107.044,-6.14762
0.281561,21.2855,34.4079,0,32.5742,0.609773,1,107.125,-6.2662
0.228529,38.9991,31.9929,0.1,46.3055,1.02723,1,107.082,-6.31291
0.152211,14.2742,40.0631,0.2,0,2.81185,1,106.466,-6.20242
0.129122,56.892,38.574,0.141421,6.59157,0.297746,1,107.088,-6.40813
0.144279,94.7579,28.979,0.1,0,2.89358,1,106.764,-6.42969
0.225898,22.0034,32.9614,0.1,30.3669,0.565694,1,106.532,-6.2123
0.112125,149.905,37.0562,0.1,21.7424,4.78472,1,106.802,-6.50964
0.0718842,723.388,59.2688,0.2,31.4391,4.95545,1,106.882,-6.70907
0.0559628,1.8268,18.1957,0.141421,0.344544,0.628022,1,106.971,-6.09372
0.0857924,150.026,37.9893,0.2,26.1491,4.2797,1,106.88,-6.51503
0.108636,15.0665,34.3328,0.141421,36.376,1.12179,1,106.52,-6.13145
0.13428,93.4064,27.6285,0.2,28.861,1.46536,1,106.722,-6.40184
0.188782,112.225,29.8345,0.141421,39.6912,1.56681,1,106.745,-6.43239
0.195572,35.217,31.1022,0.1,0,0.528008,1,106.561,-6.2662
0.124209,119.144,32.8435,0.1,18.0041,1.58434,1,106.732,-6.45664
0.184003,83.1586,32.6117,0.2,9.86381,10.0839,1,106.901,-6.46113
0.320315,7.22879,15.3641,0.1,5.76293,0.720664,1,106.965,-6.19882
0.0681142,37.4079,35.2749,0.2,33.0297,1.70826,1,106.524,-6.27518
0.11225,75.5492,30.7593,0.1,35.7981,1.64846,1,106.988,-6.40274
0.135847,482.238,53.1659,0,100.094,7.61751,1,106.864,-6.65517
0.283426,183.552,41.5657,0.1,54.5604,0.706624,1,106.779,-6.54827
0.0875669,7.59292,45.5283,0.1,18.0891,1.07521,1,107.24,-6.16289
0.125163,16.2617,40.9994,0.2,0,0.272093,1,107.185,-6.27608
0.188898,171.242,39.7649,0,49.5957,1.37771,1,106.798,-6.5339
0.124298,42.4784,31.5226,0.1,63.2537,1.39733,1,106.562,-6.27967
0.229868,166.303,39.0568,0,32.6651,0.78216,1,106.799,-6.52761
0.0225968,48.2858,44.623,0.707107,0,1.50331,1,107.19,-6.35333
0.235855,26.899,20.3954,0.1,68.9322,0.594273,1,106.657,-6.24644
0.18908,60.3627,24.6818,0.1,34.9068,0.686332,1,106.698,-6.35693
0.102162,48.6895,40.3119,0.424264,0,0.706321,1,107.113,-6.40274
0.0755344,114.99,37.6686,0.1,33.4968,0.551991,1,106.694,-6.48898
0.0804726,794.139,68.3633,0.1,44.5171,2.5553,1,107.088,-6.73692
0.143701,4.88288,22.3875,0.1,29.3008,1.41553,1,106.647,-6.08384
0.286067,21.9445,25.0648,0.1,48.5614,0.293749,1,107.028,-6.28237
0.0813227,140.076,34.6328,0,30.2455,1.14129,1,106.754,-6.48
0.0958946,74.8138,26.0469,0.3,0,3.20738,1,106.7,-6.3731
0.120086,32.1392,23.1621,0.141421,0,1.5381,1,106.637,-6.26171
0.0396041,25.4059,23.81,0.360555,0,1.57188,1,106.653,-6.30123
0.192367,108.063,29.9519,0.223607,0,1.42904,1,106.869,-6.44317
0.166619,38.9533,29.9643,0.1,18.2844,3.13015,1,107.056,-6.321
0.0916416,37.8847,28.1142,0.509902,0,0.887104,1,107.033,-6.32549
0.0298842,50.1233,43.9079,0.6,0,1.91293,1,107.166,-6.38388
0.0757729,90.1221,31.5948,0.141421,29.0997,0.788926,1,106.689,-6.4252
0.276217,29.0544,24.9888,0.1,45.1509,1.79781,1,107.019,-6.29494
0.0851883,145.205,41.0105,0.1,28.7655,2.8947,1,106.719,-6.5303
0.179075,4.99534,16.8018,0,4.0763,0.685575,1,106.69,-6.11079
0.286163,67.2175,22.9323,0.141421,1.56071,0.394334,1,106.742,-6.36411
0.057358,33.0697,42.1411,0.141421,29.0253,1.73209,1,106.454,-6.25362
0.0766161,5.40804,16.0391,0.509902,0,0.775373,1,106.973,-6.17008
0.0945338,55.403,26.5845,0.141421,0,1.32059,1,106.687,-6.3704
0.300654,9.74138,17.9093,0.1,0,0.294571,1,106.666,-6.1584
0.0958085,15.329,39.1603,0.223607,0,0.987556,1,106.477,-6.22577
0.0711789,23.5646,39.9243,0.223607,0,4.39827,1,106.476,-6.25811
0.0616009,208.87,44.23,0.141421,58.9632,2.51039,1,106.845,-6.57522
0.0265047,9.7014,36.3105,0.141421,16.4789,1.49038,1,107.156,-6.1611
0.0512297,74.0916,34.972,0.1,50.6702,0.577296,1,107.016,-6.42969
0.206662,21.6475,19.9482,0.282843,4.06615,0.500057,1,106.649,-6.20332
0.0807404,30.9193,24.4107,0.316228,32.5385,0.64984,1,106.626,-6.2653
0.032488,34.1133,45.4283,0.360555,0,2.98257,1,106.432,-6.28686
0.175139,71.4559,26.2896,0.1,28.5158,2.71196,1,106.931,-6.38927
0.0336032,15.7097,33.3753,0.282843,0,0.0772879,1,107.121,-6.24733
0.330286,8.26863,20.4191,0.1,0,0.321479,1,107.012,-6.18355
0.0870571,15.1381,39.1891,0.1,0,0.664719,1,106.477,-6.22757
0.0885735,239.806,47.9258,0.141421,46.2969,2.77657,1,106.705,-6.59139
0.0956574,361.717,50.2549,0.1,35.1917,2.43036,1,106.84,-6.63002
0.1738,146.9,38.1626,0.141421,18.0661,0.591318,1,106.79,-6.51862
0.0736533,68.1829,35.0175,0.2,0,0.99316,1,107.008,-6.43598
0.067059,87.6084,29.6009,0.141421,0,1.155,1,106.697,-6.40903
0.0790877,87.2119,30.0924,0.1,10.3078,0.810901,1,106.694,-6.41262
0.202616,51.6449,39.8587,0,37.2438,0.793548,1,107.115,-6.39376
0.058948,69.9799,34.5868,0.1,30.8662,2.11382,1,107.009,-6.43059
0.0741161,44.6016,40.2412,0.223607,0,0.203172,1,107.144,-6.35513
0.0235968,139.472,44.5541,0.1,19.4794,2.19307,1,107.089,-6.48269
0.151397,6.76169,7.67655,0.1,7.41442,2.43409,1,106.806,-6.10899
0.102224,57.9483,38.1529,0.1,29.5764,1.94897,1,107.102,-6.38478
0.0960792,13.5809,45.1992,0.1,26.1162,0.516735,1,107.233,-6.22847
0.167993,4.38544,14.3868,0.1,46.2674,0.42077,1,106.955,-6.14672
0.200374,24.8988,20.4634,0.1,10.6285,1.1496,1,106.652,-6.23386
0.0271019,16.2487,33.0863,0.316228,0,0.0713296,1,107.118,-6.24733
0.13854,119.095,34.598,0.2,62.4342,2.03458,1,106.815,-6.48808
0.0459363,17.5501,36.6765,0.640312,0,0.248955,1,106.496,-6.17906
0.34584,56.74,18.1956,0.1,15.8208,1.8182,1,106.798,-6.33717
0.125216,21.2956,39.7409,0,3.28894,1.23847,1,107.171,-6.28147
0.252722,376.515,51.4146,0.1,51.0856,2.76699,1,106.779,-6.6381
0.0742808,26.8946,49.206,0.1,9.85534,0.315201,1,106.384,-6.21769
0.137168,41.4655,29.6723,0.1,20.4554,2.41843,1,106.586,-6.29135
0.170079,46.269,34.3607,0.1,9.29566,3.00951,1,106.57,-6.34974
0.0284672,55.7015,32.8738,0.223607,5.26915,2.73855,1,107.054,-6.36771
0.0523438,1.47369,9.7867,0.223607,9.87545,0.845768,1,106.792,-6.09372
0.0398297,36.7883,40.0234,0.223607,0,1.4515,1,106.487,-6.29764
0.00921136,38.0376,47.9193,1.08167,21.4512,3.45229,1,106.45,-6.38837
0.184017,125.202,33.409,0.2,0,5.60843,1,106.815,-6.4773
0.031283,43.2828,25.196,0.2,0,0.950245,1,106.644,-6.31022
0.11125,32.0157,34.3129,0.5,0,0.420674,1,106.526,-6.25003
0.0416372,86.3648,39.0348,0.1,17.6937,4.73872,1,106.596,-6.44227
0.110105,188.115,42.1934,0.141421,23.3227,0.979023,1,106.852,-6.55635
0.115881,20.2981,41.3464,0,0,0.838328,1,107.177,-6.31022
0.197106,117.188,32.2891,0.1,0,4.67033,1,106.831,-6.46742
0.256234,123.62,33.7155,0.1,63.2983,1.46931,1,106.877,-6.4764
0.0105306,392.414,49.1983,0.781025,14.3708,4.75523,1,107.014,-6.57971
0.10992,140.799,43.1356,0.141421,21.1599,1.52677,1,106.689,-6.54018
0.0657978,40.9294,24.9038,0.1,13.0435,1.77081,1,106.637,-6.29494
0.129235,8.85091,25.4856,0.1,22.5826,1.01512,1,106.603,-6.12426
0.187352,42.9877,38.3757,0.223607,16.3453,1.93708,1,107.126,-6.35244
0.0474284,6.11936,32.1004,0.2,8.84022,0.984767,1,106.545,-6.1072
0.300358,12.1264,22.0681,0.1,28.6276,0.725824,1,107.026,-6.20062
0.17994,33.4757,32.3442,0.1,68.768,2.09643,1,106.547,-6.25811
0.227185,29.5169,24.4582,0.1,7.503,1.24257,1,106.62,-6.25093
0.117059,102.417,32.7254,0.316228,0,1.05158,1,106.939,-6.44945
0.284891,44.0746,19.6569,0.1,26.0436,4.02707,1,106.722,-6.3183
0.110145,61.9821,29.5363,0.1,47.4052,3.22172,1,107.003,-6.37669
0.330038,10.6959,23.9877,0.1,50.4775,0.331843,1,106.611,-6.16649
0.203936,156.9,38.4277,0,44.0816,0.394756,1,106.793,-6.52132
0.146217,121.84,31.6173,0.282843,16.9346,5.65774,1,106.816,-6.46113
0.112455,47.7545,31.1489,0.1,74.4361,0.774243,1,107.054,-6.34256
0.193182,115.312,30.1075,0.1,83.871,1.02303,1,106.831,-6.44766
0.0602315,12.722,32.0882,0,0.856494,1.09371,1,107.114,-6.22488
0.0832599,2.99391,19.0158,0.5,0,0.186721,1,106.981,-6.09642
0.115433,7.00139,29.7187,0.1,46.9404,0.773938,1,106.566,-6.11348
0.0921044,7.1692,29.3499,0.1,0.525414,1.02942,1,106.565,-6.13594
0.270107,20.4712,31.6206,0.1,55.546,1.17097,1,106.542,-6.18176
0.0858312,35.7871,34.9104,0.223607,45.9304,0.429679,1,106.525,-6.2671
0.147874,143.973,37.3214,0,72.0975,1.35908,1,106.787,-6.51054
0.0858464,187.209,49.088,0.141421,28.0111,2.04447,1,106.612,-6.56354
0.210203,141.521,36.2146,0,82.4101,1.72143,1,106.789,-6.50066
0.0951792,180.343,42.0896,0.2,0,0.395985,1,106.863,-6.55456
0.101616,695.694,57.3856,0.141421,16.3426,7.1476,1,106.896,-6.6902
0.00662776,41.3472,43.6143,0.860233,0,2.12417,1,107.16,-6.38747
0.151356,233.894,45.8742,0.1,30.7239,0.210156,1,106.825,-6.59049
0.127652,21.4111,43.9602,0.1,48.8686,1.58876,1,106.434,-6.23116
0.197771,127.081,33.3799,0.1,23.7094,2.63844,1,106.831,-6.4773
0.0630183,26.9167,48.6431,0.223607,27.4468,1.64294,1,107.228,-6.35872
0.200341,92.5237,27.6262,0.1,19.3236,4.60507,1,106.827,-6.4252
0.173415,45.2058,30.9409,0.1,24.7424,3.23589,1,107.069,-6.3174
0.0263634,40.7542,24.9864,0.223607,0.893214,1.29024,1,106.643,-6.30572
0.143027,525.413,64.7182,0.3,0,1.56904,1,106.795,-6.76027
0.0351615,33.874,36.4891,0.412311,20.1647,1.93968,1,106.518,-6.29045
0.0748628,42.7027,34.7842,0.282843,36.3148,0.549866,1,106.536,-6.29405
0.0719375,2.14229,46.2163,0.1,28.153,1.45428,1,106.427,-6.0533
0.275053,67.4769,22.0718,0.1,39.7592,0.558085,1,106.928,-6.34794
0.165339,103.5,27.9368,0.141421,8.3391,0.704259,1,106.78,-6.4234
0.0230457,68.2361,38.7628,0.538516,0,0.354259,1,107.035,-6.45844
0.400891,26.6413,9.53837,0,38.4255,0.825561,1,106.812,-6.25991
0.285524,3.34845,10.9406,0.1,78.3055,1.2772,1,106.925,-6.1575
0.129034,437.258,58.4683,0.1,65.6139,2.64539,1,106.828,-6.70458
0.0150451,599.693,47.8381,0.1,23.0267,3.93835,1,106.97,-6.5842
0.111253,121.809,35.3524,0.223607,18.1282,3.39913,1,106.725,-6.4782
0.0878946,61.3768,39.3569,0.223607,0,0.231129,1,107.08,-6.427
0.188884,9.45705,18.0462,0.1,50.7052,0.820816,1,106.668,-6.13954
0.00146972,98.2029,59.1812,2.74591,0,6.7795,1,106.378,-6.46652
0.0561022,2.48967,20.0804,0.538516,0,0.332171,1,106.99,-6.09282
0.0371353,3.30344,20.6656,0.2,14.4645,0.699273,1,107.009,-6.12786
0.0260953,37.4041,52.9515,0.360555,0,3.79084,1,106.376,-6.33627
0.185721,81.9266,30.8347,0.1,67.4807,2.08445,1,106.962,-6.41981
0.208316,11.6613,25.7357,0.141421,13.9883,1.29973,1,107.055,-6.22398
0.199677,24.0744,26.3246,0,0,2.6495,1,107.036,-6.29135
0.123089,55.408,37.3496,0.1,14.4096,0.218424,1,107.103,-6.3713
0.0929098,16.6175,33.7145,0.2,0,0.172826,1,107.123,-6.25272
0.0945372,38.8326,31.0889,0.1,19.3259,0.918014,1,107.052,-6.34525
0.05203,14.4634,35.6982,0.412311,0,0.319977,1,107.144,-6.23925
0.19179,183.187,44.2442,0.282843,0,1.8528,1,106.741,-6.56624
0.176995,12.7044,24.5655,0.141421,0,0.181571,1,107.045,-6.21949
0.0616426,2.256,19.5434,0.1,22.1524,0.588547,1,107.001,-6.14223
0.0995634,208.264,43.4078,0.2,23.9625,1.04552,1,106.856,-6.56713
0.146591,44.0788,27.3761,0.1,51.8043,0.904497,1,107.02,-6.33088
0.196263,66.9453,22.7569,0,27.54,0.920937,1,106.948,-6.34256
0.0829719,67.7332,35.043,0.316228,0,0.566883,1,107.007,-6.43688
0.213579,39.3821,19.6533,0.1,45.0589,1.89491,1,106.95,-6.30393
0.0593811,205.613,44.1008,0.141421,0,1.36236,1,106.837,-6.57432
0.331857,222.981,47.2291,0.1,56.696,1.64343,1,106.768,-6.59857
0.0221448,2.32878,25.9014,0.360555,0,0.187765,1,106.621,-6.06498
0.0795631,15.2629,46.0683,0.1,14.3392,0.902172,1,106.411,-6.15301
0.00487445,252.587,39.8109,0.447214,15.0392,13.4107,1,106.611,-6.46293
0.0437912,8.86562,35.1085,0.1,1.3926,0.895424,1,106.519,-6.09911
0.148917,4.16373,17.1575,0.223607,0,0.192601,1,106.706,-6.07845
0.220901,63.0321,21.3064,0.1,52.7575,1.59388,1,106.899,-6.35423
0.20553,54.877,27.4275,0.1,6.86693,0.454551,1,106.991,-6.36232
0.214746,90.0195,29.892,0.1,48.9228,1.20093,1,106.924,-6.4279
0.120636,147.5,36.365,0.141421,51.1285,7.97802,1,106.904,-6.49527
0.123943,35.4647,29.1052,0.141421,0,3.32782,1,107.046,-6.32189
0.0133549,44.932,42.6788,0.806226,0,2.14791,1,107.169,-6.35513
0.199912,475.608,53.4149,0.1,56.2944,3.88849,1,106.858,-6.65786
0.113094,8.38451,28.7914,0.2,4.50428,0.893963,1,106.57,-6.13415
0.146944,15.351,41.241,0.1,44.9356,0.391903,1,106.454,-6.17188
0.0268312,87.5071,35.6919,0.707107,0,1.02558,1,106.975,-6.46293
0.0533987,22.5781,37.1798,0.316228,0,0.361555,1,106.5,-6.25272
0.0694795,215.152,50.8019,0,16.8296,1.37431,1,106.586,-6.56624
0.0657896,973.4,61.7516,0.1,49.9792,12.1637,1,107.041,-6.692
0.117715,70.3214,24.7248,0.3,15.6455,0.771783,1,106.705,-6.36232
0.165212,99.8359,28.267,0.1,25.1661,0.745161,1,106.778,-6.4261
0.0648975,10.1728,31.2602,0,20.3636,0.871722,1,106.551,-6.11798
0.0711893,16.1204,46.2469,0.1,35.0237,1.38964,1,107.238,-6.25901
0.386061,5.67604,5.40097,0.1,42.8609,0.851116,1,106.874,-6.19074
0.241835,37.8836,19.058,0,44.4379,1.49013,1,106.922,-6.3192
0.0470167,110.589,37.1099,0.424264,13.1868,0.386366,1,106.679,-6.4764
0.175597,8.38987,27.568,0.282843,0,0.080205,1,106.582,-6.13145
0.212273,116.131,30.7182,0,64.0718,1.00075,1,106.837,-6.45305
0.330665,40.2918,14.717,0,103.558,1.11227,1,106.884,-6.29584
0.151789,171.849,43.9358,0,58.8534,1.38478,1,106.714,-6.55635
0.0146565,389.288,76.0552,0.1,83.429,0.711266,1,107.226,-6.73692
0.077911,69.1954,37.584,0.1,31.7065,2.54769,1,106.548,-6.36861
0.311584,211.321,46.2227,0.1,14.4648,0.609301,1,106.763,-6.58869
0.00779874,197.159,40.4068,0.412311,18.2619,4.58797,1,107.019,-6.48718
0.0159237,52.9091,43.4694,0.447214,0,1.84835,1,106.474,-6.34794
0.0244543,84.058,38.3485,0.2,13.6451,10.3109,1,106.652,-6.47461
0.156323,147.872,37.3964,0,36.3519,3.21169,1,106.789,-6.51144
0.133954,143.264,37.3552,0.3,0,0.849891,1,106.888,-6.50785
0.415332,3.1921,9.49835,0.1,0,0.583949,1,106.907,-6.14223
0.155138,32.7143,25.6259,0,16.1161,0.26207,1,106.613,-6.26171
0.0885221,21.7861,22.5695,0.3,0,0.644202,1,106.646,-6.26799
0.0964893,69.9581,35.2366,0.2,0,0.957145,1,107.001,-6.44317
0.0576596,10.1395,31.9842,0.1,14.5947,1.7587,1,107.116,-6.20511
0.179978,464.082,52.8598,0.141421,54.1411,4.43041,1,106.773,-6.65068
0.152457,17.404,33.3934,0.1,21.8748,0.337696,1,107.118,-6.25811
0.0549896,45.9837,25.2221,0.67082,5.52517,0.684323,1,106.648,-6.3165
0.140054,207.572,46.7062,0.223607,0,1.75431,1,106.748,-6.59049
0.209886,48.075,37.3042,0.141421,0,0.337058,1,107.118,-6.34705
0.162178,33.0477,35.4925,0.223607,58.9484,0.634155,1,106.516,-6.25452
0.0181016,478.611,52.8231,0.2,15.0869,10.1717,1,107.032,-6.60756
0.0511233,17.158,34.3521,0,14.8238,1.14385,1,106.517,-6.1566
0.231742,43.5787,21.5462,0.141421,6.35438,1.39738,1,106.941,-6.33357
0.00388107,2.68208,39.2725,0.1,23.9768,0.336245,1,107.141,-6.00659
0.15663,144.974,38.4591,0.141421,0,3.07991,1,106.84,-6.52312
0.101948,35.2108,28.3199,0.223607,0,0.468823,1,107.037,-6.32369
0.100893,10.1433,29.36,0.1,26.3217,1.08752,1,106.571,-6.1054
0.196458,152.293,38.2206,0,51.4436,0.201976,1,106.794,-6.51952
0.0498158,9.29562,37.1018,0.5,0,0.0860061,1,107.161,-6.2123
0.0873123,6.03932,15.4477,0.1,0,0.625537,1,106.967,-6.16918
0.221708,29.8584,32.976,0.1,8.05789,0.644056,1,107.099,-6.29854
0.0553457,0.665759,46.1796,0.141421,20.3942,0.334374,1,106.428,-6.0515
0.0318672,49.2,40.8196,0.608276,1.25733,2.13262,1,107.149,-6.35783
0.0307508,7.58327,41.4397,0.223607,15.0332,0.261199,1,107.203,-6.17277
0.143188,13.809,23.2444,0,12.4065,0.774135,1,106.62,-6.14313
0.267785,32.5404,32.1044,0.1,8.90143,1.30296,1,106.542,-6.22577
0.228164,73.9221,23.9917,0,6.99749,0.779482,1,106.736,-6.3722
0.0715868,52.9513,36.7625,0,24.6834,1.67077,1,106.555,-6.36591
0.0933517,33.4896,34.8911,0.1,24.1997,1.45296,1,106.522,-6.25362
0.00192808,25.6868,45.7663,0.984886,0,0.0629678,1,107.187,-6.38208
0.0299748,195.558,45.5734,0.1,23.275,2.94139,1,107.087,-6.49617
0.0544224,10.3698,48.0077,0.3,26.9053,2.01243,1,106.393,-6.16289
0.225285,32.7897,38.8613,0,57.1007,0.5823,1,107.145,-6.32639
0.145551,48.5117,29.7213,0,48.588,0.974225,1,106.59,-6.30123
0.0586483,64.5973,37.7591,0.3,13.2174,2.62821,1,107.076,-6.40993
0.0325019,245.479,46.8576,0.316228,17.498,2.54031,1,106.854,-6.59857
0.0461196,113.114,32.5772,0.2,26.3401,5.53784,1,106.719,-6.44945
0.0832148,82.3385,26.0374,0.2,12.1698,0.999851,1,106.715,-6.38208
0.182506,119.418,33.7106,0.2,90.6172,2.44523,1,106.814,-6.48
0.0349218,84.6221,35.6064,0.583095,0,0.335176,1,106.976,-6.46113
0.22376,364.828,50.8031,0.1,57.2827,2.85059,1,106.772,-6.63181
0.0785032,3.02489,15.5311,0.3,0,0.134187,1,106.967,-6.1593
0.192429,11.9305,27.9094,0.1,9.96756,0.620103,1,106.578,-6.13415
0.232766,46.3021,21.101,0.1,14.4436,1.29636,1,106.953,-6.3192
0.0390227,18.6844,51.9105,0.223607,0,0.602625,1,106.364,-6.24913
0.0387356,4.14779,12.1312,0.1,10.569,0.201483,1,106.739,-6.10989
0.0329845,4.29697,32.2356,0,16.986,0.944331,1,107.05,-5.98592
0.153363,175.982,40.6464,0.1,0,2.35504,1,106.798,-6.54198
0.0440905,21.7885,35.1564,0.2,0,0.225312,1,106.51,-6.19523
0.029552,46.3586,40.6156,0.707107,0,1.39313,1,107.15,-6.35244
0.0457546,47.3772,36.5903,0.141421,25.8626,2.06039,1,106.532,-6.32369
0.0995091,34.9461,34.293,0.1,43.946,0.521529,1,106.53,-6.26261
0.126449,134.904,34.782,0.1,16.419,3.49959,1,106.818,-6.48988
0.118209,9.14431,32.4101,0.1,0,1.45226,1,106.537,-6.13504
0.0729978,230.468,44.4959,0.3,0,4.12256,1,106.856,-6.57702
0.0802593,212.349,46.8812,0.141421,9.92588,1.84806,1,106.718,-6.5851
0.0779836,121.304,32.0195,0.223607,1.06468,1.67568,1,106.78,-6.46113
0.0746104,443.603,57.9818,0.1,35.2443,14.9942,1,106.818,-6.70008
0.0248281,9.20444,25.0848,0.781025,0,0.115014,1,107.053,-6.20511
0.178019,152.528,36.9725,0.1,86.8311,0.655175,1,106.84,-6.50964
0.179966,108.687,29.869,0.223607,1.23612,1.7833,1,106.869,-6.44227
0.237223,42.9333,20.1381,0,17.6703,6.15793,1,106.7,-6.30483
0.197956,17.1541,19.0951,0.223607,0,0.633753,1,106.993,-6.22398
0.086805,846.504,57.8365,0.141421,37.0681,3.35205,1,106.922,-6.6902
0.144336,231.223,45.5763,0.1,5.97013,0.518748,1,106.826,-6.5878
0.0557587,40.265,34.1905,0.1,5.93721,3.17438,1,107.094,-6.33267
0.0322382,67.081,38.7208,0.5,0,0.689726,1,107.037,-6.45664
0.244401,82.015,21.5769,0,34.0597,1.61406,1,106.827,-6.3704
0.0233331,110.17,40.2662,0.141421,1.78083,2.52081,1,106.658,-6.49796
0.0932637,99.166,30.1755,0.141421,0,2.77924,1,106.771,-6.44227
0.0857968,3.01056,18.7685,0.2,0,0.181408,1,106.993,-6.13774
0.0254703,8.82395,38.7285,0.141421,23.6334,0.578423,1,106.486,-6.09731
0.105383,10.593,32.78,0,32.0196,1.11491,1,106.536,-6.11977
0.0103874,60.0097,45.5996,0.608276,0,2.78143,1,107.121,-6.46562
0.0589117,28.4749,42.3069,0.2,0,2.82569,1,106.46,-6.28147
0.0830697,21.9067,45.0389,0,21.844,1.64105,1,107.216,-6.29854
0.208882,36.1542,32.8273,0.1,19.2711,1.90519,1,107.09,-6.31381
0.0893281,4.87854,19.9279,0.1,0,0.910181,1,107.008,-6.16559
0.0696896,34.0893,47.3952,0.2,21.3124,1.34538,1,106.408,-6.26261
0.100023,82.3701,33.9373,0.282843,0,0.656235,1,106.975,-6.44496
0.0888243,12.235,45.9754,0,0,1.12172,1,107.235,-6.25991
0.19284,41.0334,20.1576,0.1,42.4608,3.58144,1,106.683,-6.28686
0.0528382,9.57991,37.9244,0.1,0,0.536237,1,107.169,-6.21499
0.186084,161.561,38.249,0,29.0281,1.39859,1,106.836,-6.52132
0.123924,61.8593,36.5913,0.223607,0,0.244402,1,107.037,-6.43149
0.0787574,142.368,36.4621,0,38.1089,0.895603,1,106.82,-6.50515
0.186128,188.367,44.0425,0.223607,26.8637,0.539656,1,106.745,-6.56534
0.0609085,77.8678,34.7164,0.141421,51.5964,1.97471,1,107.007,-6.43328
0.134641,297.839,50.1625,0.1,9.62119,1.68958,1,106.796,-6.62822
0.0918521,8.65117,43.4297,0.141421,2.02132,1.14599,1,107.219,-6.2132
0.146168,81.866,25.4139,0.1,19.8517,2.0288,1,106.912,-6.38927
0.0987981,15.0981,39.9207,0.223607,14.783,1.16328,1,106.471,-6.23027
0.136726,4.26903,10.0224,0,45.0369,0.43579,1,106.878,-6.09911
0.132416,18.8657,40.3355,0.141421,0,2.10773,1,106.465,-6.21859
0.0776533,54.0215,27.7315,0.223607,20.9293,0.559163,1,106.632,-6.33267
0.016977,12.2957,39.1476,0.848528,0,0.728672,1,107.174,-6.25003
0.0284215,32.2664,28.2635,0.608276,0,0.623859,1,107.053,-6.29674
0.0592429,65.9348,27.7068,0.2,0,1.72289,1,106.663,-6.36411
0.102818,145.284,35.8561,0.2,34.1844,1.98755,1,106.769,-6.49437
0.0937196,6.19205,24.4703,0.141421,11.3449,0.408027,1,106.624,-6.08743
0.0693164,101.47,36.5328,0.1,19.7228,1.66231,1,106.68,-6.47101
0.329097,22.5666,36.1004,0.1,14.8516,0.572377,1,107.14,-6.27159
0.116904,29.9461,24.2653,0,0,1.426,1,106.625,-6.25991
0.0795741,48.5849,35.3936,0.1,42.5636,1.48213,1,106.542,-6.321
0.193121,27.3909,36.2671,0.141421,0,0.596661,1,106.505,-6.23386
0.086788,35.0503,40.5447,0.2,0,2.04908,1,107.153,-6.34435
0.00422713,70.3699,39.0616,0.8544,0,0.148086,1,107.036,-6.46113
0.184606,123.331,31.8731,0.282843,0,2.706,1,106.789,-6.46113
0.0848397,73.7427,25.4555,0.1,86.8741,1.57655,1,106.707,-6.3713
0.389929,14.4714,22.069,0.1,22.9237,0.496762,1,107.016,-6.24194
0.154089,9.45275,20.0594,0.1,36.2342,0.617393,1,106.648,-6.15211
0.093929,3.78041,17.5741,0.5,0,0.0825906,1,106.985,-6.15391
0.0620256,17.607,37.0917,0.1,13.7118,1.54128,1,106.492,-6.16379
0.15443,199.869,45.976,0.223607,18.682,1.39797,1,106.737,-6.58151
0.0728991,11.742,21.9541,0.141421,1.25595,0.369587,1,106.631,-6.14403
0.137802,13.6901,38.0813,0.2,0,0.223197,1,107.164,-6.25003
0.212258,98.138,27.7297,0,39.2936,1.82501,1,106.764,-6.41801
0.0321394,334.439,71.8796,0.141421,36.462,2.01398,1,107.197,-6.71086
0.334612,52.8218,19.2621,0.1,45.2226,2.8569,1,106.794,-6.34615
0.113147,15.9488,41.2397,0.141421,0,0.727034,1,107.183,-6.28955
0.0524656,38.5742,49.8832,0.1,0.384949,0.567455,1,107.238,-6.36411
0.0764233,18.137,34.2115,0.1,27.9133,1.68555,1,106.518,-6.16469
0.0780382,117.022,36.7575,0.282843,35.8411,1.4944,1,106.705,-6.48449
0.103378,88.3177,28.3841,0.1,16.4906,0.296472,1,106.928,-6.41173
0.112293,52.9332,29.6434,0.1,24.1223,2.48249,1,107.008,-6.374
0.253462,102.865,27.4709,0.1,36.1776,0.29858,1,106.814,-6.4234
0.0672584,12.5448,31.1075,0.5,0,0.0478841,1,107.103,-6.23386
0.246259,6.68265,11.007,0.1,71.0835,0.832096,1,106.742,-6.12426
0.140596,62.6628,39.503,0.141421,0,0.848137,1,107.076,-6.43239
0.131546,296.208,50.0779,0.1,19.9652,2.24946,1,106.794,-6.62732
0.0280991,18.0592,36.0786,0.360555,0,0.427973,1,106.501,-6.17637
0.173737,132.456,34.0174,0.1,12.8526,1.22002,1,106.812,-6.48269
0.0914,240.164,45.9869,0.2,0,0.747196,1,106.838,-6.59139
0.0324161,820.937,65.0833,0.141421,54.7492,6.13802,1,106.732,-6.75668
0.0477546,63.9357,36.4139,0.447214,0,3.8343,1,107.063,-6.40544
0.0246066,36.6122,52.065,0.141421,9.67838,2.13424,1,107.209,-6.45215
0.123803,15.5643,41.1637,0.141421,0,0.15609,1,107.187,-6.27518
0.130903,83.4414,26.8397,0.1,48.8209,0.56657,1,106.928,-6.39645
0.252248,75.0711,23.1997,0.223607,9.73211,1.5902,1,106.863,-6.38208
0.254584,79.4185,25.4612,0.1,45.0685,0.583566,1,106.763,-6.39645
0.0737584,22.4291,43.7169,0.3,0,0.365167,1,107.191,-6.33178
0.000859937,5.37327,42.3088,1.16619,0,1.15949,1,106.463,-6.05689
0.139371,29.8036,32.9784,0.223607,48.6646,2.09777,1,106.536,-6.23925
0.0463874,678.383,65.3423,0.141421,64.9025,5.17133,1,106.753,-6.76207
0.0526896,26.6609,23.8467,0.4,0,1.88333,1,106.654,-6.30303
0.109904,3.4027,46.4156,0.141421,23.3121,0.459251,1,106.423,-6.06228
0.0164943,82.5217,34.1766,0.4,20.0761,0.248713,1,106.63,-6.41352
0.0934379,10.2654,36.6931,0.1,0,0.716284,1,107.157,-6.21859
0.0408732,4.79593,12.234,0.141421,7.76791,1.75241,1,106.737,-6.11079
0.0885804,7.99368,32.5227,0.316228,0,0.363285,1,107.122,-6.18445
0.366639,22.7793,23.5575,0.1,26.3408,0.840379,1,107.021,-6.2644
0.0719338,118.971,36.8207,0.2,15.9941,2.84401,1,106.907,-6.49886
0.0320085,62.3194,48.6145,0.5,17.0588,2.16511,1,106.464,-6.4234
0.0600221,10.2289,44.9032,0.2,1.09674,0.280239,1,106.423,-6.13774
0.0716243,18.0478,39.2601,0.282843,0,0.400694,1,106.479,-6.24194
0.24824,89.5628,27.6549,0.1,14.0355,3.29417,1,106.757,-6.41532
0.122374,26.4831,27.0518,0.141421,25.1124,0.532176,1,107.047,-6.28327
0.061095,9.74917,26.9733,0.1,23.6232,0.204013,1,106.603,-6.08025
0.0602486,3.61846,20.2652,0.1,7.2151,0.636611,1,107.007,-6.13594
0.0400574,642.74,54.5754,0.223607,19.7897,5.81561,1,106.714,-6.65607
0.037976,14.8378,40.0959,0.223607,20.6238,3.17565,1,106.466,-6.14403
0.039524,203.588,47.5826,0.2,9.50096,1.22842,1,106.641,-6.56354
0.0571735,113.022,37.227,0.316228,0,2.89902,1,106.71,-6.49078
0.0308397,56.687,31.4737,0.583095,12.4192,0.864274,1,107.039,-6.36591
0.200266,28.8482,18.1842,0.1,21.825,0.753951,1,106.689,-6.2635
0.156744,52.2857,27.904,0.282843,0,0.342167,1,106.995,-6.36411
0.183981,94.4709,28.2332,0.223607,0,2.25293,1,106.748,-6.41801
0.0915814,841.66,57.5881,0.1,44.9314,2.69124,1,106.92,-6.68841
0.141948,67.2887,29.6557,0.1,15.679,1.48047,1,106.987,-6.39106
0.085605,6.87187,26.1665,0.3,2.30911,0.141586,1,107.062,-6.2114
0.053952,75.0077,44.0285,0.316228,0,3.24171,1,107.097,-6.46922
0.0547773,118.965,37.496,0.1,20.0093,0.593549,1,106.728,-6.49976
0.142186,71.4937,25.9233,0.2,13.3297,4.02374,1,106.922,-6.39017
0.288494,1.93029,10.533,0.141421,60.7472,0.0685174,1,106.922,-6.16469
0.401113,5.93992,14.3442,0.1,63.0891,1.08934,1,106.701,-6.14852
0.0252139,30.5884,48.0385,0.412311,0,1.06691,1,106.404,-6.27338
0.10624,20.6432,42.8754,0.2,37.4319,0.431047,1,106.44,-6.19343
0.132236,76.5998,27.0357,0.1,28.4981,2.60803,1,106.701,-6.38478
0.202507,106.434,30.1074,0.1,0,2.33214,1,106.825,-6.44766
0.0338174,88.9579,38.6236,0.2,21.8331,2.03247,1,106.592,-6.43328
0.0364492,141.432,41.336,0.1,13.3348,2.12219,1,106.697,-6.52581
0.0152098,700.644,65.6804,0.223607,32.63,13.0339,1,107.102,-6.70278
0.176528,14.762,19.2308,0.1,19.1978,0.576092,1,106.995,-6.22218
0.157832,7.89997,17.7488,0.1,2.22408,1.84409,1,106.701,-6.07665
0.17672,51.3389,36.7461,0,73.1788,1.05273,1,107.11,-6.35064
0.0317678,68.4207,30.7122,0.1,10.1885,6.88906,1,106.643,-6.38298
0.370427,9.12852,15.0879,0,52.5891,0.395415,1,106.692,-6.18625
0.024782,2.85039,21.1712,0.72111,0,0.0419797,1,107.019,-6.1584
0.310041,14.7801,15.2744,0.1,49.8338,2.24142,1,106.693,-6.20781
0.234692,37.7863,25.5176,0,13.609,1.00188,1,107.015,-6.31022
0.0791899,9.91035,30.0481,0.4,0,0.129028,1,107.096,-6.22038
0.0201874,395.533,74.119,0.1,24.737,3.2221,1,107.179,-6.7468
0.0497722,5.81738,35.3088,0.1,24.3323,0.625656,1,106.524,-6.07665
0.0411473,65.2099,43.2753,0.2,0,0.998291,1,107.164,-6.37579
0.113403,9.52561,34.4048,0.1,45.359,1.3589,1,106.521,-6.12157
0.116323,30.1025,40.7885,0.1,0,0.171762,1,106.469,-6.26171
0.0787454,186.772,41.0301,0.1,32.1218,0.856359,1,106.838,-6.54647
0.0196744,2.9916,12.5705,0.5,0,0.63624,1,106.738,-6.1045
0.0870931,40.7829,46.3958,0.1,39.0235,2.45791,1,106.424,-6.29045
0.083589,74.8292,33.343,0.1,43.8763,1.58103,1,107.001,-6.42251
0.306985,15.8368,11.0193,0.1,36.6116,2.19098,1,106.898,-6.24554
0.18525,89.4655,27.9833,0.1,0.916949,1.2573,1,106.75,-6.41622
0.0733994,22.6532,37.69,0.223607,0,2.91137,1,106.487,-6.18715
0.0962618,325.343,51.6826,0.141421,0,3.21886,1,106.806,-6.64259
0.0716069,108.514,34.9022,0.316228,48.6268,3.17564,1,106.693,-6.46113
0.00803091,143.514,48.8383,0.905538,13.478,5.39526,1,107.096,-6.52671
0.133768,47.185,31.0595,0.1,69.4205,1.21512,1,107.068,-6.321
0.314902,62.9618,22.0273,0.1,17.7223,1.44012,1,106.842,-6.374
0.0999047,213.634,44.4688,0.2,58.4619,1.43071,1,106.864,-6.57612
0.0451101,29.0086,23.7786,0.360555,2.0646,0.719083,1,106.645,-6.28866
0.115732,7.18247,21.9106,0.1,28.3366,0.889947,1,106.648,-6.09193
0.308027,16.772,29.8703,0.1,66.8682,0.856607,1,107.081,-6.27069
0.0892713,1222.83,66.4751,0.282843,9.19892,8.88138,1,107.029,-6.74231
0.156347,41.6864,29.0175,0.1,73.0325,2.08301,1,106.589,-6.28506
0.264272,28.5502,24.4695,0.223607,48.8798,2.08358,1,106.974,-6.34166
0.196099,294.731,49.8331,0.1,18.6112,2.33222,1,106.8,-6.62552
0.0796801,12.103,40.958,0.1,24.9954,0.802083,1,106.465,-6.09731
0.0359268,332.364,74.6402,0.282843,43.5638,8.661,1,107.215,-6.72883
0.0727754,67.9334,25.9402,0.2,45.1367,0.46466,1,106.693,-6.36771
0.125656,53.6886,27.0092,0.1,32.9928,1.24166,1,106.643,-6.33537
0.161339,89.0289,28.2294,0.1,0,0.824285,1,106.775,-6.4252
0.101509,243.103,48.1016,0.412311,0,1.225,1,106.666,-6.57971
0.146464,17.0762,40.7815,0.223607,0,0.190489,1,107.183,-6.27518
0.0907025,4.93123,17.9405,0.141421,10.8089,0.215291,1,106.988,-6.14942
0.0195246,69.856,37.8217,0.360555,1.6567,1.08833,1,107.021,-6.45754
0.0532732,16.1162,33.6158,0.316228,0,0.125152,1,107.123,-6.24913
0.193851,146.008,38.1408,0.1,60.1186,1.93284,1,106.824,-6.52042
0.166597,24.4042,30.7003,0.2,0,0.115615,1,106.551,-6.20511
0.101092,475.464,62.3724,0.1,60.6056,3.59658,1,106.808,-6.73961
0.0891397,46.6072,34.7006,0.141421,31.9329,2.12793,1,106.533,-6.28506
0.102649,261.052,46.8665,0.1,23.1938,2.90139,1,106.831,-6.59947
0.0779022,485.896,57.2784,0.223607,16.6529,8.80782,1,106.829,-6.6938
0.134628,528.267,53.8657,0.2,0,5.20495,1,106.865,-6.66146
0.327895,227.439,47.0902,0.141421,33.3219,2.76242,1,106.771,-6.59768
0.162815,12.4573,24.8973,0.1,27.4352,0.812009,1,107.048,-6.22128
0.113346,5.94294,13.8659,0.1,1.41397,1.15513,1,106.944,-6.12786
0.206855,34.8795,24.5076,0.141421,0,1.8079,1,106.991,-6.32549
0.0921722,22.535,36.1532,0.4,1.46912,0.147958,1,106.501,-6.19613
0.185466,46.164,22.0747,0.223607,2.22027,3.81838,1,106.701,-6.32998
0.234925,38.7781,26.9038,0.1,57.6329,2.92885,1,107.03,-6.31022
0.236952,24.7124,17.5496,0.1,5.62214,1.34309,1,106.697,-6.2653
0.166299,86.047,33.6503,0.1,43.3129,2.37486,1,106.964,-6.44766
0.115178,15.8425,40.3763,0.1,0,0.926924,1,107.178,-6.28057
0.17535,105.507,30.4613,0.1,0,3.58838,1,106.728,-6.43239
0.113575,151.475,37.3671,0,56.0318,2.65707,1,106.772,-6.50874
0.0183331,2.43148,25.7935,0.67082,0,0.218656,1,107.054,-6.11618
0.13379,19.3426,17.7062,0.1,20.1855,0.474223,1,106.672,-6.2123
0.0871306,10.5435,32.6419,0.141421,54.235,1.99745,1,106.538,-6.11708
0.018294,437.022,57.1891,0.223607,0,10.4423,1,106.506,-6.58061
0.129676,51.6193,31.7618,0,30.27,1.61183,1,106.578,-6.3183
0.112989,13.1756,45.6073,0.282843,5.12183,0.555614,1,107.231,-6.26081
0.295031,108.287,33.3873,0.1,0,2.27782,1,106.869,-6.47461
0.205609,29.0399,19.7273,0.1,19.2577,3.35818,1,106.674,-6.2653
0.21175,27.8985,31.6891,0.1,61.2949,2.10338,1,106.547,-6.23386
0.139011,43.8532,29.5462,0.2,10.0135,0.397679,1,106.592,-6.30123
0.0397934,16.0904,33.4955,0.282843,0,0.111714,1,107.122,-6.24823
0.0434839,807.211,68.7393,0.2,0,2.28937,1,107.084,-6.74231
0.0796429,8.64346,37.4784,0,15.0948,0.614339,1,107.167,-6.16738
0.216718,87.8288,28.0503,0.1,1.64997,2.09049,1,106.816,-6.42879
0.31789,54.0679,22.0646,0,37.6247,2.68336,1,106.712,-6.33806
0.113028,55.2296,40.3082,0.2,0,0.704887,1,107.104,-6.41352
0.139124,55.1506,38.805,0.3,0,0.322275,1,107.091,-6.40723
0.165382,32.5054,29.4752,0.141421,0,1.18869,1,106.573,-6.25452
0.0427394,44.2895,43.5343,0.1,24.2711,2.95795,1,106.456,-6.30662
0.143592,23.7687,36.4782,0,30.3669,1.30112,1,106.505,-6.24374
0.15195,29.5093,36.5098,0.141421,66.9826,1.87063,1,106.506,-6.24913
0.0749637,47.7009,41.1221,0,26.0168,2.30686,1,107.158,-6.34705
0.302944,17.6901,18.9405,0.1,54.6025,0.906509,1,106.657,-6.19523
0.250969,10.6766,13.5413,0.1,73.0964,0.622734,1,106.709,-6.20421
0.0698088,2.43743,18.8833,0.2,0,0.572469,1,106.993,-6.13325
0.0975615,184.139,45.4997,0.1,40.4865,0.896643,1,106.716,-6.57163
0.163469,476.971,69.2674,0.1,100.792,5.28558,1,106.771,-6.7998
0.152216,17.7985,40.5221,0.223607,0,0.258468,1,107.18,-6.27608
0.0108132,664.581,47.8055,0.608276,3.64283,7.81448,1,106.57,-6.52312
0.0628211,23.9145,40.7058,0.141421,10.7021,1.71312,1,106.462,-6.22398
0.0171132,52.7319,47.0396,0.316228,14.5878,0.130623,1,107.168,-6.43149
0.209562,112.881,30.4208,0.1,41.6371,2.02648,1,106.837,-6.45035
0.0516293,89.0535,57.2056,0.1,15.5519,0.547437,1,107.206,-6.52851
0.0915678,20.5265,39.8451,0.1,32.2696,0.745274,1,106.473,-6.24194
0.0908609,146.266,43.833,0.1,34.3467,2.25421,1,106.685,-6.54557
0.23896,29.5182,27.4033,0.141421,42.1402,0.97198,1,106.591,-6.24913
0.167095,33.3694,35.4682,0.2,60.4124,0.231553,1,106.516,-6.25362
0.0321379,445.611,41.7855,0.141421,22.048,5.69451,1,106.89,-6.54827
0.10955,311.178,50.7493,0,17.892,2.91688,1,106.797,-6.63361
0.256238,45.6156,24.3538,0.1,49.7212,1.5739,1,106.987,-6.32728
0.0457344,5.5569,25.9118,0.1,27.6939,1.30898,1,106.63,-6.04791
0.111566,801.302,67.8939,0.1,62.4097,1.48194,1,107.081,-6.73512
0.128809,26.601,43.9464,0.1,53.1433,2.71111,1,106.434,-6.23027
0.111732,114.609,33.6973,0.223607,27.7008,1.86419,1,106.737,-6.46652
0.069847,45.0088,28.3751,0.1,22.0736,1.47123,1,107.045,-6.31111
0.322913,21.7761,27.135,0.1,17.7468,0.825432,1,106.587,-6.22577
0.0859521,73.7212,32.2364,0.141421,25.92,2.33413,1,107,-6.41083
0.0969284,38.9446,40.4147,0.316228,0,1.65959,1,107.151,-6.34525
0.139065,115.221,32.3131,0.141421,27.6578,3.39789,1,106.739,-6.45395
0.0636943,48.592,41.0411,0.1,11.1004,1.14804,1,106.491,-6.33267
0.0578814,295.473,45.2596,0.141421,16.7818,7.18519,1,106.898,-6.57881
0.200231,92.9892,29.905,0,48.2878,4.0871,1,106.92,-6.42969
0.274698,82.1489,27.0433,0.1,50.3455,2.89302,1,106.939,-6.39286
0.075288,7.73483,30.8211,0.223607,2.04044,0.0777449,1,106.551,-6.14313
0.128789,12.5645,32.7325,0.1,33.5551,0.878694,1,106.534,-6.13325
0.0627984,73.7828,36.0425,0.1,2.00045,3.45337,1,107.001,-6.45125
0.134776,12.9926,36.4927,0.1,0,0.313588,1,107.153,-6.23027
0.052829,42.7972,40.5782,0.223607,21.2206,0.751887,1,106.479,-6.28955
0.0307281,49.3965,43.2522,0.640312,0,1.92007,1,107.175,-6.35603
0.200503,119.447,32.4856,0.1,72.0115,0.38019,1,106.827,-6.46922
0.073658,19.3698,47.2019,0.1,19.9249,0.743284,1,106.402,-6.21499
0.0701028,101.617,36.1349,0.2,60.4337,1.14813,1,106.679,-6.46652
0.126298,331.904,51.8363,0.1,67.2676,4.19267,1,106.817,-6.64439
0.0732271,300.969,48.3585,0.1,33.8645,1.24671,1,106.834,-6.61295
0.0387407,43.2748,39.9637,0.3,0,3.1648,1,106.488,-6.29854
0.0804079,47.73,26.0746,0.1,36.5146,2.32852,1,106.642,-6.321
0.101251,14.1998,40.2607,0.1,12.6384,0.70866,1,107.182,-6.25991
0.063417,26.3828,49.3463,0.141421,33.2211,1.55592,1,107.24,-6.34794
0.311672,38.8736,19.1636,0.1,26.1967,0.511847,1,106.709,-6.30123
0.0141956,93.4246,55.7152,0.2,77.0913,6.95963,1,106.399,-6.44047
0.0904155,13.9991,39.7765,0.1,23.396,0.635365,1,107.186,-6.2132
0.215422,23.8069,25.9052,0,52.7111,1.30305,1,107.035,-6.28506
0.0145877,7.13408,27.3145,0.608276,0,0.23948,1,107.073,-6.20242
0.144991,11.5773,32.987,0.1,28.7294,0.582718,1,106.533,-6.12965
0.097189,51.2801,41.8653,0.1,22.8512,1.57478,1,107.12,-6.41622
0.112529,59.8988,39.0801,0.223607,0,0.727158,1,107.074,-6.42879
0.321024,6.40967,14.2536,0,9.48105,1.19369,1,106.709,-6.12516
0.102959,42.2399,26.3492,0.282843,4.44544,1.70495,1,107.005,-6.33447
0.298215,1050.68,65.8413,0.1,205.446,3.43697,1,107.042,-6.73153
0.136254,148.713,36.4158,0.1,57.2683,0.992141,1,106.903,-6.49617
0.0277476,40.6244,42.8938,0.728011,0,0.630472,1,107.173,-6.35244
0.0595659,11.3578,36.4602,0.223607,7.58535,0.390033,1,106.502,-6.12157
0.0202192,1.70057,48.5614,0.1,26.4955,0.378749,1,107.242,-6.02904
0.17137,159.919,38.3085,0,36.6957,0.550651,1,106.849,-6.52132
0.0429391,15.3594,32.366,0.565685,0,0.536719,1,107.111,-6.24913
0.322559,14.9058,22.6029,0.1,48.2525,0.233654,1,107.028,-6.21859
0.0256243,339.508,53.8839,0.316228,22.3678,1.84116,1,107.095,-6.5833
0.196496,19.7512,20.1227,0.1,21.7639,0.723009,1,107.001,-6.22937
0.310069,30.9079,22.8798,0,1.20967,0.870354,1,106.631,-6.24105
0.0147013,507.042,73.5489,0.2,61.9389,1.7108,1,106.373,-6.66146
0.151797,208.989,49.4972,0.1,44.4922,2.18162,1,106.637,-6.58061
0.140591,192.455,43.5,0.1,42.0143,1.82964,1,106.866,-6.56713
0.122116,30.2373,34.6019,0.360555,5.9887,0.298437,1,106.524,-6.25003
0.0283432,31.6694,23.4912,0.583095,0,1.51722,1,106.65,-6.29225
0.163646,176.843,44.7857,0.282843,0,2.62253,1,106.735,-6.56983
0.0208082,44.8313,41.9378,0.447214,0,2.15109,1,107.161,-6.35603
0.0664271,46.5272,32.0394,0.1,23.0468,1.59508,1,106.573,-6.31381
0.0561644,3.6973,49.769,0.1,5.5245,1.08637,1,106.394,-6.0524
0.0477293,272.364,48.1444,0,20.544,1.03479,1,106.854,-6.61025
0.225232,23.7843,25.785,0,19.8123,0.440741,1,107.032,-6.28776
0.174215,22.585,38.3856,0.316228,0,0.686329,1,107.159,-6.28057
0.163493,9.51053,25.07,0.1,0,1.38431,1,106.607,-6.12157
0.166192,116.03,29.8844,0.1,8.85573,1.33801,1,106.785,-6.44227
0.0796817,710.813,57.0192,0.1,68.7745,4.34873,1,106.898,-6.68661
0.0476562,8.80597,36.2142,0.223607,0,0.0749043,1,107.153,-6.2123
0.0729931,665.67,56.4366,0.2,15.2206,4.36912,1,106.892,-6.68212
0.0763886,48.1375,27.0364,0.1,43.1204,2.6242,1,107.008,-6.34076
0.187262,63.5443,22.9184,0.1,50.9402,1.02374,1,106.948,-6.34435
0.184717,129.338,33.7153,0.2,28.8944,3.09351,1,106.813,-6.48
0.0569028,55.3146,37.3433,0.223607,5.04646,1.03349,1,107.088,-6.39106
0.092241,8.14186,29.086,0.360555,0,0.627436,1,106.568,-6.12876
0.0480164,56.2538,32.5569,0.282843,0,1.84264,1,107.033,-6.38657
0.169191,74.6517,24.6045,0,47.6597,2.83723,1,106.731,-6.37579
0.148688,69.0819,24.4765,0,0,0.597662,1,106.705,-6.35962
0.0404306,137.501,62.6051,0.1,77.6728,2.9978,1,106.389,-6.5339
0.17107,49.6647,23.4266,0.141421,0,1.32241,1,106.699,-6.34345
0.16185,174.35,45.208,0.1,74.6708,1.49062,1,106.691,-6.56085
0.246853,7.06665,17.5091,0.1,3.85134,0.847507,1,106.701,-6.08025
0.0239937,62.2732,41.5743,0.67082,2.15777,2.71141,1,106.496,-6.35244
0.0356568,136.97,40.9779,0.2,22.0814,1.40162,1,106.694,-6.52132
0.0208808,26.401,47.8261,0.2,11.1002,0.818768,1,107.211,-6.37669
0.165578,23.1212,18.9616,0.1,29.9545,1.00048,1,106.664,-6.22577
0.12847,8.3916,29.8359,0.2,0,0.176613,1,106.566,-6.10899
0.264654,96.9288,27.1685,0.141421,7.24092,2.15206,1,106.803,-6.41981
0.0699798,59.7298,30.5953,0.412311,0,0.21859,1,106.999,-6.39286
0.247285,5.5594,11.1784,0.1,98.656,0.806914,1,106.74,-6.12426
0.102356,63.4136,29.826,0.223607,59.8004,1.59789,1,107.004,-6.37939
0.137727,208.515,44.1899,0.1,0,1.27409,1,106.824,-6.57522
0.164401,126.756,34.6117,0.223607,0,2.78835,1,106.812,-6.48808
0.0246883,66.6586,44.5848,0.447214,5.62419,4.74331,1,106.463,-6.34884
0.0948218,14.1874,31.4259,0.141421,31.3237,0.395308,1,107.104,-6.24284
0.273881,33.8989,16.6395,0.141421,0,1.62877,1,106.711,-6.27069
0.0608142,111.077,36.7991,0.141421,40.2287,1.51797,1,106.678,-6.47281
0.175133,106.958,30.6341,0.141421,0.782994,3.17903,1,106.731,-6.43508
0.145943,100.991,29.8342,0.1,20.2767,1.0831,1,106.901,-6.43508
0.292597,15.0823,16.2398,0.141421,8.23041,0.279666,1,106.693,-6.23476
0.367006,21.8546,15.6083,0.1,60.9176,0.415237,1,106.707,-6.24823
0.195603,133.745,33.7311,0.3,79.66,0.566451,1,106.81,-6.48
0.326939,25.9996,21.5436,0.2,6.09153,0.17596,1,106.976,-6.30123
0.091353,8.19943,33.3047,0.2,0,1.15605,1,106.532,-6.11798
0.022023,88.4605,49.7178,0.316228,0,7.36606,1,106.466,-6.44317
0.337502,40.0647,18.8249,0.2,47.1864,3.50153,1,106.775,-6.33717
0.215192,292.804,49.2791,0.1,54.208,2.20888,1,106.776,-6.61834
0.0928618,559.127,54.3834,0.223607,0,10.6151,1,106.868,-6.66595
0.0801252,98.2404,33.8689,0.141421,31.6778,1.74342,1,106.677,-6.44227
0.0680552,42.3672,39.9601,0.316228,0,0.931419,1,107.14,-6.35783
0.153931,93.2145,27.2027,0.141421,0,0.810785,1,106.745,-6.40723
0.115867,230.125,45.6798,0.141421,0,2.70347,1,106.833,-6.58869
0.225393,36.7385,19.0037,0.1,9.38051,1.2491,1,106.922,-6.3192
0.0802596,27.2502,40.0208,0.141421,1.60685,3.70739,1,106.475,-6.25811
0.071411,2.68737,18.1995,0.1,27.5517,0.47431,1,106.989,-6.14133
0.133293,34.8532,27.5465,0.2,0,2.00241,1,107.023,-6.32998
0.00358202,2.90377,21.2533,1.06301,0,0.0804846,1,107.018,-6.14493
0.011795,640.923,48.3716,0.360555,23.5137,6.47031,1,106.972,-6.58869
0.23859,49.3693,26.5993,0,9.66806,1.27839,1,106.965,-6.3731
0.0267243,68.4794,38.5658,0.4,0,0.632465,1,107.033,-6.45754
0.0840685,85.1223,28.6385,0.2,49.0135,0.827021,1,106.71,-6.40634
0.0447445,63.0345,30.5569,0.1,25.8865,1.47955,1,106.642,-6.38028
0.0172675,80.0085,48.689,0.632456,0,6.33906,1,107.162,-6.46203
0.176133,13.0668,39.3703,0.1,3.31572,1.54554,1,106.473,-6.2123
0.241149,45.4819,20.6656,0.1,50.6083,2.37956,1,106.946,-6.3201
0.0623779,71.4452,36.2323,0.282843,0,0.329743,1,107.003,-6.45215
0.082117,37.2881,31.8591,0.4,0,0.825583,1,107.074,-6.32459
0.0483227,3.24724,22.1677,0.447214,1.06205,0.177327,1,107.016,-6.1054
0.331446,10.3787,20.4317,0.1,46.9317,0.530027,1,107.011,-6.19613
0.0787826,1011.03,70.8763,0.4,0,7.77258,1,107.054,-6.77554
0.2227,60.0732,27.2556,0.141421,49.2645,2.7676,1,106.977,-6.3713
0.0956773,7.8157,16.8362,0.2,0,0.307981,1,106.98,-6.16918
0.0759864,410.843,52.9772,0.2,20.6109,2.48563,1,106.678,-6.63091
0.022206,72.1691,37.4901,0.360555,0,0.462994,1,107.019,-6.45574
0.0693126,3.96047,32.6719,0,3.08617,0.858088,1,106.558,-6.0542
0.0517142,180.733,38.3375,0.3,0,5.50429,1,106.878,-6.51862
0.0308773,2.0631,25.6295,0.632456,0,0.01048,1,106.621,-6.06857
0.071664,18.5108,39.2233,0.424264,0,0.426163,1,106.479,-6.24015
0.14961,80.9162,28.8952,0.2,0,1.32177,1,106.927,-6.41712
0.166166,194.032,43.4106,0.141421,47.395,2.53027,1,106.732,-6.55635
0.253142,21.0804,22.1412,0.1,57.7228,1.01587,1,106.629,-6.19882
0.11706,118.411,31.0093,0.1,41.5941,2.37031,1,106.772,-6.45035
0.0447946,17.772,36.3817,0.509902,0,0.127378,1,106.498,-6.18086
0.161095,14.6444,31.1638,0.1,13.2243,0.710178,1,107.1,-6.24733
0.128451,16.6055,38.6467,0.316228,0,0.121133,1,107.162,-6.27698
0.121309,489.519,68.7028,0.1,72.5091,3.61652,1,106.768,-6.79441
0.0786038,39.3315,28.1859,0.223607,4.35015,1.13899,1,107.024,-6.33806
0.0396322,2.63161,23.5252,0.72111,0,0.0282496,1,107.038,-6.14403
0.0635054,276.448,52.2664,0.1,29.4148,3.31891,1,106.559,-6.56444
0.0997192,6.36489,46.5205,0.141421,14.6015,0.695127,1,107.249,-6.16289
0.145569,12.3491,25.0519,0.2,0,0.66616,1,107.05,-6.21949
0.146503,16.2373,31.8531,0.1,4.6559,0.835849,1,107.105,-6.25452
0.21291,167.972,39.2545,0.1,41.4606,0.714613,1,106.799,-6.5294
0.0646874,10.8398,46.1103,0.223607,0,0.230216,1,107.237,-6.25722
0.124884,530.796,63.9206,0.1,69.9729,2.59801,1,106.796,-6.75309
0.0933183,10.6306,29.9579,0.1,25.5955,0.367717,1,107.094,-6.22577
0.272707,24.0708,17.3822,0.1,8.40387,2.73467,1,106.697,-6.26261
0.136246,62.7747,29.2009,0.1,1.4368,2.01142,1,106.635,-6.35603
0.286338,15.3494,18.6487,0.223607,0,0.84005,1,106.989,-6.22488
0.269001,80.5898,26.2484,0.2,0,3.71685,1,106.834,-6.41262
0.0300562,37.4194,47.7162,0.424264,0,6.36675,1,107.199,-6.39556
0.144279,15.6356,40.2252,0,15.9002,1.6646,1,106.466,-6.21769
0.139272,71.0738,26.2483,0.1,28.1643,3.95666,1,106.921,-6.39376
0.0383013,32.0825,25.8967,0.1,0,2.43804,1,106.618,-6.27967
0.128181,771.94,55.4188,0.1,64.153,4.57687,1,106.923,-6.66775
0.189458,136.227,33.5389,0.1,81.0016,0.761966,1,106.809,-6.4782
0.165607,12.7286,24.3736,0.2,0,0.194061,1,107.045,-6.21499
0.0493675,40.7481,43.6921,0.2,0,1.9413,1,107.183,-6.34884
0.00111167,375.656,61.6239,1.47648,37.6345,4.0943,1,107.093,-6.66595
0.147335,9.35194,26.4007,0.223607,0,0.180864,1,106.595,-6.12247
0.223368,10.0388,29.0896,0.1,69.3751,0.794151,1,106.566,-6.14762
0.0295741,11.9503,39.0179,0.538516,0,0.221152,1,107.172,-6.25272
0.0763173,2.79165,18.7394,0.1,1.82604,0.736051,1,106.992,-6.13504
0.0121347,5.83764,44.4744,0.223607,23.0034,0.705935,1,107.209,-6.04611
0.172031,293.946,48.1545,0.1,59.1256,2.79859,1,106.827,-6.61115
0.0710978,2.46658,19.4651,0.223607,0,0.395082,1,107.003,-6.1611
0.187112,81.7181,28.9181,0.223607,9.2145,1.18095,1,106.93,-6.41622
0.0365366,40.3622,25.2251,0.608276,13.9086,0.78634,1,106.639,-6.30303
0.227631,157.262,39.4412,0.1,90.2973,4.10553,1,106.818,-6.5321
0.188957,125.985,32.3273,0,81.2308,2.01803,1,106.792,-6.46562
0.123464,36.1964,32.7263,0.1,0,2.74239,1,106.551,-6.27967
0.184204,9.42147,25.5004,0.1,44.291,1.31606,1,107.054,-6.22218
0.195926,18.3832,33.5437,0.1,0,0.913184,1,107.119,-6.25991
0.0387025,240.381,46.7673,0.223607,20.3435,1.91417,1,106.867,-6.59678
0.185193,88.2562,31.5316,0.1,54.2414,2.99193,1,106.97,-6.42251
0.0507353,20.4041,46.4801,0.1,15.3288,0.932915,1,106.408,-6.19972
0.093488,152.876,37.1031,0.223607,0,1.34113,1,106.809,-6.51054
0.106223,9.28359,25.4395,0.223607,0,0.0709455,1,106.602,-6.13055
0.0956104,119.247,31.904,0.223607,43.1936,1.53688,1,106.772,-6.45844
0.0579104,116.835,37.0225,0.141421,28.8466,1.09788,1,106.715,-6.49078
0.0909435,125.142,32.662,0.3,0,0.693043,1,106.76,-6.46293
0.174618,39.1334,30.6737,0.141421,29.3024,2.20415,1,107.058,-6.32998
0.066965,64.7065,34.4024,0.282843,0,0.249268,1,107.01,-6.4279
0.114335,68.2951,25.2757,0,65.8622,1.87415,1,106.699,-6.36411
0.0155057,82.8958,45.6938,0,23.5041,1.45786,1,106.5,-6.4279
0.134227,37.2201,39.9029,0.1,36.6442,2.10555,1,107.144,-6.34884
0.0958293,39.6902,28.8694,0.1,27.5585,0.613147,1,107.049,-6.31381
0.0471306,128.388,39.7682,0.1,19.2311,0.738016,1,106.682,-6.50425
0.106332,146.689,35.4128,0.1,29.3002,1.64251,1,106.772,-6.49078
0.0585133,392.986,53.1936,0.1,72.1357,1.38098,1,106.801,-6.65607
0.228835,30.8854,38.7718,0.1,57.1007,0.421916,1,107.144,-6.32639
0.107021,11.7835,39.1756,0.1,22.6491,1.7075,1,107.178,-6.22667
0.0512297,169.316,45.2482,0.1,36.9392,1.7772,1,107.051,-6.51862
0.0873539,88.5328,29.5817,0.1,0,2.08803,1,106.715,-6.41801
0.0853637,42.7075,46.4783,0.1,22.9601,2.15797,1,106.424,-6.29315
0.156459,36.1084,29.7933,0.2,0,0.690402,1,107.053,-6.32369
0.316513,25.5395,21.7851,0.141421,15.5344,1.00011,1,106.975,-6.30662
0.134703,340.558,51.4357,0.1,24.6401,2.87757,1,106.819,-6.6408
0.0326328,30.2639,28.4382,0.412311,0,0.558897,1,107.054,-6.29674
0.00146972,92.7078,59.152,2.60768,0,4.91614,1,106.379,-6.46742
0.18634,22.2322,20.2753,0.223607,3.92093,0.483388,1,106.654,-6.23386
0.261651,8.62495,26.7616,0.1,48.3659,0.210177,1,106.586,-6.16738
0.0283965,12.7126,35.7006,0.282843,0,0.423998,1,107.145,-6.23476
0.208345,150.962,38.4335,0.1,59.7844,6.10245,1,106.803,-6.52222
0.0482994,318.611,49.8813,0.316228,0.119359,5.31522,1,106.732,-6.61654
0.122222,529.744,53.0922,0,15.1251,4.01106,1,106.757,-6.65068
0.0391659,124.794,39.3725,0.1,13.3443,0.812448,1,106.695,-6.50605
0.158259,28.7643,25.1468,0,1.11014,0.919486,1,106.616,-6.25901
0.315478,10.6541,27.7391,0.1,23.2247,0.959972,1,107.073,-6.22667
0.254113,7.40823,10.3231,0.1,91.1924,1.00372,1,106.758,-6.11259
0.0933675,133.19,36.1492,0.141421,23.9481,3.50853,1,106.745,-6.49168
0.0190511,202.888,45.3654,0.316228,20.544,9.16597,1,107.073,-6.50425
0.393779,13.2718,12.4797,0,26.4901,4.07387,1,106.939,-6.19074
0.106828,43.0382,31.5355,0.141421,42.0436,1.45406,1,107.072,-6.32189
0.192965,88.8678,27.4746,0.141421,39.0042,2.74749,1,106.774,-6.41801
0.0462192,49.5067,27.2782,0.141421,14.3501,1.43095,1,106.63,-6.32369
0.0550009,8.92505,36.724,0.1,19.6788,0.385411,1,107.144,-6.07396
0.196391,75.2832,31.7938,0.2,0,5.48769,1,106.951,-6.43508
0.169389,37.6755,32.1938,0.1,3.33347,0.638782,1,107.081,-6.3183
0.064753,87.6184,35.1601,0.2,0,0.412308,1,106.973,-6.45844
0.0838748,112.502,31.8223,0.141421,7.5387,4.1503,1,106.722,-6.44317
0.112942,33.9335,26.6117,0.1,16.8191,2.41913,1,107.011,-6.33088
0.0505221,45.9418,41.1111,0.4,21.0064,2.17266,1,106.48,-6.30662
0.234653,37.0874,31.7012,0,58.877,0.910675,1,106.554,-6.26171
0.141949,144.535,35.5044,0.141421,0,0.294084,1,106.783,-6.49347
0.0652984,16.5672,44.4269,0.1,22.0113,0.338852,1,106.427,-6.14672
0.33161,30.9788,20.355,0.1,52.3004,2.71851,1,106.961,-6.30213
0.0188707,29.814,45.0389,0.223607,3.45338,1.24832,1,107.164,-6.40544
0.0975697,62.3268,30.134,0.223607,0,0.191258,1,106.994,-6.39106
0.16526,122.401,34.1732,0.1,44.8741,4.52432,1,106.831,-6.48449
0.0717379,41.8912,25.3308,0,0,1.17871,1,106.62,-6.27159
0.156185,34.176,25.6126,0.141421,24.7854,4.0147,1,106.661,-6.33627
0.0662407,2.10067,20.6242,0.223607,0,0.203273,1,107.003,-6.11169
0.251874,52.6633,21.1844,0.1,20.7979,1.88849,1,106.943,-6.32818
0.0800249,18.541,39.6481,0.1,8.84022,3.23125,1,106.476,-6.24644
0.11379,30.969,40.385,0.3,0,1.67674,1,106.471,-6.25722
0.252736,47.8822,20.1846,0,13.287,0.848097,1,106.942,-6.3174
0.141417,112.904,32.4725,0.1,23.0362,4.00472,1,106.74,-6.45574
0.0837092,5.82095,27.2952,0.141421,15.3141,0.550358,1,107.069,-6.12157
0.209676,122.102,34.4878,0.1,14.4806,1.37658,1,106.838,-6.48718
0.127882,26.5359,42.5414,0.2,34.3831,0.811084,1,107.185,-6.3192
0.0157426,75.5848,38.0976,0.1,19.2072,2.23296,1,107.023,-6.45934
0.0814366,23.0054,45.679,0.141421,18.9936,1.82221,1,107.204,-6.34525
0.341995,10.1865,27.5039,0,27.8121,1.24014,1,107.07,-6.23296
0.094688,11.3186,24.3196,0.223607,0,2.5295,1,106.611,-6.13774
0.153904,78.3941,24.8684,0.1,22.8723,0.160584,1,106.726,-6.37579
0.302065,47.0585,19.8553,0.1,50.2436,2.92737,1,106.935,-6.3192
0.0114552,378.391,75.3905,0.67082,0,6.54149,1,107.206,-6.7432
0.231343,179.753,43.105,0.1,21.855,0.591724,1,106.82,-6.56534
0.0725442,9.31355,33.1105,0.3,0,0.282706,1,106.534,-6.11348
0.103296,83.6948,33.4812,0.1,59.2163,0.655456,1,106.969,-6.44317
0.114697,154.597,36.9357,0.2,0,0.625798,1,106.805,-6.50874
0.189488,143.11,36.8743,0,76.1557,6.95909,1,106.855,-6.50785
0.150984,31.0157,24.7047,0.223607,7.61273,0.290931,1,106.62,-6.25722
0.0967445,65.1055,27.056,0.3,0,1.50613,1,106.68,-6.3704
0.418458,23.2114,33.0059,0.1,48.087,3.0922,1,107.107,-6.27967
0.277704,7.24872,13.786,0.1,0,0.200141,1,106.703,-6.18445
0.223508,27.939,35.779,0.1,0,0.950544,1,106.509,-6.23386
0.14581,169.715,40.1152,0.2,0,1.11161,1,106.792,-6.53659
0.122356,47.5651,39.9714,0.2,0,0.952121,1,107.111,-6.40005
0.0809606,106.623,37.4773,0.141421,5.46663,0.522314,1,106.699,-6.48898
0.105338,5.1351,24.0742,0.282843,0,0.582905,1,107.044,-6.14672
0.20168,166.11,38.6687,0.1,6.48357,1.44804,1,106.813,-6.52491
0.367395,38.8429,15.6037,0.1,77.5434,3.58685,1,106.849,-6.31471
0.023364,20.0476,49.5193,0.3,33.9955,1.71051,1,106.383,-6.22757
0.0713454,73.0055,28.4834,0.316228,0,0.36441,1,106.692,-6.39466
0.0261492,2.82502,25.4096,0.447214,14.2692,0.831131,1,107.039,-6.08474
0.267006,176.811,41.8078,0.1,60.1673,0.442484,1,106.826,-6.55366
0.037741,555.591,53.2267,0.1,24.7741,4.1034,1,106.726,-6.64619
0.135258,8.96517,26.1429,0.2,58.9892,0.823487,1,106.596,-6.12516
0.136899,39.1371,27.3479,0.1,0,0.648493,1,107.019,-6.33267
0.184328,164.498,39.4767,0.1,67.341,1.56885,1,106.788,-6.5303
0.0669852,56.3322,37.8447,0.2,18.9637,1.10002,1,106.549,-6.374
0.239561,212.531,46.5635,0.141421,49.0278,0.926387,1,106.755,-6.59049
0.0296035,54.1353,46.5779,0.424264,0,0.938761,1,106.43,-6.31561
0.337193,15.255,18.211,0.1,47.8287,0.965249,1,106.985,-6.22308
0.0739167,37.0284,24.6324,0.4,0,1.20907,1,106.624,-6.2662
0.15947,514.642,56.5086,0.141421,55.6737,6.96036,1,106.842,-6.68661
0.0150713,3.32736,27.8991,0.141421,16.1706,0.499875,1,107.051,-6.05689
0.151704,45.9311,34.1266,0.141421,24.0874,2.53477,1,106.566,-6.33896
0.100745,0.280229,15.2186,0.2,23.3977,0.274223,1,106.954,-6.11977
0.28754,18.0365,22.6539,0.1,0,1.89895,1,106.623,-6.1584
0.0926524,48.2205,26.4307,0,32.2859,2.97255,1,106.648,-6.33357
0.042806,86.5172,30.3673,0.141421,14.5331,0.227964,1,106.679,-6.40634
0.188055,38.0158,32.1698,0.141421,11.8397,0.492513,1,106.551,-6.2644
0.218417,121.145,33.1447,0.1,12.8621,2.35167,1,106.878,-6.47101
0.072583,79.7988,30.8104,0.141421,12.1698,3.8235,1,106.636,-6.37759
0.00786088,1.05234,25.1557,0.1,13.5638,0.335136,1,106.657,-6.02365
0.0321631,47.2988,49.525,0.1,24.2048,0.939727,1,106.401,-6.31111
0.296964,6.25291,15.1544,0,62.9629,1.16433,1,106.706,-6.11169
0.109821,64.7714,36.006,0.1,59.5171,3.34378,1,107.027,-6.43328
0.137061,148.863,39.6645,0.141421,66.2823,1.93067,1,106.759,-6.52761
0.115244,14.8028,25.5173,0.1,21.0166,1.04017,1,106.599,-6.14223
0.230416,48.747,20.6272,0.1,43.1434,0.366943,1,106.948,-6.3174
0.331006,7.12658,14.2802,0.1,100.114,1.21895,1,106.71,-6.12247
0.0575685,95.929,43.3949,0,24.3874,4.5869,1,107.093,-6.46473
0.12786,192.79,43.5291,0.141421,34.9817,2.46331,1,106.859,-6.56803
0.103706,6.05007,22.1838,0.2,0,0.0999044,1,107.028,-6.17457
0.075942,11.1956,40.0494,0.1,26.5958,0.728308,1,107.19,-6.17547
0.179534,32.3005,33.5812,0.1,1.87721,1.72216,1,106.531,-6.24015
0.0951773,89.7216,28.2019,0.141421,88.2921,1.96404,1,106.909,-6.41712
0.0201994,42.0585,46.1021,0.509902,14.348,4.10655,1,107.168,-6.41712
0.124048,157.604,38.7734,0.1,0,0.593675,1,106.775,-6.52222
0.0690968,8.85054,39.5409,0.141421,0,0.0682686,1,107.185,-6.19882
0.271979,8.9151,17.9242,0.141421,53.2524,0.339482,1,106.667,-6.15032
0.120558,93.3849,34.671,0.141421,31.1526,2.30722,1,106.966,-6.45664
0.165841,9.00195,17.5311,0.1,9.39624,0.542723,1,106.702,-6.07755
0.0229278,61.0976,52.4465,0.360555,12.5933,3.41252,1,107.185,-6.48808
0.069829,40.6602,28.2069,0.223607,13.034,2.88602,1,107.044,-6.31111
0.0825909,49.399,28.1705,0,51.0519,0.401591,1,107.017,-6.34615
0.0986088,37.6467,32.9819,0.141421,45.206,0.460801,1,106.552,-6.29045
0.0555104,4.67232,35.3423,0.509902,0,0.689545,1,107.123,-6.0515
0.0813079,34.6819,49.9498,0,45.182,3.90485,1,107.246,-6.34705
0.0178211,296.711,44.3884,0.1,21.857,3.20935,1,106.949,-6.55815
0.128441,84.7548,27.3963,0.1,11.024,0.950686,1,106.716,-6.39645
0.12189,7.39938,16.9319,0.2,0,0.129221,1,106.981,-6.17008
0.28094,124.838,35.9819,0.1,82.6154,1.08098,1,106.883,-6.49617
0.0675987,513.612,62.5353,0.1,40.2239,11.7041,1,106.831,-6.74141
0.355008,11.2803,7.31341,0.1,18.9499,6.48251,1,106.891,-6.15571
0.266265,34.0322,35.757,0.1,5.8961,0.934385,1,107.125,-6.30393
0.0854565,54.5398,37.0271,0.1,21.4706,0.229418,1,107.099,-6.3713
0.0487315,208.098,44.0932,0.316228,8.43628,1.78118,1,106.833,-6.57432
0.217775,8.8407,15.1507,0.1,0,0.427856,1,106.965,-6.18086
0.0323174,112.532,39.2337,0.316228,7.43844,1.65181,1,106.648,-6.48179
0.0467461,783.807,74.2148,0,47.0813,3.80225,1,107.078,-6.7989
0.0580893,18.1116,36.3857,0.509902,0,0.154481,1,106.498,-6.18265
0.188187,33.049,29.5117,0.2,0,0.737134,1,106.572,-6.25272
0.0943647,71.4836,25.7622,0.1,3.84335,1.52964,1,106.71,-6.37669
0.141169,7.06775,16.929,0.1,0,0.16256,1,106.981,-6.17098
0.0311972,58.9074,45.5235,0.282843,23.2893,3.87356,1,107.103,-6.48179
0.0483972,9.95634,35.4803,0.2,9.25013,0.497373,1,107.147,-6.20871
0.0923344,451.275,52.148,0.1,44.8598,5.99038,1,106.86,-6.64619
0.0105833,812.469,70.1588,0.806226,0,9.02364,1,106.61,-6.77195
0.0893432,32.275,39.1604,0.141421,24.8424,0.169086,1,106.486,-6.26889
0.160095,34.8084,23.2673,0.141421,28.9912,1.44982,1,106.632,-6.25362
0.103339,143.843,36.0033,0.1,90.4596,1.38451,1,106.811,-6.50066
0.0268129,124.215,58.3363,0.223607,17.6317,0.281365,1,107.16,-6.586
0.246971,84.3834,25.489,0.1,46.6535,2.77961,1,106.763,-6.39645
0.235937,96.2798,29.213,0.223607,0,2.21926,1,106.828,-6.43957
0.146037,40.6254,28.1087,0.223607,0,0.897397,1,106.595,-6.27698
0.136518,19.6908,42.6172,0.1,4.59423,1.18543,1,107.202,-6.26889
0.00498801,409.84,54.1766,0.72111,9.64419,2.0445,1,106.539,-6.57163
0.304882,222.572,46.2333,0.1,9.62852,1.23286,1,106.769,-6.58959
0.178215,493.329,53.6321,0,43.3988,3.27429,1,106.86,-6.65966
0.0474151,627.646,54.0788,0.4,9.63464,3.85532,1,106.727,-6.65427
0.0654833,248.88,44.6461,0.447214,0,4.93349,1,106.871,-6.57702
0.187102,17.963,19.9127,0.360555,0,0.668579,1,107.001,-6.22577
0.0187126,10.3134,39.5717,0.565685,0,0.381135,1,107.178,-6.24733
0.181267,4.91271,22.8029,0.1,0,1.11803,1,107.034,-6.16559
0.234644,29.9057,24.365,0.1,0,1.02202,1,106.621,-6.25093
0.370315,12.1079,16.6042,0.1,21.6588,1.00099,1,106.966,-6.23476
0.139354,58.5272,37.0588,0.141421,34.1433,2.13763,1,107.105,-6.36411
0.228277,38.3849,33.1832,0.1,57.6283,0.352821,1,107.093,-6.31561
0.0495183,36.2762,24.1502,0.3,0,0.809705,1,106.64,-6.28776
0.0133252,10.0724,39.9022,0.7,0,0.0598006,1,107.182,-6.24464
0.304854,8.81384,27.7189,0.1,20.1139,1.32459,1,107.073,-6.22577
0.172474,39.514,30.787,0.1,45.0892,1.58974,1,107.066,-6.3192
0.23501,321.582,48.9491,0.2,6.09488,3.31482,1,106.825,-6.61834
0.0442199,60.527,32.2853,0.360555,0,0.246747,1,107.028,-6.38747
0.0565132,312.808,78.2477,0.223607,40.3704,1.8782,1,107.189,-6.78453
0.311771,20.584,22.2521,0.141421,0,2.97772,1,106.637,-6.23925
0.122699,125.829,34.6716,0.2,69.2949,2.70695,1,106.833,-6.48898
0.221826,100.444,28.1132,0.1,24.4628,0.520837,1,106.791,-6.427
0.134215,48.375,26.0445,0.1,21.8198,1.27826,1,107,-6.33627
0.0763997,84.3807,25.9839,0.141421,32.3749,0.485685,1,106.718,-6.38298
0.0232716,16.1614,47.0901,0.424264,22.6489,1.28842,1,106.406,-6.23655
0.0392814,660.453,54.4068,0.141421,6.9992,3.50166,1,106.729,-6.65786
0.180523,58.6948,29.3101,0.282843,0,0.733857,1,106.951,-6.40993
0.0647158,37.6211,24.5655,0.1,16.8537,0.487869,1,106.629,-6.27428
0.0726132,120.583,32.2647,0.1,6.21143,3.91441,1,106.778,-6.46293
0.182775,13.2377,24.4118,0,0,0.401175,1,107.044,-6.22128
0.0838748,2.80236,15.5941,0.5,0,0.229046,1,106.967,-6.15481
0.215326,155.778,38.5352,0.1,87.8815,2.53662,1,106.829,-6.52401
0.0257757,56.1711,29.5318,0.824621,7.1891,0.48333,1,106.621,-6.34525
0.172929,2.24721,16.8009,0.223607,10.7429,1.20054,1,106.709,-6.08025
0.0463691,11.9461,38.7057,0.6,0,0.286326,1,107.169,-6.25183
0.131671,7.70593,16.8298,0.141421,0,0.0451648,1,106.98,-6.17098
0.215712,102.33,28.1893,0.1,45.7447,1.4747,1,106.762,-6.42161
0.0975142,140.418,35.5314,0.141421,13.6308,2.34184,1,106.757,-6.48898
0.255466,28.5013,38.128,0.1,0,1.59879,1,107.145,-6.31022
0.00447319,9.27773,27.5836,0.943398,0,0.325893,1,107.075,-6.20781
0.0741609,6.5434,34.4977,0.2,0,0.105287,1,106.527,-6.09013
0.0697483,102.954,36.4887,0.1,35.1535,1.62976,1,106.679,-6.47012
0.122718,34.7834,31.9976,0.1,39.3131,1.16284,1,107.078,-6.321
0.234194,73.4363,23.4355,0.1,21.7255,0.920141,1,106.743,-6.3695
0.0011123,1.1608,41.3118,0.984886,0,0.0517554,1,106.471,-6.06408
0.105846,3.43194,21.2343,0.1,14.4439,0.537812,1,107,-6.08923
0.0734164,217.306,44.6109,0.141421,35.2825,1.28988,1,106.842,-6.57881
0.0258331,486.76,46.5838,0.447214,23.0983,4.62427,1,106.966,-6.57342
0.150371,107.805,32.6336,0.1,30.7898,1.90865,1,106.7,-6.44137
0.0413306,91.9054,55.8996,0.412311,0,3.20671,1,107.219,-6.49617
0.0538754,49.6898,37.7391,0.4,0,3.64911,1,107.054,-6.43059
0.0667729,1.80569,8.96495,0.141421,16.7216,0.344202,1,106.804,-6.09731
0.0699016,100.06,35.7873,0.2,24.2012,0.584401,1,106.667,-6.45664
0.00718076,1.59727,38.2795,0.1,8.76033,1.35159,1,107.138,-6.02096
0.0150095,80.2654,44.5818,0.223607,21.2124,3.87521,1,106.518,-6.43418
0.129016,11.0152,30.1319,0.141421,0,1.38105,1,107.095,-6.22937
0.184184,9.72088,25.294,0.2,14.1082,0.333158,1,107.051,-6.22577
0.0387158,134.815,41.1852,0.141421,18.8873,0.860993,1,106.696,-6.52401
0.357217,7.27376,9.6643,0.1,18.9455,1.52447,1,106.752,-6.13145
0.113954,149.122,36.6523,0,39.7894,2.07573,1,106.825,-6.50695
0.0578208,73.746,35.0948,0.282843,32.0216,2.96035,1,107.014,-6.43239
0.182284,133.571,34.1329,0.141421,20.248,1.52984,1,106.809,-6.48359
0.218221,32.2463,20.2946,0.2,23.882,2.36821,1,106.68,-6.28416
0.102428,39.1386,27.0826,0.1,10.9636,5.86868,1,106.656,-6.34974
0.109599,150.688,36.3757,0.1,30.4078,1.01365,1,106.778,-6.50066
0.0214656,70.1225,39.4954,0.538516,0,1.35362,1,107.045,-6.45934
0.0662262,71.8858,27.512,0.1,36.3042,1.31012,1,106.666,-6.36411
0.207858,56.3017,38.8073,0.1,47.9191,1.57157,1,107.11,-6.38388
0.194297,121.918,33.1842,0.1,47.944,0.668705,1,106.833,-6.47551
0.0964287,597.449,57.8199,0.1,28.2212,2.96733,1,106.876,-6.69649
0.0722826,29.4421,39.5141,0.316228,22.0266,3.89428,1,106.478,-6.24913
0.313485,17.003,35.3299,0,64.494,0.879695,1,107.134,-6.2653
0.0223382,25.9928,52.5795,0.5,0,1.62267,1,106.373,-6.31471
0.184077,28.1007,25.2595,0.2,0.12505,0.138667,1,106.614,-6.25722
0.114148,151.781,37.4486,0.1,55.7167,1.32558,1,106.772,-6.50964
0.227702,61.2144,22.5328,0.1,35.0444,3.40963,1,106.936,-6.34794
0.0548278,56.9246,37.1127,0.282843,17.4793,3.16345,1,107.064,-6.41352
0.152529,6.44821,21.574,0.141421,17.2213,0.639354,1,106.645,-6.1063
0.325572,29.4511,20.7135,0.1,54.3703,2.35736,1,106.983,-6.28057
0.0450416,198.197,43.4215,0.3,22.1387,3.94203,1,106.842,-6.56803
0.088818,67.8715,27.3442,0.1,70.8227,1.78856,1,106.67,-6.36591
0.173457,46.0809,22.2288,0.1,47.1974,4.84549,1,106.701,-6.33178
0.0859022,431.32,54.3058,0,0,5.57342,1,106.833,-6.66685
0.0241331,44.4195,51.6382,0.141421,9.86681,0.233265,1,107.176,-6.48718
0.0637893,11.044,40.6428,0.141421,25.1995,0.655114,1,106.467,-6.1027
0.115073,7.96822,27.6162,0.1,45.7824,0.880861,1,106.595,-6.08474
0.267691,46.0373,36.9556,0.1,12.8611,1.27485,1,107.118,-6.34076
0.140732,23.4561,44.8311,0.1,65.2483,1.04122,1,106.426,-6.23027
0.367953,22.1081,23.4674,0.1,37.203,1.06852,1,107.02,-6.2644
0.0121407,45.8762,44.7578,0.8544,0,1.52357,1,107.192,-6.35244
0.134997,40.5333,27.563,0.141421,12.804,2.15646,1,107.024,-6.32908
0.243444,10.4788,29.0795,0.1,17.9865,0.547208,1,106.566,-6.14852
0.104875,59.3862,29.2897,0.141421,42.9651,1.52287,1,107.006,-6.3713
0.0980997,2.60172,16.3389,0.2,0,0.348596,1,106.714,-6.08025
0.0876429,291.213,45.773,0.1,4.47834,3.99944,1,106.882,-6.586
0.0520274,57.3529,33.9502,0.1,22.5588,3.52031,1,107.031,-6.40544
0.107391,7.96392,38.9014,0.360555,0,0.0831046,1,107.179,-6.19164
0.124808,28.5472,29.6731,0,17.589,1.55644,1,107.07,-6.29135
0.133681,497.292,65.7439,0.2,49.4202,2.21765,1,106.789,-6.76925
0.0933647,112.209,35.6918,0.1,42.0573,0.264314,1,106.704,-6.47371
0.0978924,64.615,29.2384,0.141421,42.4238,1.13392,1,107.003,-6.3731
0.144459,16.5628,38.486,0.4,0,0.127156,1,107.16,-6.27788
0.184385,40.926,27.0434,0.1,45.4203,1.44978,1,107.033,-6.30842
0.0681997,3.36594,21.5608,0.141421,0,0.371648,1,107.012,-6.11169
0.200818,53.0499,23.0261,0,28.5675,1.91338,1,106.685,-6.32728
0.180655,91.4486,27.161,0.1,40.0377,5.38744,1,106.728,-6.40005
0.131262,31.5513,34.7946,0.282843,0,0.313956,1,106.522,-6.25003
0.0149338,83.674,51.025,0.5,0,2.68645,1,107.134,-6.52132
0.0826792,19.921,39.6091,0,73.2825,0.231461,1,106.476,-6.24464
0.0645435,229.436,51.3611,0.1,27.252,0.421935,1,106.577,-6.56713
0.0920568,575.164,53.6809,0.141421,9.3816,3.18349,1,106.757,-6.65607
0.195922,117.829,32.8831,0.1,68.2016,0.631622,1,106.825,-6.47281
0.0289315,8.83878,36.5869,0.5,0,0.0351869,1,107.157,-6.2105
0.0695833,17.1062,46.8873,0.2,0,0.744344,1,106.405,-6.2132
0.08937,166.406,38.6758,0.2,12.0027,6.4976,1,106.908,-6.51593
0.0914972,17.4271,41.9022,0.223607,0,0.138096,1,107.182,-6.31022
0.166621,7.53718,18.3036,0,17.5733,0.465747,1,106.694,-6.07665
0.120292,74.1731,25.0639,0.1,29.663,0.309991,1,106.719,-6.374
0.0938514,1.51036,18.8967,0.1,1.91512,0.620203,1,106.984,-6.1045
0.196799,102.599,27.3762,0.1,29.3261,0.795157,1,106.783,-6.41891
0.140756,19.0817,40.7425,0.1,81.9238,1.56039,1,106.461,-6.2114
0.130767,200.032,46.3002,0.1,18.6629,1.42345,1,106.74,-6.5851
0.16467,179.258,40.6386,0.141421,45.2108,1.01748,1,106.799,-6.54198
0.0120603,31.8259,54.3882,0.781025,0,3.12616,1,106.363,-6.33717
0.022495,4.98405,42.2266,0.4,12.1211,0.794406,1,107.208,-6.13864
0.0400732,4.31807,22.6014,0.141421,0,0.188057,1,107.028,-6.13145
0.235596,28.5852,26.2384,0.1,33.5653,1.09212,1,106.602,-6.24823
0.0481915,130.83,43.7983,0.1,17.054,1.93184,1,107.065,-6.49257
0.0722978,40.0766,26.4211,0.141421,0,2.11013,1,106.62,-6.29315
0.115336,101.164,33.1669,0,33.9886,0.661173,1,106.689,-6.44137
0.123869,108.599,30.7837,0.1,0,3.11417,1,106.894,-6.44586
0.152559,81.7943,25.411,0.1,33.7973,2.64842,1,106.899,-6.39376
0.194796,160.726,38.472,0.1,40.6679,0.405566,1,106.857,-6.52222
0.16786,49.7089,26.0321,0.1,40.2553,0.409584,1,106.996,-6.33986
0.32376,7.26414,14.2921,0.1,0,0.398575,1,106.709,-6.12426
0.00457445,331.168,51.5024,0.984886,0,3.64556,1,107.095,-6.55725
0.196393,47.3485,37.0654,0.1,2.05216,0.736807,1,107.115,-6.34884
0.0559703,355.277,52.1044,0.360555,0,8.95043,1,106.801,-6.64619
0.110814,43.4765,40.1168,0.316228,0,1.144,1,107.147,-6.34794
0.252287,10.1027,13.339,0.1,8.38289,0.157031,1,106.948,-6.1611
0.15056,9.97007,22.6765,0.3,0,0.70431,1,106.626,-6.13684
0.120508,6.43526,15.1368,0.223607,0,0.0923546,1,106.965,-6.17547
0.115908,114.254,33.107,0.1,36.0989,1.60573,1,106.741,-6.46203
0.031459,91.9588,33.467,0.1,19.3982,2.59694,1,106.669,-6.43328
0.156654,36.9115,18.5823,0.2,3.85003,0.651039,1,106.914,-6.3192
0.0917896,9.23101,32.2338,0.282843,0,0.471841,1,106.54,-6.12786
0.146397,327.464,51.3764,0,37.505,1.66098,1,106.807,-6.6399
0.199523,29.3061,28.9514,0.141421,0,0.588016,1,106.575,-6.24374
0.0710735,70.7367,30.8824,0.1,60.1473,2.57944,1,106.636,-6.37849
0.0582836,42.6323,40.6006,0.707107,0,1.10841,1,107.151,-6.34884
0.048488,117.735,37.2296,0.4,6.52654,1.70529,1,106.908,-6.50246
0.0268845,372.8,54.813,0.509902,17.6058,3.01514,1,106.816,-6.67134
0.217244,63.5367,24.5355,0,73.5202,1.39408,1,106.954,-6.35783
0.193926,52.9093,22.5856,0,54.2553,0.489162,1,106.956,-6.33447
0.188671,61.2974,37.8862,0.1,57.5941,1.66374,1,107.11,-6.3695
0.069641,124.407,34.1527,0.1,33.4968,2.62343,1,106.741,-6.47191
0.114501,28.4449,26.2058,0.1,0,1.8865,1,106.61,-6.26889
0.283842,3.15808,13.0117,0.1,4.70236,0.162472,1,106.945,-6.16379
0.0349987,6.60977,12.2497,0.1,45.726,3.43447,1,106.739,-6.10809
0.0466615,74.9418,48.902,0.1,23.2415,1.06483,1,107.135,-6.49347
0.0281057,44.072,42.1426,0.141421,15.6396,2.79132,1,107.11,-6.43149
0.286364,35.2494,16.8188,0.1,34.0161,2.00692,1,106.712,-6.27428
0.338091,5.55533,11.6664,0.223607,0,0.437687,1,106.931,-6.19882
0.0865552,141.171,35.9651,0.1,15.4832,3.81432,1,106.773,-6.49617
0.0516934,41.6461,27.098,0.1,10.3552,0.783156,1,106.615,-6.29764
0.081941,50.1597,30.0546,0.1,36.6819,2.32114,1,107.035,-6.35154
0.140035,14.0231,31.7966,0.1,38.4215,0.734511,1,106.542,-6.14403
0.0544603,17.6485,36.2062,0.141421,13.773,0.704287,1,106.5,-6.16199
0.204791,69.7793,30.0893,0.1,21.2745,0.541495,1,106.977,-6.40274
0.193116,15.0249,30.9977,0.1,1.9254,0.250145,1,107.098,-6.24823
0.0889606,70.6196,27.5116,0,51.1333,0.768422,1,106.671,-6.36861
0.0400508,5.47189,33.8798,0.141421,17.3628,1.25842,1,107.095,-6.02455
0.301013,15.0758,16.6033,0.1,15.4718,0.650297,1,106.69,-6.23476
0.0662716,307.625,51.3181,0.1,19.1595,1.31124,1,106.665,-6.61025
0.0632915,41.8353,43.7839,0.316228,1.89799,0.696768,1,107.179,-6.35783
0.00726435,54.2849,42.7848,0.781025,0,2.98469,1,107.168,-6.36052
0.196697,59.0675,26.3134,0,9.41192,3.06591,1,106.662,-6.34615
0.112172,106.338,30.8854,0.1,37.4759,0.503152,1,106.754,-6.44496
0.180646,5.89142,20.5957,0,20.2509,0.312305,1,107.014,-6.17457
0.213809,100.985,29.3155,0.141421,0,3.07914,1,106.824,-6.44047
0.271337,3.06854,12.2669,0.282843,0,0.115255,1,106.718,-6.1602
0.00646246,511.154,66.1724,1.4,64.9295,5.57323,1,106.392,-6.5869
0.085759,51.8438,27.4624,0,1.45466,3.22691,1,106.644,-6.34256
0.0966899,4.18196,20.1213,0.1,18.5311,0.384681,1,107.01,-6.16649
0.0281454,16.0389,36.9461,0.1,7.99854,1.24719,1,106.494,-6.15391
0.341094,5.76467,11.4731,0.2,6.36829,0.517439,1,106.929,-6.19882
0.347601,8.08706,11.1705,0,118.854,1.73083,1,106.732,-6.14223
0.124116,1.35732,14.6119,0.223607,0,0.483053,1,106.721,-6.09642
0.366315,37.1019,15.4518,0.1,81.9208,0.835183,1,106.878,-6.30572
0.118207,152.728,36.8368,0.141421,0,1.09315,1,106.805,-6.50785
0.177042,46.0297,25.0075,0.1,44.8158,3.52251,1,106.995,-6.32728
0.0324252,2.68283,36.8478,0.1,25.0617,0.276259,1,106.536,-6.01287
0.111667,8.69215,33.3653,0.2,0,1.58567,1,106.531,-6.11977
0.181802,135.244,34.04,0.1,88.5976,0.964694,1,106.808,-6.48269
0.212253,14.1519,37.8633,0.1,9.92505,1.067,1,107.166,-6.23027
0.0922845,15.5444,41.1853,0.360555,6.1462,0.195417,1,107.184,-6.28506
0.262904,127.95,32.4702,0.1,80.3523,5.96923,1,106.807,-6.46832
0.0218754,5.64105,28.345,0,16.8489,0.794068,1,107.06,-6.06587
0.224198,43.5359,26.9219,0.1,55.3133,0.202041,1,107.022,-6.32189
0.162721,174.435,40.1521,0.1,0,0.579538,1,106.798,-6.53749
0.109246,9.76068,32.9389,0.1,3.83603,0.980506,1,106.534,-6.12157
0.113504,40.6492,34.4277,0.1,0,1.76164,1,106.532,-6.27249
0.302791,13.798,23.1168,0,14.966,0.159722,1,107.036,-6.19793
0.0461088,619.222,54.0024,0.509902,22.3105,8.03958,1,106.726,-6.65337
0.304305,45.06,19.8135,0.1,11.7266,1.17151,1,106.714,-6.31381
0.155947,51.2602,23.113,0.1,0,0.864492,1,106.699,-6.33986
0.0765366,88.0183,28.772,0.1,48.3021,1.33952,1,106.713,-6.40903
0.128876,205.986,46.5493,0.1,57.9081,1.24308,1,106.746,-6.58869
0.0956864,36.3365,34.3399,0.4,0,0.807535,1,106.527,-6.25452
0.139061,66.3025,29.0338,0.1,50.4509,1.34712,1,106.995,-6.37759
0.218879,35.4292,32.5178,0.1,25.27,1.62437,1,107.088,-6.31291
0.255884,13.0555,30.2948,0,0,0.486041,1,107.094,-6.24015
0.212927,26.4964,21.8156,0,32.3165,0.967585,1,106.652,-6.2653
0.170444,82.2643,24.735,0.1,37.3244,0.390374,1,106.728,-6.37579
0.0366243,9.62748,50.0073,0.141421,22.6234,1.51199,1,106.384,-6.08384
0.341478,212.722,43.8282,0.1,63.2349,2.33378,1,106.779,-6.56893
0.381237,11.8903,28.1698,0.1,75.6392,0.660323,1,106.573,-6.16289
0.133086,12.3024,29.6844,0.2,0,1.03419,1,107.091,-6.22667
0.406174,8.59218,17.3298,0.1,0,0.366254,1,106.984,-6.19254
0.211017,105.081,29.8129,0.1,20.6729,3.1784,1,106.823,-6.44496
0.337602,29.7427,23.068,0.1,24.4996,1.92966,1,106.63,-6.24105
0.0569303,89.8902,28.9188,0.424264,30.68,2.01335,1,106.703,-6.40544
0.0219363,14.5003,32.5167,0.447214,0,0.0927941,1,107.115,-6.24015
0.169949,28.6871,23.5998,0.141421,7.58977,1.47738,1,106.664,-6.31201
0.082058,440.445,54.8017,0.1,49.0416,2.5318,1,106.833,-6.67134
0.386511,7.61068,19.631,0.1,0,0.458676,1,107.005,-6.18445
0.203536,8.53784,18.3993,0,0.788895,0.912471,1,106.681,-6.09642
0.0473407,17.4599,36.5786,0.728011,0,0.248837,1,106.497,-6.17996
0.211067,10.2387,23.1965,0.1,46.7312,0.577727,1,106.625,-6.11977
0.0769596,64.1545,30.1012,0.1,51.7562,2.15227,1,107.001,-6.38567
0.258358,81.1347,28.3355,0,75.5923,1.27145,1,106.948,-6.40184
0.196118,9.66489,10.2923,0.141421,52.2097,1.34376,1,106.755,-6.11618
0.118433,120.845,32.8756,0,68.6122,0.685945,1,106.731,-6.45664
0.157195,18.0123,40.5905,0.2,37.2643,0.140699,1,107.181,-6.27518
0.164494,250.351,48.3396,0.223607,0,4.03041,1,106.754,-6.60666
0.171555,19.6194,41.1403,0,40.8599,1.25719,1,106.455,-6.17457
0.0893981,15.5684,32.1292,0.4,0,0.225447,1,107.108,-6.25093
0.17478,441.396,52.0708,0.141421,25.9725,4.29021,1,106.766,-6.64259
0.200028,169.369,40.9772,0.1,0,2.13644,1,106.786,-6.54378
0.139121,18.3036,40.5496,0.282843,0,0.805907,1,107.18,-6.27698
0.0142921,45.6721,41.898,0.509902,0,2.0369,1,107.16,-6.35693
0.109808,40.5949,29.8424,0.141421,12.8577,0.683717,1,107.041,-6.34076
0.168621,139.392,38.0834,0.2,0,1.95832,1,106.844,-6.51952
0.0378609,15.8844,33.3992,0.360555,0,0.102932,1,107.121,-6.24823
0.0980237,36.2023,34.473,0.1,14.1709,0.34972,1,106.529,-6.2653
0.364128,21.1658,37.1271,0,38.7992,0.881265,1,107.146,-6.28237
0.314768,68.1666,22.3241,0.282843,22.1961,2.21507,1,106.842,-6.37669
0.0576558,46.3767,36.4801,0.2,28.7906,1.19803,1,106.52,-6.29494
0.257911,188.405,42.1147,0.1,50.3773,0.956464,1,106.8,-6.55546
0.114864,150.223,36.8237,0,72.8423,0.426191,1,106.807,-6.50785
0.00929905,199.998,51.4136,0.141421,22.6304,0.648115,1,107.121,-6.53659
0.0310744,45.7362,41.4103,0.223607,0,0.899004,1,107.152,-6.36232
0.263391,13.8474,30.5454,0.1,8.73623,0.422957,1,107.094,-6.24913
0.162105,50.8023,39.8653,0.2,30.6659,2.04723,1,107.112,-6.39735
0.22158,25.3053,20.3937,0.2,1.02046,1.02249,1,106.656,-6.24194
0.124302,4.99469,22.3999,0.2,0,0.413944,1,106.64,-6.09731
0.205172,45.7962,21.1343,0.1,39.1119,1.74907,1,106.95,-6.32189
0.142036,143.686,37.7341,0.1,48.5886,3.31093,1,106.804,-6.51593
0.190721,79.7617,24.1801,0.1,0.397615,1.73045,1,106.745,-6.37759
0.0861871,123.903,33.1165,0.223607,4.28737,3.11679,1,106.754,-6.46562
0.418554,10.6855,16.573,0.1,34.2427,2.32277,1,106.97,-6.22218
0.348134,7.31039,15.9477,0,74.1108,0.565785,1,106.687,-6.14223
0.0588413,6.71086,33.4871,0.1,11.0694,0.694875,1,106.541,-6.07755
0.283801,5.66396,10.3593,0.1,22.6012,1.11417,1,106.921,-6.16289
0.145433,6.38565,20.9425,0.1,21.9705,0.912784,1,106.652,-6.1036
0.249457,89.0885,27.5598,0.1,11.0413,2.39232,1,106.757,-6.41442
0.0546953,17.71,36.582,0.640312,0,0.135701,1,106.497,-6.18176
0.0534675,33.3127,27.7264,0.509902,0,4.53248,1,106.645,-6.34705
0.15274,84.3518,24.6445,0.1,23.3809,1.7727,1,106.749,-6.38388
0.343483,46.4909,16.1317,0.1,58.6701,0.526673,1,106.823,-6.321
0.30257,68.5482,21.7364,0.1,6.07513,0.45063,1,106.804,-6.3704
0.113547,38.0258,34.2719,0.223607,0,0.627701,1,106.533,-6.27069
0.069512,62.8022,29.3987,0.1,27.884,1.60874,1,107.018,-6.36142
0.105083,152.353,37.0097,0.2,0,1.18471,1,106.808,-6.50964
0.101046,67.5581,27.5149,0.223607,12.695,2.7279,1,106.675,-6.3722
0.114062,111.03,33.3503,0.141421,0,0.697837,1,106.7,-6.44856
0.209995,455.305,52.5757,0.141421,41.8281,3.71417,1,106.772,-6.64798
0.10684,60.4497,28.8184,0.1,34.0268,1.76974,1,107.001,-6.3704
0.0525205,78.3624,38.6614,0.223607,19.6035,3.75256,1,106.596,-6.43778
0.0329353,7.8128,41.4426,0.2,0.736584,0.0944665,1,107.203,-6.17008
0.0741722,82.1059,32.1049,0,42.3771,1.5692,1,106.977,-6.4243
0.189403,35.5035,20.0052,0.223607,0,0.845006,1,106.689,-6.29135
0.150422,17.9564,39.8548,0.1,40.7759,1.70121,1,107.174,-6.27608
0.218212,22.2164,20.3125,0.141421,0,1.13875,1,106.655,-6.23745
0.0753331,10.3187,46.1502,0.316228,0,0.0623614,1,107.238,-6.25452
0.0329521,127.669,39.9065,0.2,17.2163,2.47855,1,106.693,-6.51054
0.0441199,52.3202,43.7009,0.2,0,2.21263,1,107.166,-6.38028
0.054323,7.13661,36.2806,0.412311,12.7324,2.24983,1,106.504,-6.12067
0.116103,33.6718,35.2541,0.2,5.26944,0.178435,1,106.519,-6.25632
0.0510621,28.3161,37.2495,0.5,0,2.2825,1,106.5,-6.25542
0.0294492,127.092,63.6399,0.1,57.7853,1.38602,1,106.379,-6.53659
0.359179,6.26781,15.7453,0.1,59.9221,0.416061,1,106.688,-6.14672
0.0303804,4.12977,46.7992,0.223607,26.039,0.20981,1,107.236,-6.06228
0.0580372,102.7,35.1192,0.141421,30.3458,1.46797,1,106.691,-6.46203
0.119203,203.255,44.189,0.141421,0,0.833782,1,106.825,-6.57522
0.0817013,36.3056,27.5417,0.1,44.9111,1.09323,1,107.049,-6.28955
0.0336205,46.2742,40.5679,0.7,0,0.4749,1,107.15,-6.35154
0.018305,6.98393,29.8931,0.1,15.4169,0.662994,1,107.081,-6.08115
0.222338,68.9854,20.9757,0,34.8124,2.14412,1,106.755,-6.35064
0.137759,44.0192,29.5931,0.1,21.0013,0.383129,1,106.592,-6.30213
0.219531,44.0622,23.3648,0.223607,20.0335,1.79973,1,106.677,-6.32369
0.0742199,8.38393,32.7015,0.3,0,0.273116,1,106.538,-6.11438
0.0775435,15.6491,45.0746,0.447214,0,0.0265275,1,107.22,-6.28776
0.0326322,43.9783,39.0912,0.3,20.6085,4.264,1,106.503,-6.31561
0.117541,46.3255,34.3719,0.282843,0,1.17549,1,107.098,-6.32818
0.0664344,32.0032,34.1129,0.360555,0,0.725604,1,107.084,-6.34705
0.198988,49.0835,21.9761,0.141421,0,4.73867,1,106.94,-6.33896
0.0501751,3.25319,42.4996,0.316228,21.0347,0.338388,1,107.191,-6.04881
0.125621,7.90355,6.19068,0.3,0,1.29573,1,106.828,-6.11887
0.0575123,4.57131,35.1113,0.1,26.3085,0.309373,1,107.102,-6.01467
0.158073,72.7948,23.37,0.223607,0,2.85201,1,106.904,-6.3722
0.0685845,117.865,36.9291,0.223607,41.6896,2.24872,1,106.715,-6.48988
0.105459,10.0527,38.6139,0,11.059,0.420811,1,107.177,-6.19343
0.119892,79.0418,28.0262,0.2,63.4559,4.91104,1,106.689,-6.38747
0.0917785,34.9566,34.5655,0.2,22.7356,0.524054,1,106.526,-6.25901
0.100106,34.439,34.4012,0.141421,3.81563,0.622134,1,106.528,-6.25991
0.273687,34.4988,35.7966,0.1,7.1089,0.906114,1,107.125,-6.30483
0.124269,61.0463,29.3405,0.2,0,0.438065,1,106.995,-6.38118
0.117395,82.0393,31.5963,0.1,35.1201,0.256681,1,106.977,-6.41891
0.175716,145.77,37.7653,0.223607,0,1.41684,1,106.84,-6.51683
0.330791,21.4222,39.7231,0.141421,1.48687,1.18448,1,107.162,-6.30662
0.0368546,1.37289,26.4942,0.223607,0,0.185557,1,106.618,-6.05869
0.122992,39.4843,26.9792,0.1,25.0561,2.27,1,107.015,-6.33178
0.0870615,108.358,31.4169,0.1,39.5364,0.765155,1,106.723,-6.43957
0.0619972,5.81768,36.0523,0.360555,0,0.684646,1,106.506,-6.12247
0.0100486,75.1006,46.9087,0.141421,9.1572,3.70651,1,106.483,-6.4234
0.0865968,78.0691,28.5567,0.2,0,3.83615,1,106.69,-6.39376
0.308326,14.7094,15.8056,0.1,59.6617,0.465698,1,106.686,-6.19613
0.0489603,193.269,42.2441,0.1,46.0343,2.35571,1,106.844,-6.55725
0.0773577,4.12323,29.5324,0.1,44.8336,0.604451,1,106.595,-6.04252
0.133036,22.951,19.2462,0.1,18.227,0.406224,1,106.661,-6.22577
0.372275,6.82997,9.77899,0,96.836,0.15915,1,106.739,-6.17277
0.116675,115.111,30.6179,0.2,11.6494,0.23744,1,106.891,-6.44496
0.208741,9.18867,23.9033,0.1,4.01867,0.521039,1,107.044,-6.18625
0.142248,6.96074,17.5951,0.141421,4.14857,0.632188,1,106.684,-6.1054
0.273696,31.2061,16.4746,0.1,18.9132,1.37378,1,106.714,-6.27159
0.176787,37.5658,30.5663,0.1,46.0862,2.41238,1,107.06,-6.32549
0.0649293,44.4038,32.9534,0.141421,0,0.902816,1,107.066,-6.35423
0.121811,122.431,31.6483,0.141421,58.4762,0.7792,1,106.785,-6.45844
0.2848,11.6815,13.0568,0.1,6.31986,0.591537,1,106.946,-6.17188
0.0331385,8.9055,36.2909,0.2,0,0.311058,1,107.154,-6.2105
0.160716,74.9552,24.1563,0.1,2.36946,0.896757,1,106.76,-6.38298
0.193855,133.564,35.3778,0.1,64.4537,6.96241,1,106.904,-6.48629
0.167345,509.32,53.1525,0.1,58.777,3.89639,1,106.766,-6.65247
0.170542,86.7955,31.6671,0.1,4.90803,2.05222,1,106.971,-6.4234
0.144035,8.18437,25.6965,0.1,60.1114,1.12722,1,106.603,-6.11618
0.174221,47.5118,37.0719,0.1,44.8666,0.821058,1,107.112,-6.35333
0.107996,71.7286,36.8076,0.1,43.0599,2.66349,1,107.038,-6.43328
0.359046,40.8112,15.8979,0.141421,12.232,2.67839,1,106.849,-6.3174
0.100831,419.411,58.7768,0.3,18.3669,5.65013,1,106.817,-6.70727
0.0978249,45.211,31.5561,0.141421,37.7337,1.47794,1,107.067,-6.33088
0.109229,9.06316,24.5775,0.3,0,0.220748,1,107.049,-6.19613
0.0938101,56.0754,37.1076,0.141421,5.85156,0.771685,1,107.1,-6.3713
0.0467571,3.20412,21.2806,0.1,16.5303,0.710851,1,107.011,-6.11708
0.0854801,106.908,34.5137,0.2,53.9645,1.97105,1,106.698,-6.45934
0.260756,63.8509,22.3401,0.1,39.2269,3.87371,1,106.918,-6.35603
0.0819647,3.3756,19.1481,0.282843,7.55427,0.0941109,1,106.983,-6.09731
0.0136432,43.8591,54.4087,1.253,0,1.78583,1,106.365,-6.34525
0.215458,95.3426,30.4324,0.2,43.0128,2.46253,1,106.816,-6.45035
0.073417,8.05167,25.5569,0.5,0,0.573269,1,107.058,-6.19523
0.0509167,119.976,37.3599,0.608276,0,1.96528,1,106.719,-6.49527
0.153865,113.759,31.2138,0.1,71.6057,3.15388,1,106.736,-6.44227
0.152946,75.2121,31.1129,0.1,44.2964,0.27046,1,106.979,-6.41262
0.0836454,58.7173,34.0868,0,40.9544,0.950829,1,106.578,-6.35693
0.280019,22.9415,38.7642,0.1,14.7385,0.505367,1,107.153,-6.30572
0.0826691,53.749,42.0418,0,13.584,2.16638,1,107.13,-6.40634
0.25369,34.4589,22.4179,0.2,56.4328,1.05093,1,106.963,-6.32639
0.15739,85.3411,25.2713,0.1,31.9877,0.530159,1,106.738,-6.38567
0.0785293,69.6129,25.4761,0.1,16.123,2.26985,1,106.705,-6.3704
0.367871,26.8768,16.9355,0.1,21.2355,3.04626,1,106.696,-6.25362
0.133382,85.5288,25.7412,0.1,21.3874,1.44896,1,106.734,-6.38837
0.124908,32.5236,26.3321,0.2,0,0.548179,1,107.01,-6.32908
0.192914,31.3061,26.4155,0,35.8296,2.04195,1,107.015,-6.32369
0.0397356,46.7042,27.7761,0.2,34.3917,0.976993,1,106.611,-6.30213
0.104339,438.819,58.0716,0,33.1292,2.52187,1,106.828,-6.70098
0.121411,39.6732,29.056,0.2,0,1.66245,1,106.595,-6.29854
0.265621,49.4722,15.4513,0.3,23.7955,1.68198,1,106.82,-6.31471
0.340127,15.2174,30.194,0.1,0,1.07727,1,107.086,-6.2644
0.0339599,17.3089,36.1776,0.447214,0,0.205289,1,106.5,-6.17547
0.106475,203.704,46.5149,0.2,0,3.8795,1,106.739,-6.5869
0.0880303,1034.49,71.8877,0.1,30.7234,5.30329,1,107.052,-6.78632
0.144873,77.739,25.5062,0.141421,1.14996,2.06089,1,106.912,-6.39017
0.109319,500.675,57.046,0.1,28.2689,0.747895,1,106.852,-6.6911
0.269168,65.2411,23.1704,0.141421,0,2.6714,1,106.754,-6.3713
0.074459,8.20446,35.6216,0.2,17.3183,2.02236,1,106.511,-6.11438
0.0281473,42.6635,42.1298,0.316228,0,2.50545,1,107.108,-6.43328
0.101285,43.7014,28.9405,0,15.8691,1.08187,1,107.046,-6.3192
0.135484,144.75,37.1782,0.223607,0,1.63602,1,106.889,-6.50605
0.314859,44.4789,23.0993,0,71.8731,1.83011,1,106.97,-6.32818
0.0177741,32.1154,44.7355,0.316228,0,0.752733,1,107.167,-6.39645
0.0255268,3.80157,18.9095,0.1,4.3784,1.35432,1,106.976,-6.09013
0.266643,34.9641,19.5135,0,22.7167,0.895392,1,106.956,-6.29674
0.0365744,31.8513,42.811,0.412311,24.4343,3.69281,1,106.451,-6.2653
0.0847382,51.005,30.0023,0.141421,35.8117,1.78222,1,107.036,-6.34974
0.151269,7.683,25.4303,0.1,2.44853,0.982577,1,106.604,-6.11887
0.183906,12.7377,24.3913,0.1,0,0.410778,1,107.044,-6.22038
0.0764726,18.1802,39.5908,0.2,0,0.558887,1,106.477,-6.24823
0.105207,529.392,65.2821,0.1,125.362,3.43343,1,106.8,-6.76566
0.0401243,167.554,42.1296,0.3,0,3.87994,1,106.841,-6.55635
0.176201,90.4575,27.3867,0.1,46.8618,0.866601,1,106.751,-6.41083
0.0550013,349.567,75.8752,0.1,47.5675,8.23044,1,107.196,-6.75488
0.11343,122.291,33.7865,0.2,57.4259,1.35712,1,106.735,-6.46652
0.136061,71.2404,27.6969,0.1,66.6308,0.794081,1,106.686,-6.38208
0.0852937,44.0701,31.6772,0.5,0,0.978865,1,107.071,-6.32728
0.0985962,41.9603,28.9691,0.1,16.9072,0.541495,1,107.047,-6.3183
0.163572,155.432,37.8852,0.2,0,1.65562,1,106.811,-6.51773
0.175921,472.454,68.6482,0.1,157.045,0.233711,1,106.773,-6.79441
0.10105,107.71,30.9034,0.1,35.9855,0.711786,1,106.761,-6.44676
0.187871,19.7255,38.4463,0.282843,11.8333,0.213867,1,107.159,-6.28237
0.137572,29.8763,52.9168,0.1,40.5387,0.428087,1,106.352,-6.23116
0.0507158,46.3218,40.9139,0.360555,14.0433,3.01738,1,106.48,-6.30393
0.0668603,68.4994,34.3589,0.1,9.67761,1.16901,1,107.005,-6.43059
0.0615044,4.45318,21.6426,0.141421,17.0682,0.171897,1,107.023,-6.1611
0.117559,1.76276,17.3587,0.316228,0,0.399783,1,106.705,-6.07665
0.385744,3.8777,10.3829,0.1,24.5992,0.553721,1,106.741,-6.13864
0.133414,80.8577,26.7085,0.141421,34.1638,2.60767,1,106.927,-6.39556
0.0969738,9.26682,25.1223,0.1,13.9026,1.15228,1,107.054,-6.19074
0.0937338,39.2092,27.285,0.1,23.0774,0.930248,1,106.604,-6.27877
0.191123,177.248,40.9661,0.141421,0,1.77228,1,106.787,-6.54378
0.112924,54.8834,37.523,0.1,40.334,0.469692,1,107.103,-6.374
0.187702,10.0769,24.2385,0.141421,0,0.180715,1,107.046,-6.19164
0.0188574,96.0148,39.5228,0.1,19.8518,7.52109,1,106.599,-6.45035
0.184374,53.2761,21.4455,0,12.556,0.885992,1,106.7,-6.321
0.116054,90.7227,39.9555,0.1,39.3645,3.50439,1,107.058,-6.45395
0.13219,150.473,36.6507,0.1,46.4401,0.130055,1,106.827,-6.50695
0.066417,7.55707,11.694,0.1,20.0238,1.67683,1,106.743,-6.11169
0.194406,55.3016,27.3528,0.1,17.5912,1.65685,1,106.991,-6.36142
0.050741,57.7963,30.7863,0.141421,0,0.0564607,1,107.006,-6.38927
0.199807,16.8818,18.1256,0.2,0,0.647048,1,106.67,-6.22038
0.0845565,76.5676,26.0444,0.223607,5.78651,0.645788,1,106.697,-6.3713
0.0916063,562.744,53.4308,0.2,64.1052,3.54299,1,106.754,-6.65337
0.0294517,190.626,61.7317,0.223607,20.1239,1.88542,1,107.159,-6.62552
0.105352,32.6339,34.9628,0,60.0553,0.431368,1,106.521,-6.25272
0.131051,146.251,36.3318,0.141421,5.37114,1.22216,1,106.78,-6.50066
0.103237,26.3345,25.9036,0.1,25.0917,1.15651,1,106.657,-6.33537
0.254873,26.7459,31.1213,0.223607,0,0.647961,1,107.085,-6.28955
0.320403,69.6195,22.3387,0.223607,3.1701,1.88035,1,106.843,-6.37669
0.347421,2.97891,8.76289,0.1,13.5401,0.925125,1,106.898,-6.13864
0.0417319,178.012,43.0954,0.223607,19.6274,4.73965,1,107.054,-6.49257
0.126969,160.776,38.4214,0,42.5174,0.589943,1,106.779,-6.51952
0.0372981,505.055,52.3678,0.141421,18.3335,2.29909,1,106.729,-6.639
0.0061164,24.5058,47.2081,0.984886,0,0.0661144,1,107.196,-6.39106
0.163058,121.322,30.6835,0,49.553,0.597087,1,106.784,-6.44945
0.138588,147.897,37.5303,0,0,0.819567,1,106.786,-6.51234
0.0993136,40.7147,27.5447,0,12.1469,2.30002,1,107.038,-6.30842
0.405439,6.55835,14.4828,0.1,67.7564,0.392894,1,106.7,-6.14672
0.174907,14.0424,44.9826,0.1,46.3911,0.935024,1,107.224,-6.2671
0.0335565,2.89227,20.4824,0,1.70271,1.0777,1,107.006,-6.12426
0.333356,39.5679,15.6156,0.1,59.5024,3.67793,1,106.776,-6.30662
0.0477975,26.2158,41.0275,0.316228,21.5471,4.10328,1,106.46,-6.22577
0.313311,18.2569,25.8161,0.1,5.85156,2.45832,1,107.043,-6.2662
0.0289088,659.661,58.0812,0,18.4481,5.77182,1,106.783,-6.69919
0.0901369,48.2471,39.8941,0.360555,0,3.55914,1,107.125,-6.37939
0.383703,26.0727,22.0236,0.1,7.67848,0.393219,1,106.989,-6.29225
0.260385,51.6511,26.5572,0.141421,32.7576,0.697145,1,106.982,-6.35962
0.0637877,6.09412,16.2411,0.360555,0,1.03005,1,106.975,-6.16918
0.107564,35.1217,36.5277,0.1,38.396,1.45901,1,106.507,-6.25722
0.052295,3.30078,17.4942,0.1,27.2459,2.08423,1,106.965,-6.09552
0.121782,5.63821,22.3082,0.1,35.3915,0.353443,1,106.641,-6.09731
0.294921,203.82,43.326,0.1,33.7145,1.18218,1,106.813,-6.56713
0.1254,15.9901,31.0048,0.141421,46.6241,0.419615,1,106.548,-6.15391
0.106678,50.7004,45.0267,0.1,24.8657,0.683114,1,107.189,-6.36322
0.316601,51.2617,15.9126,0.1,44.9792,2.9123,1,106.806,-6.3174
0.0186366,381.229,73.8605,0.4,0,3.18775,1,107.189,-6.73781
0.0654707,97.7471,35.8365,0.1,0,0.187901,1,106.666,-6.45664
0.0529659,349.342,75.3584,0.282843,48.006,5.37353,1,107.192,-6.75219
0.177043,31.7105,25.0373,0.2,0,0.408973,1,107.003,-6.3183
0.0191883,166.369,59.5375,0.5,10.4606,5.84581,1,107.137,-6.61654
0.214559,98.1728,28.4065,0.1,14.2682,4.64092,1,106.761,-6.4234
0.0582009,498.431,54.581,0.316228,2.44924,13.5627,1,106.788,-6.66775
0.0700584,158.057,43.0658,0.1,37.9561,2.19123,1,107.059,-6.48898
0.0396864,176.054,45.0044,0,21.0453,4.65888,1,106.662,-6.54737
0.278637,62.2983,19.7395,0.1,3.49374,1.3003,1,106.754,-6.33806
0.0296902,4.83959,12.2919,0.316228,0,1.46074,1,106.74,-6.1063
0.277775,5.35775,12.884,0,30.7667,0.154635,1,106.712,-6.1584
0.0644842,23.9092,44.1082,0.1,20.0043,1.4491,1,107.194,-6.33447
0.024917,31.1366,50.7513,0.2,27.5078,2.33672,1,106.383,-6.28866
0.117961,77.0359,26.2892,0.223607,1.77606,2.69565,1,106.724,-6.38927
0.108921,65.997,32.3925,0.1,50.0447,3.54258,1,107.003,-6.40993
0.196994,144.468,38.3277,0.1,63.7662,0.23801,1,106.804,-6.52132
0.0336972,38.3573,24.2109,0.141421,0,1.01978,1,106.643,-6.29315
0.150175,12.5949,36.7074,0.1,12.193,0.0712306,1,107.156,-6.22577
0.156272,96.1164,31.833,0.2,12.1746,2.90556,1,106.701,-6.43418
0.0465098,12.0607,32.5772,0.1,16.4173,1.18037,1,107.118,-6.22488
0.199184,154.228,38.329,0.1,37.3784,0.873892,1,106.793,-6.52042
0.135317,8.08611,26.0884,0.1,0,1.02381,1,106.597,-6.12337
0.0332183,32.4063,28.2573,0.509902,15.2798,0.893036,1,107.054,-6.29494
0.20626,8.13822,17.8664,0.1,0,0.901927,1,106.698,-6.07845
0.0872918,45.1945,44.3131,0.1,40.0188,0.582164,1,107.185,-6.35783
0.212588,151.326,39.1127,0.1,70.1782,2.71554,1,106.805,-6.52851
0.0668861,233.714,45.9606,0.1,29.5198,1.58242,1,106.853,-6.59049
0.0892776,14.5165,40.9328,0.5,0,0.0775576,1,107.187,-6.2635
0.0108473,1.69261,37.1187,0.72111,4.42691,0.825432,1,107.121,-6.01108
0.128032,59.6538,29.2637,0.2,5.90981,1.79599,1,106.995,-6.38028
0.105907,49.1129,34.019,0.1,37.4013,1.1837,1,106.563,-6.33267
0.139202,103.012,29.6564,0.1,19.4615,3.33454,1,106.781,-6.43957
0.214238,56.8331,27.3947,0.1,1.99568,1.31678,1,106.975,-6.37489
0.023741,10.7406,39.4179,0.632456,0,0.138394,1,107.177,-6.24913
0.0956896,112.482,33.5301,0.141421,44.8312,0.486574,1,106.7,-6.45035
0.131895,33.4613,33.5942,0,46.1089,1.24323,1,106.532,-6.24464
0.124405,7.07552,24.2722,0.1,0,0.227685,1,107.047,-6.17906
0.185399,120.536,31.3966,0.141421,0,0.987822,1,106.831,-6.45934
0.107115,63.1856,29.5681,0.1,38.597,0.596253,1,107.001,-6.37939
0.355379,82.5575,24.1775,0.1,42.4691,2.62781,1,106.792,-6.39106
0.166305,45.157,40.2545,0.1,35.7809,1.129,1,107.119,-6.39376
0.132557,7.79312,25.9916,0.2,0,0.140524,1,106.598,-6.12337
0.0136827,1122.09,77.2915,0,79.8327,17.0182,1,106.485,-6.78542
0.113251,13.3626,39.1219,0.1,38.2065,1.07783,1,107.178,-6.22937
0.0342416,67.9091,31.012,0.316228,2.91235,2.96559,1,106.627,-6.3713
0.120997,30.8341,19.3944,0.316228,13.4008,1.65063,1,106.683,-6.27518
0.0393464,4.32257,53.9009,0.1,39.51,1.43298,1,106.359,-6.03892
0.180709,99.5161,29.6879,0.1,82.4244,1.04249,1,106.725,-6.4234
0.0448748,64.5792,37.6042,0.1,19.9118,0.541366,1,107.07,-6.41442
0.0856479,22.1512,43.5475,0.5,0,0.347791,1,107.19,-6.32998
0.0493265,21.9393,46.5598,0.4,0.561122,0.589217,1,106.409,-6.21949
0.148471,102.132,30.6103,0.141421,20.2649,0.630728,1,106.751,-6.44137
0.274518,19.6461,33.6495,0.141421,0,0.499144,1,107.118,-6.2662
0.0439369,8.78099,36.5101,0.447214,0,0.101064,1,107.156,-6.2123
0.0274063,21.7457,50.8861,0.1,35.8027,0.976265,1,106.374,-6.25722
0.0920596,126.313,32.9097,0.1,54.1793,4.24115,1,106.786,-6.47012
0.0644905,134.835,34.0435,0.2,42.7209,0.794927,1,106.745,-6.47191
0.0555044,33.3211,53.7585,0,41.0392,3.52449,1,106.351,-6.27338
0.170356,141.704,36.8496,0.2,0,0.692825,1,106.887,-6.50335
0.0714073,128.033,32.4435,0.1,50.4506,1.79635,1,106.779,-6.46473
0.179221,29.8339,36.2722,0.1,60.9582,2.60425,1,106.507,-6.24733
0.137602,903.81,64.4813,0.1,83.7531,2.68871,1,107.06,-6.71086
0.186804,330.256,51.0374,0.282843,0,4.29513,1,106.82,-6.6372
0.0564552,20.7798,37.3931,0.2,0,0.394032,1,106.497,-6.24554
0.0131524,2.13408,37.9424,0.223607,15.2113,0.0823784,1,107.094,-5.95808
0.0447035,2.87525,22.0312,0.583095,0,0.375335,1,107.026,-6.15211
0.137547,46.0136,40.1438,0.412311,0,0.500317,1,107.114,-6.39915
0.114823,67.715,33.7875,0.141421,46.1393,0.762534,1,107.016,-6.41622
0.270057,215.068,46.9376,0.1,68.8414,0.47103,1,106.756,-6.59408
0.0941909,21.2345,46.3523,0.1,19.0107,2.36994,1,107.226,-6.30662
0.0884845,37.6784,28.0334,0.1,30.4346,0.951175,1,107.04,-6.31381
0.187696,4.72887,12.7324,0,4.4925,2.4694,1,106.915,-6.10001
0.290888,2.59933,17.3914,0.1,0,0.544762,1,106.701,-6.08204
0.0283918,385.66,51.1014,0.316228,11.425,9.18623,1,106.734,-6.62822
0.0840416,5.7004,16.4025,0.223607,0,0.536618,1,106.714,-6.07935
0.195488,14.91,31.0237,0.141421,5.00192,0.458194,1,107.098,-6.24913
0.146424,79.2318,25.5992,0.1,47.372,1.74912,1,106.916,-6.38927
0.219982,93.0149,29.9147,0.1,63.3843,0.369042,1,106.922,-6.42879
0.106433,113.361,31.7613,0.141421,25.9056,2.91937,1,106.784,-6.45934
0.0679151,78.038,34.0799,0.141421,16.2089,1.72342,1,106.984,-6.44137
0.102682,175.092,41.3218,0,25.6908,5.18896,1,106.742,-6.53929
0.0473271,122.967,37.868,0.2,27.9538,2.71007,1,106.726,-6.50246
0.0171344,8.25552,35.794,0.1,16.616,0.528109,1,107.151,-6.16649
0.185912,87.6961,29.1542,0.2,85.7091,1.80858,1,106.929,-6.41891
0.0450987,331.171,51.7333,0.3,0,7.98436,1,106.633,-6.60127
0.233378,146.628,37.6094,0.141421,3.84335,1.43064,1,106.86,-6.51413
0.0714271,41.6198,34.4829,0.360555,0,2.61128,1,107.098,-6.33178
0.0632214,114.077,34.3806,0.141421,14.6859,6.78808,1,106.924,-6.47101
0.0174,372.679,76.2981,0.2,52.982,5.54076,1,107.226,-6.73961
0.151877,121.341,34.3741,0.1,6.05388,2.11489,1,106.833,-6.48629
0.120829,34.9018,46.3579,0.1,43.0942,0.89076,1,106.418,-6.26799
0.175419,477.941,52.648,0.2,56.8768,3.55699,1,106.767,-6.64798
0.0872732,62.241,29.262,0.223607,34.9586,0.197574,1,107.011,-6.36591
0.305433,83.1494,24.7506,0.1,51.9983,2.58447,1,106.788,-6.39556
0.0425117,67.2731,30.0702,0.141421,13.3348,3.32954,1,106.646,-6.37759
0.37783,26.1722,20.4171,0.1,29.4785,1.8694,1,106.989,-6.2653
0.00646246,489.677,66.3847,1.31529,75.0976,14.7401,1,106.391,-6.5878
0.0718716,55.9337,40.9553,0.1,32.8345,1.77692,1,107.103,-6.4234
0.143645,16.5479,40.8503,0.141421,10.8809,0.527015,1,107.184,-6.27428
0.134786,49.0907,19.207,0.1,48.6944,1.21021,1,106.912,-6.32728
0.177129,6.10026,22.7037,0.1,0,0.640327,1,107.033,-6.16559
0.0694315,54.6698,33.5109,0.1,24.8383,1.00237,1,107.082,-6.33986
0.0877524,21.6614,36.3513,0.316228,5.47349,0.277803,1,106.499,-6.19613
0.2738,8.93873,13.4071,0.141421,45.5597,0.401846,1,106.707,-6.18625
0.0839726,72.3721,31.9168,0.1,26.5454,1.41908,1,107,-6.40723
0.234297,26.6274,26.1748,0.141421,22.0929,0.871934,1,106.603,-6.24913
0.0436514,17.0682,40.289,0,19.9606,1.02905,1,106.463,-6.1584
0.110234,52.3066,25.9879,0.223607,0,1.42122,1,106.648,-6.32639
0.324696,14.8522,20.5028,0.1,1.22455,0.452927,1,106.642,-6.17996
0.220542,23.6887,33.7741,0.1,48.4707,1.04964,1,106.524,-6.2141
0.214811,10.0299,13.2589,0.1,22.7877,0.46982,1,106.71,-6.19613
0.116834,1.90404,15.0077,0.1,0,0.676614,1,106.959,-6.14133
0.048605,41.7001,30.4798,0.282843,1.87721,0.678112,1,106.577,-6.29135
0.0550192,2.72987,23.118,0.447214,0,0.0722483,1,107.035,-6.14493
0.0559401,205.884,43.9994,0.1,30.4222,0.769899,1,106.836,-6.57342
0.122869,5.23973,22.4916,0.223607,0,0.475615,1,106.639,-6.09731
0.0270202,1229.81,70.4523,0.1,33.9454,8.02205,1,107.038,-6.77734
0.1289,17.1577,39.0072,0.282843,0,1.95346,1,106.478,-6.22218
0.0264524,4.75043,32.1483,0.5,19.4862,0.716342,1,106.546,-6.10181
0.196748,19.1445,38.1665,0.141421,0,1.53951,1,107.157,-6.27967
0.0332252,381.17,74.4852,0.141421,42.0672,1.65032,1,107.186,-6.7468
0.191936,90.4957,27.8246,0.1,41.0003,5.07014,1,106.827,-6.427
0.131267,54.6152,26.547,0.1,37.9233,1.11388,1,106.644,-6.32998
0.223215,32.6285,33.0356,0.1,55.5248,1.14126,1,107.101,-6.29584
0.135718,54.9737,37.9752,0.223607,31.2689,0.664194,1,107.105,-6.37849
0.150612,79.9856,25.214,0.1,20.7257,0.762219,1,106.909,-6.38837
0.107768,28.7329,29.4474,0.2,21.5494,0.417755,1,107.066,-6.29405
0.263822,2.25412,12.477,0.1,2.48013,0.472746,1,106.716,-6.1593
0.0628543,65.0355,33.3897,0.1,17.5362,1.06174,1,107.021,-6.40723
0.123416,52.691,36.6192,0.1,18.3632,0.644152,1,107.101,-6.36232
0.217218,78.2998,23.9693,0.1,32.0689,1.8147,1,106.741,-6.374
0.33122,6.79834,15.9215,0.1,37.3433,0.61668,1,106.688,-6.13954
0.0465435,65.8794,34.6538,0.316228,0,1.66698,1,107.016,-6.4261
0.0992041,54.5,33.0686,0.1,48.5152,1.33507,1,107.075,-6.34345
0.105573,3.31791,11.312,0.1,70.7435,1.6475,1,106.751,-6.1072
0.0369319,176.776,45.2703,0.1,22.893,4.62958,1,106.645,-6.54198
0.334069,9.90133,20.914,0.1,28.713,0.286692,1,107.016,-6.19523
0.0537609,15.5678,36.4829,0.424264,0,0.620945,1,106.498,-6.16828
0.295026,16.2431,16.2514,0.2,0,0.28491,1,106.692,-6.23296
0.194342,106.552,30.3071,0.223607,0,4.48776,1,106.832,-6.44945
0.106676,68.2857,35.7278,0.2,46.5738,1.57742,1,107.025,-6.43149
0.13619,19.3392,33.0799,0,5.5535,0.404332,1,107.116,-6.25722
0.107109,217.523,45.0848,0.282843,0,1.68052,1,106.833,-6.5833
0.137026,141.043,37.1993,0.1,69.0371,1.50749,1,106.899,-6.50425
0.123968,113.642,31.9718,0.2,15.5166,2.93874,1,106.878,-6.46023
0.0650164,85.9155,29.0373,0.1,7.58644,1.14377,1,106.71,-6.40993
0.0513356,158.984,60.2822,0.141421,37.2017,1.89465,1,107.152,-6.61385
0.0518079,49.0959,40.8141,0.2,20.7768,0.81035,1,106.494,-6.33357
0.0376252,12.5556,38.6208,0.509902,0,0.723616,1,107.169,-6.24823
0.165275,143.826,36.559,0,35.1679,2.94378,1,106.785,-6.50335
0.274515,312.231,50.3515,0.1,51.302,6.74226,1,106.816,-6.63091
0.0425473,23.5399,37.5962,0.509902,0,2.44292,1,106.496,-6.25003
0.0545839,2.94523,22.1181,0.2,14.7488,0.22897,1,107.025,-6.14043
0.073941,136.602,33.8151,0,49.7774,3.79226,1,106.756,-6.47281
0.0325886,3.91942,27.1594,0.1,24.1792,1.21545,1,106.613,-6.05599
0.117535,27.5452,43.1535,0.1,31.5146,1.0375,1,106.438,-6.20511
0.173221,30.7316,27.4348,0.2,19.3179,0.806926,1,106.594,-6.25811
0.237218,70.3506,22.3386,0.2,0,5.58499,1,106.766,-6.36771
0.0301852,510.735,52.0797,0.223607,17.4741,9.63001,1,107.026,-6.60307
0.0795347,42.9074,36.9431,0.360555,0,1.89475,1,106.519,-6.30393
0.124709,441.739,58.8666,0,65.189,0.49365,1,106.824,-6.70817
0.100378,22.1888,43.3786,0.316228,0,0.569814,1,107.189,-6.32818
0.338149,4.34758,14.0706,0.141421,0,1.1858,1,106.71,-6.12516
0.000478864,59.378,52.9593,1.64012,0,3.04989,1,107.227,-6.44047
0.133498,65.4712,29.3287,0.1,25.597,0.380783,1,106.638,-6.36052
0.188295,154.427,38.5441,0.1,89.9631,2.25025,1,106.82,-6.52401
0.290597,9.06413,26.9321,0.1,16.5174,2.1214,1,106.585,-6.15571
0.0250647,2.89501,21.4166,0.72111,0,0.375236,1,107.019,-6.14133
0.0767517,9.44962,29.3301,0.1,0,0.812358,1,107.09,-6.21859
0.0324098,40.5419,42.7603,0.761577,0,3.40215,1,107.172,-6.35154
0.107403,8.39472,25.9859,0.2,0,0.431712,1,107.06,-6.2123
0.0799192,70.4973,25.5601,0.1,67.1799,1.99352,1,106.705,-6.3713
0.0698054,14.7748,39.181,0.1,21.5216,0.855079,1,106.474,-6.14672
0.0958716,3.39351,8.68097,0.223607,15.7461,0.0986075,1,106.804,-6.10001
0.0580852,23.9021,37.4697,0.3,0,1.16794,1,106.496,-6.24464
0.106239,101.493,29.5806,0.2,18.0948,5.49182,1,106.892,-6.43508
0.236673,27.2571,26.2691,0.1,22.0929,0.0295973,1,106.602,-6.24913
0.0768836,28.2512,13.3092,0.5,1.33177,1.65695,1,106.901,-6.27069
0.205123,10.7607,25.9444,0.1,0,0.971499,1,106.595,-6.14672
0.123417,178.201,45.1864,0.1,51.8304,1.23764,1,106.717,-6.56893
0.055347,45.7979,40.2471,0.141421,17.1093,4.71948,1,107.141,-6.36142
0.0948104,9.16136,27.4872,0.565685,0,0.294428,1,107.073,-6.2141
0.396064,8.96117,14.6898,0.1,98.119,0.682091,1,106.701,-6.13594
0.0484587,85.2743,35.4271,0.412311,0,0.320022,1,106.975,-6.46023
0.0905785,37.0098,29.3128,0.223607,0,0.0544793,1,107.036,-6.33986
0.0330852,55.0061,31.7244,0.5,0,0.792723,1,107.025,-6.38388
0.138833,64.1371,35.9229,0.141421,19.2979,2.32245,1,107.031,-6.42879
0.174555,145.644,36.5218,0,78.4426,2.22366,1,106.788,-6.50335
0.0561606,49.6843,43.6586,0.2,0,0.728283,1,107.177,-6.36052
0.0773407,38.9232,29.1422,0.141421,14.1904,2.24518,1,107.033,-6.34076
0.0504937,65.8035,38.3045,0.1,13.9411,0.432322,1,107.034,-6.45395
0.10914,190.636,46.2502,0.1,50.2691,1.9616,1,106.723,-6.58061
0.23849,6.56656,23.8093,0.1,39.5597,0.559746,1,107.043,-6.16289
0.0988136,113.003,30.3695,0,32.269,2.09819,1,106.771,-6.44406
0.223626,85.604,26.5024,0.1,33.965,3.60873,1,106.742,-6.39915
0.121747,47.1884,27.3471,0.1,9.2001,1.43665,1,106.637,-6.33267
0.318457,5.09626,10.3398,0.1,88.9238,1.16624,1,106.918,-6.15032
0.100327,603.811,55.7189,0.1,36.4044,2.73469,1,106.873,-6.67763
0.182705,37.3498,34.1512,0.1,55.0349,0.317299,1,107.105,-6.31201
0.0872243,59.593,39.9798,0.316228,0,0.966869,1,107.069,-6.44496
0.0942473,153.454,37.2022,0.2,0,0.89092,1,106.809,-6.51144
0.0786404,34.5311,38.9339,0.141421,38.1614,1.35447,1,106.486,-6.26081
0.15842,47.2395,25.1255,0.2,25.3877,0.900521,1,106.685,-6.35244
0.0266331,55.5131,31.3858,0.3,0,0.186792,1,107.02,-6.38388
0.131851,28.1471,27.0099,0.1,38.7604,0.934851,1,107.045,-6.28776
0.11377,71.1058,33.6821,0.141421,0,1.70031,1,107.01,-6.41981
0.252344,70.846,27.954,0.1,57.0439,2.45275,1,106.95,-6.39645
0.194998,63.2356,24.6012,0.1,41.8228,1.0455,1,106.698,-6.35603
0.0956123,20.4659,38.4047,0.1,25.9442,2.29472,1,106.48,-6.19164
0.0656473,557.027,69.5295,0.282843,53.1225,5.03733,1,106.736,-6.798
0.162797,147.029,44.0389,0.1,51.7062,3.9202,1,106.702,-6.55366
0.331547,21.2176,35.9404,0.141421,0,1.47197,1,107.138,-6.27249
0.231542,39.0946,31.7661,0,74.8281,0.549315,1,106.553,-6.26081
0.139731,80.9538,25.9627,0.1,33.0886,1.41209,1,106.733,-6.39017
0.162956,38.182,30.729,0.1,37.2403,1.46712,1,107.06,-6.32818
0.130993,56.3418,37.5456,0,36.7162,0.500979,1,107.104,-6.3731
0.212877,43.0737,27.0967,0.1,51.3344,1.96824,1,107.031,-6.31201
0.0240984,395.185,53.6386,0.1,19.3266,3.95209,1,106.533,-6.56085
0.0762208,49.9171,26.406,0.2,5.47413,2.96275,1,106.638,-6.3201
0.222305,305.835,49.6846,0.1,2.22485,3.44664,1,106.775,-6.62193
0.0845934,358.651,52.3716,0.141421,0,2.70808,1,106.807,-6.64888
0.0286183,44.6491,53.3154,0.3,10.0362,0.861078,1,107.193,-6.49078
0.027212,7.18066,42.4674,0.1,15.4888,1.22714,1,107.206,-6.10899
0.0670271,347.039,50.2656,0.223607,29.7776,1.22261,1,106.717,-6.61654
0.0474473,22.8298,37.2993,0.447214,1.06613,1.76506,1,106.499,-6.25362
0.195279,94.4728,27.6429,0.141421,9.26146,0.220344,1,106.744,-6.41083
0.107479,9.68589,32.4621,0.141421,6.15194,0.474935,1,106.538,-6.12606
0.165427,75.2186,24.6057,0.2,23.1747,1.11729,1,106.716,-6.36771
0.102552,37.0607,31.8419,0.360555,0,1.55929,1,107.075,-6.32279
0.0370871,139.242,41.2856,0.1,44.9935,0.977873,1,106.703,-6.52761
0.00660095,836.413,60.8106,0.608276,0,14.5041,1,106.887,-6.72254
0.140838,15.8592,31.7035,0,16.7427,0.711842,1,107.104,-6.25272
0.088206,22.9621,40.662,0.1,0,1.66643,1,106.466,-6.24374
0.174616,133.399,33.8915,0.1,16.3903,2.80245,1,106.793,-6.48
0.0245953,509.995,54.4114,0.2,24.2776,5.08431,1,106.582,-6.60217
0.0507868,33.4813,25.0585,0.1,19.8829,1.29738,1,106.627,-6.28057
0.087071,52.284,27.786,0.141421,43.6987,3.29156,1,107.003,-6.35513
0.0930874,254.403,48.8015,0.1,43.2365,0.860229,1,106.663,-6.5851
0.303995,16.8247,16.3956,0.141421,35.8731,0.860534,1,106.691,-6.23206
0.295676,19.574,31.8241,0.1,33.4135,1.49766,1,107.101,-6.2653
0.321306,11.1874,7.41548,0.141421,168.039,7.36236,1,106.89,-6.15032
0.2071,129.657,34.4186,0.1,85.3033,2.89061,1,106.79,-6.48449
0.339324,66.3062,20.4308,0,52.0524,5.48209,1,106.84,-6.35962
0.0775341,9.91693,30.1459,0.316228,0,0.129954,1,107.097,-6.22038
0.316971,14.3521,24.1131,0.1,27.4349,0.390113,1,107.038,-6.23206
0.0892016,1034.33,69.2061,0.141421,62.7242,1.84092,1,107.059,-6.75758
0.0147817,439.801,76.6714,0.447214,0,12.6967,1,107.142,-6.79441
0.0883817,35.4714,26.6191,0.223607,6.39679,0.651694,1,106.62,-6.29674
0.179834,15.4829,19.8047,0.1,17.0523,0.0604958,1,107.001,-6.22218
0.0955445,55.1568,28.1439,0.1,23.2457,2.23824,1,107.012,-6.35064
0.209945,18.7993,20.6064,0,36.1754,0.584855,1,106.642,-6.19433
0.0215552,52.5477,34.6276,0.223607,16.8078,5.07491,1,107.071,-6.3731
0.21378,48.6001,34.9377,0.1,10.8473,1.16622,1,106.564,-6.34974
0.0709199,29.3789,25.1461,0.360555,0,2.3718,1,106.622,-6.27338
0.240986,132.297,36.0178,0.2,0,1.55361,1,106.867,-6.49886
0.0929151,22.1881,43.2106,0.141421,0,0.860996,1,107.186,-6.33267
0.181097,6.7396,22.902,0.1,40.2483,1.05023,1,107.035,-6.16559
0.0551079,205.929,44.2391,0.141421,0,3.91922,1,106.847,-6.57522
0.0961792,112.103,30.2516,0.1,23.2781,1.89399,1,106.776,-6.44406
0.0503142,240.093,46.4277,0.1,39.3407,2.65176,1,106.862,-6.59408
0.0845915,51.9966,26.6209,0.360555,0,3.43708,1,106.685,-6.3695
0.101103,144.657,35.7586,0.1,42.0668,2.25896,1,106.769,-6.49347
0.157762,104.682,28.6937,0.141421,36.6753,3.03867,1,106.786,-6.43149
0.0262546,37.1291,53.1522,0.2,0,2.26785,1,107.215,-6.46023
0.0444464,2.25092,25.4532,0.5,0,0.0701377,1,106.623,-6.06857
0.204018,34.791,35.6916,0.1,93.1207,1.00969,1,106.513,-6.24733
0.0489603,3.60116,20.263,0,4.01867,0.407493,1,107.008,-6.14043
0.151642,63.9819,25.0635,0.1,20.9819,0.964022,1,106.943,-6.3704
0.0476271,86.5731,34.2242,0.2,11.6542,0.623907,1,106.993,-6.43688
0.0953057,18.0153,42.0658,0.1,3.52533,2.09704,1,107.183,-6.31201
0.27159,61.3003,20.7107,0.1,58.0634,3.60807,1,106.917,-6.33986
0.387182,63.6428,19.7949,0,74.4629,0.831519,1,106.868,-6.34974
0.243544,103.693,28.0303,0.1,30.6488,2.96462,1,106.833,-6.42879
0.0983877,33.9493,40.4304,0.141421,62.5957,1.34997,1,106.468,-6.24194
0.177126,40.3404,33.6769,0,18.2773,0.99448,1,106.571,-6.33986
0.0711618,9.10159,33.0758,0.1,0,0.566181,1,106.535,-6.11079
0.0981174,45.217,39.9502,0.316228,0,2.26601,1,107.125,-6.38028
0.0310681,48.1087,40.6249,0.67082,0,1.11154,1,107.149,-6.35423
0.0644369,5.28438,11.8573,0.5,0,0.906701,1,106.744,-6.10809
0.341303,18.5738,11.1918,0.1,42.3482,2.98911,1,106.77,-6.25811
0.120922,348.906,51.8343,0,67.2676,4.25992,1,106.818,-6.64439
0.101784,45.7935,44.5801,0.2,0,1.13547,1,107.187,-6.35962
0.0505546,85.1822,34.1184,0.223607,16.0323,1.5406,1,106.992,-6.43688
0.177321,103.811,28.2369,0.223607,14.7902,3.45532,1,106.819,-6.43059
0.119068,347.457,51.9315,0.1,62.3946,4.32131,1,106.819,-6.64529
0.276702,10.75,26.1305,0,23.6872,0.852054,1,107.057,-6.23206
0.148376,9.35832,20.019,0.1,53.1307,1.12197,1,106.653,-6.12696
0.0947568,2.23516,19.2964,0.3,0,0.066323,1,106.998,-6.13594
0.112584,71.7327,35.8669,0.1,13.6451,2.54934,1,107.026,-6.43239
0.0700256,29.207,23.0574,0.282843,0,1.16004,1,106.64,-6.2671
0.11467,54.7793,37.8154,0.360555,24.9445,0.74074,1,107.103,-6.37849
0.0228981,42.2407,44.4467,0.72111,0,0.784507,1,107.189,-6.35154
0.131947,37.9189,40.1104,0.4,0,2.10185,1,107.148,-6.34615
0.142207,140.073,36.9482,0.223607,0,1.83194,1,106.828,-6.50964
0.0722678,63.9918,32.7662,0.447214,0,0.384408,1,106.998,-6.41801
0.0763511,83.614,28.6721,0.1,3.58076,3.72641,1,106.691,-6.39556
0.0883924,36.3988,27.92,0.141421,0,2.67041,1,107.023,-6.33537
0.0630946,102.525,35.4816,0.1,25.4712,0.872788,1,106.676,-6.45844
0.129066,61.4612,29.2814,0.141421,0,0.792528,1,106.99,-6.38478
0.314866,8.2434,13.0858,0.141421,0,0.644222,1,106.71,-6.18355
0.201418,107.572,29.9371,0.3,0,1.08249,1,106.868,-6.44317
0.214985,108.576,29.7088,0.141421,90.6172,2.4656,1,106.828,-6.44406
0.11132,14.7562,31.8681,0.1,16.6023,0.142077,1,107.106,-6.25183
0.187009,11.827,25.8341,0.1,44.0277,0.839007,1,106.595,-6.14762
0.350903,179.189,41.2343,0.1,84.9981,3.16614,1,106.816,-6.54827
0.0634754,78.4282,34.0298,0.141421,13.3634,2.3602,1,106.983,-6.44137
0.340385,8.4941,11.203,0.1,113.035,0.336953,1,106.732,-6.14133
0.00669653,67.8797,46.9355,1.14018,0,1.53863,1,107.151,-6.45125
0.202857,10.7021,27.9761,0.141421,29.6425,0.666889,1,106.577,-6.13594
0.337664,24.8004,27.2619,0.1,17.5284,1.90495,1,106.583,-6.20601
0.277271,10.7643,27.9909,0.1,41.6359,0.642547,1,107.076,-6.22488
0.0915871,37.4992,28.1943,0.509902,0,0.605676,1,107.034,-6.32549
0.0965328,5.63092,16.2345,0.3,0,0.874322,1,106.975,-6.17098
0.0196858,1144.95,59.8906,0.141421,39.97,8.88737,1,107.034,-6.67673
0.181299,58.6008,24.6554,0.1,37.8085,0.571677,1,106.693,-6.35333
0.21076,26.0165,35.6776,0.1,68.0794,0.229564,1,106.511,-6.23835
0.249923,9.93577,28.9807,0.141421,0,0.065505,1,106.567,-6.14852
0.228613,337.365,50.4356,0,45.108,8.20353,1,106.829,-6.63181
0.0895893,170.576,36.6611,0.1,81.8992,5.04273,1,106.915,-6.49527
0.138045,105.343,30.9597,0.141421,32.1171,1.05247,1,106.727,-6.43688
0.124563,108.256,29.1857,0.1,46.0368,0.070253,1,106.78,-6.43508
0.128119,81.7106,25.429,0.2,0,1.36462,1,106.735,-6.38567
0.0393167,340.507,50.1931,0.412311,21.9763,4.63848,1,106.731,-6.61924
0.256909,75.3551,23.9796,0.1,34.8495,2.70497,1,106.779,-6.38657
0.12112,178.895,42.0384,0.1,48.7986,2.49621,1,106.858,-6.55456
0.0421937,9.60958,26.7635,0.223607,8.94734,1.65586,1,106.628,-6.03803
0.12007,472.08,52.2095,0.141421,57.9845,4.8072,1,106.757,-6.64259
0.103505,53.201,41.7375,0.1,31.4093,2.46396,1,107.124,-6.40993
0.0227382,643.802,68.4918,0.5,0,10.6899,1,106.722,-6.78632
0.0653208,53.1983,42.2505,0.3,13.8786,0.586449,1,107.139,-6.39735
0.0429789,6.22755,26.1836,0.2,2.775,0.526862,1,106.63,-6.04342
0.200752,63.0903,27.9609,0.1,40.8467,0.671554,1,106.985,-6.3731
0.116391,21.6309,36.8652,0.316228,64.4372,1.97157,1,106.5,-6.23925
0.0963833,13.3196,34.6094,0.1,34.4325,1.00251,1,106.52,-6.11618
0.110496,15.7992,41.274,0.2,0,0.53353,1,107.184,-6.28776
0.239668,71.255,23.2974,0.282843,11.8446,1.40639,1,106.863,-6.38298
0.00287256,4.09385,42.2704,0.707107,0,0.899939,1,107.207,-6.12696
0.125482,31.0471,24.5025,0.1,18.5099,0.399712,1,106.622,-6.25901
0.261333,96.3234,26.5666,0,41.4575,1.38959,1,106.804,-6.41442
0.344809,53.3865,18.928,0,52.9873,1.85644,1,106.837,-6.34615
0.134226,9.93518,24.65,0.447214,0,0.439326,1,107.05,-6.19343
0.254118,94.4047,29.6009,0.1,91.5911,1.63107,1,106.734,-6.4261
0.131567,99.9608,32.7859,0.141421,31.821,0.944851,1,106.943,-6.44856
0.187009,106.62,28.3395,0.223607,9.72129,6.10936,1,106.818,-6.43149
0.119256,111.69,29.298,0.1,34.9685,1.07841,1,106.88,-6.43508
0.0880489,322.236,51.1451,0.141421,36.2647,3.25846,1,106.797,-6.6372
0.0903767,69.0292,27.666,0.141421,50.8946,1.31999,1,106.671,-6.3704
0.064405,59.2365,30.6408,0.316228,0,0.185125,1,107.001,-6.39196
0.0241416,61.2393,29.8417,0.447214,0.63801,1.6857,1,106.614,-6.34076
0.0713773,78.8828,35.4753,0,37.006,2.54823,1,106.996,-6.44856
0.228524,25.7112,25.3322,0.1,2.69751,0.921316,1,106.612,-6.25183
0.0238625,33.9373,53.0349,0.223607,0,5.71006,1,107.215,-6.45844
0.0552858,20.0707,44.2946,0.3,0,0.287447,1,106.427,-6.19882
0.355425,17.0233,6.4364,0.1,42.28,0.202154,1,106.833,-6.23296
0.0817435,11.8026,46.3842,0.141421,0,1.073,1,107.239,-6.26081
0.0333571,54.9675,31.4373,0.412311,0,0.674826,1,107.025,-6.38028
0.108728,10.9102,33.738,0.223607,20.6901,0.881565,1,106.527,-6.12067
0.013942,2.7276,20.3104,0.3,0,0.683788,1,107.01,-6.15571
0.186966,159.806,38.6481,0.1,55.2249,4.23587,1,106.818,-6.52491
0.207257,2.6381,17.4191,0.1,13.4462,0.499167,1,106.688,-6.10181
0.268056,101.718,28.8351,0.1,4.74974,2.02843,1,106.837,-6.43598
0.042136,21.477,36.9673,0.223607,0,0.599975,1,106.505,-6.26261
0.0812694,56.8618,28.4401,0.360555,6.78332,2.76329,1,106.631,-6.34166
0.038388,66.8006,32.5335,0.223607,17.4108,0.842342,1,107.024,-6.39466
0.127085,3.75596,21.1772,0.2,0,1.37014,1,106.666,-6.07126
0.152871,3.72186,17.7371,0.2,0,0.127803,1,106.988,-6.16738
0.209938,23.4483,19.3984,0.1,35.3551,0.416356,1,106.662,-6.23296
0.169748,62.6398,29.4858,0.2,3.49482,5.49174,1,106.951,-6.41173
0.2877,30.4223,16.9059,0.1,2.89146,1.28161,1,106.71,-6.27338
0.0987284,13.06,37.5282,0.2,7.3813,0.352266,1,106.489,-6.19433
0.0909953,802.722,68.1741,0.1,65.6984,1.35296,1,107.08,-6.73871
0.0542167,18.6133,37.3712,0.141421,4.02987,1.64644,1,106.489,-6.17906
0.171675,18.208,38.0483,0.1,0,1.11965,1,107.157,-6.27608
0.00279748,5.57873,42.0735,0.707107,0,0.879083,1,107.205,-6.12696
0.215988,33.9604,32.8799,0.282843,5.34795,0.320357,1,107.09,-6.3165
0.0708707,56.408,36.1089,0.2,17.6952,1.73183,1,107.09,-6.3695
0.0461066,105.132,36.8467,0.2,45.576,1.98328,1,106.683,-6.47551
0.25588,80.0899,27.1434,0.1,0,1.01779,1,106.82,-6.42071
0.102675,79.755,26.376,0.223607,11.4537,0.759665,1,106.72,-6.38837
0.186209,54.2016,38.6872,0.141421,15.088,1.65768,1,107.107,-6.38567
0.0328306,47.7531,47.8367,0.4,0,4.11659,1,107.201,-6.39466
0.00969653,382.708,49.2399,0.707107,14.3708,5.04661,1,107.015,-6.57971
0.212662,116.375,31.9459,0.1,33.5732,3.31595,1,106.791,-6.46203
0.218855,346.383,50.7922,0.141421,59.3261,3.49684,1,106.781,-6.63271
0.143888,144.993,35.6026,0.1,57.2827,2.09197,1,106.783,-6.49437
0.24986,14.1891,21.1983,0.1,41.0275,0.658513,1,107.016,-6.2123
0.186294,37.8982,32.2318,0.2,27.0344,0.390019,1,107.082,-6.3174
0.139309,31.7274,53.0153,0.141421,40.5387,0.443242,1,106.351,-6.23116
0.0273621,33.3527,50.2397,0.1,12.6418,2.79906,1,107.203,-6.43239
0.0233808,69.5208,33.8323,0.640312,11.363,2.35742,1,106.604,-6.38478
0.237515,3.6039,18.2335,0,0.652942,1.82498,1,106.692,-6.08025
0.0796757,332.757,49.2484,0.3,0,4.10028,1,106.833,-6.62103
0.0747423,151.59,42.7533,0.2,22.5254,3.29084,1,106.704,-6.54198
0.0883726,3.53921,18.9468,0.1,5.42674,0.509387,1,106.984,-6.1054
0.217148,2.06598,20.2656,0.1,58.877,0.271811,1,106.67,-6.08115
0.0975464,64.8563,34.6596,0.141421,50.5842,2.43988,1,107.028,-6.41622
0.270394,38.2413,18.3719,0.1,9.16437,3.27612,1,106.725,-6.30572
0.0617107,43.1661,37.0343,0.1,18.716,2.33591,1,106.521,-6.31022
0.0307713,124.828,40.2477,0.1,15.9129,2.39808,1,107.046,-6.46652
0.100429,39.854,40.1335,0.2,0.74001,0.0455621,1,107.145,-6.35154
0.0777322,72.0634,33.393,0.141421,70.8609,1.23816,1,106.999,-6.4243
0.103758,72.3426,32.3331,0.141421,62.4676,2.3337,1,107.002,-6.40993
0.201184,58.7154,24.2794,0.2,38.2831,1.37181,1,106.694,-6.34974
0.144772,1.79426,17.3748,0.2,0,2.28546,1,106.704,-6.07755
0.212867,55.069,27.3625,0.1,58.2572,0.101149,1,106.99,-6.36232
0.148257,16.7296,38.5154,0.360555,0,1.10601,1,107.16,-6.27877
0.124194,142.827,35.2541,0.282843,23.4564,0.557454,1,106.851,-6.49347
0.00710189,581.997,47.1919,0.632456,14.4185,10.6088,1,106.575,-6.51952
0.284981,17.912,33.7805,0.282843,6.7526,0.478894,1,107.12,-6.2644
0.154206,124.007,32.1812,0,46.0629,0.275073,1,106.789,-6.46383
0.213528,4.7915,13.7976,0.1,0,0.747635,1,106.951,-6.1566
0.136573,111.051,32.4377,0.1,0,2.88855,1,106.738,-6.45484
0.118021,36.3734,29.1896,0.2,3.01828,0.383866,1,107.049,-6.3192
0.138938,30.3364,34.6747,0.316228,20.0525,0.139834,1,106.523,-6.24913
0.154932,52.4986,39.5087,0.1,11.3914,0.699384,1,107.109,-6.39556
0.0055,28.2102,45.5586,0.9,0,0.0865551,1,107.178,-6.39196
0.0588256,51.4193,41.5692,0.1,17.4264,2.01052,1,106.488,-6.33627
0.0505621,127.853,39.6882,0.223607,25.686,1.17599,1,106.683,-6.50425
0.075012,48.5598,28.6991,0.2,7.63248,2.167,1,107.024,-6.34525
0.131678,79.0572,25.6309,0.316228,0,1.05431,1,106.903,-6.39466
0.0771281,57.5884,38.4644,0.1,21.6179,0.323841,1,107.081,-6.41352
0.058935,856.059,66.6814,0.1,55.9085,7.57838,1,107.064,-6.73063
0.103377,127.237,34.1646,0,58.6195,0.905106,1,106.735,-6.47012
0.0394726,6.26888,16.0701,0.583095,0,1.08146,1,106.973,-6.16469
0.140848,8.24879,22.8198,0.2,35.9781,1.09301,1,106.633,-6.1054
0.036982,4.99338,12.1214,0.509902,0,0.386211,1,106.743,-6.1054
0.0945722,64.2852,26.8035,0.223607,18.6582,4.82098,1,106.686,-6.3722
0.0960202,43.9654,27.5971,0.2,22.8252,1.60222,1,107.011,-6.34435
0.234711,37.1796,19.862,0.1,60.1103,1.39311,1,106.952,-6.30483
0.148649,82.9535,24.5168,0.223607,0,0.490197,1,106.75,-6.38298
0.229814,9.282,23.7105,0.1,33.4375,1.93135,1,107.042,-6.18715
0.105601,37.9219,27.6216,0.223607,11.6442,0.838053,1,107.037,-6.31111
0.163177,101.267,29.944,0.1,37.411,1.63171,1,106.751,-6.43508
0.132155,56.3722,40.27,0.282843,0,0.859329,1,107.083,-6.43508
0.0971681,16.1792,41.2446,0.2,0,0.836814,1,107.187,-6.27788
0.32843,53.3751,20.8148,0.1,25.093,4.33682,1,106.838,-6.36322
0.191358,20.9893,38.1366,0.1,5.65286,0.701981,1,107.157,-6.27877
0.0326962,38.9487,44.4245,0.223607,7.68446,3.04775,1,107.146,-6.42071
0.0109492,406.759,53.7949,0.223607,15.2779,7.42679,1,106.63,-6.62013
0.161962,31.7954,23.3227,0,11.941,0.766589,1,106.631,-6.25272
0.296896,35.5671,21.9621,0,36.858,1.27077,1,106.968,-6.31561
0.280652,104.452,29.1402,0.1,10.8546,1.39384,1,106.839,-6.43867
0.131615,79.5878,25.7288,0,58.6186,1.72612,1,106.917,-6.39017
0.0285536,2.03758,19.4218,0.1,4.17626,0.9117,1,106.983,-6.09193
0.0929136,71.7665,35.0403,0.1,42.2673,2.40482,1,107.004,-6.43867
0.127817,27.862,28.3104,0.282843,0,0.26373,1,106.586,-6.25901
0.06473,125.041,33.7919,0.223607,5.55734,2.33656,1,106.75,-6.47101
0.021736,211.251,53.4291,0.2,45.5569,4.05395,1,106.515,-6.54468
0.117826,72.4898,35.1958,0.1,42.7734,1.4258,1,107.028,-6.42251
0.0949587,38.7252,33.9923,0,42.3392,1.67443,1,106.532,-6.25901
0.347646,51.4072,21.0115,0,37.4308,2.52627,1,106.724,-6.33447
0.0141161,71.4103,49.4233,0.921954,0,0.956837,1,107.174,-6.45844
0.160811,11.9566,24.9817,0.2,0,0.496993,1,107.048,-6.22488
0.0244864,15.8984,33.0142,0.360555,0,0.278786,1,107.117,-6.24823
0.182109,1013.29,66.1123,0.1,1.93511,3.85996,1,107.051,-6.73063
0.314574,79.1454,23.5542,0.1,27.925,1.40702,1,106.886,-6.38028
0.148081,2.65986,18.3613,0.141421,1.14428,0.161777,1,106.993,-6.16289
0.0975864,61.1046,39.3578,0.316228,0,0.366766,1,107.078,-6.42879
0.110876,2.413,46.2409,0.1,27.6327,0.342317,1,106.424,-6.06498
0.267968,11.9248,26.3932,0.1,4.26453,0.596392,1,106.59,-6.15032
0.0521505,11.4396,41.4651,0.583095,0,0.395931,1,107.193,-6.26171
0.26315,8.27357,12.8492,0.1,17.8659,0.317657,1,106.714,-6.19972
0.0654745,349.355,50.2415,0.282843,22.492,3.29429,1,106.718,-6.61654
0.112043,7.78731,28.063,0.223607,0,0.227202,1,106.583,-6.1072
0.215862,55.0033,21.8812,0.1,38.4482,0.963657,1,106.944,-6.33537
0.286661,14.7901,21.9777,0.1,28.598,0.180988,1,107.023,-6.2123
0.137726,15.4956,31.182,0.1,0,0.658784,1,106.546,-6.1566
0.115875,60.8352,35.6597,0.2,58.5526,0.712404,1,107.028,-6.4279
0.0520804,38.0155,32.1405,0.360555,0,0.227927,1,107.073,-6.33088
0.116743,756.478,55.3014,0,43.1697,5.5119,1,106.927,-6.66595
0.231201,35.3952,20.4371,0.1,29.7644,0.785615,1,106.685,-6.29315
0.161399,173.231,40.4487,0.2,24.4236,1.91864,1,106.798,-6.54018
0.0899666,16.4221,45.2529,0.3,0,0.254094,1,107.221,-6.29045
0.255917,57.3139,20.3907,0.141421,25.4296,2.08957,1,106.913,-6.33896
0.268976,195.57,42.0944,0.1,38.4297,1.33963,1,106.803,-6.55546
0.0497426,17.1154,36.3818,0.509902,0,0.665358,1,106.498,-6.16918
0.0898202,41.8717,26.6693,0.141421,46.9863,2.39894,1,106.62,-6.29764
0.0913192,148.103,37.9307,0.2,0,3.74693,1,106.877,-6.51503
0.11087,122.698,31.8864,0.141421,55.7787,0.952741,1,106.768,-6.45754
0.0593694,224.172,47.7188,0.1,5.32818,6.0995,1,106.642,-6.56534
0.164846,7.01048,23.9248,0.1,55.9846,0.968348,1,106.642,-6.06318
0.126398,25.7279,40.9439,0.1,35.1985,1.03423,1,107.167,-6.32459
0.231403,99.3566,28.524,0,0,2.66594,1,106.833,-6.43328
0.0605716,15.7129,48.3433,0.141421,19.7413,3.21457,1,106.391,-6.15391
0.231436,55.4867,23.7174,0.1,3.07776,2.32086,1,106.678,-6.32908
0.0756388,4.66843,26.6631,0,14.5398,0.174011,1,107.054,-6.09013
0.180594,89.9268,26.8347,0.1,36.9755,0.694046,1,106.734,-6.39915
0.0307984,4.22688,25.9076,0.2,0,0.694083,1,106.621,-6.06318
0.0375215,41.8225,38.5103,0.1,32.1829,0.612382,1,106.502,-6.29944
0.11876,199.633,44.0898,0.1,8.48367,2.34064,1,106.825,-6.57432
0.109157,7.37876,11.2839,0.2,0,2.71089,1,106.748,-6.11079
0.00214448,103.528,58.4338,2,0,2.5726,1,106.386,-6.46652
0.0693584,629.638,55.4696,0.141421,32.943,2.03619,1,106.878,-6.67493
0.132315,110.234,29.1832,0.1,33.7675,1.83332,1,106.786,-6.43598
0.131093,1.67528,17.2192,0.282843,0,0.874414,1,106.706,-6.07755
0.324921,44.7102,22.9507,0.1,62.1334,2.15282,1,106.971,-6.32549
0.184782,153.502,37.4449,0.1,68.9894,2.29966,1,106.825,-6.51413
0.0195382,35.6818,48.2337,0.360555,0,0.921077,1,107.213,-6.38118
0.230272,58.8372,21.6711,0.1,25.6081,0.521667,1,106.937,-6.33806
0.0226025,66.0556,44.71,0.1,23.1461,1.5678,1,106.465,-6.35513
0.142732,30.7915,34.7711,0.223607,29.9282,0.918397,1,106.522,-6.24913
0.186835,133.348,33.6163,0.1,93.9545,2.76208,1,106.813,-6.4791
0.160036,14.7723,20.9342,0.1,33.7733,0.441062,1,106.639,-6.15301
0.0864732,44.9222,27.1235,0.141421,27.4612,3.99411,1,107.01,-6.33896
0.0307076,37.6284,24.4542,0.282843,0,0.902229,1,106.644,-6.29854
0.197871,115.784,30.7923,0.141421,65.3513,1.57137,1,106.866,-6.45125
0.148302,64.2222,29.6184,0.1,81.6462,3.80731,1,106.985,-6.39196
0.322799,11.0854,22.7223,0.1,4.35015,0.138122,1,107.032,-6.19793
0.0755385,44.8535,32.2165,0.1,43.4311,1.51467,1,107.077,-6.32639
0.0941596,52.6216,36.5198,0.223607,0,0.201151,1,107.098,-6.36591
0.204427,96.5067,28.3058,0.1,10.0459,2.74457,1,106.764,-6.4234
0.0647767,36.0438,24.9355,0.223607,0,1.1631,1,106.636,-6.29405
0.2002,47.8405,23.0382,0.141421,32.8703,0.426389,1,106.674,-6.31561
0.248521,59.8783,26.8579,0.1,30.7468,1.93162,1,106.974,-6.3695
0.072712,3.91211,19.7591,0.3,0,0.67617,1,107.002,-6.13684
0.156179,275.856,48.9684,0.141421,41.9665,2.68326,1,106.763,-6.61385
0.062612,4.0682,30.0407,0.1,15.2661,0.876929,1,107.098,-6.15121
0.253664,12.7648,21.1886,0.141421,19.3096,0.17949,1,107.017,-6.20691
0.0573401,36.5786,25.6589,0.1,6.06365,1.39398,1,106.625,-6.28866
0.20167,193.335,44.2753,0.1,49.7168,0.987488,1,106.753,-6.56893
0.221015,40.4755,21.7356,0.2,23.6696,3.1254,1,106.957,-6.32369
0.0517972,9.58521,25.6376,0.223607,0,1.40771,1,106.632,-6.0497
0.139009,16.5452,38.5808,0.360555,0,0.452451,1,107.161,-6.27788
0.11171,53.3918,38.8866,0.141421,29.9396,0.795819,1,107.102,-6.39556
0.117118,117.666,32.5943,0.1,20.2623,2.26607,1,106.731,-6.45395
0.138828,115.157,30.4217,0.1,0,1.94617,1,106.782,-6.44676
0.118345,49.1842,26.2301,0,21.4882,1.37823,1,106.644,-6.32549
0.0580379,44.5549,43.9566,0.141421,16.0541,0.791777,1,107.183,-6.35423
0.0976921,164.636,36.3479,0.1,40.921,3.01206,1,106.914,-6.49257
0.0357921,5.14152,32.6467,0.316228,0,0.388571,1,107.122,-6.14762
0.0994142,704.228,57.4839,0.1,8.57473,8.1833,1,106.896,-6.6911
0.143882,4.98808,17.5095,0.2,10.8758,0.893801,1,106.684,-6.1072
0.107591,10.1159,24.1425,0.1,0,0.669443,1,106.612,-6.14223
0.101556,175.729,38.8892,0.141421,47.1181,1.17032,1,106.901,-6.51952
0.0972095,33.2448,29.0302,0.141421,25.8014,1.24933,1,106.578,-6.25811
0.155506,5.088,11.7827,0.1,46.5269,1.43053,1,106.902,-6.09821
0.0128924,40.1111,44.4665,0.360555,0,2.22193,1,107.167,-6.39196
0.124594,26.9938,42.4123,0.141421,12.5802,1.75188,1,107.184,-6.3183
0.17263,133.659,36.9166,0.2,0,2.87868,1,106.848,-6.50874
0.0159379,31.1613,48.3963,0.728011,0,1.01072,1,106.401,-6.27608
0.222432,15.8961,37.7,0.1,39.803,1.05074,1,107.164,-6.23206
0.136991,511.367,52.8391,0.1,16.4333,4.36337,1,106.761,-6.64888
0.0943732,52.0421,27.2238,0.223607,29.2288,1.10589,1,107.003,-6.34794
0.259213,78.1701,28.7715,0,85.8763,3.31261,1,106.944,-6.40813
0.0600489,642.385,59.5476,0.1,23.1842,16.2718,1,106.87,-6.71266
0.096947,32.5753,34.3859,0.316228,28.9284,1.12754,1,106.526,-6.25272
0.0543322,1.28391,16.8861,0.282843,3.65749,0.138486,1,106.711,-6.07576
0.0703836,11.8049,45.9354,0.2,0,0.977424,1,107.235,-6.25811
0.240953,183.793,43.1071,0.1,44.0806,2.23145,1,106.819,-6.56534
0.0874423,45.4363,28.0214,0.141421,42.2661,3.14165,1,107.021,-6.33896
0.105626,32.8205,34.0964,0.282843,7.54964,0.372655,1,106.528,-6.24913
0.101376,63.3228,38.0866,0.1,7.5578,0.274339,1,107.037,-6.44945
0.0830574,120.031,31.9716,0.282843,48.6841,0.816826,1,106.778,-6.46023
0.167012,6.17966,17.2388,0.1,8.15584,0.278053,1,106.688,-6.1054
0.220509,50.6028,21.4265,0.141421,25.3912,0.813212,1,106.951,-6.32459
0.194856,156.759,38.7304,0.141421,41.6658,2.1914,1,106.852,-6.52491
0.0237681,12.9984,33.0343,0.707107,0,0.529505,1,107.12,-6.23745
0.120857,8.94699,25.6793,0,9.93186,0.47628,1,106.601,-6.12426
0.120201,85.1125,27.9677,0.2,0,0.880156,1,106.929,-6.40723
0.162606,46.8649,25.0483,0.223607,0,1.26468,1,106.685,-6.35154
0.207466,98.6554,28.3204,0.282843,3.15928,4.69617,1,106.828,-6.43149
0.0707741,35.1153,40.041,0.1,35.4527,0.464105,1,106.476,-6.26261
0.18075,130.778,36.406,0.141421,79.4452,4.84936,1,106.798,-6.50335
0.263767,19.3459,25.3803,0.1,0,0.761515,1,107.037,-6.27069
0.030295,2.45333,26.0422,0.2,3.73911,0.91297,1,106.621,-6.06228
0.0765306,4.64018,22.0938,0.1,37.131,0.670003,1,106.668,-6.0542
0.124229,140.495,37.3931,0,63.5848,1.32061,1,106.899,-6.50605
0.155322,106.214,32.5481,0.2,20.5011,1.54556,1,106.701,-6.44137
0.223905,27.6496,35.5999,0.1,50.6387,0.729145,1,106.512,-6.23925
0.219058,49.8956,21.5308,0.1,55.9967,1.0625,1,106.955,-6.32279
0.0263249,50.2422,43.3493,0.509902,0,0.178658,1,107.174,-6.35962
0.0743202,52.9835,38.1035,0,31.2147,1.99074,1,106.533,-6.35513
0.0994401,3.21777,24.0873,0.316228,0,0.513822,1,107.044,-6.14582
0.0660593,145.936,36.1565,0.223607,0,2.53805,1,106.825,-6.50246
0.0548997,62.9698,34.7744,0.1,10.5847,1.94461,1,107.014,-6.42879
0.22975,26.7288,26.144,0.1,5.87648,0.892212,1,106.603,-6.24823
0.134447,250.478,48.9603,0.1,48.665,1.08806,1,106.758,-6.61295
0.161616,38.4141,25.6816,0.1,36.7647,3.36377,1,106.661,-6.33717
0.167512,105.912,29.6804,0.1,52.7614,0.881191,1,106.908,-6.43149
0.140729,9.99399,24.5198,0.1,40.3651,1.15474,1,106.613,-6.11708
0.0182035,42.9659,44.1809,0.761577,0,2.64333,1,107.168,-6.38567
0.161817,180.337,44.8822,0.282843,0,2.53798,1,106.735,-6.57073
0.15142,6.48663,21.092,0.1,21.5528,0.389254,1,107.019,-6.17547
0.0274902,45.858,46.8228,0.1,16.4001,0.89959,1,106.427,-6.31201
0.220117,157.023,38.1928,0.141421,33.0481,2.30606,1,106.859,-6.51952
0.125735,174.903,40.6626,0,33.1861,2.34181,1,106.797,-6.54198
0.0787527,12.0061,47.1335,0,7.46177,0.346359,1,107.244,-6.26799
0.129934,111.864,32.7513,0.223607,0,3.41926,1,106.737,-6.45754
0.0532489,115.197,37.2341,0.67082,0,1.55354,1,106.719,-6.49437
0.242415,48.9484,20.6518,0,40.2225,1.32951,1,106.947,-6.3192
0.0929795,55.5607,27.816,0.223607,4.56049,1.30519,1,106.641,-6.34435
0.250406,68.7076,23.5484,0.1,19.5075,1.1703,1,106.738,-6.36861
0.0890823,63.7314,30.2731,0.2,0,0.462575,1,106.995,-6.39196
0.207732,46.1996,22.9715,0.1,8.59782,0.393565,1,106.674,-6.31471
0.0402265,54.541,29.5211,0.316228,0,1.38877,1,106.615,-6.33717
0.0813243,23.2635,40.326,0.2,27.7704,1.41019,1,106.468,-6.23655
0.222591,165.869,39.172,0.1,63.4368,0.587559,1,106.798,-6.52851
0.0673353,53.477,37.8037,0.1,5.02248,0.45849,1,107.097,-6.38657
0.0279091,60.645,35.94,0.3,22.8357,2.40783,1,106.59,-6.39735
0.253599,70.702,27.8192,0.1,88.3732,0.800854,1,106.949,-6.39556
0.118178,61.5764,29.4481,0.141421,29.4195,0.328245,1,106.993,-6.38388
0.323514,29.4048,23.4432,0.1,52.6618,1.38339,1,107.007,-6.28866
0.129281,9.48044,21.622,0.1,36.83,0.471426,1,106.642,-6.11259
0.0944653,2.96031,18.8062,0.2,0,0.15686,1,106.995,-6.14493
0.168528,44.2131,25.0011,0.141421,39.0988,1.37622,1,106.994,-6.32818
0.0826281,47.8181,34.9774,0.2,15.793,1.58285,1,106.551,-6.32818
0.0814773,34.9657,35.2736,0.141421,35.7537,1.19666,1,106.521,-6.2635
0.178307,15.4155,19.9266,0.2,0,0.396591,1,107.001,-6.22308
0.130986,35.081,33.0885,0,34.0856,1.19987,1,106.536,-6.24374
0.240402,52.1727,37.0542,0.141421,50.6359,0.842888,1,107.118,-6.34256
0.111891,89.2315,27.2363,0.1,36.7386,0.587513,1,106.911,-6.40723
0.0586517,513.634,63.1435,0.538516,0,1.20742,1,106.816,-6.7468
0.166068,39.0008,27.1267,0,45.0885,1.09998,1,107.034,-6.30842
0.0358489,59.3495,48.2097,0.2,21.0046,2.41484,1,107.196,-6.40993
0.0351338,61.2459,36.1346,0.141421,22.4872,5.14814,1,106.593,-6.40274
0.109675,58.3916,41.3874,0,12.3746,0.450678,1,107.134,-6.39017
0.133288,2.33071,12.2034,0.360555,1.26631,0.383542,1,106.735,-6.11528
0.0336603,583.602,63.2355,0.1,21.7758,11.6685,1,106.836,-6.7477
0.161303,13.8665,38.4511,0.1,23.2589,0.907724,1,107.171,-6.23027
0.108808,47.0654,30.2459,0.1,51.9548,1.85103,1,106.582,-6.29584
0.0922461,68.731,29.8987,0,53.5685,1.91573,1,106.999,-6.38478
0.11695,30.4385,40.885,0.1,41.8699,0.615097,1,106.468,-6.26171
0.224699,22.1286,32.8194,0.1,27.4082,0.665247,1,106.531,-6.18445
0.0427423,202.311,43.5457,0.282843,20.3387,3.50527,1,106.847,-6.56893
0.113261,69.5264,28.1076,0.1,15.5023,1.27032,1,106.686,-6.38657
0.0105394,40.3131,44.0863,0.72111,0,0.0953172,1,107.165,-6.38837
0.0979457,114.692,35.1966,0.1,53.826,0.83725,1,106.699,-6.46652
0.294878,15.5169,16.1602,0.2,0,0.485601,1,106.693,-6.23296
0.132636,2.93277,19.4273,0.1,0,0.553292,1,107.003,-6.16649
0.0502388,36.9528,28.312,0.6,0,0.476127,1,107.031,-6.33088
0.163128,527.182,55.1458,0.1,53.8881,6.02879,1,106.849,-6.67403
0.0124909,566.876,69.6687,0.2,80.0487,7.32403,1,106.392,-6.63091
0.111738,38.0997,29.304,0.1,34.1844,1.12474,1,107.038,-6.33627
0.148442,170.383,40.0963,0.141421,13.896,1.20077,1,106.794,-6.53659
0.132559,81.1933,27.3606,0.2,0,0.98824,1,106.711,-6.39376
0.0581167,232.046,44.1922,0.538516,0,1.81271,1,106.855,-6.57432
0.127527,8.88584,29.4367,0.1,59.5146,0.0752484,1,106.568,-6.11708
0.189389,105.602,27.7382,0,30.8571,4.19792,1,106.82,-6.4261
0.241673,41.5192,23.7891,0.141421,0,1.93886,1,106.673,-6.32459
0.188809,48.6304,25.1309,0.2,6.88665,3.22436,1,106.993,-6.33088
0.0907631,7.69319,45.0222,0,15.2113,1.02165,1,107.235,-6.16649
0.134385,8.90611,26.3737,0.1,50.7917,0.68922,1,106.594,-6.12786
0.325757,26.1285,16.6644,0,63.7216,2.91937,1,106.912,-6.30033
0.0263691,7.34071,29.8465,0.1,21.1951,0.908304,1,106.585,-6.05689
0.0321009,55.6213,54.7168,0.4,23.5369,7.52388,1,107.224,-6.47191
0.0281461,4.17059,36.3455,0.223607,19.9238,0.868122,1,107.09,-5.97694
0.10283,82.0663,28.2474,0.1,55.4254,2.01085,1,106.708,-6.40095
0.0898391,71.6213,30.4882,0.141421,16.4047,2.80953,1,106.992,-6.39645
0.0650839,48.4006,31.945,0.223607,16.5939,0.359554,1,106.573,-6.31201
0.0846808,3.99963,38.645,0.1,14.4521,1.12206,1,107.157,-6.05689
0.140321,13.5535,39.9717,0.141421,0,0.429292,1,106.467,-6.20332
0.224119,165.602,41.4756,0.223607,0,2.75016,1,106.766,-6.54557
0.194011,28.9574,14.2798,0.316228,0,4.42452,1,106.895,-6.28506
