aspect,building,ground,ndsm,ndvi,roof,roof_slope,solar,tree
,,3.3484,,0.056795,,,,
24.558,0,2.6366,1.3076,0.095333,0,19.782,0,0
,,2.8094,,-0.25116,,,,
321.36,0,2.8946,2.5035,0.55585,0,73.763,0,1
29.468,1,0.73875,18.654,0.058824,1,31.663,0,0
83.599,0,-0.12213,0,0.23022,0,1.2128,0,0
101.76,0,0.17775,0,0.15764,0,19.334,0,0
184.14,0,-1.0855,0,0.21918,0,0.88023,0,0
270.34,0,-1.3878,0,0.31566,0,1.5345,0,0
89.283,0,-1.1734,0,0.12243,0,1.7352,0,0
,,2.4541,,-0.25125,,,,
,,2.7312,,0.21799,0,,,
40.166,0,4.1192,10.413,0.55648,0,80.733,0,1
176,0,-0.26187,0.03727,0.1842,0,2.009,0,0
,,1.2258,,-0.29624,,,,
216.55,0,3.6103,0,0.02684,0,0.20888,0,0
8.7732,0,0.65974,0.0090603,0.15702,0,0.10462,0,0
306.16,0,3.7805,0,0.067678,0,0.72578,0,0
89.273,0,3.3625,0,0.11148,0,10.102,0,0
326.28,0,1.3231,0,0.68296,0,46.973,0,0
,,2.2152,,-0.25672,,,,
194.99,0,-1.1501,0,0.48011,0,1.3576,0,0
176.58,1,2.9346,30.928,0.011384,1,0.12042,1,0
358.46,1,2.7549,7.8589,0.060859,1,62.235,0,0
337.14,0,3.9639,0.0071576,0.066026,0,0.85405,0,0
239.85,0,2.7217,10.064,0.52658,0,46.575,0,1
178.91,1,2.599,20.909,0.26974,1,75.665,0,0
189.96,0,3.0232,0.009187,0.3211,0,5.6924,0,0
152.89,1,3.6041,40.238,0.017179,1,0.025637,1,0
318.85,0,3.9824,13.517,0.51284,0,33.378,0,1
,,3.3215,,-0.27536,,,,
342.69,0,4.1065,0.075327,0.36669,0,1.3278,0,0
,,1.2587,,-0.31332,,,,
309.23,0,-1.3867,0,0.27684,0,0.18746,0,0
,,2.4643,,-0.18367,,,,
,,2.6838,,-0.28828,,,,
208.69,0,-0.97753,0,0.33504,0,0.31592,0,0
,,3.3113,,-0.25389,,,,
46.014,1,3.3158,16.437,0.1298,0,87.725,0,0
159.35,0,3.4317,2.4562,0.0077787,0,1.8533,0,0
,,1.2218,,-0.41221,,,,
92.846,1,-0.015299,14.251,0.15765,1,0.27646,1,0
259.29,0,0.30869,0,0.56371,0,12.591,0,0
269.02,0,3.7522,0.027193,0.4153,0,1.3275,0,0
67.968,1,0.33955,15.522,0.19565,1,79.884,0,0
17.141,0,3.4049,0.88551,0.33689,0,40.213,0,0
261.56,0,-1.9809,1.8653,0.80015,0,43.221,0,0
95.077,1,4.1168,7.1991,0.054168,1,50.704,0,0
323.52,0,5.8747,3.48,0.57209,0,24.903,0,1
324.7,,-0.14752,,0.7034,0,0.557,0,
270.85,1,3.3497,12.991,0.19676,1,0.21275,1,0
340.9,0,0.3805,0,0.33404,0,2.0953,0,0
259.6,0,3.4926,0.029419,0.11942,0,1.6672,0,0
,,3.5117,,-0.32328,,,,
79.257,0,-1.0716,0.030342,0.32174,0,18.444,0,0
196.27,0,3.877,0,0.067457,0,1.0429,0,0
,,2.6488,,-0.28889,,,,
359.37,0,-1.0405,11.541,0.41778,0,33.987,0,1
148.19,0,0.040805,0,0.24685,0,0.89031,0,0
,,2.1082,,-0.29651,,,,
127.57,0,3.1699,0.0037258,0.077042,0,1.4058,0,0
91.477,,2.5537,,0.34046,0,1.1272,0,
,,1.8427,,-0.32137,,,,
322.67,0,2.476,0,0.11463,0,2.1485,0,0
271.57,0,-1.0886,0,0.085312,0,1.2883,0,0
186.12,0,3.4739,2.0124,0.39118,0,44.048,0,0
300.05,0,-0.31528,0.24948,0.2561,0,4.5394,0,0
177.35,,-1.1839,,0.3382,0,77.177,0,
261.34,1,0.42204,21.301,0.25299,1,0.29023,1,0
344.97,1,0.37818,33.886,0.13518,1,0.65068,1,0
118.02,1,-0.20557,53.323,0.10368,1,0.13102,1,0
314.67,0,3.7295,0.40902,0.45014,0,16.342,0,0
,,3.3345,,-0.26934,,,,
334.02,0,1.9496,0.00018287,0.75543,0,5.5858,0,0
68.649,0,4.2964,0.0063472,0.32084,0,0.32548,0,0
78.285,0,2.3901,0.76705,0.26895,0,26.787,0,0
,,2.7718,,-0.2722,,,,
134.23,1,2.6897,15.616,0.093133,1,10.664,0,0
43.115,1,2.7431,12.801,0.042581,1,17.063,0,0
179.29,1,3.0305,24.142,0.02973,1,0.08026,1,0
160.51,1,3.2052,15.901,0.19596,1,1.3743,1,0
156.27,1,-1.226,14.97,0.086587,1,1.2205,1,0
37.589,0,-0.9191,15.402,0.45516,0,4.1972,0,1
136.47,0,-1.1771,0.014617,0.13862,0,1.7419,0,0
36.865,0,2.9885,0,0.04918,0,16.731,0,0
166.51,0,-1.081,10.409,0.35339,0,68.044,0,0
89.273,0,-1.2681,0.0076874,0.24101,0,0.35634,0,0
59.987,0,-1.1518,0.0069307,0.085154,0,0.42178,0,0
49.546,1,1.6784,10.282,0.096886,0,81.817,0,0
22.603,1,3.5312,34.739,0.2251,1,85.026,0,0
355.34,0,0.33071,4.3702,0.56699,0,77.641,0,1
349.88,0,2.0258,6.3173,0.54551,0,61.447,0,1
269.48,0,5.2851,0.00072908,0.11744,0,67.28,0,0
321.65,1,3.254,2.748,0.19577,1,0.094107,1,0
,,2.814,,-0.33117,,,,
299.13,0,3.5502,3.3965,0.36897,0,22.379,0,0
66.954,1,-0.99661,3.2559,0.059656,1,0.52813,1,0
35.916,0,2.3795,0,0.22855,0,0.66445,0,0
266.46,1,4.8038,7.2709,0.0624,1,80.877,0,0
232.02,0,0.52849,18.329,0.83467,0,74.6,0,1
58.646,0,3.9142,0.0059557,0.2721,0,1.2488,0,0
288.29,1,4.1123,5.0489,0.26316,1,0.51061,1,0
,,2.8288,,-0.36348,,,,
113.58,0,0.35442,5.3321,0.32362,0,73.047,0,0
179.28,0,-0.33283,0.03123,0.20168,0,0.98023,0,0
269.29,0,-0.01261,6.0652,0.73293,0,31.203,0,1
178.08,0,-0.16543,10.111,0.41107,0,0.27523,0,1
186.98,0,1.0405,0,0.36203,0,5.8916,0,0
,,0.86461,,-0.36299,,,,
295.8,0,3.9811,0.037175,0.58589,0,0.38535,0,0
338.19,0,-0.27726,0,0.29307,0,0.63898,0,0
,,2.5875,,-0.35168,,,,
,,,,-0.32062,,,,
59.445,1,3.434,8.3224,0.12304,1,0.70243,1,0
134.61,0,2.6927,0,0.248,0,1.2013,0,0
220.44,0,3.4942,10.095,0.33,0,0.82977,0,0
327.13,1,-0.65995,4.2462,0.14866,1,0.85313,1,0
342.13,0,-0.07207,3.348,0.52196,0,5.8831,0,1
89.289,1,2.7517,67.639,0.03877,1,0.063145,1,0
159.4,1,-0.18624,13.138,0.12688,1,43.31,1,0
3.5779,0,3.8213,17.509,0.62652,0,49.215,0,1
134.8,1,4.011,12.279,0.1029,1,0.4018,1,0
89.292,1,3.524,14.913,0.17166,1,47.955,0,0
,,2.4601,,-0.23636,,,,
192.86,1,2.6668,2.6432,0.17325,0,68.891,0,0
276.43,1,-1.2151,9.8884,0.12569,0,84.566,0,0
188.14,1,-0.15771,16.072,0.071749,1,0.26112,1,0
,,2.9192,,-0.017038,,,,
,,2.2926,,-0.38947,,,,
280.01,0,-1.1165,3.7804,0.74687,0,72.891,0,1
,,2.4668,,-0.30973,,,,
,,1.7867,,-0.26847,,,,
134.2,1,-0.60483,35.079,0.013058,1,0.44654,1,0
91.162,0,4.3215,0,0.28948,0,0.3508,0,0
223.57,0,3.1243,0,0.46308,0,0.59262,0,0
190.28,0,-1.3099,0.035753,0.18136,0,2.8593,0,0
89.287,0,2.7965,0,0.34043,0,55.245,0,0
,,1.0976,,-0.38462,,,,
,,3.4118,,-0.20062,,,,
,,1.0233,,-0.2963,,,,
166.53,1,3.8273,53.041,0.12508,1,79.816,0,0
111.09,0,4.242,4.6577,0.64842,0,59.258,0,1
,,2.8823,,-0.4023,,,,
323.64,0,-0.71737,1.0128,0.28094,0,59.352,0,0
,,3.2801,,-0.34419,,,,
359.28,0,1.9178,2.0858,0.098039,0,0.80255,0,0
130.03,0,0.13977,5.8741,0.48844,0,3.3949,0,1
179.29,1,4.2931,36.399,0.26762,1,0.63921,1,0
,,2.5844,,-0.28313,,,,
344.94,0,-1.1911,0.021487,0.54148,0,1.81,0,0
351.57,1,-0.26686,20.04,0.073402,1,31.617,0,0
325.82,0,5.1449,0.020138,0.40266,0,3.8498,0,0
317.61,0,3.549,0.0081718,0.14784,0,0.82117,0,0
251.23,0,2.4247,0.26778,0.41359,0,24.029,0,0
,,2.7552,,-0.13492,,,,
138.75,1,3.333,15.276,0.1381,1,35.747,1,0
253.43,1,-0.040846,16.726,-0.057069,1,4.2341,1,0
154.78,1,2.6123,8.295,0.26058,0,73.938,0,0
359.28,1,-1.241,17.814,0.12924,1,7.2307,1,0
256.51,0,2.9367,0,-0.011558,0,29.904,0,0
51.576,1,4.0403,18.235,0.032787,1,23.074,0,0
329.6,1,1.4047,14.792,0.15341,1,82.799,0,0
157.04,1,-0.025474,15.596,0.0068521,1,3.3838,1,0
358.28,1,3.7792,21.429,0.13303,1,3.1561,1,0
269.15,1,-1.1489,15.626,0.20854,0,85.607,0,0
79.754,0,3.1889,0.0072868,0.37982,0,3.08,0,0
229.29,0,-1.6451,1.9603,0.51475,0,21.78,0,0
76.735,0,4.2057,0.82454,0.2781,0,19.481,0,0
183.9,1,3.0357,89.198,0.090024,1,0.42563,1,0
347.85,0,3.2143,0,0.41508,0,1.2457,0,0
,,1.464,,-0.36116,,,,
154.22,0,3.3877,0.0050879,0.092577,0,0.66454,0,0
68.677,1,0.16899,26.125,0.073298,1,58.915,0,0
,,2.7623,,-0.24561,,,,
177.34,0,1.4448,0.0099876,0.12201,0,0.5105,0,0
,,2.8126,,-0.19611,,,,
75.279,0,3.2059,0.011301,0.17312,0,0.40281,0,0
,,2.3516,,-0.33971,,,,
,,2.5212,,-0.24106,,,,
286.63,0,2.8791,12.195,0.87157,0,73.779,0,1
,,3.469,,-0.32653,,,,
75.515,0,2.9624,0,0.095305,0,0.72194,0,0
302.84,0,-0.73484,0.82234,0.37107,0,33.769,0,0
89.28,1,1.6731,8.7405,0.075145,1,0.07471,1,0
314.21,0,1.8655,5.009,0.74908,0,52.545,0,1
179.28,1,-0.32485,16.217,0.12302,1,0.045871,1,0
,,2.6488,,-0.24332,,,,
356.38,,3.3856,,0.083821,0,23.923,0,
107.07,0,0.095414,12.401,0.35504,0,0.52518,0,0
32.59,1,-0.60138,16.489,0.13602,1,0.81628,1,0
197.42,0,3.5635,0,0.21715,0,1.5682,0,0
356.83,0,-1.1386,0.012659,0.59277,0,19.567,0,0
113.95,1,3.5167,45.802,0.092437,1,4.3615,1,0
299.27,1,-0.072675,13.687,0.18333,1,0.12613,1,0
112.17,1,5.3797,9.7065,0.10468,1,26.505,0,0
,,2.0584,,-0.018182,,,,
238.79,0,-0.39306,0,0.125,0,1.5137,0,0
,,0.18786,,0.73941,,,,
216.67,1,2.8478,12.382,0.2728,1,28.884,1,0
,,2.3971,,-0.015873,0,,,
140.86,0,3.8183,0,0.3722,0,0.52696,0,0
295.41,0,3.6608,0,0.11202,0,0.37766,0,0
284.99,0,3.9362,0.0036986,0.31684,0,1.2714,0,0
55.616,0,-1.0375,3.0695,0.41642,0,60.801,0,1
230.21,0,3.2352,0.0079317,0.064125,0,49.417,0,0
,,2.656,,-0.33884,,,,
119.1,0,-0.21015,44.373,0.30757,0,0.31135,0,0
359.28,0,1.4353,2.0302,0.89582,0,50.834,0,0
,,2.8543,,-0.37853,,,,
345.97,1,-0.36942,3.0827,0.21733,0,65.074,0,0
258.22,1,3.1501,15.739,0.13194,0,22.488,0,0
104.31,0,1.365,0.018512,0.82086,0,2.2306,0,0
,,2.2654,,0.023965,,,,
199.44,0,3.2397,1.2659,-0.0094451,0,2.301,0,0
261.52,0,-0.8752,0,0.091124,0,5.2063,0,0
99.181,0,-0.9424,0,0.4834,0,51.609,0,0
269.28,0,-0.82712,0.02232,0.34663,0,1.4711,0,0
356.95,0,2.7423,15.384,0.34156,0,0.28114,0,0
,,,,-0.40704,,,,
56.788,0,-1.0216,0.056785,0.54842,0,2.0162,0,0
343.76,0,2.2487,0.021402,0.57164,0,0.44028,0,0
179.77,0,1.6017,6.1918,0.89393,0,7.9125,0,1
,,2.4517,,-0.22644,,,,
262.38,0,4.3447,0.31317,0.092756,0,39.344,0,0
349.24,1,-0.52608,28.499,0.072944,1,11.544,0,0
112.25,1,-0.26725,16.148,0.065354,1,0.49937,1,0
,,3.2637,,-0.16564,,,,
331.38,0,5.7925,0.56232,0.47982,0,8.266,0,0
305.99,0,2.2873,1.1362,0.029147,0,2.6935,0,0
125.5,0,0.99679,0,0.66219,0,1.4744,0,0
197.01,1,3.173,24.407,0.18974,1,0.28287,1,0
179.28,1,-1.0296,24.813,0.067823,1,0.15472,1,0
21.001,0,-1.8466,5.1914,0.56215,0,55.733,0,1
,,1.9982,,-0.26768,,,,
353.55,0,-1.0216,6.3031,0.46082,0,0.46094,0,1
,,2.6706,,-0.21212,,,,
,,2.5039,,-0.12341,,,,
281.79,,1.1042,,0.18277,0,11.685,0,
346.95,0,3.9374,9.3897,0.73006,0,48.7,0,1
,,1.8933,,-0.36727,,,,
359.3,0,0.55938,0,0.27224,0,0.4013,0,0
70.693,0,0.49901,0.75649,0.31045,0,4.7949,0,0
165.51,1,3.627,15.889,0.26922,1,75.359,0,0
187.03,0,-1.1383,4.4188,0.37539,0,55.799,0,0
269.67,1,4.3671,13.367,0.069393,1,3.496,1,0
336.41,0,2.201,7.7754,0.30567,0,10.285,0,0
307.88,,3.1958,,0.12301,1,83.572,0,
61.603,,3.9312,,0.11814,0,89.077,0,
97.689,0,3.9137,0.21227,0.166,0,44.39,0,0
269.09,0,3.383,0.017589,0.089877,0,1.6778,0,0
269.28,0,-0.49856,0.010656,0.18349,0,0.1092,0,0
344.28,0,4.9655,0.001173,0.17172,0,0.4214,0,0
137.66,1,2.8237,16.746,0.11272,1,23.443,1,0
204.78,1,1.7047,8.9242,0.089606,0,2.0951,0,0
168.71,1,3.8194,12.021,0.16849,1,0.34406,1,0
316.62,0,3.923,0,0.11957,0,1.7461,0,0
,,2.3869,,-0.29129,,,,
107.11,1,3.3937,11.075,0.13811,1,0.54332,1,0
275.9,0,2.0502,0.0073256,0.27285,0,0.49759,0,0
179.29,0,0.30989,0,0.16506,0,0.48728,0,0
60.732,1,-0.35806,13.854,0.097293,1,0.28792,1,0
287.81,0,-1.2962,0,0.72431,0,3.6745,0,0
269.95,1,3.7054,29.843,0.066961,1,1.9882,1,0
96.569,0,0.92768,11.238,0.32267,0,85.803,0,0
244.26,0,-1.2205,11.425,0.30072,0,0.39326,0,0
56.991,1,3.0841,16.106,0.10846,0,3.6534,0,0
21.572,0,3.6666,0.024797,0.35661,0,0.40894,0,0
237.47,0,4.594,0.028127,0.21581,0,0.75062,0,0
258.63,0,-0.92782,0,0.0935,0,86.682,0,0
354.29,0,-0.87956,6.3472,0.65491,0,34.27,0,1
56.897,0,3.562,5.0887,0.40267,0,54.877,0,1
114.61,0,2.6675,0,0.55016,0,1.8496,0,0
337.52,0,-1.3851,2.8411,0.6463,0,5.8559,0,1
142.44,0,3.3134,0,0.41691,0,17.079,0,0
31.506,0,3.9453,0,0.025424,0,87.791,0,0
,,3.3186,,-0.20183,,,,
228.88,0,-1.2095,0.0037935,0.10863,0,2.7753,0,0
192.26,1,0.412,26.13,0.23574,1,6.4265,1,0
0.47747,0,3.0083,0,0.1909,0,33.169,0,0
128.85,0,2.0334,1.9014,0.4121,0,48.033,0,0
100.99,0,3.2691,0,0.047004,0,1.074,0,0
,,2.748,,0.19236,,,,
135.56,0,-1.3025,0,0.28279,0,1.372,0,0
184.78,0,4.1554,0.053247,0.43995,0,49.023,0,0
269.27,1,-1.1648,13.005,0.049461,1,0.1207,1,0
,,3.2594,,-0.29966,,,,
345.47,1,4.0777,18.864,0.21864,1,10.004,0,0
179.29,1,3.5975,40.222,0.0111,1,0.55021,1,0
223.26,0,3.8017,0.0035143,0.78792,0,0.84431,0,0
,,0.16264,,0.047774,,,,
169.91,0,0.75182,14.612,0.31519,0,3.0998,0,0
146.43,0,4.2085,0.020523,0.032432,0,0.40265,0,0
269.28,1,3.0996,16.53,0.11544,1,0.51731,1,0
320.27,0,4.3356,0.12434,0.092109,0,3.8097,0,0
,,2.3568,,-0.26941,,,,
257.83,,3.0732,,0.045752,1,3.6019,1,
,,2.7051,,-0.2274,,,,
41.37,1,1.6801,21.241,0.13924,1,68.224,0,0
75.63,0,-1.7027,15.821,0.83294,0,31.782,0,1
252.63,0,3.8047,0.0083311,0.1922,0,0.23997,0,0
305.6,0,-0.95214,1.0983,0.17039,0,13.269,0,0
210.91,0,4.1925,0.0022955,0.54828,0,1.03,0,0
159.33,0,-1.2825,0,0.15491,0,2.2736,0,0
,,,,-0.41996,,,,
178.65,0,4.0179,0,0.36084,0,37.365,0,0
127.11,0,-1.1348,0.0098766,0.12911,0,0.75688,0,0
120.76,1,2.9465,9.6825,0.10721,0,77.606,0,0
348.73,0,-1.5414,2.3775,0.50071,0,20.854,0,0
234.79,0,-1.5661,0.0056233,0.6898,0,0.31381,0,0
,,,,-0.31307,,,,
187.79,0,1.4212,0.0055044,0.62886,0,2.057,0,0
359.28,0,-1.1445,0,0.84583,0,20.748,0,0
237.3,1,3.2508,14.8,0.11696,0,44.3,0,0
,,1.8973,,0.083588,,,,
,,1.2384,,-0.31849,,,,
,,3.1962,,-0.19231,,,,
,,2.551,,-0.32903,,,,
354.33,0,-2.047,0,0.63907,0,1.2657,0,0
,,,,-0.32299,,,,
81.979,1,4.0593,24.762,0.16411,1,0.8112,1,0
359.29,1,0.75939,4.761,0.035622,1,5.782,1,0
339.27,0,-1.1575,0.0070893,0.44153,0,1.2932,0,0
,,2.3067,,-0.34228,,,,
269.29,1,1.028,9.0204,0.13722,1,0.040233,1,0
25.655,0,2.6791,8.2632,0.84644,0,71.874,0,1
162.2,0,2.1656,1.1695,0.68236,0,72.905,0,0
179.28,0,3.5875,0.0015707,0.7128,0,0.097454,0,0
,,2.6789,,-0.40984,,,,
,,3.218,,-0.12672,,,,
244.91,0,3.6096,0,0.10666,0,0.62474,0,0
151.09,0,3.4511,0.0019751,0.15482,0,1.7881,0,0
149.73,0,4.071,0.019915,0.51571,0,4.846,0,0
122.97,0,2.7621,0,0.11857,0,4.1643,0,0
236.24,0,3.6165,0.11042,0.2983,0,8.6208,0,0
74.541,0,3.4131,0.01552,0.50375,0,6.1277,0,0
288.36,0,-1.0584,0.15408,0.45494,0,2.8379,0,0
,,2.9687,,-0.046863,,,,
233.73,0,3.1192,0.0063169,0.70299,0,7.8,0,0
,,2.96,,-0.16418,,,,
151.74,1,3.4334,46.049,0.065574,1,82.001,0,0
246.74,1,3.7974,19.868,0.079589,1,84.588,0,0
75.824,1,-0.036832,17.241,-0.03928,1,2.1678,1,0
302.22,,2.2899,,0.22416,0,15.982,0,
108.35,0,3.8444,0.00054502,0.62983,0,0.47426,0,0
163.62,0,3.6125,0.0053051,0.084291,0,0.14886,0,0
324.39,0,3.4507,2.4328,0.21948,0,71.19,0,0
72.49,0,-2.0391,0.0056896,0.74349,0,7.3616,0,0
,,2.553,,-0.28592,,,,
,,,,-0.34861,,,,
179.28,0,0.31087,0.0017255,0.33699,0,0.21785,0,0
,,1.8281,,-0.35055,,,,
263.27,0,2.4812,0.082328,0.14352,0,2.7604,0,0
,,2.9992,,0.13259,,,,
154.45,0,-0.34834,0.010236,0.13673,0,0.32847,0,0
326.28,0,0.81386,0.006943,0.10448,0,1.7293,0,0
84.591,0,3.9135,0.023613,0.085714,0,3.3583,0,0
,,1.1698,,-0.24497,,,,
,,2.505,,0.050302,,,,
231.34,0,-1.0219,0.0019979,0.36807,0,19.725,0,0
269.3,1,4.0226,19.794,0.11951,1,0.057444,1,0
339.16,0,-0.14765,0.0041504,0.054244,0,1.7211,0,0
197.72,1,-0.46453,35.801,0.042795,1,0.10881,1,0
53.965,0,-0.99254,0.015645,0.075297,0,1.9432,0,0
300.24,1,4.187,24.635,0.0051426,1,1.3601,1,0
308.4,1,0.33104,8.9324,0.20464,0,79.198,0,0
,,,,-0.3253,,,,
,,,,-0.29283,,,,
221.16,1,0.39536,22.963,0.10212,1,0.80074,1,0
267.18,1,-0.15004,4.6754,0.076923,0,81.074,0,0
,,2.6949,,-0.24964,,,,
249.2,0,2.8939,0.0098908,0.19104,0,1.8535,0,0
352.65,0,-1.2838,0,0.15491,0,0.79641,0,0
119.8,0,2.7435,0.026769,0.36515,0,0.44031,0,0
252.95,0,3.4457,0.0031781,0.34103,0,0.10182,0,0
159.76,0,-1.2463,6.4281,0.73172,0,45.353,0,1
353.51,1,2.1632,7.7942,0.19828,0,85.659,0,0
,,2.4902,,-0.14873,,,,
326.32,0,5.2524,0.003757,0.053147,0,0.23233,0,0
337.98,0,4.1648,0.013758,0.13881,0,3.8038,0,0
,,2.8365,,-0.2733,,,,
,,2.7933,,-0.29592,,,,
280.95,,3.4707,,0.36561,0,1.1354,0,
300.27,0,0.67301,0.0018949,0.29783,0,4.6685,0,0
,,3.2188,,0.10651,,,,
,,1.6301,,-0.27119,,,,
106.88,0,4.5477,0.016049,0.15425,0,0.13267,0,0
32.852,0,3.0924,0,0.12621,0,1.4239,0,0
15.607,0,4.1848,0,0.031975,0,0.96161,0,0
5.5018,1,-1.0539,14.693,0.10723,1,1.061,1,0
169.63,0,3.2805,0.01514,0.010915,0,1.096,0,0
228.99,0,-0.97433,0.69393,0.44897,0,32.47,0,0
311.64,0,4.7122,0,0.12263,0,1.0889,0,0
152.89,0,-0.11436,0,0.57667,0,1.2926,0,0
161.65,0,3.5546,2.5591,0.49572,0,47.379,0,1
111.79,0,-1.1392,0.43228,0.38202,0,85.062,0,0
242.76,1,-0.15469,11.035,0.010077,1,12.974,0,0
40.484,0,4.0049,0,0.34966,0,0.41896,0,0
,,3.304,,-0.12401,,,,
,,,,-0.3265,,,,
279.82,1,2.7874,16.126,0.087959,1,33.52,0,0
256.31,0,3.2961,0,0.24608,0,0.99664,0,0
289.72,1,0.46397,51.833,0.046743,1,0.6072,1,0
330.22,0,3.9289,0,0.19548,0,0.60338,0,0
,,2.8601,,-0.29094,,,,
42.635,1,2.6276,11.927,0.27802,1,10.369,0,0
341,0,-1.1365,0.0034415,0.25183,0,1.0444,0,0
166.36,0,2.9064,2.0331,0.37653,0,18.181,0,0
,,-0.37362,,0.17375,,,,
,,0.12434,,-0.082126,,,,
151.42,1,0.87352,2.7967,0.26455,0,1.734,0,0
339.88,0,3.8307,2.1069,0.2979,0,47.416,0,0
316.65,0,-1.4543,0.95907,0.35187,0,86.282,0,0
,,-2.1802,,0.65231,,,,
,,3.3365,,-0.25649,,,,
9.4824,1,5.4766,22.781,0.13278,1,3.4092,1,0
59.653,0,0.40112,1.1094,0.46895,0,54.654,0,0
207.98,0,0.94409,3.6614,0.38454,0,10.12,0,0
325.86,0,2.474,0.4011,0.029703,0,9.583,0,0
61.919,0,3.9652,0,0.51407,0,1.0096,0,0
269.27,0,-1.6473,0.004297,0.77586,0,0.49428,0,0
207.93,0,0.9133,0,0.28167,0,1.7373,0,0
45.126,0,3.4603,0.026118,0.1911,0,1.4895,0,0
,,3.3674,,-0.098305,,,,
271.87,,2.478,,0.35636,0,2.4207,0,
86.888,1,-1.048,3.5427,0.19448,0,62.134,0,0
130.49,1,-0.29,30.562,0.26586,1,7.167,1,0
48.635,1,-1.3867,9.7699,0.089212,1,0.65138,1,0
202.25,0,3.9703,15.12,0.43251,0,19.581,0,1
89.284,1,2.8273,16.52,0.10934,1,0.29895,1,0
185.93,1,3.638,10.148,0.16517,1,0.39827,1,0
97.753,0,-0.81336,7.4201,0.33742,0,31.655,0,0
78.954,1,-0.95464,8.9947,0.12098,1,75.85,0,0
209.41,1,1.0846,8.1173,0.11002,1,3.0787,1,0
108.81,0,5.24,0.025642,0.074043,0,1.39,0,0
210,0,0.42452,0,0.32935,0,1.733,0,0
255.47,0,-1.2811,0.9068,0.24733,0,11.193,0,0
280.57,1,0.3909,26.262,0.062816,1,0.43955,1,0
89.283,0,-0.28465,0.008346,0.15427,0,0.028737,0,0
284.22,0,4.1415,0,0.54639,0,5.521,0,0
,,3.3361,,-0.27487,,,,
117.1,1,3.679,36.078,0.22305,0,87.789,0,0
,,3.352,,-0.016345,,,,
208.76,1,-0.22659,10.199,0.11396,1,0.7243,1,0
307.45,0,-0.34143,0,0.048143,0,1.1038,0,0
344.09,0,2.4339,0.5244,0.22564,0,16.512,0,0
69.939,0,3.4785,0.012121,0.14792,0,0.86496,0,0
,,2.2793,,-0.31378,,,,
,,1.7366,,-0.22082,,,,
193.35,1,3.0514,17.467,0.22207,1,0.26004,1,0
274.11,0,-1.1787,0,0.31874,0,1.2918,0,0
,,2.4338,,-0.26035,,,,
,,2.5642,,-0.16552,,,,
19.649,0,-0.88252,0.010524,0.55808,0,0.16511,0,0
352.96,1,-0.62044,17.993,0.18695,1,85.412,0,0
85.6,0,3.898,0,0.61483,0,1.3417,0,0
236.73,0,-0.0068771,0.0021771,0.29436,0,0.17047,0,0
140.31,0,4.769,0,0.56705,0,1.1058,0,0
61.224,1,3.3662,17.068,0.18038,1,42.726,0,0
187.99,0,1.1903,0.0085979,0.73534,0,0.34217,0,0
33.935,1,0.70728,4.2362,0.084996,0,1.7485,0,0
,,-0.08721,,0.36025,,,,
310.4,0,0.361,0,0.20704,0,1.2814,0,0
,,2.7611,,-0.33111,,,,
247.93,1,2.5885,71.711,0.050187,1,87.704,0,0
217.24,0,4.0804,0.018983,0.35313,0,1.3083,0,0
,,2.4353,,-0.4845,,,,
,,2.4268,,-0.25,,,,
279.9,0,-1.6068,10.708,0.37535,0,14.396,0,0
179.3,0,5.462,0.035383,0.030744,0,0.16052,0,0
88.078,0,-0.9252,0.033,0.30186,0,13.697,0,0
185.39,0,2.9157,0.017106,0.15233,0,1.0262,0,0
338.12,0,3.4021,0,0.2451,0,1.7024,0,0
,,2.7206,,-0.26144,,,,
,,,,-0.27097,,,,
334.5,0,0.28699,0.041509,0.19048,0,1.4394,0,0
298.85,1,-0.69602,11.708,0.069401,1,1.0572,1,0
254.74,1,-0.16034,11.444,0.010077,1,14.274,0,0
300.7,0,3.8247,2.2086,0.31726,0,68.959,0,0
265.84,0,-1.3577,0,0.24736,0,0.76576,0,0
249.65,0,4.4613,0.019476,0.095861,0,1.7388,0,0
178.52,0,1.2267,0,0.15378,0,0.85421,0,0
274.27,1,1.7736,8.9398,0.041546,1,0.65766,1,0
119.96,0,5.1323,0.025227,0.27713,0,1.2361,0,0
,,2.6059,,-0.20715,,,,
9.1158,0,6.2728,0.45364,0.52429,0,3.9384,0,0
149.59,0,4.1876,0.011137,0.037812,0,1.6233,0,0
310.06,0,3.3202,2.2283,0.033333,0,79.917,0,0
163.51,0,0.57351,13.257,0.78082,0,65.148,0,1
62.666,1,-0.26778,24.066,0.0089286,1,21.684,0,0
212.51,0,0.77375,0,0.14173,0,1.4048,0,0
,,3.0546,,-0.1779,,,,
103.44,0,-1.3629,0,0.58616,0,2.4112,0,0
251.97,0,-3.8368,0.048878,0.13117,0,2.6951,0,0
184.86,,3.2159,,0.13646,0,1.5404,0,
254.3,0,3.469,0.0011737,0.19433,0,1.7726,0,0
79.152,0,-1.4892,0,0.71817,0,3.2893,0,0
222.81,0,-1.204,16.395,0.50863,0,40.485,0,1
284.29,1,3.5666,12.332,0.041322,0,84.132,0,0
227.3,0,0.32117,0.51103,0.36894,0,40.9,0,0
,,3.2565,,-0.21633,,,,
2.5894,0,0.44631,5.8807,0.67453,0,53.267,0,1
,,,,-0.29592,,,,
51.008,0,-1.4714,0.094131,0.5773,0,7.828,0,0
359.27,0,3.0261,1.3068,0.75951,0,45.418,0,0
,,2.1804,,-0.2573,,,,
269.28,0,-1.4221,5.2517,0.60314,0,40.3,0,1
,,,,-0.3752,,,,
,,,,-0.35655,,,,
187.69,0,3.6508,1.0202,0.82578,0,65.712,0,0
244.88,0,2.1347,0.097608,0.71764,0,11.779,0,0
32.02,0,-0.84747,1.8756,0.21117,0,26.976,0,0
354.42,0,2.0643,0.0096586,0.44083,0,2.7079,0,0
153.51,0,-0.43391,0.020913,0.21569,0,1.5465,0,0
332.93,1,0.80801,15.916,0.13826,1,0.55671,1,0
,,3.2933,,-0.34663,,,,
60.145,1,-1.2538,9.1113,0.2191,1,28.148,0,0
,,3.088,,-0.016026,,,,
134.85,0,-1.2691,21.466,0.31908,0,27.774,0,0
37.731,0,3.8984,0.67977,0.19507,0,14.893,0,0
63.306,0,0.32356,32.187,0.33099,0,36.818,0,0
253.23,1,2.9812,12.34,0.15831,1,22.621,0,0
314.61,0,3.3541,0.033801,-0.014439,0,0.59665,0,0
191.96,0,3.4841,7.5869,0.44043,0,43.408,0,1
130.09,1,3.1243,15.336,0.04013,1,50.555,0,0
182.13,0,2.2475,0.34621,0.14391,0,9.1457,0,0
19.459,1,0.15548,16.108,0.21578,1,0.54963,1,0
315.61,0,1.2503,3.8414,0.85396,0,9.5251,0,1
350.7,1,-0.4366,50.255,0.020716,1,4.8815,1,0
194.67,0,-1.1214,0,0.40195,0,1.1475,0,0
44.223,0,7.092,0.066291,0.63579,0,34.355,0,0
88.216,0,9.369,2.5094,0.31683,0,59.535,0,0
,,3.2684,,-0.34234,,,,
242.94,1,3.3954,44.383,0.11933,0,88.725,0,0
271.06,0,-1.1637,0.0022185,0.27968,0,0.36802,0,0
299.35,0,5.1779,0,0.12217,0,1.0757,0,0
149.71,1,3.3273,3.1047,0.087609,0,3.4765,0,0
152.99,,2.1381,,-0.029029,0,14.151,0,
310.58,1,0.35554,26.934,0.11172,1,1.8583,1,0
54.485,1,1.2728,12.455,0.026733,1,1.2249,1,0
112.04,1,0.35884,33.983,0.15671,1,0.54848,1,0
70.06,0,0.37705,0,0.21898,0,1.3572,0,0
,,2.4489,,-0.25683,,,,
17.907,0,3.5412,11.152,0.79384,0,15.361,0,1
40.787,0,2.0708,0.0058005,0.13276,0,0.39035,0,0
,,2.9088,,-0.28904,,,,
349.91,1,-1.2494,18.574,0.13386,1,4.1934,1,0
234.85,,3.254,,0.17555,1,83.136,0,
339.6,0,4.5746,0,0.207,0,1.3819,0,0
,,2.7879,,-0.20838,,,,
235,1,1.1421,12.506,0.019956,1,4.4369,1,0
,,3.3335,,-0.38953,,,,
148.34,0,-1.0502,0.65309,0.28006,0,3.6843,0,0
12.07,1,-1.0081,4.3003,0.13736,0,0.62311,0,0
,,1.9473,,-0.34102,,,,
355.22,1,2.5534,80.544,0.028634,1,1.4594,1,0
77.787,1,4.8134,3.9359,0.12437,0,1.1495,0,0
343.82,1,-0.99575,4.2908,0.13736,0,0.1725,0,0
313.75,0,3.5672,0.0014799,0.15484,0,1.039,0,0
353.6,0,3.371,0,0.043087,0,0.86988,0,0
177.69,0,-0.032902,0,0.60907,0,24.851,0,0
263.97,1,-1.0025,11.091,0.16678,1,35.93,0,0
,,2.8668,,-0.32731,,,,
9.3797,0,0.85001,4.0083,0.53008,0,21.343,0,1
235.46,0,-2.0067,0.54059,0.25354,0,5.0236,0,0
219.98,1,-1.2323,15.247,0.14106,1,41.709,1,0
,,3.1909,,0.038298,,,,
354.93,1,1.9804,6.0778,0.10743,0,52.422,0,0
,,2.732,,-0.45155,,,,
,,2.4269,,-0.19149,,,,
,,3.0426,,-0.31788,,,,
,,3.3375,,-0.24121,,,,
,,3.2567,,-0.38266,,,,
154.63,0,0.0065606,0,0.46704,0,0.89563,0,0
171.8,0,-0.082638,0.010538,0.11457,0,5.1897,0,0
,,3.465,,-0.23418,,,,
61.066,0,3.5662,0,0.65721,0,6.6953,0,0
359.3,0,3.4483,0.020663,0.14865,0,0.022935,0,0
324.21,0,-1.2865,0.011068,0.35843,0,0.070034,0,0
243.06,1,-1.3058,13.242,0.10011,0,42.554,0,0
128.15,0,2.9083,0,0.27956,0,4.2507,0,0
59.988,1,-0.68507,16.848,0.055,1,0.63263,1,0
195.97,0,2.0709,5.9114,0.67821,0,64.779,0,1
89.29,0,5.2193,0,0.49245,0,3.6448,0,0
179.27,1,0.39457,9.6843,0.06148,0,84.284,0,0
245.18,1,0.36632,4.774,0.091384,1,84.364,0,0
165.77,1,-1.074,9.385,0.16273,1,44.712,1,0
220.17,1,-1.1644,8.3395,0.16436,1,0.8341,1,0
20.521,1,3.138,25.111,0.10686,1,6.2426,1,0
358.12,0,2.9024,2.5052,0.64155,0,28.036,0,1
299.65,0,2.9972,0.044101,0.36901,0,36.18,0,0
,,3.3201,,-0.11036,,,,
45.052,0,-0.36163,0.001733,0.22339,0,31.928,0,0
332.86,1,3.5439,8.8083,0.2811,0,81.53,0,0
281.81,0,-1.3899,4.0585,0.70011,0,25.522,0,1
,,2.9777,,-0.28097,,,,
203.9,0,-1.0099,20.107,0.50633,0,48.694,0,1
180.49,1,2.4802,6.1994,-0.00045475,1,0.82568,1,0
83.616,0,0.32801,0,0.28486,0,1.2185,0,0
196.92,0,1.403,0,0.66207,0,0.49326,0,0
,,3.0678,,-0.20556,,,,
314.58,0,-1.6018,5.5715,0.61968,0,36.16,0,1
278.81,1,3.0427,13.817,0.13401,1,39.251,0,0
134.82,0,4.3858,0.12162,0.036685,0,17.896,0,0
254.37,0,3.5027,2.118,0.2287,0,65.092,0,0
,,2.7615,,-0.25634,,,,
284.21,0,3.3382,3.3679,0.77263,0,69.774,0,1
22.497,1,-1.2467,13.703,0.23556,0,2.5125,0,0
137.95,0,4.7116,0,0.22039,0,0.87026,0,0
247.77,1,3.1341,15.931,0.17713,1,2.889,1,0
359.28,0,-1.1237,0.0021018,0.14388,0,0.2981,0,0
134.27,,-1.1207,,0.27043,0,86.934,0,
,,2.4263,,-0.036335,,,,
169.23,0,3.8659,0.03342,0.31364,0,10.196,0,0
,,1.0733,,-0.43071,,,,
,,2.8049,,-0.18868,,,,
139.41,0,2.9282,0,0.10153,0,7.0541,0,0
151.31,0,-2.1383,4.3686,0.68032,0,66.943,0,1
,,2.9731,,-0.2748,,,,
9.1324,0,-1.294,0,0.38243,0,41.064,0,0
134.63,0,3.271,2.0013,0.61098,0,73.95,0,0
314.22,1,3.5541,40.16,0.19272,1,0.2112,1,0
353.04,,-0.46772,,0.77067,0,0.31719,0,
,,,,-0.36348,,,,
220.68,1,3.4806,16.15,0.20736,1,61.053,0,0
239.93,0,-1.453,0.03149,0.32522,0,1.4503,0,0
269.28,0,1.057,6.1534,0.77808,0,49.362,0,1
358.23,1,-0.89141,6.6274,0.26403,0,84.419,0,0
264.58,0,3.2294,21.029,0.37019,0,0.55942,0,0
171.41,1,1.3483,3.5286,0.16109,0,70.941,0,0
164.87,1,3.8667,11.995,0.18006,1,0.6925,1,0
270.39,0,0.38968,0.00072497,0.88127,0,24.537,0,0
71.722,0,-1.5552,6.7905,0.84977,0,52.059,0,1
53.045,0,2.8268,0.014177,0.24611,0,1.5318,0,0
,,2.5396,,-0.26243,,,,
,,3.2958,,-0.12809,,,,
42.816,1,2.8457,15.845,0.12431,1,33.71,0,0
90.751,0,-0.073118,0.0040181,0.23022,0,3.6059,0,0
,,2.5411,,-0.12026,,,,
5.3145,1,-1.1828,15.332,0.24114,1,10.377,0,0
329.95,0,1.8128,0,0.10419,0,1.8408,0,0
,,2.5511,,-0.29808,,,,
,,2.0244,,0.15883,,,,
,,2.2816,,-0.29339,,,,
73.92,0,-1.41,1.3433,0.62248,0,17.256,0,0
59.721,0,4.1234,0.015038,0.82123,0,2.2189,0,0
109.99,0,-1.1905,3.918,0.68095,0,50.355,0,1
353.16,0,-1.1901,1.4634,0.41918,0,72.485,0,0
232.84,1,0.76262,29.775,0.19231,1,0.74307,1,0
221.29,0,0.27147,3.9646,0.76355,0,63.87,0,1
173.81,0,-0.1505,0.0050044,0.18304,0,1.1459,0,0
267.1,0,-1.014,7.3004,0.59134,0,39.026,0,1
346.01,1,-1.3699,7.3293,0.13739,1,0.20025,1,0
350.48,1,1.3436,10.743,0.1877,1,0.6381,1,0
169.2,0,4.0179,0.034197,0.29177,0,1.2459,0,0
90.803,1,-0.99147,16.666,0.23255,1,0.8624,1,0
278.99,0,2.7988,0.0079038,0.095218,0,0.40816,0,0
317.16,0,0.70679,6.4748,0.53743,0,36.298,0,1
140.65,0,0.7369,0.0069041,0.12539,0,1.5555,0,0
182.38,0,3.5604,0.0016782,0.14031,0,1.1711,0,0
62.362,,2.6949,,0.0077849,0,14.4,0,
17.867,0,3.7802,1.362,0.10568,0,50.324,0,0
134.21,0,3.4383,2.5312,0.66559,0,58.924,0,1
,,2.8579,,0.023684,,,,
123.06,1,4.1684,9.0779,0.069767,1,24.546,0,0
295.38,0,-1.1154,0.003826,0.40349,0,2.2007,0,0
345.35,0,-1.1463,14.987,0.47225,0,84.549,0,1
349.58,0,1.7767,17.621,0.42365,0,0.27333,0,1
140.61,1,3.309,55.717,0.022785,1,80.369,0,0
330.66,0,4.1887,0,0.36544,0,13.445,0,0
136.69,0,3.9949,0,0.58589,0,3.5863,0,0
341.96,0,4.0071,0,0.072651,0,0.73268,0,0
103.74,0,4.0684,0.0025382,0.035235,0,0.7122,0,0
,,2.693,,-0.28013,,,,
270.42,0,1.4932,0.0072455,0.17346,0,2.3384,0,0
,,2.8304,,0.03523,,,,
,,3.2568,,-0.33063,,,,
166.19,0,4.3633,0.03608,0.037238,0,0.98875,0,0
150.93,0,0.46539,0.013513,0.1453,0,2.7927,0,0
31.536,0,-1.1255,0,0.1732,0,2.0667,0,0
89.272,0,-0.88522,0,0.38276,0,0.14944,0,0
219.82,1,2.8144,17.556,0.22554,1,26.198,1,0
26.887,0,3.1535,3.7066,0.77303,0,12.898,0,1
,,2.4805,,-0.33105,,,,
,,2.9163,,-0.19561,,,,
331.92,0,2.5255,0.017135,0.30717,0,1.3876,0,0
33.298,0,0.28273,9.0651,0.50874,0,54.253,0,1
151.39,0,0.25652,0,0.15415,0,6.7604,0,0
151.82,1,3.5464,19.679,0.096724,1,1.4082,1,0
83.619,0,-0.71044,0.0076433,0.31768,0,55.045,0,0
178.94,0,3.1789,0.0093946,0.31695,0,20.023,0,0
293.93,0,4.082,7.7443,0.30372,0,0.63229,0,0
169.51,0,3.9914,0.0067747,0.069723,0,1.9654,0,0
111.03,0,3.1119,0.0018587,0.099295,0,0.34033,0,0
309.2,0,2.814,0,0.0080775,0,6.5289,0,0
133,0,-0.41567,0.042375,0.42524,0,3.2972,0,0
267.41,0,0.85042,0,0.65785,0,48.425,0,0
94.482,0,0.12604,13.773,0.38359,0,30.956,0,0
,,2.516,,-0.32805,,,,
186.42,0,-1.3064,0.0095729,0.71984,0,1.0168,0,0
,,3.0885,,-0.06686,,,,
47.091,0,3.5394,0.0021446,0.045977,0,1.9622,0,0
311.07,0,-1.3471,0.61229,0.16905,0,27.755,0,0
219.27,0,0.29237,0.0080273,0.16506,0,0.41148,0,0
322.67,0,3.3234,0,0.19461,0,3.2249,0,0
101.62,1,-0.24215,33.024,0.12053,1,3.9069,1,0
317.77,0,1.8788,1.6842,0.059748,0,6.6466,0,0
,,3.3312,,0.021378,,,,
188.2,1,-0.75097,56.944,0.057453,1,0.11024,1,0
,,2.8603,,-0.29412,,,,
,,2.8017,,0.22688,,,,
88.969,0,3.3447,0,0.45969,0,5.4438,0,0
,,2.4853,,0.063898,,,,
186.3,0,1.9165,0.11207,0.10266,0,0.61224,0,0
69.387,0,0.33981,0,0.2183,0,1.65,0,0
304,0,1.5224,0.011517,0.066309,0,0.82515,0,0
,,1.3804,,-0.035611,,,,
161.07,0,3.3298,0.0078182,0.12648,0,0.40438,0,0
168.36,0,-0.092818,0,0.39479,0,0.45539,0,0
132.67,0,3.3827,0.50112,0.05414,0,8.9256,0,0
,,1.1673,,-0.37812,,,,
,,2.7598,,-0.38538,,,,
,,3.4591,,-0.32039,,,,
,,2.6902,,-0.20423,,,,
186.44,1,3.4912,3.032,0.16013,1,0.32355,1,0
222.44,1,2.8619,15.051,0.22629,1,1.3358,1,0
52.723,0,-1.8371,1.8287,0.52762,0,38.787,0,0
207,0,2.9576,16.025,0.31451,0,1.3467,0,0
,,2.2045,,-0.25984,,,,
133.49,0,3.8869,0.024523,0.05859,0,4.1536,0,0
144.42,0,-1.0055,0,0.47457,0,1.7391,0,0
221.49,0,3.8305,0.0085902,0.041445,0,0.56482,0,0
173.3,0,-0.37804,0.007135,0.15811,0,0.3862,0,0
,,6.1699,,-0.05146,,,,
348.95,0,3.5749,0,0.79313,0,0.064105,0,0
163.96,1,4.1053,17.366,0.11039,1,2.0856,1,0
326.47,0,3.0313,0,0.36842,0,2.0457,0,0
359.27,0,-1.1737,0.014698,0.30751,0,0.21784,0,0
339.54,0,-0.98401,31.137,0.3911,0,0.9195,0,0
89.242,0,-0.90399,0,0.55825,0,45.738,0,0
242.13,1,-1.1636,14.422,0.12905,0,24.934,0,0
,,3.0777,,-0.25612,,,,
154.52,1,-0.5623,7.0525,0.17876,0,85.257,0,0
109.98,0,4.8568,0.021461,0.037122,0,1.6707,0,0
226.93,1,3.4133,13.179,-0.017788,1,19.871,0,0
253.93,1,-0.77223,3.4928,0.13728,1,2.0137,1,0
2.4019,0,0.25449,4.2779,0.74076,0,67.171,0,1
49.615,0,0.50983,5.4226,0.66645,0,45.873,0,1
,,3.2884,,-0.27932,0,,,
,,1.4305,,-0.32862,,,,
24.446,0,1.5669,0.31101,0.15263,0,22.955,0,0
214.14,0,0.6863,12.223,0.4655,0,0.41224,0,1
10.52,0,-0.54768,0.13358,0.55264,0,9.6912,0,0
356.32,0,-1.1302,2.2098,0.19339,0,41.376,0,0
269.4,1,0.0074248,13.812,0.11258,0,86.278,0,0
253.65,0,3.9824,0,0.078512,0,0.82955,0,0
45.498,0,2.8615,10.724,0.471,0,79.494,0,1
252.9,0,2.7733,0,0.44346,0,2.9031,0,0
,,1.551,,-0.31638,,,,
46.397,0,2.6667,0.031776,0.067308,0,1.2468,0,0
318.04,0,5.1606,0.01108,0.34975,0,0.12203,0,0
304.03,0,1.2555,4.7419,0.68045,0,59.648,0,1
289.17,0,-0.902,0.026303,0.65259,0,0.84331,0,0
98.995,0,-1.329,0,0.45351,0,1.9003,0,0
154.92,0,3.628,0,0.60195,0,1.5731,0,0
162.13,0,3.6403,0,0.35951,0,1.1878,0,0
174.7,1,1.1705,26.046,0.19043,1,0.78792,1,0
25.445,0,3.0862,0,0.26661,0,3.1008,0,0
173.7,0,0.71815,0.0010523,0.32904,0,1.0022,0,0
0,1,4.0198,6.9253,0.054168,0,0,0,0
348.25,0,0.24842,0.78778,0.85055,0,50.998,0,0
227.45,1,5.3232,21.616,0.058579,1,0.67892,1,0
313.31,0,0.80138,0,0.53328,0,1.5585,0,0
147.91,0,1.0183,2.299,0.44017,0,73.888,0,0
192.64,0,-1.1645,0.29788,0.32595,0,10.242,0,0
271.15,1,-1.0187,13.28,0.25772,1,84.231,0,0
,,3.1797,,0.030303,,,,
,,2.4847,,-0.089474,,,,
,,,,-0.34824,,,,
,,2.4501,,-0.21687,,,,
151.81,1,3.1792,5.3136,0.049563,0,17.409,0,0
179.27,1,-1.0462,12.659,0.20492,1,35.656,1,0
312.15,0,4.0628,0.0019832,0.021078,0,2.1316,0,0
241.67,0,5.0188,14.035,0.44186,0,38.653,0,1
67.084,1,0.057796,16.903,0.1706,1,0.68282,1,0
211.5,0,3.6766,0.02942,0.62648,0,6.784,0,0
267.64,0,0.96373,1.3867,0.78263,0,51.836,0,0
308.69,0,5.2521,0,0.080999,0,2.3563,0,0
263.75,1,-1.5885,6.8015,0.28736,0,0.77373,0,0
15.199,1,-0.86453,121.13,0.10896,1,7.0877,1,0
,,3.3497,,-0.18889,,,,
,,1.0991,,-0.076923,,,,
353.93,0,2.6806,0,0.40543,0,13.691,0,0
261.48,1,-1.0952,10.033,0.17713,1,10.805,0,0
,,2.7108,,-0.27171,,,,
44.351,0,-1.9807,0,0.17441,0,3.3327,0,0
,,2.6523,,-0.40978,,,,
,,3.3574,,0.05,,,,
276.86,0,3.6387,0,0.023918,0,25.593,0,0
161.38,1,0.10679,11.688,0.088435,1,0.8976,1,0
,,2.4947,,-0.38633,,,,
247.06,1,0.12739,21.688,0.088548,1,38.377,0,0
270.16,0,1.4314,0.031006,0.17448,0,9.6789,0,0
164.89,1,0.83107,18.955,0.11926,1,1.2723,1,0
,,1.9611,,-0.34649,,,,
48.198,1,-1.2564,14.8,0.18493,1,0.78522,1,0
,,,,-0.28328,,,,
100.95,1,0.88041,10.755,0.12865,1,83.079,0,0
89.761,0,3.083,2.8058,0.60578,0,35.384,0,1
10.629,0,4.7407,0.0028706,0.042643,0,0.087711,0,0
319.72,0,3.7078,0,0.29374,0,0.42397,0,0
89.299,0,3.5739,0.025384,0.61437,0,0.93103,0,0
,,1.4486,,-0.3239,,,,
185.2,0,3.2575,0.0048749,0.024793,0,71.835,0,0
320.65,0,3.2399,4.9136,0.85804,0,68.595,0,1
66.308,0,-0.28909,0,0.1886,0,1.3358,0,0
269.29,1,3.6268,19.259,0.20859,1,0.10349,1,0
87.037,0,0.011846,2.9477,0.4373,0,0.73046,0,1
275.29,0,-0.13891,2.2913,0.18377,0,85.97,0,0
226.45,0,3.5458,3.1401,0.81218,0,59.036,0,1
14.284,0,3.1739,0,0.22921,0,1.952,0,0
,,2.7052,,-0.32091,,,,
105.74,0,3.4485,0.0095465,0.32262,0,35.302,0,0
33.507,0,5.8524,0,0.29079,0,1.1854,0,0
239.92,1,3.4066,4.1569,0.21676,1,0.77154,1,0
,,2.3383,,-0.29762,,,,
322.8,0,2.5032,0.014576,0.3267,0,1.8746,0,0
224.92,0,3.1494,2.209,0.62769,0,40.176,0,0
301.17,1,-1.0031,62.717,0.090286,1,0.3419,1,0
,,2.8606,,-0.31868,,,,
37.577,0,2.4421,0,-0.03886,0,1.5116,0,0
,,3.3291,,-0.27532,,,,
75.472,0,0.49217,2.107,0.58287,0,5.8861,0,0
60.637,0,-0.42442,36.056,0.41949,0,5.8993,0,1
202.36,0,-0.92185,0,0.61249,0,0.49851,0,0
37.772,1,0.14651,22.831,0.15211,1,3.781,1,0
359.28,1,-0.99731,20.762,0.08818,1,0.32104,1,0
305.44,0,3.4762,0,0.25775,0,10.64,0,0
57.033,0,-0.88672,9.3011,0.42744,0,84.006,0,1
,,3.2964,,-0.12688,,,,
349.52,0,0.34284,0.01026,0.26241,0,0.77945,0,0
,,3.2728,,-0.36471,,,,
60.922,0,2.0072,0.18415,-0.077957,0,1.0318,0,0
316.52,0,3.1837,0,0.1106,0,2.7234,0,0
,,1.2309,,-0.24,,,,
,,2.0695,,0.0055866,,,,
213.4,0,0.35354,10.687,0.83633,0,68.249,0,1
152.73,,-0.34923,,0.053242,0,87.259,0,
132.24,0,2.155,0.017049,0.28786,0,18.449,0,0
,,3.5119,,-0.26379,,,,
249.41,1,3.0067,20.228,0.1556,1,33.41,0,0
,,,,-0.504,,,,
79.185,0,1.874,0,0.062731,0,5.3729,0,0
75.569,0,-1.2741,5.2639,0.81662,0,40.576,0,1
235.18,0,1.1038,0,0.1763,0,0.75656,0,0
,,1.735,,0.76569,,,,
,,1.2871,,-0.14173,,,,
31.91,0,-0.053097,0.0085971,0.11301,0,1.1298,0,0
,,2.8361,,-0.012658,,,,
,,2.4527,,-0.22769,,,,
,,1.1814,,-0.40275,,,,
308.78,0,3.2183,0.1235,0.35548,0,67.263,0,0
89.273,0,-1.2775,0,0.12716,0,0.74714,0,0
,,2.3164,,-0.29003,,,,
23.016,0,3.5078,0,0.37781,0,19.993,0,0
127.25,0,2.749,1.569,0.056625,0,2.2444,0,0
246.02,0,3.7668,0,0.39337,0,1.9576,0,0
,,2.7578,,-0.2701,,,,
,,0.5203,,0.8872,0,,,
342.27,0,3.1953,0.16092,0.10448,0,4.3504,0,0
,,2.1494,,-0.2024,,,,
171.14,0,3.4243,0,0.56491,0,0.04054,0,0
249.47,0,3.8417,0.20787,0.15157,0,11.957,0,0
307.04,0,3.4135,0.011534,0.13643,0,1.0393,0,0
357.19,1,1.4074,6.3751,0.16201,1,0.31551,1,0
269.28,0,0.15502,10.432,0.75937,0,7.8589,0,1
,,3.2342,,-0.11545,,,,
150.57,1,3.4567,15.217,0.28216,0,1.0524,0,0
154.13,1,3.1066,15.177,0.24947,0,85.942,0,0
,,2.7091,,-0.012209,,,,
179.27,1,-1.2206,16.334,0.27936,1,16.566,1,0
,,3.2817,,0.021862,,,,
56.419,0,0.81459,0.00051308,0.47991,0,0.83469,0,0
282.68,0,5.387,0,0.18246,0,7.5074,0,0
338.6,1,-1.4029,14.458,0.1216,1,7.6561,1,0
321.1,1,-1.2532,18.356,0.1615,0,41.355,0,0
138.82,0,3.7887,0,0.15855,0,1.4165,0,0
308.2,1,3.1478,15.507,0.12913,1,3.0103,1,0
219.1,1,3.6359,6.5423,0.23929,1,9.2069,1,0
206.03,1,3.4247,8.3437,0.27422,1,36.915,1,0
337.43,1,3.254,29.524,0.18952,1,0.86466,1,0
354.51,0,3.3937,0,0.42228,0,1.1044,0,0
253.22,0,0.45876,1.2497,0.73085,0,70.722,0,0
,,3.0094,,-0.23404,,,,
39.568,0,-1.1772,0.024478,0.16148,0,1.6529,0,0
,,2.2558,,-0.01223,,,,
337.9,1,-1.2624,11.453,0.089663,1,0.89875,1,0
83.962,0,-1.2623,0.0027047,0.13205,0,0.68111,0,0
,,1.7267,,-0.26019,,,,
,,3.434,,-0.34708,,,,
322.04,0,3.0307,0.0050743,-0.015986,0,2.5335,0,0
221.62,0,-0.95544,0.020837,0.59729,0,2.2173,0,0
166.01,1,0.45992,12.334,0.07938,0,86.041,0,0
280.29,1,3.7079,29.879,0.051831,1,1.5923,1,0
286.09,0,2.9625,5.2243,0.83957,0,26.081,0,1
131.16,,3.5289,,0.1586,0,1.4083,0,
83.397,1,-0.91608,17.131,0.15302,1,1.063,1,0
266.51,1,-0.848,17.402,0.11089,1,62.007,0,0
338.52,0,3.758,0,0.47376,0,3.8021,0,0
51.789,1,0.32277,25.541,0.13554,1,21.059,0,0
245.46,0,4.3992,0.014701,0.37778,0,0.70989,0,0
,,2.4161,,-0.11146,,,,
241.12,0,3.5041,0,0.095735,0,0.61935,0,0
,,2.539,,-0.27078,,,,
187.82,,-1.3349,,0.12491,0,84.025,0,
,,,,-0.3152,,,,
274.52,0,-1.192,0,0.40262,0,8.2198,0,0
132.08,0,3.4786,0.0079548,0.22466,0,1.9572,0,0
,,2.8066,,-0.081998,,,,
343.63,0,-0.28008,0,0.36438,0,0.91673,0,0
236.12,0,1.3015,0,0.40848,0,13.907,0,0
128.32,0,7.1472,4.623,0.84878,0,55.072,0,1
86.343,1,3.0453,42.299,0.11063,1,26.525,0,0
169.85,0,2.5518,0.050843,0.15009,0,2.7294,0,0
214.9,0,3.8524,34.337,0.31252,0,0.5923,0,0
111.55,1,5.0681,19.246,0.21864,1,53.079,0,0
182.6,0,-1.0713,0.14887,0.3267,0,39.064,0,0
,,1.3687,,-0.33051,,,,
123.19,0,-0.75108,0.66068,0.33892,0,45.587,0,0
137.1,1,0.97097,3.6624,0.057471,0,75.293,0,0
273.51,1,-1.1832,11.842,0.23901,1,0.1556,1,0
67.124,1,-1.1463,40.443,0.062234,1,0.91206,1,0
97.401,0,1.2279,0.0055468,0.6573,0,3.5255,0,0
308.21,0,3.749,0,0.40719,0,6.9388,0,0
127.87,0,1.1326,0,0.3706,0,1.2866,0,0
,,3.5699,,-0.21935,,,,
89.276,0,-1.8849,0.00046265,0.16542,0,0.011497,0,0
95.583,0,0.51,6.1773,0.33902,0,80.947,0,0
,,0.90288,,-0.25786,,,,
242.76,1,3.6366,68.144,0.060734,1,0.34692,1,0
129.93,0,0.33047,9.8696,0.60768,0,64.974,0,1
,,2.4902,,-0.38562,,,,
80.137,0,-1.8114,14.103,0.37451,0,71.587,0,0
103.29,1,3.454,35.62,0.13869,1,0.35543,1,0
11.214,0,2.6357,2.8704,0.67758,0,32.335,0,1
54.48,1,0.26541,13.799,0.019574,0,87.307,0,0
185.84,0,-0.92185,0.054152,0.30011,0,10.242,0,0
114.45,1,3.5352,73.867,0.031526,1,37.236,0,0
,,2.9724,,-0.37456,,,,
359.29,0,3.2379,0,-0.034268,0,0.8656,0,0
312.55,1,2.2949,3.7432,0.038082,1,1.2546,1,0
89.669,0,1.8196,0.82706,0.1025,0,28.664,0,0
355.3,1,3.6164,29.952,0.11594,1,0.98816,1,0
353.4,0,3.4909,0,0.15476,0,1.0085,0,0
274.52,0,-1.2509,3.0021,0.51549,0,3.5738,0,1
50.149,0,2.2971,0,0.13011,0,14.976,0,0
179.29,0,3.2655,0.084754,0.073673,0,1.6334,0,0
304.55,1,3.002,13.277,0.0025413,1,0.99264,1,0
57.271,0,-1.8979,0,0.45889,0,11.813,0,0
199.16,0,1.4045,0,0.66207,0,0.37185,0,0
206.85,0,3.061,0.82527,0.43887,0,54.078,0,0
,,2.734,,-0.2964,,,,
,,2.6675,,-0.25262,,,,
211.22,0,0.3171,2.9365,0.47549,0,44.276,0,1
291.1,0,1.0231,0.0099386,0.80673,0,0.84814,0,0
51.133,1,3.4903,42.833,0.062069,1,5.1543,1,0
291.54,0,-1.1371,0.019805,0.58392,0,2.1787,0,0
272.53,0,-0.38035,0,0.48419,0,13.976,0,0
154.79,0,0.82641,0.11809,0.75962,0,3.7804,0,0
,,3.5688,,-0.20712,,,,
228.04,0,0.92386,0.018638,0.76663,0,0.50443,0,0
318.34,0,0.37435,0.69395,0.11966,0,52.219,0,0
269.27,1,-0.99383,6.3777,0.23932,1,1.7927,1,0
103.9,0,0.098056,7.8533,0.40805,0,65.079,0,1
107.05,0,-0.46894,8.1522,0.43388,0,53.141,0,1
169.98,0,3.3723,0.0039766,0.10373,0,1.9164,0,0
3.0668,1,-0.29956,14.769,0.087397,1,0.69513,1,0
,,3.2438,,-0.30945,,,,
149.8,0,4.5904,0.013519,0.25619,0,0.87582,0,0
295.26,0,4.1778,0,0.2781,0,1.6233,0,0
147.9,1,2.4771,12.771,0.19771,0,10.227,0,0
278.74,0,-1.0891,0,0.31689,0,3.5499,0,0
355.59,1,3.0573,13.519,0.075239,0,0.17806,0,0
135.98,0,1.3678,0,0.27138,0,1.8267,0,0
236.43,0,2.6207,0,0.068202,0,0.23257,0,0
,,3.1365,,-0.33137,,,,
71.287,1,3.0647,40.087,0.11063,1,60.118,0,0
186.08,0,-1.0411,0,0.19291,0,1.4084,0,0
,,3.3167,,-0.25743,,,,
258.02,0,3.4578,0,0.53073,0,0.32235,0,0
,,2.8389,,-0.27193,,,,
156.42,0,3.501,0,0.15872,0,0.78389,0,0
68.697,1,3.3217,46.902,0.071531,1,0.4237,1,0
160.89,0,4.0168,0,0.1475,0,1.5645,0,0
,,2.9446,,-0.29094,,,,
344.71,1,-0.8863,12.883,0.15403,1,0.79961,1,0
,,2.7196,,-0.25957,,,,
,,0.80929,,-0.22045,,,,
105.87,0,0.29627,1.7376,0.83628,0,41.66,0,0
,,-0.28376,,0.16551,,,,
263.13,0,-0.74389,0,0.46259,0,0.32083,0,0
195.17,0,0.87493,0.0081739,0.060403,0,0.44106,0,0
89.275,1,-0.32569,34.343,0.12089,1,14.025,0,0
49.12,0,1.253,0,0.46272,0,54.608,0,0
316.11,0,2.6151,0.11793,0.068392,0,0.24365,0,0
,,1.4822,,-0.3239,,,,
117.17,0,5.5644,0.0035205,0.12617,0,10.581,0,0
,,-0.68639,,0.12714,,,,
,,3.1163,,-0.18273,,,,
,,2.8934,,-0.078775,,,,
115.8,0,6.6458,0.0060406,0.063793,0,0.82204,0,0
278.69,0,1.0671,7.9193,0.33196,0,47.948,0,0
149.49,1,4.0108,25.478,0.13694,1,0.185,1,0
137.14,0,3.3744,0,0.12067,0,86.032,0,0
95.601,0,-1.2544,0,0.27931,0,0.78063,0,0
67.69,0,3.0475,0,0.22186,0,0.42037,0,0
,,3.074,,-0.26645,,,,
89.285,1,-0.6262,8.9698,0.27709,0,73.749,0,0
147.43,0,3.1711,1.326,0.14286,0,15.336,0,0
101.77,1,-1.1642,26.962,0.077879,1,0.26488,1,0
,,2.4472,,-0.36409,,,,
94.347,1,0.22539,16.13,0.15207,1,8.6466,1,0
,,2.5993,,-0.41359,,,,
278.55,1,-1.0236,24.125,0.10649,1,0.32024,1,0
220.29,0,-0.65693,0.16763,0.62493,0,7.5678,0,0
269.28,,-1.5971,,0.68446,0,3.2668,0,
74.962,1,-0.86289,14.466,0.083227,1,15.121,0,0
147.48,0,2.7494,0,0.17637,0,2.1038,0,0
130.29,1,3.8609,18.495,0.15566,1,0.53304,1,0
141.46,1,4.5701,26.98,0.107,1,71.254,0,0
,,2.8905,,0.19683,,,,
,,3.2912,,0.0015748,,,,
257.52,0,0.42871,0,0.49077,0,3.6525,0,0
348.65,,3.3228,,0.060686,1,23.072,0,
120.92,1,-1.057,19.127,0.14858,1,0.83042,1,0
116.42,1,-1.0423,4.6831,0.13387,0,70.864,0,0
230.99,0,3.3149,0,0.24514,0,1.3036,0,0
217.74,0,3.1174,11.906,0.4714,0,67.769,0,1
255.45,1,3.4593,5.9331,0.24084,1,72.436,0,0
14.152,1,3.0341,18.344,0.17887,1,52.109,0,0
134.2,0,-0.85356,18.853,0.34166,0,1.6394,0,0
,,3.2269,,-0.42418,,,,
347.76,1,-0.98169,13.67,0.073132,1,20.21,0,0
,,,,-0.41131,,,,
161.97,1,-1.5048,18.435,0.173,1,35.328,1,0
251.24,0,1.1165,4.3942,0.86258,0,26.083,0,1
,,2.6864,,-0.23393,,,,
171.96,0,-1.4365,0,0.090909,0,1.2194,0,0
268.02,0,-4.5719,0,0.58054,0,63.815,0,0
122.36,0,-1.0218,0.0051172,0.72002,0,0.3361,0,0
260.76,0,1.7036,0.02896,0.42764,0,6.384,0,0
249.81,0,-1.1582,0,0.28597,0,1.2556,0,0
81.417,1,3.1085,9.9515,0.08373,0,76.984,0,0
,,-1.2584,,0.32388,,,,
11.096,1,0.50652,15.792,0.15027,1,35.782,0,0
25.087,1,3.4312,14.813,0.2499,1,32.55,0,0
89.285,0,0.34321,0.32869,0.13931,0,1.0862,0,0
151.62,0,0.54346,0.027338,0.82883,0,68.442,0,0
,,2.3708,,-0.070968,,,,
,,2.4901,,-0.10534,,,,
79.726,0,2.5061,9.2212,0.43073,0,64.8,0,1
,,,,-0.499,,,,
,,3.3378,,0.048255,,,,
,,2.1717,,-0.30516,,,,
351.46,0,-1.9463,0,0.43636,0,4.8894,0,0
346.66,1,2.606,53.29,0.025754,1,0.55222,1,0
,,,,-0.28278,,,,
4.9759,0,3.5843,0,0.21715,0,1.5609,0,0
259.38,0,-0.6038,0.1629,0.52799,0,1.0676,0,0
,,2.4149,,-0.24497,,,,
,,2.5673,,-0.2884,,,,
,,2.2496,,-0.24913,,,,
,,2.3272,,-0.41762,,,,
20.99,0,1.574,0,0.034758,0,12.749,0,0
,,2.8289,,-0.30835,,,,
321.16,1,2.6766,16.267,0.2567,1,0.43737,1,0
257.17,0,-0.19672,0,0.412,0,3.0012,0,0
217.44,0,1.6311,0,0.66517,0,0.80926,0,0
44.424,0,6.3255,0.024868,0.4549,0,28.011,0,0
,,2.4423,,-0.082786,,,,
,,2.8647,,-0.39394,,,,
171.83,0,4.2464,0,0.29416,0,1.9477,0,0
252.96,1,0.76283,17.133,0.069494,1,36.326,0,0
28.555,0,3.4192,0,0.1911,0,0.38778,0,0
,,1.1698,,-0.035382,,,,
246.23,1,2.3225,5.009,0.045792,1,0.55598,1,0
306.59,0,-0.20551,0.0069111,0.31402,0,0.91755,0,0
322.83,1,1.5066,11.968,0.015611,1,0.97659,1,0
92.427,1,3.9241,18.133,0.0625,0,84.59,0,0
260.83,0,3.1547,0.16152,0.64396,0,6.1358,0,0
227.18,0,3.5246,0.72368,0.17272,0,22.914,0,0
103.53,1,1.9635,12.863,0.10895,1,1.3754,1,0
245.23,0,-1.2142,0.0057734,0.50298,0,0.47832,0,0
,,3.3263,,-0.18552,,,,
36.735,0,-1.5619,0.32801,0.6455,0,7.3687,0,0
,,3.2745,,-0.29181,,,,
,,,,-0.30233,,,,
179.27,0,-1.1817,0,0.49804,0,0.04013,0,0
155.81,0,3.002,0.012659,0.45946,0,1.1686,0,0
269.28,0,1.1285,6.6497,0.80784,0,16.204,0,1
88.528,1,-0.23317,10.785,0.091503,1,0.86792,1,0
359.28,0,-0.069382,0.0091825,0.39367,0,1.049,0,0
89.005,1,-0.27353,150.72,0.059645,1,89.589,0,0
51.849,1,0.55498,37.015,-0.0041002,1,16.908,0,0
84.187,0,-1.0756,7.5609,0.51947,0,73.489,0,1
87.306,0,3.6967,0,0.34428,0,6.1584,0,0
340.56,0,3.5509,0,0.17658,0,1.2347,0,0
9.0173,0,4.1762,0.033719,0.67957,0,58.24,0,0
,,2.3818,,-0.34985,,,,
,,3.0218,,-0.11602,,,,
0.0205,0,2.1565,0,0.11591,0,12.699,0,0
188.41,1,3.0359,9.5775,0.16442,1,0.29031,1,0
179.27,1,-0.38288,56.76,0.080696,1,0.37549,1,0
,,1.2515,,-0.29624,,,,
37.365,1,-1.1289,13.844,0.22268,0,42.371,0,0
163.1,1,5.113,27.151,0.10549,1,0.45383,1,0
63.252,1,-1.2592,11.431,0.1132,1,0.30059,1,0
130.19,0,4.9766,1.2828,0.85974,0,67.398,0,0
288.97,0,3.5602,0.0054345,0.037736,0,5.3982,0,0
89.275,1,-1.1762,8.7062,0.24375,1,0.14942,1,0
301.58,0,3.0525,2.3621,0.11223,0,84.942,0,0
309.56,0,1.7618,0,0.43918,0,38.171,0,0
194.25,1,2.6514,40.172,0.094486,0,84.085,0,0
,,2.9839,,0.0052576,,,,
71.701,1,-1.0985,8.4439,0.090909,1,0.51247,1,0
248.12,0,3.0608,7.1052,0.46308,0,84.308,0,1
106.88,0,2.9949,22.84,0.42183,0,74.208,0,1
261.64,0,1.5208,3.5111,0.83964,0,63.289,0,1
,,2.2586,,-0.0020704,,,,
147.31,1,3.282,13.241,0.24207,1,0.77048,1,0
322.42,1,-0.042258,16.356,-0.013981,1,0.057394,1,0
,,2.6684,,-0.26718,,,,
,,2.1181,,-0.37241,,,,
,,2.0265,,-0.16876,,,,
303.73,0,5.9953,0.016537,0.051084,0,1.8949,0,0
,,2.7217,,-0.3825,,,,
129.42,0,5.6383,45.375,0.36764,0,86.011,0,0
,,,,-0.33668,,,,
217.09,0,2.0937,9.5216,0.33659,0,1.3129,0,0
342.66,0,2.7606,0,0.054116,0,0.9034,0,0
16.527,0,-1.4105,0.1884,0.75492,0,53.546,0,0
315.72,,2.5214,,0.35701,0,87.456,0,
148.9,0,-1.4279,6.129,0.52848,0,30.03,0,1
,,2.7672,,-0.27405,,,,
246.81,0,4.1883,0,0.055142,0,0.989,0,0
345.53,0,-0.30954,0,0.044827,0,2.2475,0,0
134.21,0,-1.2814,0.010352,0.13204,0,0.097421,0,0
122.48,0,1.4722,0.0058994,0.038451,0,1.3083,0,0
304.39,0,2.576,0.024584,0.29103,0,5.8728,0,0
169.73,0,2.3924,0.00048971,0.84937,0,46.401,0,0
357.74,0,-1.2028,0,0.55637,0,32.481,0,0
36.519,1,-0.76027,33.907,0.095739,1,21.47,0,0
144.44,0,-0.97961,4.0129,0.62338,0,19.054,0,1
,,3.2555,,-0.4377,,,,
352.89,0,3.5961,0.021386,0.13189,0,0.82489,0,0
225.02,0,4.595,0,0.60056,0,3.5919,0,0
89.3,1,3.7106,22.022,0.14026,1,1.6492,1,0
167.04,1,2.9038,15.291,0.043895,1,1.8122,1,0
,,2.6177,,-0.24688,,,,
,,2.421,,-0.3605,,,,
242.26,0,-0.76449,0,0.23127,0,1.4513,0,0
18.448,1,3.2863,8.3797,0.29412,0,83.289,0,0
,,-1.2297,,0.63984,,,,
185.67,1,-1.0863,14.955,0.27042,1,2.6287,1,0
98.773,1,-0.038,14.774,0.11368,1,73.821,0,0
269.28,0,-1.0546,0,0.26517,0,0.091963,0,0
54.551,0,3.3796,0.010392,0.25732,0,3.2067,0,0
239.01,0,1.0057,7.3951,0.83515,0,61.089,0,1
175.41,1,1.6783,6.9094,0.092881,1,0.42523,1,0
359.4,,0.2289,,0.095986,1,81.608,0,
,,2.5457,,-0.325,,,,
244.41,0,3.8449,0.0019462,0.73422,0,1.7986,0,0
287.69,1,4.5194,26.387,0.15798,1,0.036391,1,0
201.12,1,0.4036,15.668,0.097503,1,34.013,1,0
,,2.7152,,-0.40359,,,,
138.38,0,2.6223,0.0051999,0.21073,0,0.89508,0,0
275.51,1,0.45756,14.685,0.20146,0,87.405,0,0
277.01,0,3.2526,0,0.14659,0,6.4571,0,0
283.69,0,-1.1593,0.001253,0.24183,0,1.1748,0,0
334.36,1,3.1219,17.12,0.17468,1,28.162,0,0
,,2.4605,,-0.35154,,,,
126.1,0,3.2041,7.5989,0.34458,0,0.57421,0,0
239.71,0,3.2374,3.7138,0.6589,0,47.501,0,1
,,0.85852,,-0.31303,,,,
,,,,-0.34416,,,,
46.881,1,-1.1271,11.285,0.14533,1,0.91822,1,0
174.36,1,3.7577,5.8471,0.13174,1,1.8694,1,0
179.29,0,6.9609,0.037607,0.32527,0,0.54461,0,0
125.46,0,4.0434,0,0.3965,0,15.494,0,0
171.48,1,3.6697,19.32,0.099602,1,1.9031,1,0
276.08,1,3.2222,16.045,0.15668,1,1.0649,1,0
,,2.3608,,-0.3038,,,,
280.07,0,3.1067,6.3377,0.78711,0,27.35,0,1
133.63,1,2.7543,13.801,-0.017464,1,0.40995,1,0
,,2.953,,-0.34142,,,,
,,3.2884,,-0.27932,0,,,
,,2.1745,,-0.29952,,,,
,,2.287,,-0.18293,,,,
359.27,0,2.6808,0,0.067308,0,2.2347,0,0
222.38,0,-0.065228,0.0035283,0.24239,0,1.5306,0,0
359.29,1,3.4684,15.212,0.10303,1,31.285,0,0
,,,,-0.33333,,,,
269,1,0.64587,11.975,0.28678,1,55.185,0,0
335.12,1,3.5151,70.686,0.23343,1,16.368,0,0
,,2.8591,,-0.4187,,,,
175.3,1,0.042814,4.268,0.2436,0,13.012,0,0
54.151,0,3.3829,0.0049386,0.3828,0,1.5531,0,0
,,2.866,,-0.18845,,,,
268.62,1,5.8734,5.626,0.041647,1,3.4274,1,0
161.06,0,3.1113,0,0.087248,0,82.633,0,0
189.26,0,3.485,0.010861,0.25121,0,1.1291,0,0
71.593,1,2.6522,2.6408,0.079978,0,50.154,0,0
73.187,0,-1.1724,1.7708,0.35871,0,64.449,0,0
,,2.7645,,-0.24693,,,,
,,2.8193,,-0.28111,,,,
298.72,1,3.0839,16.08,0.17774,0,2.0183,0,0
139.59,1,-2.0671,10.303,0.070819,1,0.69288,1,0
287.3,0,-1.1091,0.014962,0.2767,0,1.9999,0,0
180.99,0,3.5865,2.3869,0.86031,0,68.59,0,0
152.74,0,4.5068,0.00039911,0.24695,0,56.431,0,0
,,2.6531,,-0.31611,,,,
,,3.4891,,-0.002849,,,,
209.64,0,0.7509,0,0.53599,0,0.51161,0,0
242.35,0,0.95464,0,0.24502,0,23.696,0,0
229.17,0,-0.25743,0.0037314,0.18398,0,1.3524,0,0
289.61,0,3.4174,0,0.82393,0,19.378,0,0
88.794,0,-1.705,11.187,0.52762,0,69.359,0,1
167.5,1,-1.1608,21.942,0.20584,1,0.73192,1,0
175.84,0,3.0943,0.021965,0.28535,0,0.95331,0,0
46.257,1,0.34925,8.9935,0.20837,0,84.408,0,0
,,3.1953,,-0.23445,,,,
334.68,1,0.42721,14.401,0.09561,1,21.814,0,0
352.11,0,2.9437,0,0.53542,0,1.8425,0,0
155.22,0,-1.0434,0,0.15607,0,0.69061,0,0
85.743,0,-1.0473,0.0023984,0.30474,0,1.2091,0,0
134.22,0,2.8827,0,0.24141,0,1.761,0,0
319.43,0,3.1731,8.0689,0.78304,0,80.224,0,1
,,2.6392,,-0.35024,,,,
241.3,1,-1.2406,13.643,0.29988,1,0.95327,1,0
326.79,0,-0.20612,0,0.047701,0,0.50292,0,0
,,2.2988,,-0.18125,,,,
350.88,1,-1.3893,14.202,0.1572,1,17.213,0,0
,,3.0211,,-0.20068,,,,
149.86,1,2.4918,20.04,0.12409,1,0.52662,1,0
359.3,1,4.0332,21.554,0.14964,1,1.4101,1,0
211.39,0,0.50451,0.0070859,0.0791,0,2.0971,0,0
49.865,1,0.67345,11.713,0.1399,1,71.561,0,0
269.28,0,-0.24946,0,0.18091,0,0.94252,0,0
,,2.7278,,-0.29063,,,,
310.27,0,3.9588,0,0.13972,0,1.2938,0,0
179.29,0,6.1692,0,0.026439,0,0.55032,0,0
216.62,1,-0.64632,56.804,0.050389,1,1.1464,1,0
179.27,1,-1.2987,13.256,0.25516,1,0.39561,1,0
162.37,1,5.3056,21.629,0.051862,1,0.33557,1,0
79.537,0,-1.197,0.44854,0.71142,0,20.667,0,0
62.86,0,3.634,0.056313,0.051221,0,2.0082,0,0
297.46,0,-0.19648,0.040483,0.20606,0,2.3656,0,0
64.788,1,4.0223,55.69,0.11819,1,10.754,0,0
329.6,0,2.9574,0,0.027414,0,33.449,0,0
111.85,1,2.026,19.87,0.25277,1,3.1338,1,0
179.38,0,-0.33323,0.0082313,0.2328,0,40.494,0,0
,,2.6956,,-0.44318,,,,
317.9,0,3.297,0.021713,0.04833,0,5.8035,0,0
302.12,,1.1698,,0.34288,0,1.8497,0,
153.06,0,2.5883,0,0.40501,0,76.071,0,0
210.12,0,3.3617,0,0.20795,0,4.1064,0,0
119.75,0,0.61158,0,0.47339,0,2.0461,0,0
,,,,-0.49645,,,,
216.86,1,0.45064,16.931,0.16469,1,0.31107,1,0
318.97,0,3.3106,1.2634,0.22892,0,74.995,0,0
320.53,0,1.0313,1.6735,0.0065359,0,76.145,0,0
62.283,0,0.45199,0,0.36914,0,0.60629,0,0
259.6,0,-2.185,0,0.50485,0,5.2011,0,0
,,2.736,,-0.24487,,,,
226.92,0,1.7659,4.0285,0.88713,0,55.353,0,1
187.18,0,3.5823,0.00047374,0.26999,0,2.8047,0,0
269.28,0,-1.2307,0.059063,0.30155,0,1.8788,0,0
317.02,0,-1.6778,6.0765,0.53198,0,32.914,0,1
89.293,0,3.3404,0,0.096034,0,2.3093,0,0
85.847,1,-0.67848,11.967,0.18015,1,29.579,0,0
176.2,0,1.7149,0,0.85235,0,69.814,0,0
179.28,0,-1.168,9.8746,0.7938,0,45.059,0,1
171.95,1,-0.9277,3.1466,0.091342,0,7.1246,0,0
236.43,1,-1.2943,13.694,0.12252,0,0.46515,0,0
359.28,0,-2.384,1.7951,0.14569,0,0.10319,0,0
269.28,0,-1.7156,0.43086,0.82744,0,54.45,0,0
323.88,0,0.12379,1.8389,0.2285,0,63.191,0,0
,,,,-0.46008,,,,
111.06,0,-0.36374,0.0040437,0.097091,0,1.8995,0,0
269.27,1,3.0123,21.72,0.17425,1,87.001,0,0
240.87,0,0.32217,0,0.58835,0,2.625,0,0
97.383,0,0.3177,8.2949,0.33404,0,0.48766,0,0
,,3.2786,,-0.3,,,,
157.4,1,4.1144,23.803,0.083721,1,42.425,1,0
345.52,0,2.7774,0,0.11149,0,1.9823,0,0
35.918,0,3.5952,0.0071039,-0.0060386,0,0.41428,0,0
0.28753,0,3.6883,1.3721,0.53452,0,21.806,0,0
267.43,0,3.4829,0.14385,0.25129,0,6.1382,0,0
,,2.5606,,-0.23699,,,,
166.63,1,3.5903,38.933,0.021467,1,12.49,1,0
291.54,1,0.4503,33.253,0.20235,1,13.682,0,0
,,3.2738,,0.012048,,,,
,,,,-0.43811,,,,
,,,,-0.26736,,,,
340.22,0,4.6127,0,0.62324,0,18.181,0,0
317.74,1,-1.248,5.0385,0.14987,0,28.919,0,0
,,2.977,,-0.29653,,,,
334.61,1,3.3041,6.6641,0.060068,1,15.297,0,0
131.8,0,-1.8141,0,0.74312,0,2.4241,0,0
100.94,1,3.8346,8.0108,0.17134,1,0.6807,1,0
,,2.7668,,-0.32088,,,,
335.85,1,-1.1648,13.051,0.2412,1,1.012,1,0
180.37,0,-0.90813,3.0691,0.62942,0,33.221,0,1
66.147,0,2.7401,0,0.25,0,0.17502,0,0
75.04,0,-0.54466,6.8036,0.68178,0,37.856,0,1
184.33,0,-0.65797,0.0030744,0.40723,0,1.1106,0,0
,,-0.080835,,0.26383,,,,
333.5,0,2.3746,0.05933,0.091765,0,4.2774,0,0
83.488,1,3.4664,6.7174,0.13012,0,83.764,0,0
,,0.84695,,-0.26878,,,,
,,3.7725,,-0.044898,,,,
,,1.6974,,0.018617,,,,
359.28,0,2.6043,5.6619,0.88928,0,9.6591,0,1
148.57,0,4.1192,0.0024858,0.51293,0,59.84,0,0
179.28,0,-0.082224,0.013124,0.41932,0,0.10319,0,0
264.08,0,2.5451,0.20835,0.29593,0,7.33,0,0
122.83,1,4.609,6.9043,0.064664,1,81.553,0,0
,,2.3132,,-0.28313,,,,
8.1579,1,-1.0832,5.2475,0.16971,0,84.212,0,0
,,,,-0.41454,,,,
224.33,0,2.8444,20.541,0.33445,0,73.172,0,0
199.51,1,4.2054,25.458,0.21339,1,3.423,1,0
99.277,0,1.7923,10.239,0.37708,0,20.926,0,0
,,2.3205,,-0.29855,,,,
159.71,1,0.19026,55.281,0.027202,1,4.3175,1,0
161.35,0,3.9924,0,0.37756,0,0.39169,0,0
,,3.3095,,-0.18336,,,,
,,2.6893,,-0.37917,,,,
60.021,0,4.2765,0,0.36557,0,1.2317,0,0
,,2.4469,,-0.12987,,,,
49.696,1,4.1392,21.459,0.036116,0,6.0529,0,0
42.788,1,0.63265,12.875,0.14676,1,86.713,0,0
78.98,1,-0.20857,13.075,0.27007,1,4.3205,1,0
70.838,0,-1.2062,8.6308,0.48476,0,8.6697,0,1
232.16,0,-2.3496,9.3757,0.76896,0,57.394,0,1
142.07,0,0.23861,0.0035852,0.30051,0,0.23756,0,0
121.29,0,-1.239,0.11291,0.18857,0,15.115,0,0
248.64,0,2.7998,0.013042,0.82113,0,8.967,0,0
149.65,0,3.7622,6.3557,0.65272,0,47.336,0,1
62.993,0,3.1816,4.1039,0.84505,0,73.32,0,1
,,3.4917,,-0.35385,,,,
,,2.7053,,-0.34551,,,,
30.648,0,1.727,0,0.53979,0,4.2426,0,0
219.6,,2.6114,,0.16337,0,5.8356,0,
89.283,0,3.4026,0,0.34386,0,1.1781,0,0
77.113,1,4.4953,32.207,0.1138,1,1.6578,1,0
,,2.7414,,-0.24255,,,,
100.89,0,1.0837,0,0.53831,0,0.76863,0,0
192.48,1,3.2539,61.065,0.1,1,0.55344,1,0
89.857,0,0.019022,0.035078,0.13964,0,70.61,0,0
315.54,0,5.448,0.026269,0.63363,0,1.4206,0,0
258.82,1,-1.3128,14.975,0.10782,1,6.483,1,0
144.14,0,3.6219,0.0076134,0.4181,0,59.795,0,0
1.4699,1,3.4676,4.1026,0.1687,1,0.60236,1,0
262.57,1,-1.0431,4.0399,0.063681,1,9.5745,1,0
314.21,0,-0.75585,0.012055,0.70691,0,1.0552,0,0
,,1.5829,,-0.30844,,,,
257.13,0,3.3121,0,0.074949,0,10.037,0,0
322.03,0,0.65884,0.10796,0.81763,0,47.088,0,0
,,2.71,,0.089976,,,,
33.209,1,2.9264,12.595,0.11063,1,16.548,0,0
263.77,0,3.2054,0.39288,0.55715,0,11.463,0,0
155.02,0,-0.78184,0,0.41591,0,5.2046,0,0
194.04,0,4.162,0.075645,0.21731,0,1.8963,0,0
73.364,0,3.6571,0,0.47407,0,0.041835,0,0
229.87,0,3.0965,0,0.56343,0,2.572,0,0
229.35,1,0.31611,52.19,0.092826,1,87.186,0,0
223.96,0,2.0504,0,0.069223,0,45.269,0,0
317.15,0,4.2756,4.9875,0.5814,0,61.547,0,1
269.29,1,1.1292,16.697,0.18999,1,0.20116,1,0
,,3.3485,,0.13454,,,,
338.04,0,3.3571,0.0082908,0.24789,0,1.5375,0,0
89.3,0,4.2994,0.0088749,0.21133,0,60.689,0,0
,,2.1792,,-0.26269,,,,
102.59,1,2.8745,39.971,0.13163,1,5.0427,1,0
171.05,0,3.2243,18.543,0.44636,0,82.112,0,1
254.1,0,0.28927,0.025928,0.87081,0,2.363,0,0
245.63,0,5.6742,0,0.27874,0,79.113,0,0
94.75,0,-1.0742,0.37064,0.44293,0,0.90066,0,0
120.11,0,2.7807,0,0.20912,0,1.0573,0,0
46.234,1,3.4127,5.3738,0.1875,0,45.986,0,0
237.06,0,3.1676,0.043163,0.59023,0,14.613,0,0
,,3.16,,0.36978,0,,,
253.18,1,3.6715,13.257,-0.092841,1,13.926,0,0
259.15,0,-1.2363,0,0.4842,0,41.512,0,0
272.03,0,3.4834,0.24268,0.14086,0,54.284,0,0
339.08,1,-1.1061,22.077,0.035558,1,2.96,1,0
85.218,0,2.4541,0,0.085973,0,0.24201,0,0
214,0,-1.4507,0.0061797,0.6361,0,0.6557,0,0
,,2.6167,,-0.12742,,,,
46.748,1,2.6283,46.862,0.062211,1,88.556,0,0
256.02,0,2.436,0.22682,0.25172,0,1.5998,0,0
44.709,0,7.0143,0.0069122,0.7909,0,17.028,0,0
224.36,1,-0.46412,12.842,0.12623,1,34.923,1,0
347.09,0,-0.49494,0.087643,0.657,0,0.38122,0,0
43.514,0,2.9519,0.026786,0.099099,0,22.418,0,0
170.14,1,-1.3457,2.8633,0.2205,1,1.7008,1,0
,,2.8034,,-0.29592,,,,
32.819,0,-1.0173,0.071199,0.3291,0,2.8794,0,0
89.278,0,-1.5165,0.40112,0.58092,0,49.621,0,0
45.286,1,-0.74451,18.202,0.25951,1,76.682,0,0
354.76,0,3.6813,0.018941,0.075257,0,0.51179,0,0
140.04,0,3.3611,6.5778,0.4,0,28.175,0,1
140.44,1,-0.81368,10.598,0.11265,1,0.89796,1,0
,,3.3359,,-0.29825,,,,
,,3.0381,,-0.26885,,,,
54.262,0,2.9863,0,-0.048304,0,0.84913,0,0
359.27,1,-1.2235,21.783,0.14255,1,2.7039,1,0
53.007,0,-1.0721,2.5829,0.85149,0,69.606,0,1
,,2.545,,-0.28144,,,,
269.3,,3.4127,,0.12692,0,87.735,0,
,,2.4622,,-0.1308,,,,
134.2,0,-4.2243,0,0.53141,0,2.5554,0,0
,,1.5389,,-0.16877,,,,
,,1.5208,,-0.34799,,,,
124.78,1,0.30585,6.1164,0.28266,0,80.057,0,0
47.946,1,-0.44088,50.618,0.051839,1,64.044,0,0
,,,,-0.32768,,,,
197.22,0,-1.3331,0,0.72652,0,21.69,0,0
44.492,0,-1.7219,0,0.50413,0,25.889,0,0
179.76,1,3.3686,19.46,0.1848,1,10.304,1,0
141.5,0,4.1816,0,0.19598,0,0.92846,0,0
144.7,1,3.0954,12.998,0.27046,1,0.89119,1,0
294.87,0,2.1841,6.4201,0.85815,0,41.662,0,1
241.98,0,-1.144,0,0.038844,0,2.0366,0,0
243.51,0,3.2459,0.0032887,0.18793,0,0.39568,0,0
,,3.3008,,-0.24051,,,,
,,2.9431,,-0.26866,,,,
,,2.3823,,-0.32121,,,,
,,2.7656,,0.079428,,,,
96.392,0,2.932,0.24863,0.21254,0,29.299,0,0
53.338,0,0.40825,0,0.095238,0,2.703,0,0
359.29,1,3.2935,23.006,0.187,1,1.6678,1,0
,,1.4549,,-0.32369,,,,
179.81,1,-1.1845,12.243,0.25589,1,62.066,0,0
332.78,0,-0.66308,0,0.16048,0,1.1849,0,0
134.89,,0.13083,,0.86917,0,87.636,0,
,,0.69498,,0.12147,,,,
250.94,0,5.9634,0.83626,0.21557,0,58.759,0,0
300.46,1,3.8186,8.4319,0.2754,1,0.6314,1,0
,,1.3035,,-0.27813,,,,
,,3.2757,,-0.37477,,,,
329.73,0,-0.89702,0.0056193,0.47376,0,1.8643,0,0
191.48,0,3.6372,0.010566,0.10666,0,0.38122,0,0
316.86,0,4.1553,0.012061,0.51125,0,0.52817,0,0
32.209,1,3.081,12.675,0.27249,1,5.1896,1,0
,,2.9529,,-0.37457,,,,
,,2.6813,,-0.14192,,,,
285.37,0,-0.35654,9.2846,0.76045,0,62.995,0,1
81.178,1,0.69028,4.4823,0.14377,1,0.12192,1,0
148.94,0,4.0399,1.7969,0.51222,0,53.791,0,0
139.7,0,3.6103,5.3279,0.37859,0,83.164,0,0
306.43,0,3.8451,6.3294,0.42848,0,14.869,0,1
,,2.9731,,-0.36996,,,,
89.289,0,1.6927,25.282,0.47138,0,0.51731,0,1
284.54,1,3.8236,5.2237,0.11939,1,11.146,0,0
62.766,1,2.9473,3.6222,0.28996,0,0.64224,0,0
36.961,0,0.43351,0.0051888,0.15564,0,1.26,0,0
224.37,0,4.1684,0,0.096126,0,1.0065,0,0
357.74,1,3.4039,26.578,0.091609,1,16.53,0,0
157.91,0,0.32626,0.96694,0.6994,0,18.764,0,0
196.01,0,1.2465,0.015121,0.334,0,5.1815,0,0
267.65,0,-0.82389,0.020791,0.7334,0,1.0061,0,0
110.22,0,3.8289,0.56002,0.2015,0,11.551,0,0
9.9305,0,1.1018,0.0059766,0.24198,0,1.7728,0,0
275.93,0,-1.1649,1.385,0.5924,0,58.373,0,0
214.02,1,3.115,17.452,0.12887,0,1.0392,0,0
292.83,0,3.4696,0.38687,0.58233,0,55.705,0,0
242.94,1,-0.040283,16.829,-0.075316,1,11.711,0,0
,,2.9015,,-0.3916,,,,
132.88,0,4.1974,0,0.28336,0,1.7535,0,0
332.67,0,3.8158,0,0.05859,0,0.16673,0,0
359.3,0,2.9897,1.7123,0.63588,0,58.831,0,0
,,2.4595,,0.092116,,,,
257.65,0,-0.93571,5.1455,0.44307,0,1.4784,0,1
21.112,0,3.874,0.0076199,0.1509,0,1.5619,0,0
268.05,0,3.4891,1.5826,0.31246,0,57.35,0,0
,,0.20248,,0.77989,,,,
,,,,-0.5,,,,
162.37,0,-1.0564,3.6759,0.70043,0,73.113,0,1
40.801,0,3.8018,0,0.043092,0,0.45946,0,0
31.912,0,3.5828,14.265,0.80427,0,3.481,0,1
77.874,0,3.2945,8.416,0.34809,0,84.112,0,0
244.48,0,0.60215,0,0.13175,0,0.77877,0,0
89.278,0,-0.9749,0.00089604,0.51953,0,0.82185,0,0
,,3.2875,,-0.2933,,,,
225.21,0,-1.2474,4.9788,0.46609,0,25.248,0,1
,,,,-0.3557,,,,
231.95,1,-0.91267,22.875,0.13967,1,0.61447,1,0
338.48,0,2.647,0,0.63041,0,13.807,0,0
45.202,0,0.66518,0,0.1321,0,1.3921,0,0
,,3.3202,,-0.25477,,,,
190.18,1,3.5524,11.113,0.2788,0,17.784,0,0
,,2.7218,,-0.31002,,,,
179.28,0,-0.96455,11.077,0.30109,0,0.16626,0,0
123.7,0,2.8858,0,0.21242,0,0.57821,0,0
219.55,1,-1.2354,11.592,0.093208,1,2.2305,1,0
179.3,0,3.5427,0.0099263,0.13481,0,2.0229,0,0
205.65,0,3.5237,0,0.25513,0,0.55661,0,0
,,1.9439,,-0.296,,,,
177.93,1,-0.23713,26.536,0.034066,1,0.24653,1,0
202.17,1,3.4403,11.039,0.13386,0,1.0203,0,0
249.53,0,-0.61557,0,0.071479,0,0.76332,0,0
112.15,1,3.4984,23.519,0.11152,0,28.718,0,0
0,0,5.4251,0,0.11423,0,0,0,0
12.08,0,3.7158,0,0.26246,0,1.2461,0,0
217.36,0,-0.072095,0.013495,0.41163,0,1.5654,0,0
281.48,0,0.5932,14.773,0.47976,0,84.09,0,1
212.18,0,-0.67047,0.72457,0.48477,0,14.716,0,0
,,3.2889,,-0.22441,,,,
250.64,1,2.9013,14.699,0.10433,1,26.004,0,0
99.928,1,-1.283,8.4703,0.069714,1,1.1169,1,0
131.04,0,3.428,0,0.4052,0,0.95536,0,0
,,3.0072,,-0.25857,,,,
,,2.9753,,-0.36332,,,,
,,2.6407,,-0.27439,,,,
156.59,0,0.4015,9.5322,0.48766,0,66.828,0,1
202.28,0,2.9897,0.010761,0.06753,0,0.80949,0,0
111.69,,1.051,,0.14792,1,17.603,0,
56.519,0,3.35,0,0.098485,0,3.8827,0,0
177.5,1,-1.4234,2.8305,0.28824,0,32.024,0,0
59.117,1,-0.020696,16.242,-0.021378,1,0.079877,1,0
54.222,0,3.0814,0.0070391,0.18629,0,2.7017,0,0
164.22,0,3.8359,3.6191,0.50185,0,1.6026,0,1
336.3,1,2.9387,15.388,0.11663,1,31.311,0,0
,,3.0225,,-0.10296,,,,
3.4666,0,3.5511,4.713,0.41065,0,43.052,0,1
,,2.6831,,-0.27467,,,,
179.28,0,-1.7938,0.0089055,0.66667,0,0.35544,0,0
295.78,0,-0.98916,0,0.46578,0,0.2826,0,0
288.21,0,2.931,0.012033,0.078113,0,0.38887,0,0
59.982,0,1.6358,2.1986,0,0,9.2195,0,0
,,2.7047,,-0.23415,,,,
227.88,1,-1.3812,3.7009,0.28457,0,84.786,0,0
135.13,0,3.5974,8.4508,0.82016,0,54.302,0,1
131.4,0,3.627,0.13253,0.076233,0,4.1142,0,0
358.09,1,-0.075918,12.705,0.12905,1,45.137,0,0
203.06,0,2.4946,0,0.11447,0,1.1837,0,0
342.16,1,-0.90795,17.443,0.1139,1,9.3284,1,0
123.28,0,2.8415,0,0.1581,0,2.9505,0,0
23.782,0,-0.21868,0,0.35224,0,0.2079,0,0
357.3,0,4.02,0,0.23711,0,38.567,0,0
,,2.8264,,-0.42105,,,,
85.699,1,-1.5403,14.022,0.2914,1,47.135,0,0
14.299,0,3.524,3.8942,0.75962,0,69.376,0,1
313.24,1,3.6786,12.877,0.10737,1,42.226,0,0
20.585,1,-1.2594,11.734,0.26335,0,3.9628,0,0
,,2.705,,-0.34056,,,,
,,2.8673,,-0.25333,,,,
13.213,0,-1.1977,1.3769,0.19234,0,30.499,0,0
224.21,1,3.0925,16.475,0.12319,1,40.628,1,0
186.74,0,3.3215,0,0.38971,0,0.93076,0,0
,,2.854,,-0.49801,,,,
330.7,0,-0.47035,0.00045457,0.28192,0,1.4294,0,0
137.76,0,-1.8224,8.0626,0.66635,0,15.342,0,1
315.23,,2.5652,,-0.14239,0,1.603,0,
50.688,0,6.768,0,0.041927,0,4.667,0,0
51.589,0,-0.45742,0.0013243,0.22766,0,29.341,0,0
201.41,0,3.899,0,0.39911,0,1.1756,0,0
359.18,0,-1.0401,1.2048,0.37247,0,59.443,0,0
,,2.8561,,-0.3159,,,,
204.9,0,-1.2955,14.954,0.75606,0,25.984,0,1
,,3.3008,,-0.19492,,,,
0.5452,0,-0.2373,0.0067977,0.16157,0,1.5536,0,0
,,2.8319,,-0.16274,,,,
192.92,0,3.9344,0,0.25026,0,2.317,0,0
,,,,-0.36486,,,,
248.55,0,3.6824,0.0013492,0.27637,0,0.1782,0,0
,,2.823,,-0.25698,,,,
65.544,1,-0.91581,25.46,0.12193,1,0.95435,1,0
134.87,0,4.517,0,0.66945,0,20.223,0,0
148.53,0,0.26591,3.0178,0.52768,0,32.068,0,1
,,3.1907,,-0.43,,,,
359.28,0,-0.14814,2.6116,0.65763,0,1.198,0,1
356.77,0,3.3921,0.017711,0.27044,0,0.78038,0,0
269.27,0,3.8529,0,0.37931,0,0.74139,0,0
221.83,0,-0.18603,44.398,0.30928,0,0.55276,0,0
82.964,0,3.5575,0,0.11273,0,0.98874,0,0
315.84,1,1.793,13.507,0.16501,1,9.8377,1,0
41.57,0,6.062,0.0092311,0.029668,0,0.33317,0,0
,,,,-0.41304,,,,
102.28,0,1.6279,21.498,0.49163,0,1.9752,0,1
337.29,1,6.0715,21.053,0.18675,1,1.1192,1,0
,,,,-0.51883,,,,
341.96,0,3.2936,0,-0.024619,0,4.0053,0,0
269.28,1,-0.25969,4.1947,0.019548,1,0.37359,1,0
140.17,1,-0.83999,16.997,0.077922,1,2.304,1,0
,,2.9012,,-0.012876,,,,
,,2.5356,,-0.34477,,,,
263.46,1,-1.1749,5.7651,0.13514,0,80.678,0,0
17.017,0,3.7459,0.060622,0.21823,0,2.6223,0,0
270.06,1,0.12643,16.39,-0.079965,1,0.83921,1,0
96.361,0,4.6158,0,0.046696,0,0.88604,0,0
,,1.1191,,-0.37262,,,,
356.97,1,3.3828,6.5402,0.15089,0,66.454,0,0
229.43,0,-1.6217,0.89151,0.44366,0,40.344,0,0
1.0666,0,4.3757,4.6586,0.86352,0,46.126,0,1
58.43,0,1.2527,3.4042,0.68924,0,53.786,0,1
40.147,1,-0.71933,13.587,0.15282,1,3.8679,1,0
43.933,0,1.7914,0.024818,0.63348,0,81.143,0,0
89.277,1,-0.041392,17.243,-0.028246,1,2.028,1,0
226.38,0,0.52977,12.093,0.79025,0,60.024,0,1
,,3.37,,-0.019408,,,,
211.93,,3.4421,,0.13363,1,12.682,1,
77.943,1,3.2963,15.846,0.18854,1,44.944,0,0
339.72,0,4.1525,0,0.09589,0,0.37725,0,0
267.28,0,-1.1454,0,0.62261,0,1.6501,0,0
205.59,1,3.5456,8.8648,0.23868,1,49.649,1,0
303.59,0,6.5779,0,0.34744,0,0.68171,0,0
110.94,1,3.5988,30.755,0.054764,1,0.69878,1,0
190.61,0,-1.9034,0.010094,0.64564,0,0.26311,0,0
66.492,1,-0.42739,6.1611,0.12521,1,6.6466,1,0
160.53,0,3.6601,0,0.11321,0,1.1078,0,0
117.36,,-1.4256,,0.15375,0,66.366,0,
44.526,0,-1.7374,0,0.44798,0,1.2865,0,0
205.31,0,4.0919,0,0.039116,0,0.96957,0,0
179.29,1,4.7093,57.161,0.12777,1,30.209,1,0
169.53,0,0.30633,1.7408,0.87244,0,70.945,0,0
333.95,0,5.4342,0.0040145,0.12786,0,1.4903,0,0
156.23,1,3.6726,12.856,0.11974,1,3.547,1,0
,,2.4751,,-0.33552,,,,
,,2.0158,,0.068493,,,,
,,2.942,,-0.042772,,,,
241.45,0,-0.048869,0,0.36721,0,0.66294,0,0
229.33,1,-0.89673,28.692,0.18294,1,0.98208,1,0
134,0,-0.17771,0,0.036853,0,1.1648,0,0
31.132,0,3.1736,0.057223,0.78296,0,6.3452,0,0
347.71,0,3.5051,0,0.26297,0,1.5738,0,0
314.22,1,1.0999,12.701,0.0066351,1,0.90912,1,0
90.178,1,3.9364,13.983,0.075085,1,82.615,0,0
326.7,1,-1.1427,15.913,0.126,1,0.61906,1,0
353.35,0,-1.284,0.0075548,0.30747,0,1.3369,0,0
44.462,1,2.786,8.2788,0.1218,0,32.573,0,0
323.61,0,4.1331,0.054941,0.37191,0,78.799,0,0
,,2.2859,,-0.34161,,,,
206.57,0,2.3805,0,0.21076,0,0.22575,0,0
269.27,0,-1.3298,0.0018784,0.63298,0,0.17243,0,0
5.8538,1,5.2289,6.8238,0.08536,0,61.687,0,0
,,1.9966,,-0.018182,,,,
259.51,0,2.07,1.7437,0.73955,0,44.78,0,0
,,2.8565,,-0.38206,,,,
276.15,0,-1.3486,5.3328,0.4924,0,70.635,0,1
,,3.2448,,-0.36395,,,,
141.21,0,3.2718,3.1614,0.54047,0,24.157,0,1
271.6,1,-1.0356,25.224,0.14242,1,5.0775,1,0
219.52,0,3.9219,0,0.19786,0,16.458,0,0
166.22,0,2.4299,0.069429,0.34946,0,31.173,0,0
358.69,1,3.212,24.255,0.21488,1,5.3989,1,0
,,2.1247,,-0.29664,,,,
318.9,0,5.7793,35.054,0.37009,0,1.0912,0,0
0,0,-1.8617,0,0.14467,0,0,0,0
105.31,0,3.1431,0,0.58654,0,0.39466,0,0
70.865,1,-0.040744,16.947,-0.073684,1,15.342,0,0
,,3.2589,,-0.33102,,,,
190.5,0,6.1966,0,0.022801,0,1.5951,0,0
,,2.6537,,0.11034,,,,
129.99,1,-1.1326,11.038,0.19623,1,1.3268,1,0
197.9,,3.8747,,0.64384,0,69.12,0,
,,1.7408,,-0.39777,,,,
,,2.5873,,-0.34251,,,,
322.5,1,3.4815,3.0076,0.26029,0,36.944,0,0
263.37,0,2.38,12.804,0.67758,0,37.14,0,1
,,,,-0.41777,,,,
352.98,,2.4139,,0.83189,0,21.124,0,
359.28,0,0.6868,0.027298,0.41232,0,0.034396,0,0
170.11,0,4.5563,0,0.062353,0,0.86518,0,0
233.94,0,2.7879,0.0057259,0.15715,0,1.0006,0,0
92.346,1,6.3299,48.383,0.057346,1,23.774,0,0
133.13,0,1.8393,15.079,0.77713,0,58.655,0,1
40.977,1,-1.161,12.701,0.10992,1,0.13826,1,0
,,1.2759,,-0.36683,,,,
183.65,0,2.8624,1.1933,0.16694,0,17.63,0,0
224.35,0,-0.29257,0,0.25865,0,0.8442,0,0
246.95,1,3.6335,30.678,0.07932,1,0.42259,1,0
247.48,0,-1.2782,0.0031185,0.25787,0,1.4667,0,0
144.55,0,-0.24958,0,0.69582,0,23.031,0,0
,,1.1913,,-0.044733,,,,
155.87,0,3.022,13.204,0.36842,0,0.62165,0,0
38.241,0,3.858,0.006175,0.70597,0,0.6856,0,0
,,2.5824,,-0.34122,,,,
50.664,0,1.9073,0,0.13827,0,1.2946,0,0
0.89253,0,-1.1627,0.0092649,0.28973,0,2.0351,0,0
245.95,1,-1.0485,12.486,0.18957,0,13.099,0,0
,,1.3348,,0.023776,,,,
157.45,1,-1.0213,8.2848,0.096386,1,0.046352,1,0
192.4,0,2.6606,0,0.13785,0,0.50624,0,0
195.63,0,-1.3572,0,0.21963,0,0.73483,0,0
146.61,0,-1.7951,0,0.25416,0,3.8694,0,0
138.95,0,3.5062,0,0.22222,0,1.1807,0,0
,,2.3054,,-0.26194,,,,
294.33,1,-0.59003,21.485,0.064595,1,2.2194,1,0
,,3.3064,,-0.20604,,,,
81.179,0,-0.53717,0,0.2395,0,0.16256,0,0
265.34,1,3.7521,14.065,0.059107,1,29.789,0,0
359.28,0,-0.22219,9.4725,0.47368,0,47.74,0,1
9.6441,1,0.40109,26.016,0.10894,1,21.461,0,0
222.86,0,3.9389,0.00081015,0.54227,0,1.5343,0,0
,,2.2797,,-0.26928,,,,
109.41,1,2.0233,15.086,0.10514,1,0.48356,1,0
,,3.2917,,0.017566,,,,
,,2.7101,,-0.20056,,,,
222.05,1,5.4467,5.6561,0.034711,1,3.5091,1,0
180.42,0,2.9354,13.431,0.85828,0,68.891,0,1
8.3778,0,1.327,9.04,0.83263,0,39.531,0,1
,,2.7561,,-0.038049,,,,
312.59,1,2.1948,4.6795,0.23066,1,52.769,0,0
320.34,0,3.3593,0.0026639,0.87011,0,1.2527,0,0
188.53,0,0.73185,0,0.45095,0,35.81,0,0
,,2.7469,,-0.24031,,,,
,,2.4425,,-0.24601,,,,
323.8,0,2.018,0,0.27467,0,0.9504,0,0
320.64,,-0.64054,,0.10879,1,0.30827,1,
,,3.2731,,-0.36514,,,,
117.97,0,3.8159,6.2099,0.53537,0,73.296,0,1
139.91,1,-0.15509,10.517,0.017947,0,10.342,0,0
223.42,0,3.2749,0.059955,0.096078,0,2.6974,0,0
299.01,0,-1.7061,8.7699,0.76518,0,65.958,0,1
,,3.2619,,-0.076661,,,,
274.67,1,-1.439,7.0449,0.050721,0,74.073,0,0
269.27,0,0.011437,0.0009627,0.10074,0,0.71841,0,0
,,2.8143,,-0.32955,,,,
88.593,1,3.4048,13.292,0.11066,1,28.179,0,0
81.813,0,-5.6568,0.028778,0.16352,0,2.9103,0,0
83.847,0,-1.1428,0.0036659,0.14951,0,0.48496,0,0
205.84,0,3.0988,0.0042269,0.10008,0,1.8129,0,0
58.533,0,3.6805,0.026483,0.65929,0,0.4147,0,0
,,2.5501,,-0.26123,,,,
334.06,0,3.466,0.014734,0.42234,0,2.9506,0,0
,,2.8346,,0.079197,,,,
,,3.1981,,-0.39509,,,,
330.11,0,3.2921,0.0011277,0.022355,0,2.074,0,0
77.125,0,-1.9056,8.3582,0.32174,0,22.752,0,0
160.43,0,0.02084,3.3293,0.54247,0,43.231,0,1
95.163,1,-1.1084,20.97,0.17025,1,0.16751,1,0
17.91,0,2.6035,0,0.17927,0,0.38716,0,0
,,3.1606,,-0.29094,,,,
242.79,0,4.2183,0.0016098,0.082905,0,2.9902,0,0
68.098,0,4.0796,0,0.24813,0,0.11097,0,0
,,2.7227,,-0.44387,,,,
108.9,1,1.9473,16.126,0.12571,1,0.59791,1,0
231,0,-0.036459,5.7549,0.64206,0,79.638,0,1
353.74,0,3.1368,6.7823,0.46951,0,27.467,0,1
359.29,1,0.3795,26.974,0.060258,1,0.26374,1,0
40.29,0,3.4047,0.28037,0.68908,0,56.828,0,0
,,2.7483,,-0.37415,,,,
93.325,0,0.19086,0,0.36594,0,2.1999,0,0
46.404,0,4.2996,0.015963,0.2136,0,2.0544,0,0
241.7,0,3.1332,0.03693,0.29186,0,4.9161,0,0
191.5,0,1.2592,0.015323,0.52878,0,79.609,0,0
164.69,0,3.4266,0,0.1412,0,2.7348,0,0
119.46,0,3.6547,0.011838,0.14162,0,0.23938,0,0
359.28,1,-1.0877,12.314,0.11401,1,0.011481,1,0
179.28,0,3.1686,0.27785,0.42775,0,1.1235,0,0
181.37,0,3.7158,0.17563,0.19211,0,9.5872,0,0
57.295,0,1.6206,0,0.75087,0,0.77922,0,0
256.25,0,0.83869,11.621,0.483,0,85.725,0,1
340.28,1,-1.0288,25.132,0.16287,1,71.441,0,0
76.851,0,2.1273,0.24786,0.04968,0,3.2218,0,0
9.625,0,-0.012837,0.0044368,0.40006,0,2.1144,0,0
65.954,1,1.0259,3.7278,0.1283,0,75.411,0,0
203.31,1,3.6179,8.7099,0.069981,1,19.647,1,0
,,,,-0.34701,,,,
15.776,0,4.064,5.2743,0.80285,0,76.708,0,1
253.73,0,3.3357,0.012558,0.72222,0,0.51307,0,0
26.97,1,3.4497,5.7545,-0.029254,1,2.3616,1,0
292.93,0,3.2934,0.0020163,0.34165,0,1.3298,0,0
295.67,0,4.7483,0,0.72694,0,2.5264,0,0
45.847,1,3.9377,14.242,0.17876,1,15.947,0,0
163.33,0,-0.49896,0,0.20299,0,1.234,0,0
275.19,0,3.4249,0.0071998,0.52305,0,0.78001,0,0
44.372,0,4.2434,0,0.2987,0,2.0043,0,0
218.65,0,3.3999,0.025695,0.29288,0,0.57092,0,0
,,2.9628,,-0.30104,,,,
131.36,0,1.6009,0,0.71317,0,2.2059,0,0
,,2.9628,,-0.33958,,,,
217.61,0,3.9806,0,0.37939,0,1.4175,0,0
181.44,0,3.4683,0,0.41454,0,7.3598,0,0
,,2.9762,,0.042151,,,,
,,0.75437,,-0.37943,,,,
315.71,0,3.8055,0,0.18781,0,1.8427,0,0
,,3.3032,,-0.055814,,,,
271.96,0,1.7002,1.2127,0.40586,0,68.756,0,0
3.3096,1,3.8708,21.388,0.11656,1,0.40799,1,0
243.87,0,1.7697,0.0071388,0.44642,0,0.13362,0,0
8.046,,2.9895,,0.013305,0,17.111,0,
213.08,0,0.42887,13.304,0.83623,0,38.638,0,1
336.27,0,0.78861,0.73599,0.53008,0,9.9345,0,0
179.28,0,-1.2387,0,0.32755,0,0.10319,0,0
315.99,0,3.5006,0.063527,0.18108,0,0.25988,0,0
220.83,0,3.6117,1.2335,0.68685,0,38.948,0,0
,,3.26,,-0.30537,,,,
,,2.4669,,-0.33945,,,,
,,2.4805,,0.29496,,,,
336.77,0,-1.0145,8.8661,0.84867,0,32.092,0,1
31.446,1,0.26914,4.079,0.1,1,2.8485,1,0
,,,,-0.38943,,,,
88.271,1,3.5027,13.222,0.1295,1,4.4975,1,0
105.55,0,4.644,8.4885,0.5628,0,49.23,0,1
269.27,1,-1.7736,13.942,0.27624,1,0.90226,1,0
38.465,0,0.64499,0.011606,0.10645,0,2.2914,0,0
294.66,1,4.6301,10.574,0.043347,1,39.182,0,0
236.24,1,0.39557,14.083,0.062589,1,0.31539,1,0
161.5,1,-0.50013,16.448,0.089354,1,87.186,0,0
231.31,0,0.20238,0,0.12416,0,0.1677,0,0
73.521,1,3.7149,8.4846,0.12,1,51.371,0,0
,,2.7099,,-0.27479,,,,
256.22,0,-1.225,8.2251,0.70801,0,48.237,0,1
314.55,0,3.0274,0.028876,0.34615,0,1.3554,0,0
128.91,0,3.447,2.6103,0.79616,0,0.39549,0,1
90.869,1,2.5212,4.2365,0.055359,1,55.063,0,0
303.96,0,-1.2827,3.772,0.77104,0,67.445,0,1
132.16,1,1.5868,4.1715,0.23654,0,22.185,0,0
226.39,0,4.1934,0.0047283,0.55949,0,1.0275,0,0
124.45,1,4.0176,8.5991,0.17647,1,65.394,0,0
147.8,0,4.0171,0.0050988,0.29119,0,0.12102,0,0
268.56,0,3.6852,1.5614,0.14995,0,22.407,0,0
134.66,0,1.9576,0.60964,-0.021802,0,9.9429,0,0
326.65,1,1.824,7.0627,0.18114,1,0.2451,1,0
231.32,0,-1.4082,0,0.69471,0,1.6398,0,0
326.88,0,3.1621,19.724,0.43662,0,81.793,0,1
76.054,1,-0.74104,16.61,0.14922,1,32.343,0,0
318.49,0,2.3351,0.059098,0.3267,0,2.4971,0,0
195.09,0,4.1347,10.114,0.82887,0,33.697,0,1
,,2.8051,,-0.22222,,,,
,,0.99787,,-0.20923,,,,
301.06,1,2.7729,2.9898,-0.02272,1,1.622,1,0
,,3.297,,-0.32919,,,,
,,3.2595,,-0.19537,,,,
173.9,1,4.0448,16.133,0.10038,1,0.61043,1,0
157.14,0,6.1241,0,0.039497,0,1.2192,0,0
51.95,1,0.23819,6.9539,0.12407,1,7.212,1,0
,,2.7849,,-0.15928,,,,
139.54,1,1.9737,26.084,0.14748,1,9.1525,1,0
15.378,0,3.4852,0,0.23348,0,1.4914,0,0
164.03,,0.3333,,0.16364,1,79.171,0,
,,2.6826,,-0.20442,,,,
288.13,0,0.95234,0.013358,0.82905,0,1.1355,0,0
102.68,0,-1.2572,0,0.23496,0,0.80351,0,0
326.34,0,2.6893,1.3243,0.17433,0,31.984,0,0
174.88,0,2.1174,0.010703,0.28715,0,0.6727,0,0
293.31,1,1.0428,19.433,0.25663,1,0.26743,1,0
,,2.3183,,-0.33333,,,,
179.3,0,3.7559,0,0.024793,0,0.22358,0,0
,,2.8513,,-0.34677,,,,
210.23,0,2.9592,0,0.55443,0,44.922,0,0
355.43,,3.4694,,0.45319,0,3.8439,0,
199.83,0,0.73183,3.4077,0.62018,0,73.68,0,1
127.63,0,0.27941,10.122,0.81374,0,75.84,0,1
179.28,1,-0.76142,27.565,0.26717,1,71.802,0,0
,,1.4851,,-0.41333,,,,
,,2.8575,,-0.16368,,,,
133.94,1,3.8405,8.3843,0.27552,0,84.584,0,0
,,2.9656,,-0.31058,,,,
173.06,1,1.2599,2.7552,0.27726,0,78.611,0,0
0.18805,0,2.1767,0,0.097046,0,1.1007,0,0
98.901,0,-0.20333,0.047426,0.46492,0,6.5875,0,0
,,0.75499,,0.31519,,,,
131.32,0,-0.979,0.0096043,0.58584,0,38.261,0,0
87.166,1,-0.23616,20.374,-0.0024501,1,40.662,0,0
205.84,,3.0485,,0.13088,0,86.175,0,
124.86,1,4.7615,8.5699,0.13648,1,9.7611,1,0
336.57,0,6.0822,0.0017262,0.18519,0,2.0069,0,0
247.5,0,-0.42077,0.019673,0.49622,0,3.8564,0,0
258.15,0,3.747,0,0.0039894,0,0.47449,0,0
148.37,0,-0.74973,0.081635,0.52772,0,3.2305,0,0
216.72,0,0.41867,0,0.081685,0,2.0787,0,0
53.369,0,-1.3414,0.7052,0.40067,0,57.102,0,0
224.35,1,-1.0663,12.32,0.29494,1,0.51954,1,0
,,2.0436,,-0.0015129,,,,
259.27,0,0.42,0,0.10395,0,1.1205,0,0
11.451,0,3.4478,0.011454,0.038462,0,12.456,0,0
,,2.6995,,-0.27647,,,,
122.91,0,-0.153,0,0.14243,0,0.86962,0,0
296.8,0,-0.21394,0,0.39954,0,4.7782,0,0
,,2.8427,,0.0088692,,,,
152.66,0,3.6924,12.699,0.447,0,0.52594,0,1
293.42,0,3.4802,0.26325,0.04291,0,0.15429,0,0
,,2.8979,,-0.26975,,,,
140.01,0,1.539,0,0.56749,0,3.5644,0,0
14.496,1,2.6258,5.0589,0.1087,1,1.2058,1,0
212.6,0,3.2467,0.0035722,0.10714,0,2.187,0,0
162.56,0,3.042,5.6744e-05,0.16621,0,0.05986,0,0
120.19,0,3.2865,0,0.50185,0,8.6213,0,0
225.99,1,-0.76461,12.037,0.050889,1,0.2132,1,0
126.48,0,3.6477,0.040958,0.10065,0,1.1759,0,0
222.07,1,3.5216,6.4831,0.075799,1,2.7234,1,0
179.27,0,-1.1557,0.015212,0.19293,0,80.342,0,0
98.748,1,1.1599,6.7971,0.1178,1,12.705,0,0
,,2.6551,,-0.33232,,,,
,,2.8158,,-0.3557,,,,
155.9,0,3.2921,0.0058289,0.79383,0,2.5903,0,0
,,2.6142,,-0.38293,,,,
312.08,0,3.8057,0.28984,0.74878,0,68.766,0,0
303.49,0,-1.6259,11.837,0.36924,0,74.336,0,0
,,2.2199,,0.1101,,,,
178.93,1,-0.95463,10.24,0.12032,0,77.63,0,0
,,,,-0.29542,,,,
14.327,0,-1.2331,9.6805,0.49626,0,45.51,0,1
198.4,0,3.7723,0.70774,0.66951,0,48.311,0,0
153.14,,1.9308,,-0.082956,0,1.6823,0,
21.411,0,-1.1955,2.4074,0.30653,0,63.625,0,0
289.45,0,2.7578,0,0.20656,0,0.49898,0,0
324.68,0,-0.31896,0,0.27619,0,0.98186,0,0
123,0,-0.812,0.4686,0.51492,0,13.705,0,0
85.307,1,-0.56944,22.492,0.060056,1,35.064,0,0
269.28,1,-0.03871,17.277,-0.057069,1,3.0721,1,0
245.5,0,3.7662,0,0.14083,0,1.8462,0,0
269.58,0,3.3641,0.0085642,0.15789,0,1.1092,0,0
253.22,0,0.45911,0,0.091743,0,0.84927,0,0
210.24,0,4.6488,0.0063334,0.82176,0,1.6976,0,0
,,2.8778,,-0.41423,,,,
350.03,1,2.3578,4.4779,0.013793,1,1.1964,1,0
,,1.2021,,-0.28283,,,,
89.272,0,0.27319,11.013,0.59142,0,0.37936,0,1
285.86,0,1.6989,1.0393,0.40586,0,51.624,0,0
269.27,,0.38758,,0.3416,0,0.023022,0,
217.22,0,0.088197,5.1384,0.51283,0,31.36,0,1
259.74,1,3.7025,38.045,0.11132,1,9.2499,1,0
261.99,1,-0.82605,13.245,0.16137,1,1.3557,1,0
,,2.3813,,-0.27086,,,,
272.65,0,2.5921,0.013359,0.096076,0,2.3937,0,0
330.49,0,2.8699,0.023245,0.1076,0,2.5757,0,0
89.193,1,0.99258,5.1502,0.0091743,1,80.498,0,0
358.27,0,0.5537,22.205,0.86738,0,61.681,0,1
39.407,1,3.6168,28.976,-0.0072289,1,5.5224,1,0
357.86,0,2.1679,1.1933,0.13259,0,84.209,0,0
179.28,0,2.8691,3.5946,0.60188,0,3.4298,0,1
92.061,,2.3512,,0.11815,0,9.6441,0,
251.97,0,-0.97187,8.7231,0.39355,0,38.265,0,0
,,2.9636,,-0.2,,,,
81.913,1,1.442,19.09,0.1567,1,0.75927,1,0
,,,,-0.37383,,,,
359.35,1,3.4581,12.269,0.18728,0,85.222,0,0
292.62,0,3.2419,0,0.1186,0,0.2316,0,0
253.89,0,0.40306,0,0.10151,0,2.1154,0,0
180.22,0,3.6887,0,0.24832,0,1.0491,0,0
18.794,1,0.63821,21.164,-0.00078309,1,0.80885,1,0
178.69,0,1.0457,0,0.052217,0,4.1065,0,0
237.15,1,6.3286,17.977,0.13701,1,87.144,0,0
195.61,,2.6163,,0.14388,0,52.388,0,
322.33,0,-1.5943,0,0.37114,0,0.2869,0,0
317.52,0,-0.45302,3.1649,0.48202,0,35.941,0,1
249.58,0,-0.59583,2.9325e-05,0.47543,0,0.23809,0,0
155.49,1,0.99784,15.079,0.02043,1,3.1606,1,0
,,3.0947,,-0.31811,,,,
,,2.5451,,-0.20947,,,,
,,1.4567,,-0.30889,,,,
188.6,0,3.4969,0.010291,0.4466,0,1.8467,0,0
296.86,0,3.7589,0,0.54092,0,0.69371,0,0
,,3.3138,,-0.25118,,,,
202.81,0,1.0356,3.0836,0.84848,0,39.379,0,1
,,1.3563,,-0.28453,,,,
141.02,0,3.5273,0,0.040569,0,0.78864,0,0
220,0,3.1003,9.982,0.43121,0,82.906,0,1
0.97547,0,-1.2155,0.0016583,0.4993,0,0.77423,0,0
164.85,0,-1.2305,0,0.061115,0,1.7753,0,0
,,2.7349,,-0.27711,,,,
50.656,0,-1.4994,0.0097547,0.1772,0,1.7723,0,0
268.3,1,-0.97374,11.698,0.20296,0,59.55,0,0
188.16,1,6.4764,5.9754,0.25462,1,1.0443,1,0
11.663,0,-1.1908,0.014393,0.17323,0,0.61627,0,0
,,3.2585,,-0.33692,,,,
178.62,0,-1.2298,0,0.05298,0,0.50451,0,0
177.03,0,3.1225,0,0.061932,0,0.2926,0,0
38.544,0,3.595,0,0.099099,0,0.19987,0,0
130.21,0,2.8528,0,0.20709,0,2.4403,0,0
22.432,1,4.0703,40.883,0.26316,1,25.104,0,0
55.165,1,-0.91109,36.141,0.16225,1,78.269,0,0
351.06,1,4.5851,16.289,0.066383,1,11.981,0,0
116.61,0,-0.34834,0.0092444,0.30204,0,1.0738,0,0
331.27,0,1.2565,0,0.6416,0,0.31819,0,0
,,2.1955,,-0.37595,,,,
203.68,0,1.4526,1.5954,0.8729,0,59.608,0,0
,,1.9192,,0.25853,,,,
169.24,0,-1.0579,0.12027,0.41098,0,53.279,0,0
263.71,0,-1.6683,13.786,0.73697,0,48.216,0,1
,,2.5733,,-0.20904,,,,
,,3.3292,,-0.41849,,,,
,,2.0062,,-0.20563,,,,
67.78,1,-0.90399,9.4544,0.0385,1,0.5004,1,0
68.209,1,3.2166,19.573,0.12208,0,9.6465,0,0
243.68,0,4.7115,5.2077,0.70817,0,14.854,0,1
264.12,0,-1.1588,0,0.47307,0,3.9468,0,0
,,2.8498,,-0.22204,,,,
359.29,0,0.031048,0.0047518,0.30696,0,0.18632,0,0
,,2.6376,,-0.28024,,,,
268.38,1,0.40941,22.737,0.082867,0,71.635,0,0
89.282,0,3.027,0.62336,0.31363,0,11.868,0,0
288.83,0,-0.74427,27.593,0.30133,0,71.177,0,0
179.2,0,-1.171,20.563,0.3231,0,38.349,0,0
,,2.1545,,-0.17037,,,,
20.28,0,4.0002,7.5331,0.5052,0,68.758,0,1
342.09,0,1.259,0,0.087087,0,2.3692,0,0
,,0.90878,,-0.42964,,,,
135.8,1,2.6037,19.449,0.15023,1,38.388,1,0
155.03,0,-1.0852,7.0955,0.7138,0,61.811,0,1
,,,,-0.28363,,,,
,,2.7118,,-0.22783,,,,
,,2.8986,,-0.096774,,,,
68.262,1,-1.0855,13.339,0.24431,0,81.69,0,0
317.26,0,-0.28138,0,0.17145,0,60.091,0,0
91.995,1,-1.1325,13.572,0.21011,0,0.60415,0,0
285.2,1,3.3753,30.175,0.035081,1,2.3833,1,0
241.09,1,-1.3517,11.816,0.10623,1,1.1409,1,0
132.31,0,-1.0296,40.231,0.38344,0,1.1005,0,0
25.569,1,2.6078,5.2143,0.079408,1,25.199,0,0
300,0,2.2925,0.80242,-0.062201,0,37.011,0,0
142.33,1,1.6909,2.788,0.27735,0,2.4739,0,0
,,2.3534,,-0.1053,,,,
297.51,0,3.0945,0,0.1646,0,0.25443,0,0
,,2.6998,,-0.45518,,,,
159.83,1,-1.13,12.543,0.1809,1,0.86325,1,0
171.06,0,4.6168,0,0.057432,0,0.68345,0,0
,,3.333,,-0.36037,,,,
143.1,0,1.4518,0,0.52046,0,1.2072,0,0
,,2.7526,,-0.026762,,,,
76.181,0,2.9998,0,0.29043,0,0.17704,0,0
200.83,0,-1.128,0,0.15968,0,2.0024,0,0
,,1.862,,-0.17044,,,,
,,2.5811,,-0.35516,,,,
12.349,0,2.1292,0,0.28484,0,79.003,0,0
,,2.6969,,-0.27246,,,,
304.57,0,3.0301,0,0.16644,0,0.82373,0,0
44.009,1,-0.17431,11.036,0.12615,0,43.19,0,0
10.09,0,0.72567,9.0337,0.55816,0,33.221,0,1
338.11,0,0.72947,0.57593,0.48321,0,64.477,0,0
,,1.1496,,-0.27273,,,,
,,2.6995,,0.15503,0,,,
,,,,-0.39465,,,,
,,2.8401,,-0.33107,,,,
,,2.3825,,-0.21014,,,,
351.61,0,0.39678,0,0.34007,0,6.2115,0,0
248.21,0,1.73,0.017909,0.69434,0,14.23,0,0
251.75,0,-0.87012,2.2006,0.74645,0,49.202,0,0
274.33,0,-1.1118,0,0.1837,0,1.6267,0,0
,,2.0332,,-0.36378,,,,
265.64,1,0.37228,24.046,0.15926,1,14.295,0,0
145.27,0,1.3698,0.009266,0.59271,0,1.0994,0,0
212.02,1,3.3664,86.092,0.026299,1,0.54175,1,0
160.01,0,-1.0684,5.2588,0.64474,0,77.38,0,1
248.76,0,0.29179,17.009,0.36693,0,0.098214,0,0
,,2.5144,,-0.3141,,,,
,,2.8597,,-0.29356,,,,
,,3.2838,,0,,,,
,,2.6615,,-0.22506,,,,
89.296,0,-1.616,0.2177,0.43076,0,84.88,0,0
32.072,1,2.8358,21.741,0.12593,1,0.19093,1,0
234.43,0,1.8997,1.6415,0.1281,0,72.676,0,0
151.55,0,3.821,0.27106,0.82125,0,64.269,0,0
103.61,0,4.658,0.0067835,0.013358,0,0.5101,0,0
125.39,0,-2.0779,0.011378,0.44795,0,74.97,0,0
270.7,0,-0.91632,2.2013,0.64365,0,18.316,0,0
144.72,0,5.1848,0.023168,0.093168,0,3.3589,0,0
354.5,0,-0.97946,0.013658,0.13686,0,0.62128,0,0
304.83,1,2.9963,26.646,0.11316,1,0.94647,1,0
243.2,0,0.98829,0.0014111,0.48762,0,1.708,0,0
,,3.3332,,-0.35503,,,,
78.303,0,0.31071,0,0.23396,0,1.5336,0,0
307.01,0,-0.94033,0,0.1445,0,2.5561,0,0
233.51,0,-1.4282,0.15234,0.60108,0,15.656,0,0
86.84,,3.9113,,0.024328,0,2.0069,0,
18.96,1,-1.22,14.028,0.17485,1,28.761,0,0
343.85,0,-1.019,0,0.54091,0,1.2309,0,0
,,2.7997,,-0.26837,,,,
93.544,0,4.5727,0.015123,0.062948,0,0.69735,0,0
205.49,0,4.1971,0,0.01087,0,0.70283,0,0
,,2.6859,,0.1021,,,,
,,2.8684,,-0.4375,,,,
89.274,1,-1.2093,13.901,0.21602,1,2.0281,1,0
325.44,1,3.3404,3.8762,0.072677,0,37.764,0,0
,,2.8941,,-0.3499,,,,
2.9049,0,0.2639,2.2697,0.87895,0,69.85,0,0
154.24,0,3.3131,0,0.37628,0,0.5568,0,0
,,2.8767,,-0.3822,,,,
107.35,1,2.7279,6.7786,0.13793,0,21.441,0,0
64.333,,2.4292,,0.0034602,0,2.4299,0,
72.595,0,2.779,0,0.26417,0,1.1579,0,0
,,1.7651,,-0.20792,,,,
125.19,1,-1.3368,12.929,0.078822,1,1.036,1,0
354.61,0,-0.95656,2.0149,0.44274,0,26.774,0,0
,,2.6896,,-0.28746,,,,
138.07,,-1.2706,,0.19623,0,84.897,0,
,,2.8373,,-0.1565,,,,
91.826,0,5.1074,10.746,0.84649,0,33.887,0,1
233.83,1,-0.95523,13.082,0.16449,1,0.65252,1,0
,,2.4918,,-0.33874,,,,
101.56,0,3.0394,0.013633,0.08186,0,1.8582,0,0
329.87,1,1.1305,4.7046,0.1738,1,0.42123,1,0
88.926,1,-1.0358,44.02,0.058601,1,73.683,0,0
94.2,1,-0.23708,17.879,0.11059,1,1.1017,1,0
22.288,0,-1.0583,11.448,0.41006,0,0.73497,0,1
141.36,0,-0.6812,0.0082965,0.0089021,0,1.0754,0,0
14.419,0,1.0868,0.00058198,0.44768,0,3.8249,0,0
27.431,0,6.1625,0.0013533,0.18964,0,0.29253,0,0
165.27,1,-1.4841,17.705,0.19269,1,12.203,1,0
132.28,0,-1.3409,1.3434,0.54641,0,8.0415,0,0
87.118,0,-1.2341,0.029409,0.095255,0,0.60965,0,0
,,2.3838,,-0.029925,,,,
,,3.1112,,-0.36784,,,,
359.28,0,-1.0331,0,0.27221,0,0.028662,0,0
326.69,0,2.3985,0.87473,0.33826,0,5.3604,0,0
142.3,0,3.2527,0,0.36401,0,1.4709,0,0
,,2.4803,,-0.059172,,,,
,,2.7621,,-0.24561,,,,
254.56,0,-1.3006,0.080563,0.76227,0,28.062,0,0
,,2.3742,,-0.24825,,,,
79.242,0,0.81745,0.023445,0.15127,0,71.358,0,0
142.9,0,4.4473,0.099358,0.044332,0,65.765,0,0
269.37,1,-0.26521,21.568,0.031986,1,17.494,0,0
291.04,0,3.4962,5.6898,0.34315,0,0.061843,0,0
331.22,1,3.3635,26.319,0.037736,1,0.61075,1,0
179.23,1,-0.2593,21.597,0.042254,1,49.328,1,0
,,2.9772,,-0.2648,,,,
245.28,0,3.5827,0,0.76827,0,0.35234,0,0
182.4,0,-1.2035,0.0018094,0.26424,0,1.2629,0,0
7.0827,1,3.5957,13.057,0.12538,1,27.301,0,0
339.39,0,4.5914,2.5125,0.82176,0,72.619,0,1
,,2.8911,,-0.26444,,,,
36.507,0,0.43097,0,0.82079,0,0.92149,0,0
224.46,0,3.403,0.96945,0.21644,0,49.031,0,0
92.862,1,4.1008,21.211,0.073464,1,1.1977,1,0
286.23,0,-1.1512,0.0017608,0.19577,0,0.21631,0,0
85.424,0,-1.3161,0.0022215,0.35893,0,1.5377,0,0
257.88,0,-0.39871,0,0.074229,0,1.0436,0,0
334.06,0,-0.86795,5.7926,0.33684,0,0.41821,0,0
285.57,0,0.28307,0.94273,0.17282,0,34.004,0,0
89.287,0,6.1898,0,0.03109,0,0.50002,0,0
,,2.7429,,0.071174,,,,
,,2.0341,,-0.23605,,,,
,,2.6671,,-0.33953,,,,
5.2017,0,-0.19735,0.0020548,0.22321,0,17.362,0,0
221.53,0,2.5447,9.0331,0.32127,0,83.959,0,0
61.315,0,-1.0097,0.0010487,0.37357,0,1.3078,0,0
,,-0.83483,,0.1626,,,,
270.77,0,1.04,5.3705,0.72207,0,68.087,0,1
281.09,0,-1.3918,3.2593,0.37749,0,0.36406,0,0
357.16,1,0.042863,12.378,0.17507,1,11.852,0,0
39.23,1,2.9281,15.632,0.24957,1,8.792,1,0
269.28,0,-3.3195,0,0.16002,0,0.13221,0,0
221.97,1,2.6104,28.11,0.10911,1,0.48345,1,0
269.29,,3.404,,0.15161,1,0.569,1,
180.61,0,3.4288,0,0.42686,0,14.892,0,0
80.511,0,3.454,6.1757,0.66877,0,34.827,0,1
,,3.9826,,-0.07117,,,,
336.43,0,-1.0147,0,0.17687,0,1.8346,0,0
332.87,0,3.6878,0.01809,0.3208,0,0.74897,0,0
162.76,0,4.1842,0.02666,0.092025,0,3.6906,0,0
238.73,0,1.0541,0,0.35065,0,0.47381,0,0
339.79,0,3.8018,10.462,0.77839,0,41.711,0,1
196.54,1,3.6405,17.418,0.12419,1,1.4525,1,0
17.803,1,4.7886,70.202,0.059417,1,0.27213,1,0
134.04,0,4.0109,0,0.19747,0,1.2865,0,0
338.02,0,4.0221,0,0.67941,0,36.093,0,0
316.43,0,0.32819,1.4059,0.56507,0,35.259,0,0
179.23,,3.0622,,0.12439,0,85.698,0,
121.19,1,4.8122,31.76,0.13306,1,2.6889,1,0
,,1.24,,-0.27813,,,,
269.44,1,1.0271,28.617,0.22083,1,82.04,0,0
233.88,0,-1.1533,0,0.11918,0,0.56408,0,0
263.73,0,0.74593,0,0.095995,0,2.4873,0,0
,,2.8258,,-0.3065,,,,
167.24,0,0.43444,0.64876,0.12539,0,11.305,0,0
226.44,0,0.86889,0,0.083922,0,2.1235,0,0
63.789,0,-1.0868,12.773,0.35932,0,1.8777,0,0
135.54,0,4.4144,0,0.18723,0,0.86469,0,0
,,,,-0.2871,,,,
42.247,0,-0.13265,0.033545,0.19821,0,4.0747,0,0
,,2.9498,,-0.31727,,,,
18.882,1,3.1312,14.964,0.16906,1,12.487,0,0
,,2.4695,,-0.0019367,0,,,
351.34,1,3.5261,16.896,0.06192,1,86.956,0,0
78.245,0,5.2518,0.068998,0.066263,0,5.2555,0,0
64.504,0,-1.1134,0.30142,0.39202,0,48.781,0,0
,,2.4944,,-0.32253,,,,
132.04,0,-1.0106,0,0.12362,0,1.1819,0,0
324.88,0,2.0275,0.0050445,0.27467,0,1.2507,0,0
199.39,0,4.1917,0,0.022748,0,0.38459,0,0
138.2,0,3.4698,0.013787,0.61798,0,0.17492,0,0
84.848,1,-0.2784,8.8682,0.29218,0,84.581,0,0
,,2.9341,,-0.15885,,,,
350.05,0,6.0362,0,0.07329,0,5.1727,0,0
271.7,1,3.9764,13.674,0.29867,1,1.0872,1,0
233.32,0,-1.1975,0.0098004,0.57931,0,0.54673,0,0
226.41,0,3.8139,0,0.37598,0,0.22745,0,0
179.28,0,-0.53609,4.8164,0.52274,0,58.446,0,1
102.3,0,-1.623,0,0.691,0,0.81405,0,0
314.82,0,0.91905,0,0.072803,0,2.3043,0,0
256.56,1,3.0316,4.4701,0.041562,0,77.437,0,0
132.24,0,3.9189,1.951,0.31201,0,16.023,0,0
63.755,0,-1.2693,1.3969,0.10291,0,7.5415,0,0
59.544,0,3.155,0.059615,0.4303,0,13.543,0,0
279.85,0,3.3511,0.023365,0.014946,0,1.0639,0,0
196.39,0,0.10454,0.016757,0.25975,0,1.2894,0,0
135.53,0,2.5297,0,0.81586,0,0.34914,0,0
,,,,-0.27508,,,,
89.73,0,-1.0441,18.935,0.49004,0,13.483,0,1
255.73,0,-1.1392,0,0.12325,0,1.0522,0,0
15.781,0,3.5436,1.7417,0.6453,0,60.263,0,0
,,2.7589,,-0.2965,,,,
286.71,0,0.25515,0,0.40824,0,0.53611,0,0
336.59,0,0.67569,0,0.54687,0,1.0873,0,0
45.264,1,0.38748,14.76,0.096183,1,31.353,0,0
231.84,0,-1.2076,0.92585,0.79583,0,51.374,0,0
17.752,0,3.9676,0,0.2028,0,35.511,0,0
312.55,1,1.6973,18.969,0.16009,1,1.9566,1,0
110.04,1,-1.1786,12.401,0.12847,1,0.74374,1,0
,,2.0443,,-0.018182,,,,
201.76,1,-0.91208,20.526,0.11111,1,0.24827,1,0
77.996,0,-1.9832,0,0.33376,0,0.38094,0,0
346.94,0,2.5344,0.90315,0.2204,0,15.655,0,0
,,1.2172,,-0.36656,,,,
138.98,0,-0.90258,0,0.098398,0,3.1163,0,0
160.39,1,-1.2479,11.988,0.082753,1,30.906,1,0
359.28,0,-0.32912,0,0.1401,0,2.1087,0,0
162.4,1,2.7617,16.39,0.15748,1,20.267,1,0
74.665,1,0.31123,2.9357,0.29879,0,66.31,0,0
,,1.191,,-0.36075,,,,
359,0,3.8319,0.0025399,0.13282,0,32.902,0,0
103.38,0,-0.32772,0.027223,0.19818,0,2.4223,0,0
224.36,,3.5729,,0.29135,0,86.372,0,
,,1.7508,,0.073552,,,,
221.26,0,0.21783,0,0.39043,0,2.2505,0,0
,,2.7284,,0.14861,,,,
294.77,0,4.3831,0.23398,0.71331,0,76.842,0,0
89.29,1,0.76897,16.202,0.084685,1,0.3793,1,0
79.393,0,0.38608,0,0.46895,0,1.6681,0,0
,,,,-0.35266,,,,
143.03,,4.0093,,0.083149,1,1.2048,1,
,,2.8531,,-0.31293,,,,
,,3.2885,,-0.20675,,,,
317.21,0,0.70605,0.01325,0.061566,0,3.0633,0,0
184.93,1,3.4666,4.412,0.21095,1,0.35138,1,0
108.14,0,-0.71385,0.015953,0.39561,0,7.2674,0,0
289.78,1,-1.4771,13.075,0.20052,1,0.098195,1,0
244.72,1,-1.5691,14.694,0.10495,1,46.035,0,0
65.974,1,0.42019,25.617,0.16075,1,33.602,0,0
,,2.7657,,-0.20223,,,,
89.296,0,3.3075,0,0.087193,0,0.086207,0,0
28.24,0,3.5097,0.051685,0.34134,0,7.1363,0,0
316.45,0,4.1051,0,0.17076,0,4.0589,0,0
223.52,0,1.5803,9.3154,0.88677,0,45.985,0,1
,,2.4498,,0.043639,,,,
269.28,1,0.16809,26.996,0.1555,1,0.44255,1,0
140.05,0,1.3775,0.011834,0.1145,0,0.99925,0,0
,,3.2051,,-0.24481,,,,
290.12,0,3.3591,0.10503,0.11075,0,83.02,0,0
345.05,0,-1.3076,11.39,0.36688,0,5.7353,0,0
,,2.0669,,-0.29032,,,,
18.339,1,-1.2203,15.691,0.18493,1,31.735,0,0
,,3.2423,,-0.15096,,,,
,,3.2562,,-0.4023,,,,
235.39,0,3.4703,0.76726,0.096774,0,36.059,0,0
33.995,1,3.0414,13.613,0.10995,1,18.098,0,0
183.48,0,3.0247,0,0.10682,0,1.1035,0,0
215.92,1,2.491,25.642,0.11285,1,0.63573,1,0
102.25,0,-1.5878,1.8069,0.52545,0,61.855,0,0
359.29,1,0.26344,26.089,0.14892,1,0.17189,1,0
179.27,0,-1.2444,1.8734,0.81763,0,65.818,0,0
,,0.95425,,-0.3407,,,,
97.656,0,0.68901,0.027894,0.28908,0,1.2604,0,0
179.09,1,2.7729,22.97,0.12198,1,65.094,0,0
49.318,0,3.3286,0,0.096168,0,0.89238,0,0
,,2.8579,,-0.44828,,,,
41.899,,,,0.041237,,82.836,,
262.49,0,-1.2732,0,0.6703,0,10.698,0,0
,,3.244,,-0.33962,,,,
211.81,0,2.5834,0,0.053122,0,0.5236,0,0
320.3,0,4.3462,0.020512,0.33121,0,1.1873,0,0
,,3.2916,,0.0043668,,,,
224.35,0,-1.5283,0.23507,0.30041,0,57.193,0,0
341.09,0,0.6533,0.00059992,0.15534,0,2.6655,0,0
342.15,0,0.29639,0,0.11955,0,0.077993,0,0
89.299,0,0.82507,15.205,0.4342,0,0.39081,0,1
,,2.4067,,-0.37143,,,,
,,,,-0.38336,,,,
146.14,0,0.95259,0.046811,0.22394,0,1.7451,0,0
81.882,0,3.6891,0,0.22405,0,2.4906,0,0
131.97,1,0.29296,6.3895,0.16854,0,79.747,0,0
216.66,0,1.8649,0.69567,0.060478,0,59.315,0,0
175.35,1,-1.2765,16.928,0.17182,1,0.41945,1,0
155.4,1,3.7583,12.352,-0.0036614,1,2.7814,1,0
301.21,0,3.453,0.0062463,0.18582,0,1.1377,0,0
174.39,0,0.20028,4.5722,0.30612,0,1.7486,0,0
338.39,0,2.9892,0,0.59209,0,15.992,0,0
92.785,0,3.4509,0.062852,0.55805,0,1.8765,0,0
,,2.1951,,-0.30682,,,,
66.719,0,4.1234,0,0.055418,0,0.44811,0,0
334.67,0,1.4209,0,0.52583,0,0.73142,0,0
,,2.552,,-0.23195,,,,
,,2.7851,,-0.33566,,,,
,,,,-0.32379,,,,
,,2.6033,,-0.12126,,,,
89.297,0,2.3857,0,-0.090366,0,0.10346,0,0
23.972,1,-0.79126,12.011,0.12756,1,0.1514,1,0
,,2.8697,,-0.26789,,,,
16.351,0,3.398,0.00048113,0.089695,0,0.88145,0,0
,,2.2205,,-0.31754,,,,
,,1.7182,,-0.30464,,,,
,,2.8162,,-0.062699,,,,
39.383,0,3.1952,0.011982,0.12734,0,0.77187,0,0
0.22085,0,-0.93769,0.65539,0.23164,0,82.134,0,0
167.25,1,-1.2396,11.195,0.09229,1,0.46893,1,0
76.841,0,-1.0061,0.043701,0.17403,0,86.012,0,0
16.903,1,2.9351,9.0715,0.15747,1,58.114,0,0
316.03,0,9.4343,2.3631,0.74672,0,25.655,0,0
,,,,-0.39257,,,,
,,1.0473,,-0.21553,,,,
,,,,-0.36559,,,,
340.56,0,1.3484,0,0.47368,0,1.3072,0,0
151.06,0,3.2484,3.4889,0.42407,0,78.951,0,1
,,2.8694,,-0.28767,,,,
140.26,0,1.0727,0,0.081448,0,1.5053,0,0
343.68,1,-0.42579,4.1572,0.16692,0,49.773,0,0
220.74,0,-1.3197,0.0051595,0.095255,0,1.6139,0,0
224.36,0,0.94002,18.426,0.40994,0,0.072928,0,1
235.17,1,-0.82862,20.688,0.041954,1,64.438,0,0
,,1.903,,-0.24297,,,,
329.3,0,0.25607,0.37423,0.33908,0,0.65529,0,0
,,1.1986,,-0.36496,,,,
75.405,0,-1.3237,0,0.12337,0,1.1957,0,0
284.26,0,3.1706,0.034184,0.19104,0,1.3742,0,0
191.02,0,-1.3726,0,0.37981,0,2.8493,0,0
,,2.7535,,-0.19378,,,,
134.22,0,4.6212,0.48961,0.17504,0,61.905,0,0
,,2.91,,-0.32692,,,,
,,,,-0.37564,,,,
250.89,1,2.9141,5.2822,0.081518,1,27.555,0,0
50.736,1,1.8275,20.755,0.13924,1,1.0396,1,0
90.368,0,1.4163,8.8841,0.65427,0,81.048,0,1
83.338,1,0.87113,26.366,0.14004,1,0.88412,1,0
,,3.1778,,-0.32338,,,,
,,2.3791,,-0.22395,,,,
33.685,0,3.8465,0,0.17158,0,2.4715,0,0
117.8,0,0.20851,0.029992,0.44932,0,1.1643,0,0
266.22,1,-0.37724,16.334,0.19668,1,0.32232,1,0
,,0.34556,,0.7484,,,,
118.97,0,3.4421,0,0.045056,0,0.78721,0,0
228.17,0,-0.63407,0.14477,0.80168,0,6.4941,0,0
100.71,0,1.8715,3.6168,0.62077,0,2.1393,0,1
,,,,-0.30461,,,,
105.45,0,1.777,0,0.19574,0,1.6272,0,0
181.58,0,1.2369,13.444,0.84807,0,26.565,0,1
319.42,0,-4.0534,0,0.60698,0,3.1183,0,0
301.67,0,4.1315,0.53628,0.70528,0,34.101,0,0
159.61,0,-0.24372,0,0.38237,0,4.5143,0,0
,,2.2521,,-0.3835,,,,
285.58,0,-1.5229,3.5077,0.66368,0,0.7964,0,1
,,2.7152,,-0.3046,,,,
166.74,0,1.598,0,0.1241,0,0.37002,0,0
179.4,0,3.1105,0,0.051341,0,86.145,0,0
125.4,0,8.5361,0.76251,0.10514,0,2.6158,0,0
307.48,0,2.7656,0.020918,0.075205,0,0.7604,0,0
30.324,0,3.2355,0.0070646,0.18808,0,0.13379,0,0
286.73,0,3.3706,0.71882,0.15098,0,4.3533,0,0
319.69,0,-0.059575,0,0.078827,0,1.0639,0,0
78.133,0,3.416,8.7571,0.30474,0,0.50381,0,0
93.817,0,3.4003,7.3671e-05,0.18692,0,1.2336,0,0
,,2.3611,,-0.066667,,,,
268.72,0,1.8252,0,0.73523,0,27.509,0,0
260.5,0,-1.9194,0,0.25758,0,3.8616,0,0
327.3,0,1.4711,0,0.1524,0,3.5978,0,0
,,0.84977,,-0.27326,,,,
,,2.5834,,-0.16081,,,,
340.61,0,0.1498,5.8659,0.67597,0,36.056,0,1
354.58,1,-0.25363,16.115,0.059744,1,0.35092,1,0
,,2.978,,-0.01083,,,,
,,2.0566,,-0.21175,,,,
,,2.7267,,0.19034,,,,
195.34,0,0.46265,12.32,0.77559,0,60.881,0,1
359.29,1,0.66549,15.128,0.11581,1,0.53316,1,0
264.75,0,-1.1157,0,0.10616,0,29.433,0,0
,,2.8949,,-0.4902,,,,
14.581,0,5.2549,0.10655,0.084945,0,10.03,0,0
142.56,0,6.0951,0.030582,0.015007,0,2.1806,0,0
269.27,1,-1.1731,11.18,0.17266,1,0.45406,1,0
5.1287,1,1.2467,17.253,0.10179,1,32.729,0,0
,,3.528,,-0.08802,,,,
150.72,0,2.8783,0,0.18212,0,1.4422,0,0
44.355,1,-0.95523,9.8259,0.19187,1,1.6556,1,0
122.98,1,4.6704,23.633,0.042749,1,8.0087,1,0
231.86,0,3.7869,0.27843,0.043794,0,68.88,0,0
37.724,1,3.3879,19.848,0.096724,1,0.17562,1,0
181.91,1,-0.25366,10.236,0.1021,1,0.75174,1,0
,,1.9982,,-0.31024,,,,
158.14,1,6.7665,3.4817,0.02593,0,64.123,0,0
107.15,0,-1.3148,0,0.16176,0,0.80314,0,0
198.95,0,4.6232,9.923,0.86373,0,68.989,0,1
293,1,1.1502,19.954,0.095385,1,17.027,0,0
190.3,1,5.3785,53.698,0.017734,1,1.4423,1,0
11.021,0,2.0968,0,0.13353,0,0.98942,0,0
7.671,0,3.6275,0,0.59189,0,0.19703,0,0
,,3.2438,,-0.41036,,,,
359.2,0,3.9327,0.070031,0.16891,0,58.87,0,0
,,,,-0.501,,,,
185.86,1,3.3089,12.067,0.11182,1,2.2091,1,0
110.35,0,-1.2404,0,0.11626,0,3.3594,0,0
,,,,-0.40037,,,,
,,2.2367,,-0.29876,,,,
,,2.98,,-0.23657,,,,
,,2.9429,,-0.41392,,,,
127.15,0,2.6839,0.021082,0.30021,0,1.1209,0,0
214.26,0,-1.5244,4.1999,0.5,0,17.781,0,1
51.079,0,3.5827,0.0069332,0.062995,0,0.13899,0,0
49.26,0,-1.0335,1.6295,0.29345,0,71.562,0,0
11.59,0,3.9906,0,0.27191,0,0.40485,0,0
89.531,0,4.0421,0.039047,0.31345,0,7,0,0
,,1.5159,,-0.3935,,,,
169.67,0,0.91367,0.20433,0.76703,0,62.96,0,0
318.73,1,-0.32911,32.918,0.064825,1,2.1826,1,0
269.28,0,0.51306,8.2234,0.82173,0,50.908,0,1
340.12,0,3.9206,0.013095,0.054811,0,0.61294,0,0
224.36,0,4.0108,0.076182,0.41614,0,0.25165,0,0
336.44,0,-1.2347,2.8089,0.56121,0,7.0432,0,1
,,2.5965,,-0.23077,,,,
113.21,0,3.9316,0,0.21189,0,8.0885,0,0
,,2.3421,,-0.30316,,,,
162.55,0,-0.16401,0.030513,0.5056,0,28.686,0,0
153.86,0,-0.94987,0.74397,0.28504,0,80.564,0,0
105.09,1,2.458,17.128,0.22271,1,1.7884,1,0
,,,,-0.40149,,,,
,,2.6964,,-0.31692,,,,
,,1.1905,,-0.28097,,,,
143.03,0,0.62371,5.1827,0.38104,0,49.29,0,0
63.275,0,0.32937,1.5579,0.3198,0,67.185,0,0
115.87,0,-1.3209,0.067901,0.44613,0,1.6643,0,0
,,2.7077,,-0.35964,,,,
,,2.9994,,-0.20055,,,,
358.07,1,-1.0393,9.426,0.24801,1,13.387,0,0
,,3.2982,,-0.1338,,,,
274.03,0,3.4061,0,0.59752,0,0.48445,0,0
103.49,0,3.9849,0,0.22325,0,2.5239,0,0
105.74,0,-1.0202,12.611,0.45621,0,0.16187,0,1
,,3.2828,,0.017048,0,,,
289.16,0,5.8995,0.027947,0.13537,0,0.48895,0,0
305.64,0,4.0059,5.7235,0.60227,0,63.574,0,1
269.27,0,-1.1166,0,0.35324,0,11.846,0,0
345.48,0,5.6261,0,0.071809,0,0.31289,0,0
,,2.9862,,-0.25857,,,,
90.729,1,3.5065,14.349,0.14987,1,0.91975,1,0
284.42,1,3.192,41.156,0.10642,1,88.443,0,0
314.23,0,4.8048,0.0073423,0.071274,0,2.9523,0,0
213.49,1,3.0943,3.7188,0.0021505,1,13.46,1,0
,,2.7116,,-0.26404,,,,
89.943,1,4.0626,70.188,0.078905,1,76.581,0,0
145.52,0,3.719,0.0031226,0.38343,0,0.062056,0,0
140.75,0,-1.2153,0.01863,0.43216,0,1.9924,0,0
90.238,0,-0.88048,0,0.38219,0,1.1897,0,0
78.119,0,3.3961,0,0.27009,0,1.0075,0,0
91.617,1,3.452,12.13,0.020923,0,34.793,0,0
89.283,0,3.835,0.35359,0.1273,0,2.2261,0,0
357.46,0,2.6369,0,0.10911,0,27.165,0,0
44.642,0,2.3207,0.11358,0.13011,0,79.792,0,0
246.42,0,3.2189,0.0034699,0.46167,0,1.2099,0,0
96.692,0,-1.1617,0,0.66921,0,0.13331,0,0
178.77,0,0.14829,0,0.18413,0,24.975,0,0
4.0975,0,3.3028,0.91457,0.27322,0,49.129,0,0
216.63,0,1.3977,6.5938,0.70138,0,38.592,0,1
62.438,0,-1.1013,0.023246,0.11516,0,0.87599,0,0
316.69,0,-1.0426,0,0.092123,0,4.855,0,0
305.45,0,3.8433,0,0.3722,0,0.71896,0,0
315.68,0,-0.0097619,15.187,0.42728,0,48.801,0,1
,,2.0502,,0.21817,,,,
167.23,1,2.0223,18.099,0.053445,0,81.02,0,0
344.39,0,3.7729,0,0.66862,0,0.58134,0,0
,,3.3345,,-0.29942,,,,
84.491,,3.7222,,0.3058,0,83.223,0,
,,3.2744,,-0.24675,,,,
,,1.664,,-0.28453,,,,
159.02,0,3.2182,0.028599,0.10485,0,0.23224,0,0
66.602,1,2.8944,20.09,0.16143,1,38.399,0,0
93.408,0,-1.1135,0.0068897,0.5712,0,17.29,0,0
301.68,1,-0.8166,15.881,0.10458,1,0.59907,1,0
260.99,0,3.447,1.217,0.67812,0,61.036,0,0
,,2.074,,-0.23077,,,,
344.39,0,-1.1554,14.833,0.4413,0,85.752,0,1
89.054,1,0.13934,52.015,0.079026,1,43.693,0,0
36.346,0,3.1956,0,0.22186,0,3.6011,0,0
179.28,0,-0.048649,9.6608,0.85714,0,28.218,0,1
,,2.7548,,0.21799,,,,
179.28,0,-1.5905,0,0.36055,0,1.3011,0,0
118.26,1,2.6712,11.581,0.17355,1,44.593,0,0
187.73,0,0.54959,0,0.71525,0,0.46944,0,0
269.29,0,5.2072,0,0.08536,0,0.14945,0,0
0.7525,1,3.8145,13.521,0.12685,1,2.2469,1,0
,,3.494,,-0.017182,,,,
110.1,0,4.16,0,0.043544,0,1.0328,0,0
294.37,0,-0.98597,0.004966,0.11207,0,0.31096,0,0
59.779,0,-1.1025,0.0038837,0.07719,0,5.2355,0,0
1.1864,1,-1.1994,12.791,0.14341,1,1.0324,1,0
337.58,0,2.2322,0.064905,0.19266,0,9.6032,0,0
89.801,1,0.26789,25.528,0.077644,1,68.11,0,0
,,2.8737,,-0.32597,,,,
195.15,0,0.675,0.8776,0.065491,0,30.376,0,0
89.275,0,-1.2379,10.566,0.70275,0,43.762,0,1
57.837,,3.4469,,0.076171,0,1.0711,0,
141.82,0,3.3497,1.4152,0.053687,0,51.522,0,0
183.63,0,0.21445,0.015348,0.40481,0,66.015,0,0
,,2.4575,,0.53985,,,,
200.43,0,-1.149,0,0.31876,0,1.4811,0,0
45.79,0,5.826,0.0090857,0.60121,0,38.207,0,0
319.61,1,3.4618,104,0.033648,1,3.7936,1,0
134.41,1,0.031682,16.449,-0.076856,1,2.2637,1,0
,,2.8414,,-0.39098,,,,
,,1.4742,,-0.29688,,,,
,,2.478,,-0.40146,,,,
19.644,0,-1.1266,0.015775,0.3277,0,0.82551,0,0
97.213,0,-1.2955,2.7399,0.52107,0,62.107,0,1
,,,,-0.39456,,,,
29.62,0,2.727,0.044168,0.070028,0,1.74,0,0
344.92,1,0.40564,28.505,0.08202,1,68.964,0,0
230.49,0,-0.49808,0,0.24188,0,1.0248,0,0
69.721,0,3.1291,0.25514,0.51783,0,60.695,0,0
32.905,0,-0.93666,0.33016,0.59247,0,51.247,0,0
,,3.5358,,-0.01321,,,,
178.83,,3.5106,,0.25541,0,0.35258,0,
359.28,0,-0.2299,0,0.020486,0,0.04013,0,0
50.178,0,4.014,0,0.54424,0,1.4444,0,0
,,3.2279,,-0.34783,,,,
144.74,0,4.6186,0.010149,0.20409,0,1.8646,0,0
192.95,0,3.4317,0.12558,0.092334,0,1.3626,0,0
,,2.7082,,-0.30354,,,,
320.08,0,2.6171,0.0085742,0.16312,0,2.108,0,0
,,2.9166,,-0.35516,,,,
,,2.7389,,-0.31554,,,,
89.298,0,3.6513,0.0033007,0.057915,0,0.50003,0,0
221.22,1,0.51626,15.614,0.22783,1,20.527,1,0
272.86,0,4.3988,0.079824,0.29971,0,5.6768,0,0
,,2.8547,,-0.30137,,,,
,,2.7274,,-0.26975,,,,
,,,,-0.25209,,,,
89.297,0,3.1387,12.287,0.78304,0,42.149,0,1
267.34,0,-0.26525,14.629,0.30977,0,5.4241,0,0
220.05,0,0.29515,4.361,0.86404,0,33.157,0,1
45.827,1,-0.35524,11.476,0.13268,1,0.63343,1,0
359.3,1,3.5137,12.827,0.089616,1,31.193,0,0
160.43,1,1.853,3.8217,0.24734,0,79.119,0,0
325.97,0,-0.32152,0,0.4936,0,1.8103,0,0
,,2.4794,,-0.313,,,,
,,1.3381,,-0.36147,,,,
180.08,0,3.5015,0,0.23524,0,0.41853,0,0
,,3.4981,,-0.21406,,,,
169.8,0,3.5902,0.27074,0.21014,0,0.034881,0,0
33.451,0,-1.018,5.0429,0.7024,0,84.441,0,1
257.63,1,4.1183,47.407,0.042048,1,29.413,0,0
314.2,1,3.6358,5.9441,0.25179,1,0.12178,1,0
71.193,1,3.6188,12.974,0.19497,1,1.0519,1,0
285.57,1,3.2593,12.621,0.038251,1,6.3331,1,0
,,2.7106,,-0.2899,,,,
179.28,0,1.5044,40.512,0.41349,0,15.699,0,1
89.3,0,2.1953,1.4132,0.092827,0,21.407,0,0
84.333,1,-1.152,10.163,0.14916,0,73.814,0,0
,,0.99217,,-0.28571,,,,
171.62,0,6.1028,0.011498,0.039497,0,3.4838,0,0
168.66,1,3.5657,14.705,0.056106,0,0.54536,0,0
185.55,0,-1.8274,0,0.37885,0,58.084,0,0
,,2.8938,,-0.27193,,,,
,,-1.1958,,0.20574,0,,,
239.16,0,-1.2901,0,0.26316,0,0.57137,0,0
352.84,0,1.4605,0.94195,0.86567,0,78.941,0,0
179.28,0,-1.0138,0.011301,0.15734,0,0.96876,0,0
91.567,1,1.5596,18.422,0.1115,1,31.441,0,0
44.372,0,5.699,0.013462,0.41571,0,2.7985,0,0
359.29,0,5.2711,0,0.05595,0,2.4694,0,0
8.8895,0,-1.1234,9.3991,0.37107,0,6.714,0,0
344.28,1,2.9641,13.41,0.13249,1,68.577,0,0
135.35,1,2.7853,9.256,0.13757,1,8.2086,1,0
92.509,0,-1.3665,0.078585,0.10947,0,59.097,0,0
13.698,1,-1.3021,16.092,0.10473,1,3.1577,1,0
233.26,0,-1.1789,0.010662,0.076305,0,2.1733,0,0
32.845,0,0.63473,5.6565,0.67636,0,70.983,0,1
,,3.29,,-0.2027,,,,
57.917,0,-1.0572,23.932,0.30507,0,0.36345,0,0
158.15,0,1.7073,3.6149,0.74874,0,66.547,0,1
199.2,0,3.6423,0,0.13175,0,0.5061,0,0
225.76,0,2.9821,0.066886,0.13991,0,85.65,0,0
134.2,1,-1.1293,11.202,0.12704,1,0.30038,1,0
270.13,0,4.2669,0.036146,0.098131,0,0.7932,0,0
,,1.6603,,-0.36713,,,,
31.281,0,3.8314,0.041496,0.24133,0,3.079,0,0
25.9,1,-0.93773,27.581,0.15389,1,20.165,0,0
100.93,0,2.8665,0,0.43165,0,68.55,0,0
83.825,0,-1.0263,0.034659,0.20107,0,0.54271,0,0
263.63,0,4.6536,0,0.31343,0,1.0453,0,0
,,2.923,,-0.32016,,,,
,,3.2,,-0.2782,,,,
149.6,0,2.8022,0.010157,0.46885,0,0.96331,0,0
,,,,-0.39298,,,,
,,2.5465,,-0.33333,,,,
345.67,1,2.5089,3.7882,0.046398,1,1.7809,1,0
56.341,0,0.19067,0.20983,0.65226,0,8.6925,0,0
179.26,0,3.0115,0,0.14544,0,68.424,0,0
47.664,0,2.4467,5.8346,0.65055,0,63.508,0,1
202.83,0,3.201,0.10246,0.26602,0,0.619,0,0
343.38,0,-1.0603,0.0065571,0.077544,0,2.6209,0,0
13.113,1,0.32285,34.498,0.02211,1,4.2488,1,0
283.85,0,1.1719,0.0043408,0.22407,0,1.8462,0,0
353.18,1,2.7786,11.326,-0.026095,1,2.3741,1,0
183.21,0,3.9843,7.0333,0.33653,0,1.0486,0,0
165,1,3.2128,6.1059,0.079755,1,0.74535,1,0
347.48,1,1.6164,6.1483,0.15317,1,29.512,0,0
300.44,0,-0.99805,0.0031515,0.45843,0,1.2626,0,0
218.22,1,0.12652,14.081,0.053578,1,34.761,1,0
318.82,0,3.2643,0,0.076923,0,1.6199,0,0
269.38,1,1.2697,22.57,0.13933,1,61.968,0,0
325.62,0,-0.88565,11.205,0.65416,0,65.236,0,1
212.76,0,2.9359,2.1727,0.022059,0,0.60463,0,0
327.3,0,3.5499,0,0.18949,0,0.41231,0,0
213.93,0,2.2814,0,0.042815,0,1.0312,0,0
280.02,0,1.2542,2.3505,0.78968,0,61.506,0,0
250.89,0,0.44822,8.3078,0.71543,0,25.991,0,1
293.42,0,4.3495,0.17112,0.046952,0,32.937,0,0
89.298,0,3.5875,0.0075226,0.61885,0,0.45405,0,0
356.62,0,0.93894,1.9371,0.40942,0,80.231,0,0
132.09,0,3.657,2.9519,0.6156,0,51.823,0,1
68.475,0,-1.0482,18.545,0.53963,0,0.38734,0,1
76.488,0,5.334,0.035349,0.046326,0,0.46561,0,0
,,1.4486,,-0.33108,,,,
173.76,1,-1.3754,12.071,0.14096,1,44.991,1,0
,,2.4352,,-0.17305,,,,
,,2.8967,,-0.28249,,,,
165.21,0,1.2014,0.011519,0.6745,0,0.47281,0,0
,,2.5735,,-0.2884,,,,
104.54,0,-0.20262,0,0.073391,0,0.76252,0,0
356.26,0,1.1103,0,0.37024,0,1.6357,0,0
,,2.7476,,0.082902,0,,,
,,2.6901,,0.0054201,,,,
359.27,0,2.6411,0,0.13866,0,0.40703,0,0
319.59,1,3.8299,11.942,0.15408,1,0.47681,1,0
39.812,0,3.4238,0,0.19855,0,3.0849,0,0
45.91,0,-1.1635,1.8197,0.31732,0,68.364,0,0
226.62,1,3.4313,11.065,0.22293,1,0.93021,1,0
269.28,0,-0.97044,12.131,0.3142,0,2.4756,0,0
288.52,0,0.02612,0.01998,0.20582,0,7.8875,0,0
229.98,0,1.0981,0.0048784,0.30671,0,1.24,0,0
221.57,0,1.9716,0.21559,0.83081,0,23.386,0,0
,,2.9636,,-0.36054,,,,
264.4,1,-0.14921,13.903,0.015857,1,12.807,0,0
201.31,0,1.0448,0.0041192,0.5014,0,1.0882,0,0
216.88,0,3.3566,0,0.06129,0,2.6173,0,0
276.45,0,-1.0739,3.4751,0.7201,0,37.139,0,1
85.989,,-1.1068,,0.23246,1,1.8991,1,
268.25,0,4.8382,0,0.032768,0,1.253,0,0
169.86,1,-1.0159,8.482,0.090016,1,4.6965,1,0
195,0,3.9822,1.725,0.83981,0,77.585,0,0
38.497,0,0.31846,0,0.41364,0,1.191,0,0
319.58,0,-0.1774,6.4252,0.48258,0,80.708,0,1
310.76,1,-0.14042,14.127,0.1261,1,2.0935,1,0
269.27,0,2.8558,0.010617,0.061164,0,0.39083,0,0
179.28,0,3.2099,0.7024,0.31992,0,30.86,0,0
81.083,0,6.2414,0,0.099662,0,1.9678,0,0
146.26,1,-0.40982,15.171,0.077299,1,32.17,1,0
,,2.7086,,-0.23425,,,,
283.44,0,-1.2197,0,0.38557,0,2.4585,0,0
247.04,0,-0.078944,2.1744,0.39483,0,77.178,0,0
,,1.6322,,-0.28846,,,,
210.85,0,0.16196,0.024445,0.080051,0,1.2513,0,0
255.01,1,3.0658,13.833,0.13921,1,0.55746,1,0
233.54,0,-1.7525,0.012135,0.29298,0,1.2955,0,0
317.15,,1.5483,,0.0609,0,42.734,0,
,,2.7144,,-0.12611,,,,
79.096,0,-1.2696,6.4353,0.47602,0,84.972,0,1
,,2.6829,,-0.2075,,,,
84.66,0,4.2559,0.41526,0.29416,0,9.0295,0,0
159.68,1,-0.68167,119.35,0.043895,1,0.7544,1,0
307.23,1,4.4249,4.5248,0.040437,0,74.252,0,0
,,2.9065,,-0.0031546,,,,
179.15,1,-1.4784,5.0766,0.20312,1,62.184,0,0
269.28,0,-1.5016,2.105,0.75366,0,53.853,0,0
,,3.3367,,-0.19249,,,,
306.6,,2.7651,,-0.049486,0,6.4653,0,
342.08,1,0.33022,25.28,-0.044238,1,34.697,0,0
,,2.4596,,-0.25976,,,,
140.2,0,3.54,0,0.1416,0,1.3585,0,0
313.35,1,-1.3755,3.9482,0.1373,1,1.3678,1,0
,,2.7438,,-0.25678,,,,
145.66,1,4.0001,12.67,0.1029,1,37.757,1,0
,,3.3187,,-0.1829,,,,
,,2.7892,,-0.28527,,,,
19.443,0,3.5949,0.0049763,0.38326,0,0.25035,0,0
141.05,0,0.98323,7.0656,0.30261,0,0.10219,0,0
269.02,1,-0.12204,5.2515,0.14889,0,37.626,0,0
334.31,0,-1.0447,35.624,0.39304,0,87.21,0,0
128.74,0,-1.1846,4.318,0.65306,0,57.869,0,1
76.533,0,-1.0587,0.018524,0.27309,0,2.2852,0,0
176.13,1,-0.25734,16.146,0.066414,1,0.41909,1,0
41.409,0,1.6565,1.2557,0.86074,0,44.568,0,0
143.67,1,2.8478,15.075,0.28221,1,0.19746,1,0
267.84,0,0.80275,6.9668,0.66962,0,6.594,0,1
89.28,0,-0.5918,0,0.16448,0,0.6552,0,0
56.318,0,3.4958,0.014292,0.27662,0,0.137,0,0
273.73,0,0.91906,0,0.20535,0,0.36895,0,0
49.332,1,-0.99667,12.375,0.19813,1,86.528,0,0
220.9,0,3.5189,0.0035775,0.30311,0,1.3415,0,0
62.234,0,-1.1548,6.6508,0.79645,0,24.085,0,1
,,,,-0.35428,,,,
65.256,0,3.6297,0.021616,0.1292,0,0.88718,0,0
345.14,0,2.6785,0,0.098249,0,7.512,0,0
,,,,-0.34622,,,,
25.675,0,4.1623,0.80981,0.59144,0,61.92,0,0
169.07,0,4.2255,0,0.34167,0,0.45434,0,0
297.42,0,1.2614,6.6073,0.72942,0,74.391,0,1
,,2.7092,,-0.15711,,,,
,,2.9737,,-0.39667,,,,
269.29,1,2.5365,3.2507,-0.02272,1,0.35058,1,0
,,3.2924,,-0.28571,,,,
200.91,0,-1.6186,0.9338,0.86128,0,28.588,0,0
,,3.1078,,0.1,,,,
132.41,0,2.7359,0.005043,0.076672,0,1.4171,0,0
276.07,0,0.84007,0,0.13506,0,0.53251,0,0
218.47,0,2.4562,0,-0.0021536,0,0.59151,0,0
45.349,0,-1.4595,0.0041577,0.46172,0,0.23141,0,0
301.78,1,3.605,14.502,0.10876,1,0.32023,1,0
,,2.4803,,-0.081967,,,,
,,2.8272,,-0.33865,,,,
133.63,1,3.1377,15.459,0.10848,1,49.925,0,0
,,3.2222,,-0.31323,,,,
,,,,-0.42582,,,,
,,2.5636,,0.047619,,,,
268.9,0,-0.88902,1.8336,0.42504,0,76.023,0,0
174.5,0,-0.22678,0,0.01977,0,0.2071,0,0
,,1.8467,,-0.29139,,,,
153.91,0,3.9633,0.011482,0.16175,0,1.0595,0,0
90.493,1,3.984,20.263,0.070986,1,81.43,0,0
162.77,0,4.5206,5.2808,0.6626,0,42.722,0,1
,,0.90798,,-0.30973,,,,
,,-0.086858,,-0.044248,,,,
271.67,1,-0.84371,63.568,0.031688,1,71.62,0,0
,,,,-0.4958,,,,
,,,,-0.27245,,,,
27.7,0,4.6874,0.4896,0.00067981,0,1.1599,0,0
56.483,1,0.31525,65.13,0.15892,1,1.6611,1,0
237.67,0,-1.1739,12.274,0.47386,0,17.358,0,1
319.72,1,1.7386,12.707,0.062937,1,24.412,0,0
293.09,0,3.6347,0,0.18011,0,1.1496,0,0
314.65,0,3.1675,0.68942,0.1445,0,84.145,0,0
216.07,0,1.8899,16.114,0.82112,0,36.279,0,1
186.65,0,0.52648,1.0602,0.8173,0,21.077,0,0
29.232,0,-1.5894,8.3061,0.58007,0,45.703,0,1
306.4,1,-1.2478,21.953,0.099291,1,10.416,0,0
156.37,0,3.0606,0.71377,0.29501,0,0.75302,0,0
220.84,0,-1.2242,0,0.32318,0,1.9225,0,0
316.96,1,-1.5311,17.534,0.13788,1,0.085326,1,0
,,2.475,,-0.32013,,,,
358.89,0,3.8916,0,0.28238,0,73.601,0,0
117.31,1,-0.13916,16.61,0.12113,1,50.964,0,0
226.04,0,0.63982,0.85638,0.22705,0,32.262,0,0
323.91,0,4.4027,0.008831,0.16883,0,1.757,0,0
148.48,0,0.66014,0.012164,0.20576,0,0.52733,0,0
,,,,-0.24887,,,,
356.66,0,3.8695,0.011873,0.5064,0,0.49928,0,0
89.273,0,3.6353,0,0.20679,0,1.3332,0,0
43.42,0,3.5505,0,0.17556,0,0.74282,0,0
93.754,1,3.5412,73.091,0.089733,1,85.717,0,0
144.25,0,4.7343,1.2051,0.46046,0,1.7011,0,0
338.22,0,3.2362,0,0.64024,0,6.7202,0,0
,,2.4006,,0.024748,,,,
267.6,0,3.6083,0,0.25179,0,6.2654,0,0
,,,,-0.37906,,,,
83.507,0,1.3088,0,0.64041,0,2.2806,0,0
,,-0.08439,,0.17589,,,,
,,2.4532,,-0.26931,,,,
319.46,0,4.0608,0.0007906,0.27819,0,0.97792,0,0
281.07,0,2.7834,0.032395,0.16806,0,3.1437,0,0
19.662,1,0.38406,11.899,0.064452,1,0.49536,1,0
359.28,0,-0.98213,2.5136,0.34344,0,1.4215,0,0
292.72,0,3.6116,0,0.02684,0,0.6201,0,0
269.3,1,3.2133,10.835,0.16864,1,44.461,0,0
7.9907,1,4.8052,77.966,-0.021189,1,24.065,0,0
260.1,1,2.599,4.7203,0.069259,0,0.6812,0,0
293.55,1,3.9854,8.5388,0.20608,0,0.78165,0,0
229.47,0,0.46204,2.4617,0.40711,0,70.527,0,0
65.955,0,2.4669,0.26066,0.40573,0,31.744,0,0
337.69,0,3.5819,0.007123,0.11111,0,1.233,0,0
153.9,0,-0.35446,0.011858,0.029931,0,1.3005,0,0
53.137,0,-1.4948,0.20662,0.57964,0,19.291,0,0
279.29,1,0.4325,23.848,0.1222,1,17.11,0,0
236.55,1,3.8654,18.414,0.14165,1,0.51937,1,0
213.56,0,-1.0682,13.611,0.4214,0,0.69384,0,1
224.36,0,3.1085,2.5688,0.44833,0,84.309,0,1
,,2.1639,,-0.15366,,,,
,,3.3201,,-0.38019,,,,
81.71,0,-1.0891,0,0.23938,0,5.3418,0,0
316.5,0,0.5032,7.0952,0.48766,0,75.425,0,1
160.8,0,4.548,0,0.20148,0,0.52585,0,0
,,2.6576,,-0.36145,,,,
1.4323,0,4.467,0.032561,0.097213,0,20.545,0,0
142.24,0,-0.33553,0.015127,0.10145,0,0.6679,0,0
181.15,0,-0.15411,0,0.15385,0,33.907,0,0
135.63,1,4.5166,2.9823,0.28,0,44.565,0,0
59.738,1,3.6129,40.295,0.01568,1,25.778,0,0
,,3.2248,,0.38869,,,,
121.97,0,3.6565,0.013278,0.31908,0,5.4195,0,0
144.29,1,-0.68575,7.9995,0.074709,1,0.37088,1,0
,,2.8556,,-0.39162,,,,
,,3.3108,,-0.15466,,,,
221.58,1,4.5723,6.0285,0.26586,0,76.862,0,0
269.13,0,-1.5512,0.018035,0.7416,0,64.903,0,0
170.15,0,2.9668,0,0.033342,0,29.808,0,0
136,0,-0.33474,0,0.041332,0,0.25988,0,0
184.36,0,3.4888,0.012212,0.18582,0,0.71364,0,0
,,3.308,,-0.09589,,,,
7.9842,0,3.3722,0,0.073598,0,0.6843,0,0
234.82,0,4.3548,0,0.054945,0,2.2576,0,0
,,3.3063,,-0.38783,,,,
148.33,0,-2.2606,0.0020092,0.45492,0,2.4915,0,0
60.764,0,2.7062,8.6902,0.74938,0,81.503,0,1
204.87,0,0.30255,0,0.30925,0,5.0842,0,0
244.6,0,-1.0453,0.001528,0.19894,0,2.0992,0,0
25.138,0,-0.47935,1.4972,0.32782,0,60.794,0,0
312.89,1,0.73935,5.703,0.27539,0,0.17458,0,0
147.01,0,-0.28617,10.95,0.84086,0,36.105,0,1
193.9,0,3.9332,0.0058239,0.35313,0,0.45614,0,0
287.35,0,2.6713,0.015863,0.62448,0,30.009,0,0
196.16,0,3.7478,0.12508,0.18781,0,40.553,0,0
179.29,0,3.2431,0.8882,0.0091429,0,1.8454,0,0
222.66,1,1.693,28.294,0.1258,1,3.6616,1,0
191.73,0,-0.43588,16.425,0.42898,0,0.34641,0,1
275.43,0,0.51199,4.0191,0.83909,0,17.221,0,1
,,2.8533,,-0.30241,,,,
254.23,1,1.969,10.824,0.036585,1,4.7094,1,0
,,1.6077,,-0.45106,,,,
139.57,1,2.9913,3.8243,0.017113,1,2.7409,1,0
52.258,0,1.0031,0.0032214,0.041309,0,2.5685,0,0
79.359,0,2.7255,0.040603,0.52959,0,65.454,0,0
243.59,0,3.1246,0.093412,0.45956,0,48.698,0,0
342.65,0,-1.5703,0,0.6913,0,20.592,0,0
89.285,0,2.2543,1.5528,0.41499,0,18.176,0,0
314.22,0,3.0525,0,0.086773,0,1.5988,0,0
,,-1.1167,,0.40233,,,,
88.68,1,1.5609,12.76,0.18677,1,6.3313,1,0
,,3.2947,,-0.25581,,,,
17.748,1,-0.98865,16.118,0.11909,1,0.16318,1,0
,,3.3267,,-0.37605,,,,
,,2.9255,,-0.18043,,,,
,,0.86319,,-0.3068,,,,
140.99,0,2.8833,0.085558,0.25953,0,0.12053,0,0
,,1.5125,,-0.33437,,,,
284.52,1,3.7332,3.1702,0.17737,1,0.52415,1,0
332.98,0,3.6584,0.026181,0.61759,0,0.94646,0,0
,,2.6338,,-0.28062,,,,
188.22,1,-1.5116,12.018,0.13002,1,1.2186,1,0
263.92,1,2.5362,72.014,0.074692,1,24.665,0,0
,,-1.9021,,0.64324,,,,
4.0051,0,-0.24267,0.0016689,0.00271,0,0.55797,0,0
181.01,0,3.187,0,0.63263,0,46.139,0,0
108.3,0,4.3781,0.0065155,0.52803,0,0.6505,0,0
39.423,0,-0.42931,0.034306,0.36518,0,1.7021,0,0
86.637,1,2.5519,25.533,0.22161,0,56.732,0,0
48.828,0,3.5244,0,0.22239,0,1.8277,0,0
,,0.93152,,-0.30116,,,,
53.511,0,-0.57712,0.91462,0.26531,0,67.741,0,0
,,3.2598,,-0.2607,,,,
225.11,0,4.285,0.71099,0.68967,0,33.686,0,0
210.6,0,-1.1153,1.939,0.20515,0,0.37584,0,0
,,0.9068,,-0.26658,,,,
189.42,0,-1.1871,0.027238,0.20023,0,4.1047,0,0
,,3.3226,,-0.20052,,,,
269.3,1,1.6501,13.184,0.22405,1,0.20116,1,0
172,0,-1.1481,0.0052788,0.14614,0,0.31786,0,0
278.14,0,3.3357,0,0.87784,0,65.036,0,0
,,2.4803,,-0.31148,,,,
141.68,1,2.6814,8.3358,0.17814,1,1.3747,1,0
161.03,0,3.4576,0.00019264,0.14756,0,1.3036,0,0
,,2.9923,,-0.31163,,,,
,,4.0478,,0.088061,,,,
,,3.2542,,-0.38856,,,,
269.29,0,2.6292,0.25678,-0.078868,0,1.9907,0,0
,,-1.0445,,0.31046,,,,
15.992,0,3.6293,0.027506,0.24934,0,0.81993,0,0
89.296,0,3.9801,0.036268,0.32914,0,0.14943,0,0
56.8,0,2.5249,6.8921,0.37046,0,80.019,0,0
233.18,0,-0.99828,0.0071806,0.18182,0,65.753,0,0
220.98,0,-1.678,0,0.74671,0,27.935,0,0
269.27,0,-1.3837,0,0.12451,0,1.0459,0,0
,,2.6152,,0.34758,0,,,
316.64,0,4.776,0.017272,0.12591,0,18.885,0,0
135.94,0,-0.089955,0,0.12755,0,7.3136,0,0
37.856,1,1.7153,20.892,0.13446,1,2.1003,1,0
260.03,0,3.1589,0,0.41027,0,5.1571,0,0
,,2.7731,,-0.10506,,,,
70.911,0,3.3105,0.012081,0.20172,0,0.23622,0,0
30.291,1,4.1101,14.391,0.11501,1,8.0389,1,0
,,2.3985,,-0.21004,,,,
159.53,0,1.693,0.004312,0.66517,0,1.8876,0,0
64.238,0,-1.0875,0.0071279,0.79729,0,5.106,0,0
357.44,0,4.8057,0.15568,0.18045,0,1.256,0,0
,,2.7337,,-0.26557,,,,
143.15,1,0.59451,30.883,0.20289,0,6.5794,0,0
,,1.2705,,-0.36648,,,,
70.455,0,0.31794,0.00066251,0.20182,0,1.1719,0,0
250.97,1,-0.29553,14.418,0.093192,0,85.968,0,0
94.618,0,1.12,0.0028247,0.53831,0,0.92355,0,0
114.98,0,2.6236,0.010318,0.096506,0,0.80674,0,0
,,1.0861,,-0.29766,,,,
178.58,1,-0.15323,20.414,0.019968,1,65.119,0,0
133.77,0,2.6958,0.29796,0.09386,0,0.25776,0,0
,,3.0028,,-0.1172,,,,
306.65,1,3.5023,5.6541,0.087874,0,0.70864,0,0
179.29,0,3.4165,0.0038164,0.4791,0,86.631,0,0
270.14,1,3.523,23.093,0.045977,1,9.5726,1,0
113.35,0,3.8502,2.2895,0.66279,0,22.341,0,0
265.09,1,1.7286,5.7013,0.024808,1,3.6718,1,0
,,3.2718,,-0.36641,,,,
5.0269,1,-1.6738,6.4549,0.26719,0,83.637,0,0
224.37,0,4.6878,0.031058,0.44387,0,87.038,0,0
254.47,0,3.4439,0.023909,0.096591,0,0.29134,0,0
171.01,0,4.2413,0.0030322,0.091076,0,1.3959,0,0
66.477,1,0.91539,23.837,0.10143,0,86.973,0,0
89.276,0,-4.6253,0,0.16422,0,1.8214,0,0
,,2.474,,-0.29879,,,,
159.94,0,2.6038,0.026001,0.20701,0,0.83239,0,0
283.69,1,3.5516,7.3951,0.28359,0,79.893,0,0
,,2.5705,,-0.27848,,,,
,,1.292,,0.038217,,,,
211.96,1,4.8959,10.362,0.085163,1,1.5863,1,0
,,2.5193,,-0.28244,,,,
179.28,0,3.9183,0.010461,0.42645,0,0.94011,0,0
,,1.4602,,-0.3754,,,,
,,3.2885,,-0.14074,,,,
,,2.9723,,-0.10157,,,,
224.68,0,4.0812,0.000453,0.26418,0,0.74279,0,0
153.35,0,-1.1845,13.677,0.43313,0,1.0516,0,1
326.7,1,3.7248,29.865,0.081395,1,0.46959,1,0
316.82,0,-1.1568,0.00026762,0.22471,0,1.515,0,0
175.18,0,1.8207,0.0021251,0.12623,0,1.6032,0,0
166.25,0,-1.043,0.0025773,0.1038,0,0.076494,0,0
291.04,0,2.646,0.0070562,0.095368,0,0.092831,0,0
81.294,0,-0.9151,0.0133,0.76539,0,1.0736,0,0
239.94,0,5.0835,0,0.32038,0,7.5915,0,0
133.22,0,2.8336,0.028229,0.1719,0,17.792,0,0
137.08,0,4.2956,5.9799,0.70021,0,39.908,0,1
354.62,1,0.95666,15.677,0.11229,1,1.84,1,0
160.6,0,4.0877,0.0043797,0.21886,0,3.8007,0,0
233.69,,3.0517,,0.14385,0,35.563,0,
,,3.3238,,-0.1637,,,,
,,2.8364,,-0.19355,,,,
175.59,1,-0.24539,115.15,0.056338,1,2.228,1,0
229.97,0,-1.3537,0.011829,0.68497,0,0.49769,0,0
58.478,1,-0.23098,32.589,0.16759,1,14.8,0,0
89.298,,-0.34391,,0.65181,0,6.8924,0,
21.169,0,2.0649,0,0.48731,0,1.4023,0,0
102.48,0,4.0478,0,0.29318,0,1.3045,0,0
6.6895,0,3.708,0,0.19498,0,0.44515,0,0
170,0,3.3636,0,0.18116,0,1.568,0,0
224.99,0,-0.86205,6.4853,0.46733,0,86.262,0,1
78.73,0,-1.2553,0.010317,0.052907,0,1.2217,0,0
355.53,0,3.539,0.049376,0.19455,0,51.224,0,0
215.05,0,1.1379,0,0.11559,0,4.2391,0,0
173.91,0,-0.9976,0,0.19084,0,14.778,0,0
,,2.7286,,-0.34342,,,,
331.9,0,-0.38017,0.024175,0.21331,0,0.58746,0,0
250.65,1,6.3695,17.792,0.14799,1,0.80672,1,0
,,2.8153,,-0.2748,,,,
128.85,0,-1.1334,18.892,0.86016,0,84.637,0,1
183.14,0,0.63581,9.437,0.89094,0,35.145,0,1
,,3.3045,,-0.32093,,,,
117.71,1,3.5376,3.0208,0.27477,0,8.6572,0,0
,,1.3706,,-0.32318,,,,
207.36,,-1.3046,,0.45825,0,6.3937,0,
,,1.8187,,-0.14286,,,,
256.67,1,4.0106,17.659,0.14286,1,9.7183,1,0
179.29,0,3.4657,9.8644,0.34773,0,0.89995,0,0
306.33,0,0.49283,17.219,0.87065,0,48.199,0,1
172.54,1,-2.4213,5.2677,0.12329,0,0.49067,0,0
89.285,1,2.8154,11.739,0.2728,1,0.057499,1,0
174.66,1,-0.25155,16.318,0.068476,1,0.85692,1,0
353.96,0,3.1536,0.10299,-0.0078292,0,62.68,0,0
,,,,-0.41304,,,,
,,2.6636,,-0.40569,,,,
208.47,1,1.4009,10.47,0.013641,1,3.0042,1,0
88.074,0,0.24141,0,0.23171,0,1.3565,0,0
32.801,0,-1.3293,1.5463,0.37906,0,21.541,0,0
170.22,0,3.5922,0.0037758,0.26459,0,0.25543,0,0
148.8,1,-0.28545,20.737,0.078292,1,1.1106,1,0
315.14,0,0.19799,0.02671,0.14431,0,0.50334,0,0
118.69,1,3.492,10.766,0.19154,0,81.725,0,0
255.71,1,2.4654,14.592,0.051619,0,3.6671,0,0
14.207,0,3.2444,0.042792,0.27555,0,0.6467,0,0
134.22,0,3.9779,0,0.049112,0,1.8583,0,0
,,2.8541,,-0.45802,,,,
80.179,0,3.7621,4.1121,0.57,0,35.405,0,1
92.195,0,1.8149,0.74663,0.11037,0,11.607,0,0
224.36,0,1.6213,0,0.3166,0,2.9118,0,0
,,1.1478,,-0.32104,,,,
228.1,0,-1.3144,0.0045729,0.26872,0,0.49633,0,0
259.1,0,3.0937,5.4354,0.76839,0,17.555,0,1
219.81,0,-0.23583,0.020325,0.21175,0,1.1763,0,0
,,2.6508,,-0.38631,,,,
33.474,1,-1.0821,11.068,0.19324,1,1.0327,1,0
310.21,0,-1.0484,3.629,0.53471,0,21.112,0,1
47.521,1,3.5913,7.0371,0.06005,0,80.718,0,0
67.712,0,0.44423,0,0.65896,0,1.3718,0,0
170.39,1,2.2548,4.3258,0.013384,1,18.433,1,0
359.27,0,-1.2834,0,0.46885,0,0.3153,0,0
,,2.5208,,-0.33779,,,,
107.68,0,2.8326,0,0.13687,0,0.12719,0,0
,,2.8356,,-0.28642,,,,
262.05,1,-0.92416,30.071,0.085894,1,1.9575,1,0
133.93,0,3.383,0.16582,-0.01773,0,9.4521,0,0
130.73,0,3.0233,0,0.093834,0,1.0045,0,0
40.791,1,3.7317,11.489,0.19692,1,62,0,0
261.77,0,1.1876,6.4649,0.7894,0,69.412,0,1
24.63,0,3.9577,34.17,0.31939,0,1.1545,0,0
355.19,0,4.1989,0,0.027778,0,0.56324,0,0
264.15,0,4.5561,0.012519,0.091922,0,1.4712,0,0
193.92,0,-0.86701,8.6972,0.41996,0,0.76136,0,1
,,0.96911,,-0.24895,,,,
,,2.4756,,-0.32573,,,,
,,1.1768,,-0.31959,,,,
25.935,1,4.0587,8.3094,0.20433,1,0.12826,1,0
,,2.7699,,-0.30218,,,,
0.10035,0,3.8834,0,0.55207,0,40.599,0,0
198.55,0,4.0708,0.08955,0.28336,0,11.532,0,0
89.775,0,4.3646,0,0.38047,0,0.6897,0,0
,,2.7274,,-0.26975,,,,
152.36,0,-1.2984,0,0.76496,0,1.5362,0,0
,,2.5032,,-0.27395,,,,
310.61,1,4.0849,13.36,0.13016,1,31.276,0,0
50.306,0,0.63241,1.4354,0.51635,0,30.442,0,0
38.841,0,3.2231,0.42023,0.20529,0,58.568,0,0
120.02,0,3.9076,0,0.056637,0,0.97608,0,0
84.818,0,-1.2032,0.018427,0.31093,0,3.9026,0,0
176.59,0,-1.3182,2.1075,0.2216,0,49.507,0,0
295.79,0,1.0638,0.0048981,0.54484,0,0.73215,0,0
,,,,-0.23764,,,,
109.79,1,-1.0396,25.191,0.14242,1,0.24557,1,0
283.1,0,4.0488,5.602,0.33739,0,34.14,0,0
,,-0.014469,,0.73333,0,,,
,,2.8997,,-0.41824,,,,
155.46,0,-1.1188,19.709,0.72226,0,81.953,0,1
125.65,0,0.39192,3.868,0.30596,0,0.59949,0,0
267.6,1,1.6589,7.1974,0.083495,1,41.549,0,0
,,3.4189,,-0.32143,,,,
359.28,0,1.7182,0,0.10029,0,0.87706,0,0
131.43,0,2.7487,5.0695,0.66441,0,79.189,0,1
179.28,1,-1.0084,40.119,0.10721,1,0.37265,1,0
,,1.8307,,-0.035382,,,,
247.99,1,-1.0134,48.375,-0.0040756,1,25.644,0,0
342.24,,2.524,,0.42649,0,0.7255,0,
283.92,1,-1.0425,16.502,0.19491,1,21.954,0,0
126.55,0,-1.417,2.2535,0.66073,0,67.344,0,0
180.97,1,3.0698,37.794,0.12959,1,0.98641,1,0
341.79,0,2.0833,0.0048447,0.10071,0,1.166,0,0
24.87,0,5.7044,0,0.066296,0,0.27965,0,0
17.908,1,4.7889,84.671,0.27462,1,49.011,0,0
,,2.6352,,-0.2638,,,,
311.54,0,0.32503,0,0.63004,0,0.34949,0,0
,,2.9151,,0.0015198,,,,
26.886,1,-1.1991,11.987,0.16247,1,0.5952,1,0
312.13,0,3.5739,0.21659,0.2478,0,54.568,0,0
,,1.6797,,0.043895,,,,
165.01,0,4.0341,0,0.7174,0,7.6446,0,0
152.28,0,2.6786,0.2465,0.37195,0,1.608,0,0
278.96,1,0.093833,11.128,0.12549,1,0.44311,1,0
,,3.3429,,-0.17701,,,,
194.57,0,3.3169,0,0.50788,0,0.19614,0,0
357.47,1,-0.93051,12.65,0.087719,1,0.7284,1,0
186.93,0,4.9397,0,0.15167,0,0.73457,0,0
,,2.8572,,-0.45387,,,,
95.782,0,3.9163,10.813,0.77542,0,43.288,0,1
152.65,0,-1.2146,0,0.24905,0,2.2818,0,0
7.8845,0,0.22761,0.010394,0.20837,0,3.8036,0,0
225.5,1,7.5859,89.982,0.030478,1,85.67,0,0
290.02,0,-0.89486,11.025,0.38276,0,21.966,0,0
13,0,-0.17829,0,0.49095,0,3.9238,0,0
52.116,0,-0.57761,0.0036073,0.26765,0,0.18031,0,0
312.81,1,3.8803,19.998,0.096322,1,3.0485,1,0
,,2.9574,,-0.23729,,,,
87.071,0,3.6726,0,0.19453,0,83.549,0,0
310.72,0,3.4381,0,0.75212,0,1.3338,0,0
53.038,1,2.5998,8.2903,0.12721,1,39.61,0,0
,,1.3902,,-0.27802,,,,
179.28,0,4.8227,0.07869,0.11994,0,1.3355,0,0
,,2.7487,,-0.16555,,,,
,,2.9023,,-0.41741,,,,
,,2.9916,,-0.29412,,,,
60.166,1,2.9481,3.4924,0.21522,1,0.7303,1,0
,,3.3121,,0.35126,,,,
162.88,1,4.2022,6.6518,0.17444,1,31.16,1,0
49.454,0,0.8513,0.016198,0.076475,0,0.82329,0,0
178.22,0,-0.31393,0.081826,0.52279,0,7.4293,0,0
247.71,0,2.9221,1.3419,0.21006,0,31.702,0,0
306.41,0,-0.038786,9.6423,0.32399,0,27.094,0,0
306.36,,2.9086,,-0.18489,0,2.0382,0,
306.56,0,3.9446,0.0065858,0.42268,0,1.4009,0,0
346.31,0,-2.0732,5.3595,0.80958,0,73.794,0,1
339.17,,2.5322,,0.16902,0,31.309,0,
153.91,0,-1.6606,0.57642,0.70376,0,14.823,0,0
,,2.4172,,-0.27988,,,,
,,,,-0.2871,,,,
,,2.8795,,-0.4835,,,,
54.986,0,3.2835,2.1347,0.34536,0,2.2671,0,0
116.13,1,2.5766,7.2561,0.16031,1,82.721,0,0
,,2.7605,,-0.21739,,,,
37.742,1,6.8461,17.306,0.10515,1,0.87821,1,0
,,,,-0.37943,,,,
,,2.9545,,-0.36122,,,,
,,2.9704,,-0.34021,,,,
143.49,1,1.2113,26.557,0.12349,1,0.40286,1,0
297.34,0,3.0869,1.1194,0.18493,0,68.342,0,0
87.41,0,0.31013,0.020169,0.27883,0,0.87403,0,0
87.362,0,2.9487,0,0.14064,0,1.5351,0,0
,,0.20299,,0.7492,,,,
99.611,0,1.5219,0.0042725,0.88736,0,1.0865,0,0
231.93,1,-1.2502,11.541,0.24587,1,0.49154,1,0
106.25,0,2.9347,0,0.50827,0,0.43261,0,0
169.49,1,0.65001,19.123,0.028361,1,1.0819,1,0
90.384,0,-0.94153,0.14133,0.11111,0,20.785,0,0
2.3676,0,0.79269,0,0.12227,0,2.2437,0,0
,,2.6477,,-0.2043,,,,
43.684,0,3.795,0.73214,0.30627,0,13.972,0,0
59.756,0,-1.5113,0.0012984,0.44702,0,0.48874,0,0
,,2.5023,,-0.28598,,,,
,,3.3007,,-0.22267,,,,
124.24,0,5.7024,0.0071611,0.61798,0,1.2409,0,0
346.96,0,-0.94052,0.0065159,0.52589,0,1.7482,0,0
36.528,0,1.3923,0.82038,0.16998,0,47.995,0,0
,,2.8559,,-0.33333,,,,
,,3.3363,,-0.11397,,,,
,,0.070552,,0.74938,,,,
68.814,0,2.7538,2.5528,0.4,0,63.396,0,1
,,1.3104,,0.18075,0,,,
255.04,0,0.40132,0,0.07554,0,5.6446,0,0
152.65,0,3.6141,0,0.097011,0,0.82079,0,0
174.15,1,-1.1604,8.1041,0.096154,0,82.971,0,0
73.233,0,3.1817,0.96954,0.11216,0,22.391,0,0
217.54,0,3.7896,0.0070324,0.061901,0,1.0583,0,0
213.47,0,3.2664,7.1983,0.51289,0,45.421,0,1
312.5,0,3.9378,0.038292,0.26786,0,4.7285,0,0
150.48,0,2.7874,0,0.30015,0,53.593,0,0
,,2.7622,,-0.23236,,,,
259.07,0,2.7639,0.001086,0.16684,0,3.2263,0,0
,,0.2515,,-0.20403,,,,
47.716,0,-1.41,0,0.12672,0,0.82952,0,0
223.31,0,3.5447,13.279,0.85608,0,79.03,0,1
72.858,1,-1.2411,13.093,0.29791,1,44.825,0,0
322.52,0,3.8025,0,0.1255,0,0.75853,0,0
173.57,0,0.84492,4.0711,0.436,0,3.4212,0,1
124.66,0,2.9012,8.0137,0.52213,0,72.314,0,1
32.355,0,0.38167,0.0035266,0.11557,0,0.52672,0,0
81.545,0,2.4927,0.042414,0.1451,0,0.25522,0,0
334.84,0,1.297,0,0.41782,0,28.049,0,0
,,1.4456,,-0.30091,,,,
,,2.7934,,-0.16196,,,,
316.46,1,0.33261,31.718,0.068398,1,40.193,0,0
250.49,1,-0.040056,16.944,-0.084381,1,13.811,0,0
179.9,1,0.25119,13.401,0.27073,1,77.288,0,0
161.05,1,3.5862,24.861,0.057592,1,20.661,1,0
269.52,,3.6429,,0.19598,0,85.829,0,
229.55,0,0.37435,0.001049,0.061748,0,1.3899,0,0
224.37,0,4.0062,4.679,0.79577,0,17.453,0,1
121.66,0,3.9317,0.00094628,0.033736,0,0.65322,0,0
260.17,1,3.6583,42.505,0.071066,1,0.86731,1,0
204.24,1,-0.96075,12.116,0.039346,1,0.53115,1,0
284.46,0,3.9169,0,0.050445,0,1.292,0,0
46.698,0,5.9284,0.060608,0.3068,0,5.0773,0,0
,,2.4969,,-0.25903,,,,
323.15,0,-1.6483,2.0862,0.64711,0,2.1636,0,0
197.65,0,1.2524,0.0019209,0.77936,0,42.652,0,0
139.87,0,4.122,2.2309,0.080238,0,44.272,0,0
118.89,0,-1.9862,0.0043366,0.49649,0,2.5503,0,0
286.33,0,3.2244,12.296,0.54978,0,84.016,0,1
80.313,0,0.44194,0,0.48264,0,35.114,0,0
94.991,0,-1.203,6.5142,0.32091,0,82.343,0,0
243.22,0,3.2266,0.011693,0.30541,0,1.6182,0,0
94.038,0,2.8784,1.993,0.37536,0,63.799,0,0
359.05,0,1.1362,0,0.28668,0,3.2471,0,0
,,2.9767,,-0.24096,,,,
165.58,0,0.28128,0,0.084996,0,0.43666,0,0
95.049,1,6.1773,82.68,0.2094,1,2.7476,1,0
150.86,0,2.6501,0,0.20895,0,0.32596,0,0
,,2.735,,0.10975,,,,
269.29,1,2.8039,10.713,0.15281,1,7.8195,1,0
74.286,1,2.5365,18.838,0.14756,1,41.03,0,0
323.61,0,-0.27931,0,0.093313,0,0.57161,0,0
89.299,0,3.467,0.0088809,0.28279,0,0.17817,0,0
5.0135,1,3.4156,11.956,0.096712,1,60.349,0,0
,,,,-0.34534,,,,
53.199,1,0.20454,7.5518,0.15212,1,84.282,0,0
126.5,0,-1.196,0,0.052117,0,0.45479,0,0
52.197,0,4.4151,0,0.18738,0,0.23774,0,0
,,3.2362,,-0.30899,,,,
12.725,1,3.4938,3.3777,0.16921,1,1.3612,1,0
,,2.1174,,-0.41997,,,,
43.063,0,-1.6837,5.3757,0.63661,0,71.783,0,1
,,3.1609,,-0.18333,,,,
,,2.123,,0.085239,,,,
,,2.4555,,0.2297,,,,
309.11,0,3.0378,0,0.14385,0,0.25067,0,0
331.68,0,3.9814,0,0.37642,0,0.2976,0,0
242.66,1,0.50619,20.225,0.11478,1,4.3284,1,0
224.67,1,-1.0268,9.0815,0.18264,1,1.469,1,0
141.16,0,-1.3816,10.933,0.77784,0,56.695,0,1
179.27,0,3.7182,1.3528,0.30914,0,0.15479,0,0
336.54,1,1.9836,34.724,0.026513,1,41.783,0,0
341.54,0,0.69696,0,0.65964,0,0.99912,0,0
,,2.701,,-0.27039,,,,
87.153,0,1.1503,0,0.18966,0,0.77066,0,0
131.5,0,3.0594,0,0.36395,0,0.17069,0,0
134.23,,2.3502,,0.070652,1,2.3285,1,
,,-1.5288,,0.15222,,,,
221.07,0,3.3671,0.11207,0.24522,0,34.081,0,0
107.97,0,3.3804,0,0.81469,0,6.698,0,0
225.07,0,3.5414,0,0.013216,0,2.3085,0,0
282.3,0,3.2842,0,0.31614,0,1.1973,0,0
157.42,1,-0.18196,25.149,0.27239,1,86.115,0,0
258.17,1,2.6783,43.926,0.070444,1,87.502,0,0
,,,,-0.33133,,,,
,,1.4894,,-0.10145,0,,,
267,0,4.7942,0,0.28621,0,55.029,0,0
217.04,0,3.4803,0,0.23855,0,0.82635,0,0
,,2.8913,,-0.16418,,,,
193.76,0,3.0427,0.485,0.1646,0,0.57434,0,0
359.28,0,1.2818,0,0.42332,0,0.55607,0,0
18.243,0,2.5588,1.2352,0.34758,0,17.635,0,0
,,2.7853,,-0.26448,,,,
,,3.2053,,-0.2708,,,,
71.444,0,3.4764,2.2214,0.30209,0,82.718,0,0
73.572,0,2.3129,0.4252,0.49237,0,63.043,0,0
288.18,1,-0.020778,12.233,0.21072,1,42.281,0,0
271.75,,-1.9748,,0.73401,0,22.655,0,
221.22,0,2.5098,0,0.1374,0,76.501,0,0
89.281,0,-1.4353,6.863,0.85192,0,35.023,0,1
139.37,0,-1.2519,0,0.43359,0,1.1733,0,0
197.68,0,-1.169,1.6307,0.25309,0,10.505,0,0
176.45,1,2.4614,9.6711,0.22222,1,22.457,1,0
180.69,0,2.6516,0.099866,0.068392,0,0.92893,0,0
80.81,0,0.30256,0,0.79008,0,16.325,0,0
179.3,0,4.5242,0,0.056796,0,0.14904,0,0
,,2.4342,,-0.31224,,,,
288.13,0,3.0901,8.66,0.85804,0,73.604,0,1
161.49,0,-0.44131,0,0.095338,0,1.5048,0,0
172.05,0,-0.7287,2.4532,0.54094,0,64.706,0,0
89.288,1,3.6513,11.287,0.15401,1,0.16669,1,0
,,-1.9308,,0.66282,,,,
142.25,1,6.8492,17.31,0.10515,1,1.8596,1,0
87.162,0,-1.2912,1.875,0.45075,0,70.291,0,0
323.1,0,-1.1562,0.011957,0.30674,0,0.60366,0,0
273.81,1,-1.5448,14.163,0.24237,1,43.78,0,0
,,2.9177,,-0.21519,,,,
,,2.9903,,-0.34237,,,,
76.051,0,-1.1823,3.5965,0.36466,0,51.606,0,0
,,2.4356,,-0.065789,,,,
,,3.298,,0.011364,,,,
16.888,0,1.0408,0,0.31617,0,0.9502,0,0
192.38,0,5.1684,0.0089946,0.099315,0,1.8769,0,0
111.29,0,-4.2833,0,0.13668,0,0.45874,0,0
256.63,0,0.34227,0.36803,0.17169,0,86.663,0,0
67.854,0,-1.2168,0.023214,0.57152,0,1.3025,0,0
,,2.821,,-0.31409,,,,
39.311,0,4.1274,0.022366,0.20742,0,1.4032,0,0
204.69,0,-1.2788,0.0084548,0.14286,0,3.4235,0,0
,,,,-0.33762,,,,
69.591,1,-0.69678,32.75,0.056755,1,84.279,0,0
222.78,0,0.16308,0,0.25975,0,0.88505,0,0
229.55,0,3.3425,0.0094178,0.2785,0,0.89678,0,0
158.82,0,3.5937,0.0075848,0.27737,0,1.5112,0,0
7.7091,0,0.7487,23.67,0.88289,0,35.508,0,1
,,3.3706,,-0.090047,,,,
84.644,1,4.3436,25.793,0.10503,1,84.104,0,0
345.61,0,2.1784,0.6715,0.14082,0,6.4682,0,0
47.921,0,3.5909,0.008606,0.10453,0,1.8297,0,0
33.676,1,-1.121,17.323,0.11771,1,0.85455,1,0
20.452,0,-0.374,0,0.11073,0,0.27051,0,0
167.46,0,3.3212,0.010676,0.78022,0,12.563,0,0
242.1,0,3.2836,0.011958,0.77945,0,55.346,0,0
59.575,0,0.70495,7.5085,0.6507,0,11.604,0,1
347.39,0,3.9719,0.01434,0.36297,0,3.6216,0,0
,,,,-0.42756,,,,
94.921,0,-0.18012,44.31,0.46621,0,0.17339,0,1
355.36,0,2.1651,5.8831,0.47643,0,40.768,0,1
350.24,1,-0.88476,16.807,0.037453,1,0.3657,1,0
106.79,0,2.621,0,0.19252,0,1.0485,0,0
152.21,0,3.1132,12.724,0.38265,0,0.32835,0,0
,,2.9753,,-0.33793,,,,
178.3,0,3.5803,0.50686,0.43307,0,37.656,0,0
,,2.5271,,-0.25,,,,
103.56,0,3.8656,0,0.29287,0,0.30245,0,0
,,3.2905,,0.030271,,,,
216.72,0,3.1958,8.6816,0.60191,0,54.193,0,1
138.27,0,2.9778,0.27541,0.15556,0,0.51667,0,0
257.86,1,0.028842,17.004,0.14122,1,0.46324,1,0
,,,,-0.43009,,,,
340.14,0,-1.6077,0,0.44798,0,3.521,0,0
238.76,0,3.4197,0,0.2661,0,6.5379,0,0
,,,,-0.26739,,,,
,,3.2804,,0.11551,,,,
,,1.185,,-0.27055,,,,
165.85,0,1.3206,0,0.60858,0,0.24754,0,0
,,1.0392,,-0.20777,,,,
219.5,0,-1.1329,7.5784,0.78893,0,46.963,0,1
269.27,0,-1.293,6.968,0.41585,0,0.27014,0,1
154.53,0,0.56442,0,0.19185,0,0.31566,0,0
,,1.5844,,-0.31126,,,,
107.53,1,-0.85656,17.042,0.038025,0,17.246,0,0
351.7,0,-2.0194,9.7311,0.80525,0,45.886,0,1
,,,,-0.39573,,,,
56.02,1,-0.19462,18.945,0.054576,0,88.713,0,0
357.87,0,0.41302,0.0044753,0.14155,0,2.3098,0,0
175.42,0,3.5083,0,0.6,0,0.4252,0,0
313.03,0,-1.1944,3.5382,0.4876,0,41.823,0,1
224.39,,2.5325,,-0.0088004,0,87.538,0,
53.221,0,-1.1406,0,0.33278,0,5.8523,0,0
,,1.002,,-0.22948,,,,
,,2.6744,,-0.27503,,,,
345.6,0,-1.1872,0,0.4052,0,1.0206,0,0
,,2.8141,,-0.29055,,,,
126.38,0,1.3437,0.057497,0.74006,0,5.8528,0,0
187.04,1,2.1633,9.1731,0.15067,1,65.751,0,0
341.47,1,-0.60812,86.387,0.13602,1,86.964,0,0
29.588,0,3.8913,0.018819,0.14188,0,1.5601,0,0
,,2.6954,,-0.25738,,,,
234.85,0,2.7241,6.4822,0.38714,0,75.266,0,0
348.15,0,4.4987,0,0.29903,0,1.9333,0,0
123.46,0,2.9741,0,0.088631,0,2.4992,0,0
134.2,0,-1.4709,0,0.46673,0,0.25165,0,0
,,3.2795,,-0.21196,,,,
,,2.1695,,-0.35079,,,,
115.21,1,-0.022724,8.0841,0.20247,1,26.381,0,0
181.62,1,-1.1699,15.498,0.17391,1,4.8937,1,0
216.08,0,4.1885,0.013092,0.20292,0,1.2954,0,0
98.59,0,-0.99059,0,0.43753,0,0.42517,0,0
334.39,1,1.658,22.772,0.037721,1,2.6336,1,0
89.294,1,2.2358,5.8181,0.2374,1,0.080466,1,0
180.89,0,-1.4244,1.9418,0.65861,0,51.793,0,0
,,0.9797,,-0.22207,,,,
269.29,1,3.0755,69.983,0.048321,1,1.161,1,0
,,3.3041,,0.02439,,,,
,,3.2051,,-0.35325,,,,
,,2.3084,,-0.11922,,,,
57.746,0,2.9657,0,0.097911,0,2.2448,0,0
322.11,1,4.0312,2.8504,0.12601,1,0.5325,1,0
,,2.3272,,-0.32677,,,,
124.91,0,-1.1126,0.012155,0.36189,0,1.3576,0,0
137.55,0,4.1595,0,0.32889,0,63.208,0,0
,,,,-0.2891,,,,
,,2.419,,-0.44704,,,,
,,2.3337,,-0.22518,,,,
191.69,0,-1.1809,31.246,0.33812,0,1.2032,0,0
302.66,1,1.3523,26.584,0.13933,1,0.36479,1,0
,,2.9162,,-0.37705,,,,
27.023,0,4.6938,0,0.21289,0,0.79019,0,0
118.96,1,-0.47188,11.306,0.15617,1,0.55569,1,0
112.62,1,2.6752,7.2061,0.18511,1,2.3147,1,0
269.28,0,1.7403,0.27518,0.54622,0,0.72417,0,0
89.288,1,3.2715,3.3198,0.097604,1,0.14369,1,0
194.04,0,5.3035,0,0.22508,0,10.882,0,0
,,2.8829,,-0.23861,,,,
44.924,1,-1.1065,8.4015,0.14329,1,0.40995,1,0
,,0.83788,,-0.27326,,,,
359.3,0,3.8082,0,0.51327,0,0.16052,0,0
123.19,,3.1242,,0.27737,0,1.2637,0,
,,2.8838,,-0.28421,,,,
282.57,0,-0.25701,0,0.24134,0,0.22442,0,0
226.1,0,0.30411,0.030692,0.49273,0,19.171,0,0
80.896,1,1.0547,2.9448,0.16151,0,85.949,0,0
291.39,,1.4996,,0.055832,0,55.078,0,
,,1.9408,,0.66209,,,,
45.091,0,2.6352,0.19377,0.092934,0,8.0731,0,0
33.038,1,0.39332,26.321,0.071141,1,0.45516,1,0
331,0,3.5281,0.0062041,0.0030066,0,1.3215,0,0
61.378,0,-0.57121,4.8042,0.42489,0,62.975,0,1
205.1,1,-1.1586,7.4471,0.29768,1,0.92344,1,0
,,3.3446,,-0.20746,,,,
292.64,0,3.7121,0,0.13099,0,1.9087,0,0
,,2.3764,,0.079602,,,,
,,2.8991,,-0.42966,,,,
232.69,0,-1.0079,0,0.30772,0,1.231,0,0
,,2.9023,,-0.35689,,,,
308.68,1,-0.36654,11.473,0.11853,1,0.25288,1,0
,,1.5008,,-0.3743,,,,
,,2.1768,,-0.071737,,,,
343.8,0,-0.64877,0.25387,0.57348,0,5.1968,0,0
71.134,1,3.6093,13.441,-0.077057,1,12.257,0,0
167.75,0,0.76197,0,0.5591,0,0.31596,0,0
324.88,0,3.5183,0.96916,0.23855,0,46.184,0,0
64.025,0,4.1714,0,0.10577,0,0.34949,0,0
,,2.5425,,-0.29254,,,,
240.45,1,2.3742,4.9705,0.040467,1,0.62985,1,0
188.16,0,5.0847,0.0047274,0.08761,0,1.9372,0,0
219.2,1,3.573,30.817,0.1837,1,0.68043,1,0
,,3.2325,,-0.19718,,,,
118.26,0,1.3627,15.812,0.36102,0,58.971,0,0
,,2.5704,,-0.21793,,,,
269.71,0,-1.1807,0.0058962,0.55591,0,0.75866,0,0
,,2.8362,,-0.19941,,,,
143.41,0,3.3066,0.0021696,0.68435,0,0.55895,0,0
311.18,0,-1.1262,0.083832,0.53932,0,0.69511,0,0
87.21,1,2.907,10.525,0.15831,1,67.465,0,0
89.276,1,-0.92314,13.507,0.21702,1,0.25861,1,0
344.24,0,0.3408,0,0.34007,0,1.3058,0,0
328.36,1,3.5459,40.414,0.19694,1,0.54812,1,0
171.94,0,-0.99249,0,0.14483,0,0.8554,0,0
169.06,1,2.8995,16.561,0.068759,1,37.444,1,0
7.9543,0,4.0886,0,0.068604,0,1.1074,0,0
11.701,0,5.4366,0.010303,0.42092,0,2.7274,0,0
344.66,0,2.7527,1.8595,0.045188,0,42.029,0,0
321.93,0,5.2581,0,0.35552,0,1.089,0,0
144.97,0,-1.2526,0.93068,0.20029,0,4.4675,0,0
292.29,1,3.8887,13.892,0.16436,1,0.54313,1,0
,,2.4957,,0.00068259,,,,
,,2.3679,,-0.071038,,,,
222.42,0,2.4286,0.44997,0.054258,0,2.5121,0,0
96.687,0,-1.3361,0.02306,0.35496,0,0.13331,0,0
179.28,0,-1.1415,0.15069,0.68086,0,16.35,0,0
192.99,1,-0.91945,16.499,0.075899,1,76.772,0,0
,,2.7463,,-0.23684,,,,
44.357,1,-0.2885,7.5262,0.060445,1,0.10552,1,0
115.99,0,5.2691,0,0.37172,0,0.76552,0,0
187.5,,-0.30206,,0.064825,1,3.0903,1,
281.96,0,-1.4125,0,0.24214,0,1.5137,0,0
241.99,0,0.40148,0,0.41419,0,1.6747,0,0
200.31,1,3.0577,17.648,0.033049,1,5.1811,1,0
182.22,1,3.6448,7.6774,0.18195,1,0.44775,1,0
257.16,1,0.37259,4.7839,0.092437,1,25.363,0,0
340.75,1,2.8453,6.9879,0.19726,1,25.974,0,0
45.08,0,3.5862,0,0.8364,0,0.3207,0,0
135.19,1,3.3712,26.484,0.021041,1,76.608,0,0
89.261,0,-1.2901,0,0.24927,0,82.248,0,0
,,2.7159,,-0.38164,,,,
44.371,0,4.1233,0.0027561,0.14744,0,3.4298,0,0
327.47,0,3.6916,0.0051959,0.17061,0,1.4166,0,0
43.165,1,3.3309,11.731,0.038814,1,25.368,0,0
196.6,0,-0.84116,1.0684,0.48976,0,40.507,0,0
228.47,0,0.33561,0.065185,0.83186,0,68.831,0,0
267.2,0,0.17399,10.617,0.52436,0,49.696,0,1
52.788,0,-1.8102,0.011554,0.77087,0,0.85785,0,0
177.07,0,-1.2841,0,0.091849,0,0.74579,0,0
282.73,0,0.94344,6.4256,0.6643,0,26.704,0,1
73.709,1,3.3067,21.929,0.16195,1,37.337,0,0
327.07,1,3.5892,10.481,0.028125,1,1.6598,1,0
,,2.3804,,-0.28197,,,,
340.27,0,3.5145,7.5138,0.41852,0,82.091,0,1
95.904,1,-0.234,69.658,0.013223,1,0.54959,1,0
,,2.4749,,-0.33563,,,,
48.669,0,3.7598,0.020034,0.63361,0,0.70427,0,0
,,3.2282,,-0.42697,,,,
287.24,0,-1.1346,0.0090178,0.37437,0,0.24168,0,0
,,2.75,,0.005168,,,,
289.48,0,2.7308,0.095018,0.05741,0,1.543,0,0
314.12,,3.2798,,0.10788,1,87.148,0,
96.547,0,-1.0711,0.016255,0.14707,0,1.7666,0,0
,,3.3624,,-0.034277,,,,
60.437,0,1.0971,0.009358,0.44853,0,6.0603,0,0
,,2.9469,,0.15152,,,,
,,2.0954,,-0.30366,,,,
14.249,0,2.7821,0,0.17548,0,0.35605,0,0
102.63,0,-1.723,0,0.58431,0,2.5797,0,0
,,3.1782,,-0.20868,,,,
89.287,1,2.0442,25.041,0.10914,1,51.367,0,0
341.51,1,0.44292,16.737,0.1073,1,49.732,0,0
157.48,0,2.7131,0.0074084,0.20879,0,1.7162,0,0
179.29,1,4.5755,25.143,0.096877,1,9.0059,1,0
221.83,0,-1.2543,8.8269,0.69436,0,71.328,0,1
148.55,0,3.6701,0,0.37269,0,0.93359,0,0
143.02,0,-1.0516,0,0.32652,0,1.5352,0,0
133.01,1,3.3825,8.4528,0.12649,1,6.6809,1,0
,,1.1962,,-0.35929,,,,
175.05,1,0.15058,23.656,0.091802,1,75.693,0,0
239.12,1,-1.0837,11.436,0.16556,1,15.645,0,0
311.94,0,2.6985,0,0.16601,0,0.71094,0,0
343.08,1,5.8345,5.2338,0.0073064,1,2.0588,1,0
276.17,1,0.22947,4.4523,0.10289,1,50.78,0,0
266.34,0,-1.0608,0.0046111,0.091493,0,1.2314,0,0
,,2.9753,,-0.34722,,,,
261.9,0,-1.9964,3.1909,0.76164,0,41.09,0,1
,,2.8665,,-0.28897,,,,
111.8,1,3.6218,18.189,0.1154,1,0.6284,1,0
15.766,0,-1.8676,9.8239,0.81397,0,68.187,0,1
138.43,0,5.4213,0,0.076199,0,0.38657,0,0
154.26,1,-0.89386,15.308,0.21018,1,37.069,1,0
69.901,1,0.21312,13.642,0.10129,1,11.569,0,0
,,2.5253,,-0.31046,,,,
179.3,1,3.0419,15.542,0.096724,1,0.32104,1,0
42.167,1,3.4757,19.901,0.12039,1,0.95431,1,0
145.54,0,2.73,0.0067506,0.1125,0,0.20687,0,0
157.06,0,4.2264,0,0.15813,0,0.63788,0,0
,,0.82232,,-0.26594,,,,
,,2.4006,,0.11973,0,,,
348.45,0,-1.0754,0,0.2126,0,3.393,0,0
136.1,0,2.7364,0.12005,0.041342,0,4.0156,0,0
,,2.6101,,0.023192,,,,
172.59,0,4.3813,2.4521,0.11392,0,27.176,0,0
115.93,1,1.3583,9.5687,0.029326,1,37.278,0,0
,,2.7374,,-0.15762,,,,
,,3.0328,,-0.37618,,,,
33.636,0,1.7029,0.43977,0.89696,0,5.6344,0,0
184.39,1,3.481,12.195,0.26702,1,0.25897,1,0
73.851,0,0.4294,0.013995,0.11881,0,2.0444,0,0
337.41,1,3.5702,10.983,0.20692,0,83.547,0,0
,,1.134,,-0.24775,,,,
,,2.9833,,-0.43113,,,,
356.26,0,-1.2812,8.4017,0.75024,0,55.66,0,1
131.35,1,2.9855,3.2107,0.02439,1,0.48774,1,0
293.13,1,0.25629,26.823,0.068359,1,0.99276,1,0
,,0.94285,,-0.0048685,,,,
141.08,0,3.0882,0.010926,0.64375,0,2.2386,0,0
136,0,3.5981,1.9169,0.53339,0,59.51,0,0
37.72,0,3.5987,0.020807,0.84424,0,62.361,0,0
66.789,1,2.4788,4.8675,0.16165,1,0.80873,1,0
,,,,-0.3466,,,,
156.86,0,-0.50619,0.020993,0.36469,0,5.7234,0,0
356.39,1,3.534,4.0763,0.14333,0,12.539,0,0
,,1.2363,,-0.31818,,,,
,,0.97747,,-0.1867,,,,
157.35,1,-1.0224,14.957,0.14037,1,0.8157,1,0
202.64,0,1.1449,9.6647,0.65365,0,72.277,0,1
53.073,1,4.0861,28.275,0.079589,1,0.80493,1,0
,,,,-0.32907,,,,
,,2.8662,,-0.17824,,,,
181.76,0,3.892,0,0.31201,0,13.07,0,0
194.86,0,0.97438,0,0.12138,0,1.434,0,0
195.26,1,3.025,16.83,0.1015,1,7.5355,1,0
48.015,1,3.2355,9.8354,0.14922,1,1.208,1,0
352.23,0,3.4,0.010842,0.16981,0,2.8052,0,0
89.3,1,3.6762,19.363,0.09589,1,16.738,0,0
260.07,0,4.346,0.79224,0.70021,0,23.669,0,0
29.186,0,0.10657,0.0089313,0.49607,0,65.531,0,0
266.94,1,1.9046,4.5224,0.039216,0,66.524,0,0
89.272,0,-1.3757,0.20593,0.54522,0,1.7525,0,0
95.411,0,8.979,0.34624,0.80989,0,69.26,0,0
295.26,0,-1.0997,0,0.13829,0,1.1252,0,0
71.515,0,3.7439,8.4645,0.73143,0,45.661,0,1
113.99,0,0.43783,5.6361,0.70656,0,79.138,0,1
,,2.5594,,-0.24159,,,,
,,1.8028,,-0.35777,,,,
7.9916,0,5.1226,1.3257,0.15498,0,2.2201,0,0
132.42,0,3.6485,0,0.25822,0,0.7716,0,0
,,2.2952,,-0.35168,,,,
214.37,1,2.2849,5.76,0.23789,1,0.070012,1,0
0,0,3.4882,8.312,0.58233,0,0,0,1
170.71,0,7.3517,4.1348,0.78501,0,60.688,0,1
,,1.447,,-0.22761,,,,
240.53,0,-0.80599,20.093,0.35045,0,0.39335,0,0
,,-1.1464,,0.41597,,,,
315.55,0,3.6139,0.0069087,0.17291,0,1.0554,0,0
43.038,1,2.8447,16.247,0.089695,1,9.5921,1,0
312.87,0,-0.87933,12.684,0.34732,0,10.414,0,0
131.6,0,2.8845,0.056587,0.1158,0,6.5384,0,0
,,1.2628,,-0.393,,,,
62.94,1,3.524,4.7433,0.042975,0,83.489,0,0
157.95,0,4.1771,0,0.22316,0,0.36314,0,0
26.705,1,3.3717,30.236,0.15877,1,0.48109,1,0
321.88,0,0.53578,0,0.22783,0,1.0971,0,0
,,3.3532,,-0.24611,,,,
321.01,1,-1.1756,16.351,0.1379,1,32.89,0,0
,,2.6925,,-0.33541,,,,
167.93,1,2.2069,5.4082,0.0067114,1,8.8973,1,0
197.85,0,3.0462,0,0.047153,0,59.061,0,0
224.38,1,-1.0058,8.2048,0.10966,1,85.337,0,0
65.803,0,3.1106,3.6869,0.63812,0,33.51,0,1
,,2.4386,,-0.43525,,,,
73.267,0,0.75763,0,0.37107,0,1.3093,0,0
,,2.7136,,-0.4311,,,,
,,2.4916,,-0.36042,,,,
209.92,0,-1.2952,0,0.22239,0,1.6455,0,0
179.29,1,3.6418,13.035,0.17887,1,0.18917,1,0
327.22,1,-0.7326,120.91,0.04483,1,29.441,0,0
42.188,0,-1.3156,0.14409,0.63785,0,71.109,0,0
318.08,0,5.9221,0.0028706,0.051084,0,1.2038,0,0
318.35,0,3.2889,0,0.011236,0,7.5802,0,0
237.25,0,0.27744,0,0.085992,0,2.4732,0,0
,,0.98369,,-0.18406,,,,
,,2.3691,,-0.37842,,,,
169.26,1,-1.1984,18.839,0.14513,1,2.1966,1,0
316.98,0,0.25805,0,0.33479,0,84.417,0,0
183.69,0,0.51139,7.9274e-06,0.71429,0,0.67271,0,0
341.88,0,-0.28866,0.055164,0.22031,0,0.67283,0,0
,,1.4889,,-0.38144,,,,
,,2.6942,,0.19779,,,,
,,2.3995,,-0.17217,,,,
,,2.7419,,-0.1831,,,,
179.29,1,-1.7533,18.421,0.21442,0,86.86,0,0
158.49,1,3.4375,7.0895,0.08724,1,29.58,1,0
233.78,0,4.8513,0,0.2075,0,1.1154,0,0
53.489,1,2.8133,6.8825,0.016122,1,1.7925,1,0
,,2.6198,,-0.1876,,,,
,,2.6301,,-0.10796,,,,
,,1.9846,,-0.043364,,,,
308.88,0,1.0661,1.5074,0.87284,0,74.073,0,0
247.83,0,5.1076,0,0.22595,0,5.2041,0,0
,,2.6925,,-0.42361,,,,
106.08,1,-0.92884,31.765,0.086262,1,15.257,0,0
,,2.9144,,-0.17386,,,,
194.72,1,-4.6304,9.3167,-0.0035486,1,16.458,1,0
104.85,1,2.9507,5.4959,0.12308,1,86.941,0,0
158.32,1,-1.1539,3.0322,0.091454,0,87.147,0,0
269.29,0,3.9101,0,0.12734,0,1.1206,0,0
,,2.152,,-0.20581,,,,
165.12,0,1.6415,0,0.77688,0,3.7549,0,0
46.718,1,3.9269,9.6909,0.2514,1,1.3892,1,0
103.7,1,2.7433,4.3923,0.27759,0,53.659,0,0
359.29,1,0.65506,19.441,0.10966,1,0.1147,1,0
186.89,0,0.66347,0,0.51647,0,0.78077,0,0
,,-1.179,,0.32466,,,,
,,2.9395,,-0.15122,,,,
,,2.6909,,-0.4232,,,,
113.76,0,0.70125,0.0020474,0.28101,0,5.9532,0,0
359.3,1,3.9479,26.646,0.13826,1,0.344,1,0
,,2.3649,,-0.2966,,,,
300.38,0,-1.3572,0,0.047273,0,0.54372,0,0
89.286,1,0.48258,24.014,0.05641,1,1.3274,1,0
124.35,1,0.21663,20.462,0.0081776,1,57.33,0,0
177.65,0,1.1161,0,0.089895,0,70.727,0,0
,,2.8539,,-0.2544,,,,
286.43,1,3.3396,18.451,0.071429,1,0.25262,1,0
348.37,1,-0.93291,15.967,0.26398,1,0.60722,1,0
348.24,0,3.1399,0.198,0.68446,0,45.19,0,0
,,2.6545,,-0.15871,,,,
,,2.7659,,-0.25472,,,,
262.49,0,-1.8335,0.35905,0.72893,0,62.627,0,0
317.94,0,3.5007,0.12131,0.084703,0,0.43517,0,0
21.077,1,-1.0815,28.375,0.047921,1,4.4182,1,0
313.88,0,1.7985,0.072371,0.53881,0,34.403,0,0
137.1,0,3.0148,0.0038035,0.17263,0,0.56481,0,0
,,2.0936,,-0.24198,,,,
282,0,3.2315,1.5432,0.022959,0,84.657,0,0
353.19,0,3.346,0.56189,0.66559,0,50.082,0,0
276.43,0,3.2026,0,0.17822,0,1.2452,0,0
43.2,0,3.039,0.011371,0.06618,0,2.2033,0,0
158.11,0,3.658,0.91156,0.63996,0,36.899,0,0
,,1.4806,,-0.38849,,,,
182.96,0,2.9779,1.8798,-0.0024773,0,12.417,0,0
230.24,0,-0.28224,9.4654,0.63829,0,86.365,0,1
271.92,1,-0.92134,8.9274,0.17765,1,0.74506,1,0
239.31,1,-0.073898,8.9677,0.073819,1,38.241,0,0
,,,,-0.35484,,,,
,,2.855,,-0.3302,,,,
105.73,1,-0.94058,69.661,0.13233,1,0.7489,1,0
,,1.4551,,-0.36471,,,,
23.403,1,1.3707,9.8664,0.10171,1,0.99859,1,0
89.427,1,-0.074769,13.154,0.10719,0,81.8,0,0
94.272,1,-0.33511,27.261,0.1104,1,0.46151,1,0
174.72,0,4.4096,0.063526,0.24984,0,1.7363,0,0
,,2.6751,,-0.15843,,,,
288.11,0,-0.77847,0,0.31118,0,0.95934,0,0
285.34,1,3.1648,8.6306,0.17771,1,3.3571,1,0
185.29,1,3.4171,12.957,0.082969,1,2.1981,1,0
,,2.9044,,-0.31579,,,,
43.853,1,-0.97499,61.435,0.061849,1,24.443,0,0
320.03,0,-1.1905,2.6246,0.34398,0,2.914,0,0
327.77,0,-1.0154,0,0.47692,0,2.7479,0,0
58.976,1,3.1128,12.656,0.2686,1,0.1931,1,0
,,2.8691,,-0.32313,,,,
,,2.0171,,-0.2808,,,,
,,2.41,,-0.15336,,,,
252.16,0,-0.1581,10.112,0.3651,0,0.89595,0,0
102.25,0,3.2414,1.4717,0.58853,0,59.283,0,0
325,0,-1.0892,12.975,0.33221,0,7.9508,0,0
156.65,0,3.0444,0.0071752,0.11671,0,0.92547,0,0
223.15,0,3.8157,2.2999,0.43834,0,49.82,0,0
346.79,0,1.8253,0,0.10479,0,1.1684,0,0
151.19,0,-0.087245,0,0.49655,0,10.963,0,0
234.53,1,4.0241,35.148,0.095949,1,88.581,0,0
347.07,0,-0.62982,16.656,0.41928,0,0.51619,0,1
10.076,0,-1.053,0.20972,0.62386,0,4.3802,0,0
,,,,-0.26282,,,,
42.637,0,3.5133,0,0.1085,0,0.80392,0,0
179.29,0,2.9548,0.00069475,0.53216,0,1.3699,0,0
211.37,1,0.29,16.803,0.11625,1,0.27061,1,0
89.271,0,-1.7028,11.436,0.43106,0,7.8026,0,1
75.986,0,3.1975,0.32402,0.6404,0,76.38,0,0
,,2.6695,,-0.2075,,,,
292.27,0,3.8448,0.035,0.045006,0,1.9968,0,0
,,2.4522,,-0.22951,,,,
10.435,1,-1.2824,10.179,0.13201,1,32.99,0,0
239.96,1,-0.70926,2.5219,0.071006,0,57.236,0,0
,,1.9721,,-0.25862,,,,
270.58,1,-1.1911,5.5286,0.10106,1,0.25297,1,0
97.756,1,2.8994,11.026,0.2493,1,0.66241,1,0
359.27,1,-1.2006,4.078,0.10984,1,0.60193,1,0
269.28,0,1.0216,9.2574,0.5922,0,0.14372,0,1
,,,,-0.31761,,,,
175.02,0,-1.0226,1.048,0.54967,0,73.102,0,0
247.92,0,-0.55963,0,0.33041,0,53.78,0,0
,,3.306,,-0.39461,,,,
346.54,0,0.26434,10.405,0.89485,0,54.306,0,1
180.43,1,-0.15482,20.776,0.043584,0,80.958,0,0
180.23,0,1.6738,3.2453,0.74874,0,64.217,0,1
,,2.6685,,-0.29835,,,,
45.975,1,3.0622,12.945,0.15074,0,0.36345,0,0
77.55,1,4.0552,36.78,0.13349,1,0.14085,1,0
339.56,0,3.9684,0.0017672,0.14854,0,2.602,0,0
,,2.6607,,-0.3265,,,,
321.86,1,2.8624,4.8697,0.24118,0,83.642,0,0
,,1.2882,,-0.026549,,,,
134.35,1,-0.97952,13.7,0.18542,1,1.6839,1,0
58.142,1,0.38425,22.719,0.11638,1,2.5368,1,0
158.67,0,-0.59066,27.522,0.36938,0,46.002,0,0
319.09,1,0.67718,55.692,0.056469,1,0.85524,1,0
297.18,0,3.5811,0.13334,0.06088,0,11.408,0,0
268.35,0,-1.3225,0,0.17897,0,0.71276,0,0
168.49,0,-0.45641,0.0028146,0.20299,0,0.58358,0,0
143.35,0,3.4639,0,0.066187,0,0.92042,0,0
125.69,0,3.4767,0.00019765,0.33593,0,1.4778,0,0
124.26,0,3.6501,0.04352,0.017642,0,1.2903,0,0
183.91,0,5.1661,0,0.5825,0,8.5067,0,0
337.75,1,-0.8734,69.153,0.073283,1,1.1585,1,0
358.52,0,1.3791,0,0.36462,0,61.146,0,0
329.04,1,2.9552,13.714,0.17989,1,16.137,0,0
165.2,0,3.3731,0.026945,0.46901,0,1.0401,0,0
143.18,0,2.2945,0,0.071115,0,46.97,0,0
,,3.2093,,-0.25051,,,,
188.8,1,3.6955,3.4122,0.22002,0,51.069,0,0
307.89,0,-1.1756,10.157,0.7972,0,67.746,0,1
2.8081,0,-1.1546,2.0977,0.60952,0,48.402,0,0
131.63,0,4.0538,0.0041981,0.59134,0,0.72328,0,0
316.28,0,4.1685,0.010448,0.35868,0,1.2466,0,0
,,2.5819,,-0.31494,,,,
324.17,0,3.3957,0,0.17602,0,1.5278,0,0
344.72,0,3.6367,0.0043497,0.08632,0,2.8111,0,0
266.61,1,0.63643,17.196,0.10434,1,0.86297,1,0
319.17,0,1.1765,0.927,0.89109,0,60.944,0,0
263.56,0,-0.97194,11.349,0.39355,0,67.502,0,0
144.32,0,4.0007,0,0.11185,0,1.4132,0,0
,,,,-0.39573,,,,
351.37,0,-0.44844,0.0042386,0.15408,0,2.337,0,0
69.068,0,3.8657,0.0027485,0.23194,0,0.67986,0,0
176.69,1,3.7854,21.754,0.11094,1,2.2656,1,0
219.24,,1.9665,,0.11721,0,1.9509,0,
326.7,1,-0.2726,16.056,0.16414,1,1.1632,1,0
66.376,0,2.4496,0,0.27732,0,3.2969,0,0
133.32,0,3.9034,0.031635,0.27437,0,18.87,0,0
269.28,0,4.0525,1.4817,0.47362,0,13.851,0,0
224.36,1,3.8519,37.347,0.13151,1,1.5746,1,0
359.29,0,3.47,0.011009,0.11195,0,1.3699,0,0
,,2.441,,-0.33224,,,,
135.28,0,1.6298,0.0071694,0.020828,0,0.21515,0,0
,,2.9775,,-0.087356,,,,
,,2.7092,,-0.22367,,,,
227.9,1,3.0743,9.0687,0.11364,1,34.76,0,0
206.74,0,3.7962,3.8462,0.73143,0,73.356,0,1
50.91,0,3.3664,0,0.24522,0,34.041,0,0
359.29,0,0.30026,0.0055414,0.69759,0,59.083,0,0
204.24,0,-0.58489,0,0.30452,0,0.53116,0,0
312.34,0,3.4096,0.013541,0.14036,0,1.754,0,0
,,1.7324,,-0.22261,,,,
,,3.3612,,-0.10932,,,,
63.433,0,-0.051621,0,0.057479,0,1.1047,0,0
9.9812,0,3.4283,6.5035,0.80453,0,77.193,0,1
2.3972,0,0.034221,0.0017785,0.45641,0,0.63726,0,0
296.57,0,4.118,0.05996,0.58807,0,1.3384,0,0
68.895,1,0.11897,13.786,0.13658,1,84.108,0,0
237.66,0,0.32824,0,0.14113,0,0.7762,0,0
,,2.9931,,-0.25301,,,,
31.119,1,2.8928,12.693,0.21187,1,0.28337,1,0
69.045,0,-1.066,0,0.21252,0,0.56354,0,0
,,,,-0.41606,,,,
,,2.2136,,-0.29985,,,,
308.05,0,3.128,2.6462,0.51523,0,3.6947,0,1
327.52,0,3.2395,0.0017529,0.067551,0,0.82942,0,0
218.09,0,0.23021,0.090286,0.56621,0,21.239,0,0
,,1.8695,,-0.39012,,,,
359.27,1,5.9794,9.2329,0.16861,1,0.21208,1,0
20.687,0,3.8842,0.067679,0.23615,0,2.1109,0,0
179.27,0,3.8273,0,0.085976,0,1.2725,0,0
261.49,0,-1.1165,1.13,0.26727,0,39.817,0,0
268.42,1,2.8382,35.338,0.0051571,1,1.5287,1,0
278.27,0,3.0747,0.038966,0.087941,0,39.191,0,0
,,2.7339,,-0.22188,,,,
359.28,0,-1.2346,0,0.05426,0,0.13185,0,0
,,,,-0.37153,,,,
140.19,0,2.5269,0.99173,0.87398,0,67.639,0,0
143.74,0,4.5524,0.00098181,0.76639,0,1.0284,0,0
16.222,1,3.841,11.898,0.13522,0,80.555,0,0
305.36,1,-0.13489,13.563,0.14607,1,16.802,0,0
359.27,0,2.9551,0,0.072069,0,2.1603,0,0
180.22,0,2.0893,1.8934,0.13728,0,34.187,0,0
,,2.858,,-0.34636,,,,
120.51,0,3.0418,0,0.18806,0,0.53092,0,0
269.23,1,3.616,49.15,0.26325,0,87.683,0,0
231.1,0,-0.81061,12.679,0.73267,0,85.401,0,1
200.77,0,3.8192,0.0050244,0.058275,0,1.1457,0,0
107.13,0,-1.0225,0.0054865,0.40788,0,0.57966,0,0
,,3.2978,,-0.29551,,,,
,,3.4801,,-0.31741,,,,
291.3,0,-0.95836,7.1401,0.77791,0,24.158,0,1
255.44,0,-0.13104,0.0013353,0.18255,0,1.5091,0,0
119.17,0,3.3952,0,0.3107,0,0.21872,0,0
,,1.9235,,-0.40909,,,,
156.04,0,3.5744,0.022024,0.064588,0,1.8775,0,0
,,2.3547,,-0.2992,,,,
66.704,0,-1.5622,0,0.18494,0,5.7319,0,0
128.27,0,3.1768,0.35774,0.21588,0,6.9017,0,0
252.37,0,2.961,0,0.091257,0,0.76887,0,0
,,3.0691,,-0.22528,,,,
188.29,1,-0.75628,12.02,0.19347,1,1.0273,1,0
220.28,0,4.2772,0,0.14081,0,22.409,0,0
359.27,1,-0.11405,20.619,0.084471,1,0.5676,1,0
348.95,0,3.5637,0.028235,0.020147,0,1.7594,0,0
140.49,0,2.517,0.27813,0.12368,0,1.2796,0,0
82.141,0,4.2252,0.014488,0.1213,0,1.61,0,0
,,2.7321,,-0.2916,,,,
86.757,0,-0.97116,0.099661,0.10233,0,11.317,0,0
211.16,0,-1.1796,1.3317,0.79276,0,7.2853,0,0
318.45,1,-0.030191,16.19,0.067281,1,0.7121,1,0
203.23,0,-0.99104,0.02724,0.13259,0,0.55203,0,0
,,2.6462,,-0.35774,,,,
37.203,0,-0.72024,0.044243,0.40453,0,12.078,0,0
314.22,1,2.5365,3.5829,0.29077,0,1.4852,0,0
312.08,1,-1.0355,3.6646,0.26938,0,72.249,0,0
317.26,1,1.4694,13.977,0.29857,1,0.9956,1,0
343.1,0,-1.0314,0.012283,0.04266,0,4.0762,0,0
138.96,0,-1.1053,0,0.1385,0,1.1014,0,0
,,1.4482,,-0.29949,,,,
16.037,0,-1.1931,8.7447,0.6238,0,49.314,0,1
,,3.5213,,-0.23418,,,,
,,2.8232,,-0.32268,,,,
353.81,0,2.8075,0,0.067373,0,2.8369,0,0
280.43,1,-1.8012,13.719,0.28326,0,2.4589,0,0
293.98,0,4.5299,0,0.050323,0,1.3724,0,0
34.093,0,2.4948,0,0.31374,0,0.52362,0,0
111.21,0,0.63476,0,0.36598,0,1.6415,0,0
,,0.88302,,-0.2872,,,,
316.48,0,-1.0121,0,0.2299,0,1.7419,0,0
179.28,0,-1.2014,11.531,0.31695,0,0.005686,0,0
180.29,0,2.3262,4.7011,0.48682,0,0.99756,0,1
357.3,1,-1.0419,3.5183,0.13586,0,68.255,0,0
181.41,0,-0.90214,0,0.45239,0,1.3938,0,0
275.02,1,-1.6826,8.82,0.18005,1,0.8029,1,0
,,3.3211,,-0.41431,,,,
285.53,1,2.652,14.748,0.27047,1,18.643,0,0
,,2.8339,,-0.27027,,,,
354.91,0,-1.1426,0,0.31721,0,1.1325,0,0
328.99,0,0.76077,1.6962,0.10759,0,4.0626,0,0
0,1,3.6597,22.012,0.17791,1,0,1,0
351.56,1,3.5968,31.353,0.11464,1,23.196,0,0
267.78,0,3.6783,0.036881,0.19036,0,14.415,0,0
,,3.1638,,0.19236,,,,
82.404,1,-1.2645,16.82,0.15342,1,44.365,0,0
,,1.7279,,-0.38756,,,,
359.29,0,1.8989,0,0.36555,0,0.41276,0,0
,,2.6995,,-0.12444,,,,
140.56,0,1.8954,15.051,0.38305,0,1.0287,0,0
300.5,0,0.099926,0.024974,0.19386,0,3.2363,0,0
306.08,0,-0.60857,0.01067,0.42553,0,0.57421,0,0
210.09,0,-0.42696,0,0.39871,0,1.3348,0,0
,,2.8533,,-0.44773,,,,
269.28,1,0.16924,4.7947,0.1318,1,0.45982,1,0
292.12,0,3.6207,0,0.071231,0,0.72344,0,0
,,,,-0.432,,,,
342.58,0,-0.31238,1.0694,0.2266,0,73.437,0,0
49.818,0,1.2605,1.3183,0.81267,0,29.391,0,0
44.982,0,1.674,0.21078,0.096154,0,9.2571,0,0
79.693,0,0.12582,2.0668,0.47991,0,35.608,0,0
317.2,0,3.3452,0.066607,0.28348,0,34.94,0,0
238.75,0,-1.3368,2.2335,0.52769,0,68.636,0,0
306.98,0,3.241,1.2311,0.69814,0,65.861,0,0
57.133,0,0.96423,0,0.05676,0,1.6153,0,0
,,2.8401,,-0.34859,,,,
,,3.2565,,-0.34272,,,,
359.27,0,-1.3128,0,0.26655,0,1.4272,0,0
352.7,0,2.0467,0,0.29214,0,1.552,0,0
299.1,1,3.5298,14.824,0.10264,0,0.64582,0,0
,,2.7169,,-0.22299,,,,
254.7,1,0.3656,14.904,-0.00084104,1,9.8956,1,0
54.612,0,3.846,0.0063777,0.42338,0,1.7534,0,0
359.3,0,5.2428,0.0032811,0.22596,0,0.85986,0,0
,,3.7788,,-0.00096494,,,,
314.86,0,-0.37659,0.0061862,0.16436,0,1.4204,0,0
314.21,0,2.8763,0.0023296,0.46429,0,1.9394,0,0
,,3.3045,,-0.33333,,,,
54.656,0,3.3262,0,0.17127,0,3.4749,0,0
,,,,-0.50098,,,,
,,2.7445,,-0.25874,,,,
52.472,1,-1.1744,12.768,0.11692,1,1.0335,1,0
113.28,1,-1.2005,9.028,0.11458,1,0.35232,1,0
,,2.9779,,-0.21933,,,,
,,1.6651,,-0.38244,,,,
,,3.5215,,-0.22255,,,,
82.779,0,-1.339,0.0051026,0.25862,0,1.0643,0,0
41.577,0,3.2558,0,0.60199,0,2.2073,0,0
,,2.7647,,-0.2828,,,,
135.13,0,-0.98139,1.6828,0.71755,0,49.636,0,0
266.9,0,-0.13198,0.93598,0.15229,0,25.073,0,0
145.6,1,3.0731,4.1461,0.20611,0,85.203,0,0
248.83,0,0.28501,0.99229,0.59533,0,35.44,0,0
249.34,1,-0.13962,38.446,0.16783,0,72.657,0,0
184.91,0,1.4959,4.0889,0.86338,0,62.022,0,1
,,2.9542,,-0.16347,,,,
272.3,0,3.7686,0.010827,0.37159,0,0.4374,0,0
203.29,0,-1.2199,0,0.11262,0,0.22594,0,0
195.43,1,3.1455,2.54,0.017232,0,1.7779,0,0
69.274,0,3.5883,7.0937,0.74199,0,57.927,0,1
224.35,0,1.5672,4.129,0.72214,0,31.292,0,1
40.713,1,1.1867,26.07,0.17898,1,0.57333,1,0
76.107,0,3.9852,0,0.33653,0,0.67883,0,0
136.39,0,0.77473,2.1853,-0.028927,0,70.259,0,0
,,1.9155,,-0.29114,,,,
,,0.91426,,-0.30366,,,,
98.345,0,-1.2748,0,0.30059,0,0.58201,0,0
77.557,0,4.0668,2.6733,0.45476,0,59.389,0,1
100.14,0,3.7723,0.069865,0.60146,0,18.711,0,0
142.11,1,1.2226,6.7591,0.26015,0,1.1223,0,0
250.35,0,2.7853,0.032238,0.1206,0,3.7018,0,0
,,3.1757,,-0.37563,,,,
27.66,0,3.695,0.016996,0.092561,0,0.42346,0,0
254.7,0,2.1223,0.01338,0.13763,0,0.40978,0,0
,,1.2144,,-0.24497,,,,
89.284,0,0.13431,2.563,0.79123,0,20.252,0,1
,,2.2142,,-0.24683,,,,
115.79,1,3.4204,13.633,0.2022,1,0.79632,1,0
,,3.3107,,-0.078968,,,,
,,3.5208,,-0.27052,,,,
,,-0.037525,,0.87701,,,,
213,1,3.3775,25.46,0.041247,1,1.9564,1,0
96.436,1,3.289,71.061,0.14564,1,7.9544,1,0
239.73,0,-0.98192,8.079,0.31598,0,80.022,0,0
318.58,0,1.441,0,0.38929,0,0.90752,0,0
,,3.2873,,-0.30769,,,,
324.26,0,-1.1037,0,0.21153,0,1.7424,0,0
,,2.7591,,-0.24921,,,,
338.67,0,4.4137,1.5435,0.090909,0,2.1059,0,0
45.251,0,3.59,0.025143,0.036771,0,1.0472,0,0
52.065,1,3.397,5.9051,0.054908,1,4.3512,1,0
170.38,0,3.6555,0.00013375,0.84952,0,0.37138,0,0
229.7,0,3.4114,30.709,0.38018,0,32.145,0,0
359.29,0,3.3183,0,0.06949,0,12.069,0,0
91.508,0,-1.3806,0.069124,0.053783,0,5.71,0,0
,,3.3485,,-0.068337,,,,
240.79,0,-1.1804,0.0040219,0.30508,0,5.4763,0,0
211.27,0,1.2766,5.2747,0.52686,0,75.006,0,1
315.31,1,-1.0262,17.668,0.22865,1,41.959,0,0
325.65,0,-1.8947,0.022185,0.79692,0,0.71603,0,0
,,,,-0.32901,,,,
140.97,0,3.648,0.51412,0.22467,0,2.0014,0,0
91.049,0,-1.1907,2.5011,0.37681,0,18.236,0,0
54.495,1,-0.51923,14.998,0.074618,1,1.798,1,0
,,2.3809,,-0.30704,,,,
259.59,1,3.3349,20.82,0.21317,1,68.574,0,0
330.46,1,3.1935,16.277,0.22622,1,35.85,0,0
175.51,0,-0.17286,0.0033585,0.33754,0,2.01,0,0
184.92,0,-0.927,0,0.36807,0,1.2269,0,0
317.57,0,-0.097776,0,0.44918,0,17.182,0,0
314.21,0,-0.65075,0,0.09799,0,1.2418,0,0
277.33,1,3.2524,54.662,0.083526,0,3.5596,0,0
328.47,1,3.6018,40.153,0.014553,1,1.6151,1,0
351.64,0,-1.2089,0,0.26938,0,1.1682,0,0
305.76,1,3.9883,19.681,0.074733,1,37.017,0,0
337.74,0,1.4882,9.8681,0.84187,0,63.478,0,1
334.29,0,-3.1193,0,0.14517,0,69.746,0,0
170.18,0,0.81138,14.801,0.81912,0,72.917,0,1
,,2.0668,,-0.29032,,,,
65.484,0,3.3677,0,0.13359,0,4.9622,0,0
40.665,0,-1.0556,0,0.055082,0,1.7644,0,0
,,1.4449,,-0.33568,,,,
135.05,0,3.8237,0,0.34074,0,5.9014,0,0
247.5,1,0.38172,16.957,0.18968,1,0.092795,1,0
322.46,0,3.6051,0,0.772,0,0.53708,0,0
,,0.87614,,-0.26696,,,,
,,2.1627,,-0.029029,,,,
,,,,-0.32281,,,,
269.29,0,3.188,0.017992,0.054805,0,0.59199,0,0
106.59,0,-0.74926,0.0089617,0.25238,0,1.3483,0,0
179.3,1,3.7838,54.867,0.079406,1,1.2496,1,0
,,1.8052,,-0.29139,,,,
133.01,1,-0.56719,3.944,0.24005,0,53.981,0,0
229.84,0,2.5056,0,0.18227,0,0.42419,0,0
,,,,-0.496,,,,
207.91,0,0.53169,0.61571,0.052897,0,38.91,0,0
179.3,0,3.7072,0.0037777,0.14286,0,83.43,0,0
140.41,0,3.594,0.0098615,0.14533,0,1.9951,0,0
89.254,0,5.2136,18.153,0.32834,0,19.418,0,0
225.56,0,-0.91323,13.658,0.40323,0,27.611,0,1
136.14,1,0.35163,3.901,0.16981,1,31.355,1,0
141.56,1,-0.90476,9.6264,0.14012,0,79.473,0,0
68.236,1,-1.2812,13.572,0.073427,1,0.25553,1,0
275.59,0,-0.90338,0.016782,0.094465,0,0.99161,0,0
179.27,0,4.3573,0,0.29669,0,1.4444,0,0
,,2.3836,,-0.33333,,,,
67.641,1,-1.0099,43.88,0.024728,1,1.0882,1,0
307.56,,3.538,,0.24989,1,0.87474,1,
46.493,1,-0.91742,18.963,0.11738,1,1.7381,1,0
40.631,0,-1.4701,0,0.41581,0,3.6916,0,0
281.02,0,3.1018,0,0.19835,0,1.0977,0,0
,,3.3102,,-0.11293,,,,
135.02,0,3.5483,0,0.38009,0,0.84832,0,0
135.3,,-0.60574,,0.32705,0,86.983,0,
238.07,0,-0.95967,0.025166,0.088643,0,0.53092,0,0
335.35,0,0.83609,3.4727,0.8576,0,32.312,0,1
155.49,1,3.22,13.583,0.22725,1,0.93975,1,0
,,2.6448,,0.13675,,,,
108.35,0,2.2653,1.8358,0.0057692,0,4.013,0,0
109.94,1,4.1695,19.645,0.18318,1,0.87816,1,0
227.07,0,3.472,0,0.13604,0,0.8615,0,0
179.28,0,0.6649,2.6524,0.83826,0,30.5,0,1
51.664,0,-0.229,1.6238,0.8093,0,56.449,0,0
308.02,0,-0.13359,4.3655,0.65147,0,66.108,0,1
359.3,0,0.88595,0.011847,0.49499,0,1.7365,0,0
302.06,0,3.4929,0,0.27511,0,1.9166,0,0
,,1.1082,,-0.30233,,,,
163.36,0,2.9992,0,0.10886,0,1.2994,0,0
29.138,0,0.9118,0,0.40942,0,1.0046,0,0
40.867,0,-0.16084,0.021538,0.34978,0,1.1342,0,0
131.34,0,-1.2582,0,0.11609,0,0.48773,0,0
40.072,0,3.9251,0,0.046154,0,2.489,0,0
171.56,0,4.0025,0.01377,0.59595,0,2.0068,0,0
,,2.5049,,-0.31118,,,,
,,2.6575,,-0.27385,,,,
297.51,0,3.2946,0.011667,0.08667,0,2.6658,0,0
,,3.0155,,-0.19792,,,,
89.294,1,0.49396,4.3635,0.16837,1,0.69543,1,0
89.145,1,-1.4749,17.407,0.16825,0,83.232,0,0
224.35,0,-0.27012,0.020019,0.12985,0,0.43836,0,0
246.56,0,-0.63176,0.035657,0.1805,0,0.81623,0,0
224.78,1,1.9888,25.571,0.13629,1,9.3219,1,0
336,1,-0.37756,14.137,0.21516,1,29.191,0,0
,,1.1933,,-0.19413,,,,
,,,,-0.43086,,,,
89.275,0,-0.61324,18.192,0.37176,0,4.7139,0,0
172.69,0,2.4209,7.4665,0.86183,0,70.2,0,1
341.23,0,-0.27497,0.017072,0.19711,0,2.8736,0,0
171.01,0,-1.2226,0,0.22981,0,3.2753,0,0
,,3.3247,,-0.017208,,,,
324.56,0,3.362,0,0.52464,0,66.19,0,0
,,3.32,,-0.25926,,,,
357.48,0,3.6568,3.1892,0.3572,0,0.54488,0,0
179.11,0,3.2552,0.021811,0.11713,0,1.811,0,0
294.56,1,-1.0601,24,0.023178,1,1.0741,1,0
86.721,1,-0.85584,21.126,0.25744,1,20.946,0,0
34.96,0,0.97075,0,0.83333,0,35.38,0,0
160.17,1,-0.5519,10.024,0.1222,1,18.708,1,0
179,0,0.14967,0,0.11892,0,36.871,0,0
89.275,0,-1.1496,0.013708,0.13645,0,1.3389,0,0
192.17,1,3.3774,144.96,0.040627,1,0.59402,1,0
65.65,0,1.3792,0,0.19291,0,5.3737,0,0
89.205,0,-0.68246,0.00045782,0.2037,0,85.238,0,0
,,2.6981,,-0.24227,,,,
153.72,0,2.3606,0.012364,0.097305,0,3.0858,0,0
65.399,0,0.12923,0.019369,0.66728,0,1.1187,0,0
359.29,0,3.1638,0,0.3574,0,1.5074,0,0
269.28,1,-0.51653,17.538,0.066667,1,4.5311,1,0
273.96,0,3.6593,0.0017841,0.18166,0,0.6343,0,0
352.61,0,3.5013,0,0.13071,0,1.4312,0,0
,,0.4929,,0.097889,,,,
,,2.4149,,-0.28499,,,,
,,2.8943,,-0.4382,,,,
148.29,1,-0.10956,20.477,0.054473,1,1.4174,1,0
,,2.7413,,-0.10811,,,,
43.018,0,0.70234,0.0013568,0.3566,0,0.17457,0,0
359.28,1,-1.1047,29.524,0.23599,0,0.04013,0,0
161.56,0,-1.1323,1.9025,0.58431,0,53.491,0,0
,,3.2624,,-0.090253,,,,
214.57,0,1.1107,0,0.85212,0,72.982,0,0
,,,,-0.38621,,,,
158.98,0,0.76463,0.0094672,0.42813,0,2.4008,0,0
227.39,1,3.3824,13.886,0.03438,1,9.3593,1,0
,,2.0052,,0.20857,,,,
222.98,1,2.9465,4.7876,0.1511,1,44.425,1,0
,,2.9353,,-0.044643,,,,
,,2.2854,,-0.35364,,,,
145.53,0,3.5924,0.0018342,0.098841,0,0.64126,0,0
161.86,0,3.2378,4.018,0.59173,0,63.895,0,1
327.22,0,2.8466,4.4679,0.34718,0,0.97411,0,0
338.77,1,3.5154,19.887,0.047546,1,86.879,0,0
308.94,0,3.6949,0,0.37388,0,48.846,0,0
242.78,0,2.7002,0.015344,0.25189,0,0.61655,0,0
179.27,0,6.9781,0.042387,0.16861,0,0.057324,0,0
151.28,0,-1.3624,0,0.13959,0,1.8238,0,0
103.4,0,3.0817,0.94713,0.57619,0,28.943,0,0
269.28,0,2.0552,15.528,0.8861,0,59.91,0,1
332.85,0,2.7997,0,0.061801,0,0.73616,0,0
,,2.7283,,-0.095703,,,,
189.71,0,3.6603,0.12356,0.67784,0,5.4221,0,0
,,2.3475,,-0.26839,,,,
230.69,1,4.103,21.329,0.041565,1,16.357,0,0
188.63,1,3.365,14.262,0.1685,1,0.77844,1,0
16.374,1,0.5459,15.141,0.12209,1,0.44986,1,0
160.12,0,3.2029,0.0093231,0.32532,0,3.3042,0,0
206.1,0,2.2483,0.14966,0.59327,0,16.544,0,0
246.06,1,-1.0706,15.199,0.23042,1,34.833,0,0
269.54,,-0.21288,,0.022521,1,60.889,0,
91.276,0,3.2711,0.0045855,0.42211,0,1.4834,0,0
147.64,1,0.46329,21.549,0.039731,1,30.784,1,0
,,3.2591,,-0.39442,,,,
224.37,0,3.2525,0.020906,0.10097,0,1.8583,0,0
315.3,0,1.1412,0,0.32394,0,1.2745,0,0
263.72,0,3.5973,0,0.86247,0,9.2676,0,0
38.638,0,-1.7545,0,0.71397,0,69.97,0,0
199.73,0,3.6735,0.020401,0.25262,0,0.5262,0,0
,,2.7882,,-0.29338,,,,
357.76,0,-0.65098,0.54928,0.14974,0,12.997,0,0
231.76,0,2.8565,0,0.26478,0,3.027,0,0
320.31,0,2.9772,1.6773,0.31325,0,84.75,0,0
51.353,1,-0.27657,21.937,0.029785,1,19.49,0,0
44.356,0,-0.15113,0.0080337,0.088106,0,0.04059,0,0
82.427,0,-1.2882,0.099375,0.15292,0,3.4114,0,0
153.91,1,0.26188,39.878,0.27733,1,3.6562,1,0
203.16,1,1.9431,6.115,0.16628,1,1.3915,1,0
236.26,1,4.1335,13.609,0.16092,1,34.886,0,0
13.736,0,-1.1404,11.486,0.30859,0,0.20721,0,0
168.52,0,4.1829,0.0073433,0.7718,0,1.6918,0,0
336.59,1,-0.14792,21.848,0.090551,1,31.039,0,0
,,2.4817,,-0.30872,,,,
312.12,0,2.6161,0.02124,0.36694,0,0.77581,0,0
256.09,0,-0.11013,0,-0.003736,0,10.849,0,0
236.37,1,3.9312,17.988,0.14762,1,62.559,0,0
234.48,0,-1.0441,0,0.23996,0,1.7073,0,0
43.241,0,5.0683,0,0.52607,0,34.153,0,0
226.25,0,3.3108,0.021919,0.33223,0,2.2246,0,0
,,1.636,,-0.28748,,,,
136.03,0,3.853,4.9178,0.89986,0,66.298,0,1
,,3.2658,,0.037277,,,,
,,1.5452,,-0.31615,,,,
207.93,0,1.3595,0,0.61529,0,24.822,0,0
244.13,1,0.068845,8.7639,0.055143,1,30.141,0,0
,,2.9112,,-0.44045,,,,
39.777,0,-0.43518,0,0.12661,0,1.7785,0,0
314.9,1,-0.008549,16.715,0.14469,1,30.35,0,0
,,3.3165,,0.14984,,,,
268.98,0,-0.19321,0.30131,0.21717,0,29.709,0,0
268.73,0,-1.5039,0.017695,0.12551,0,5.3358,0,0
203.46,1,-0.90668,23.908,0.18436,1,13.322,1,0
219.57,0,1.8036,0.071175,0.34229,0,0.92432,0,0
296.66,0,-0.2565,0.013097,0.017895,0,0.33657,0,0
,,2.7158,,-0.28779,,,,
57.255,0,0.41315,12.865,0.80748,0,54.658,0,1
328.4,1,1.4419,12.135,0.015611,1,0.82838,1,0
157.56,1,2.7013,10.934,0.057269,1,1.4746,1,0
189.34,1,0.046925,6.1532,0.088548,1,21.87,1,0
88.788,1,0.11762,4.1563,0.0919,1,0.65523,1,0
336.38,1,3.1273,26.315,0.1221,1,0.75304,1,0
,,3.19,,-0.25414,,,,
152.55,0,2.6523,0,0.21882,0,1.1875,0,0
86.461,1,-0.14308,4.4932,0.13009,1,0.46611,1,0
194.44,0,-0.19885,0,0.32188,0,2.3507,0,0
173.04,0,3.898,0.0091469,0.26782,0,2.5933,0,0
,,,,-0.28771,,,,
,,2.3578,,-0.29136,,,,
344.79,0,3.7273,1.912,0.52394,0,49.23,0,0
29.052,0,-0.049221,13.74,0.87418,0,61.357,0,1
,,3.2224,,-0.36342,,,,
202.4,0,0.49069,0.79131,0.2751,0,76.056,0,0
,,2.8652,,-0.3165,,,,
268.68,1,-0.86336,9.4282,0.040508,1,77.308,0,0
206.88,1,1.4606,11.829,0.19427,1,0.31044,1,0
269.29,1,0.42605,42.197,0.094118,1,2.4699,1,0
50.981,0,0.0069558,1.9312,0.23816,0,33.369,0,0
359.21,0,3.5693,6.0023,0.36056,0,7.3829,0,0
33.277,0,3.3105,0.026623,0.15004,0,1.2442,0,0
179.29,1,3.3061,12.148,0.11949,1,1.6506,1,0
170.71,0,5.7084,0.00045347,0.25606,0,0.42324,0,0
,,3.1788,,-0.41294,,,,
69.445,0,4.0764,0.0019813,0.49004,0,5.7604,0,0
154.16,0,4.0214,0.014415,0.25244,0,36.627,0,0
,,2.6349,,-0.34673,,,,
,,2.7146,,-0.31965,,,,
348.68,1,-1.3728,5.636,0.1679,0,50.471,0,0
310.38,0,2.744,0.030757,0.87631,0,38.414,0,0
18.416,1,0.59955,14.417,0.15027,1,30.644,0,0
,,,,-0.5098,,,,
109.65,0,3.5769,0,0.55892,0,0.57632,0,0
,,2.4042,,-0.11283,,,,
261.12,1,0.49438,28.88,0.16095,1,13.054,0,0
269.28,0,4.6804,0.0010695,-0.00066181,0,0.44831,0,0
211.1,0,2.5264,0.56227,0.86118,0,67.423,0,0
92.732,0,-1.3738,0.045704,0.073924,0,0.38003,0,0
248.93,0,4.9922,0,0.053604,0,3.948,0,0
,,2.9948,,0.015152,,,,
145.88,0,0.46083,14.118,0.80072,0,65.602,0,1
7.0859,0,5.6027,0.17843,0.56708,0,10.157,0,0
145.94,1,-0.57431,11.148,0.1141,1,5.4732,1,0
331.8,0,-0.19273,7.6357,0.52248,0,47.177,0,1
130.96,1,-1.0128,13.747,0.086599,0,19.134,0,0
286.26,1,4.1331,16.902,0.18318,1,71.09,0,0
228.7,0,3.9583,0.0077395,0.063898,0,0.48447,0,0
,,1.8709,,-0.275,,,,
58.16,0,3.3728,0,0.19068,0,56.351,0,0
131.45,,2.6402,,0.20221,0,15.844,0,
79.664,0,3.3383,0.0073264,0.19809,0,0.30896,0,0
31.836,0,3.5347,0.012582,0.10642,0,0.5984,0,0
137.05,0,-1.3906,0.01794,0.19806,0,0.89796,0,0
252.88,0,3.9832,0.035651,0.52021,0,54.625,0,0
,,2.8603,,-0.4386,,,,
271.6,0,-1.3956,0.029627,0.52289,0,1.2768,0,0
250.55,0,-0.29717,0.11597,0.06476,0,6.8073,0,0
93.999,1,-1.1299,16.209,0.10479,0,0.76698,0,0
,,1.2271,,0.14401,,,,
242.08,1,-1.1978,14.117,0.15176,1,14.038,0,0
38.797,0,0.30105,0.0027512,0.32732,0,1.3371,0,0
,,1.025,,-0.40449,,,,
357.66,0,1.067,6.7588,0.89337,0,61.201,0,1
,,2.475,,-0.22496,,,,
,,2.5177,,-0.22384,,,,
357.65,0,0.31724,0.0084624,0.13814,0,3.6084,0,0
,,2.3126,,-0.216,,,,
268.83,0,0.32919,0.00071287,0.35987,0,0.71843,0,0
269.28,1,-1.0406,35.078,0.14884,1,0.15523,1,0
247.31,1,-0.96327,15.262,0.25975,1,13.328,0,0
26.128,1,3.4356,27.565,0.026423,1,1.4002,1,0
89.292,1,5.2436,28.626,-0.0051073,1,0.13791,1,0
7.7924,0,1.4093,0,0.1145,0,0.27243,0,0
179.3,1,2.1556,11.667,0.024007,1,0.65922,1,0
157.24,0,4.3844,0,0.2984,0,1.0265,0,0
218.3,1,2.6286,14.059,0.014126,1,5.5162,1,0
201.46,1,3.1109,5.7644,-0.005379,1,7.588,1,0
136.37,0,2.8929,0.06019,0.1655,0,4.5312,0,0
10.237,0,3.6464,0,0.080399,0,1.4828,0,0
86.379,0,0.17706,7.6737,0.75081,0,27.97,0,1
,,1.2741,,0.090543,,,,
328.43,0,-0.16556,1.3088,0.24342,0,41.141,0,0
356.34,1,-1.5468,13.183,0.15725,1,34.113,0,0
270.2,0,-0.9976,0.013302,0.19188,0,62.791,0,0
240.35,0,-0.13676,0,0.14668,0,9.4673,0,0
198.52,0,0.39801,1.5757,0.86512,0,41.875,0,0
12.462,0,1.5609,0.11254,0.65881,0,7.4184,0,0
339.99,0,-0.81933,0,0.198,0,6.0511,0,0
135.69,1,3.4525,29.574,0.11214,1,75.908,0,0
153.27,1,3.6295,40.16,0.0097656,1,1.9642,1,0
192.66,0,3.7361,0.33036,0.070379,0,0.2239,0,0
231.46,1,-0.9691,42.317,0.12283,1,16.837,0,0
,,2.5401,,0.22222,0,,,
294.51,0,-1.8685,3.2124,0.70777,0,29.99,0,1
359.29,0,2.5217,3.9611,0.41731,0,55.838,0,1
221.79,0,3.2465,5.5695,0.47386,0,56.448,0,1
,,2.9756,,-0.27273,,,,
72.37,1,0.73096,24.64,0.076923,1,53.151,0,0
,,2.7753,,-0.049822,,,,
151.78,0,0.63405,6.5888,0.86437,0,58.33,0,1
,,-2.2283,,0.40645,,,,
336.56,1,-1.0334,17.136,0.033928,1,66.576,0,0
132.07,0,3.1391,0,0.27609,0,23.926,0,0
243.72,0,6.9968,0.0044718,0.67154,0,12.173,0,0
45.817,1,0.58547,28.774,0.086053,1,0.95818,1,0
192.96,0,5.5273,0.016795,0.087071,0,1.2153,0,0
135.97,0,2.8713,0,0.15995,0,1.7171,0,0
255.26,0,-1.3863,3.4715,0.62423,0,43.126,0,1
359.53,1,-0.39182,7.6151,0.086697,1,40.144,0,0
346.5,0,0.7447,15.021,0.46132,0,42.401,0,1
327.29,1,3.2476,23.631,0.11235,1,0.93282,1,0
205.51,0,2.9854,1.8019,0.052701,0,0.74129,0,0
,,1.9104,,-0.40515,,,,
246.95,0,2.4749,0,-0.081531,0,30.323,0,0
277.58,0,4.237,0,0.20737,0,2.4613,0,0
2.4375,0,4.0369,6.3172,0.30747,0,12.263,0,0
230.36,0,-1.6492,0.010418,0.51195,0,31.395,0,0
324.43,1,1.9337,10.124,0.16448,0,82.294,0,0
224.35,0,-1.5027,0.070023,0.60539,0,0.3653,0,0
357.96,1,3.8354,12.188,0.21271,1,1.4849,1,0
353.88,1,2.4315,5.1884,-0.048986,1,2.9802,1,0
,,3.2733,,-0.28601,,,,
37.114,0,0.5989,0.00060213,0.25134,0,1.6398,0,0
,,3.5268,,-0.28391,,,,
,,2.7162,,-0.23217,,,,
,,1.7364,,-0.27607,,,,
6.4478,1,3.7613,4.9148,0.12903,1,0.09246,1,0
,,2.6658,,-0.16013,,,,
,,0.0043136,,0.040153,,,,
15.45,0,-0.56466,0,0.10323,0,0.99074,0,0
326.54,1,3.5555,3.3596,0.13599,1,1.5608,1,0
179.28,1,0.28842,21.499,0.13102,1,0.86552,1,0
146.28,1,3.7032,29.863,0.13217,1,0.36902,1,0
,,3.5117,,-0.37162,,,,
332.34,0,2.5874,0,0.080292,0,4.7221,0,0
,,,,-0.36765,,,,
343.58,1,1.175,25.95,0.15987,1,77.999,0,0
357.19,1,3.5482,17.578,0.13831,1,0.47038,1,0
270.36,0,-1.1793,0.0018563,0.33027,0,0.60933,0,0
347.32,0,-0.18408,1.9537,0.17991,0,72.306,0,0
72.711,0,-0.59,0.00030166,0.32095,0,1.0853,0,0
299.56,0,4.0452,0,0.19341,0,1.0579,0,0
113.72,,-1.1524,,0.29229,1,2.8385,1,
161.42,1,-0.99196,11.98,0.21627,1,40.572,1,0
18.983,1,-0.10583,13.613,0.14639,1,0.51147,1,0
207.18,,1.6734,,0.27386,0,19.63,0,
130.07,0,5.9568,5.5574,0.82198,0,26.323,0,1
32.155,0,3.1529,0,0.049858,0,4.4818,0,0
,,2.395,,-0.25301,,,,
206.66,0,3.6706,3.6663,0.68068,0,75.695,0,1
89.275,0,4.0047,1.3138,0.8105,0,8.7987,0,0
101.16,0,3.5051,0.0015454,0.1431,0,0.39054,0,0
58.069,0,3.1845,0.038553,0.062069,0,15.318,0,0
114.54,0,1.9844,0.0066637,0.46263,0,0.34949,0,0
269.39,1,2.6429,17.107,0.15628,1,20.645,0,0
163.82,0,-0.54259,0.010995,0.22185,0,2.7578,0,0
173.15,0,-0.91864,0.41624,0.19558,0,0.16144,0,0
8.5736,0,3.4879,4.9615,0.48079,0,1.568,0,1
153.66,0,0.81452,9.3357,0.85602,0,42.476,0,1
165.22,0,5.4483,0,0.051841,0,0.49644,0,0
273.73,0,-1.0316,0.0012015,0.13112,0,2.2127,0,0
179.65,1,2.7177,31.964,0.08097,1,35.025,1,0
,,2.3636,,-0.34412,,,,
357.89,0,1.0334,0.0053138,0.72793,0,0.23511,0,0
204.67,1,4.0337,16.676,0.014925,1,6.8293,1,0
113.12,0,-0.17537,0,0.2494,0,0.4964,0,0
328.5,0,3.5288,0,0.042638,0,10.912,0,0
125.82,0,-1.2672,2.9168,0.596,0,72.451,0,1
,,2.8698,,-0.25888,,,,
129.02,0,4.1439,8.625,0.68388,0,66.752,0,1
,,1.0775,,0.18491,,,,
10.796,0,-1.098,4.862,0.59367,0,75.864,0,1
288.63,0,3.4723,0,0.62579,0,75.867,0,0
,,1.1229,,-0.44426,,,,
278.63,0,2.2163,0,0.45772,0,0.49509,0,0
208.39,0,3.8442,0,0.34456,0,2.1507,0,0
148.37,0,-0.95808,0,0.47376,0,1.8569,0,0
,,2.5238,,0.035623,,,,
168.13,1,3.7729,27.203,0.17493,1,0.38563,1,0
139.35,0,3.8393,16.508,0.77122,0,69.875,0,1
225.83,1,2.6998,83.308,0.010851,1,86.717,0,0
326.68,1,3.7424,20.141,0.10995,1,3.0466,1,0
,,3.8894,,-0.0053821,,,,
340.81,0,3.4985,0.0045838,0.18358,0,0.29014,0,0
90.522,0,1.0639,0,0.18665,0,1.3278,0,0
317.59,0,-0.92511,2.3013,0.28367,0,49.06,0,0
258.12,1,-1.3173,6.5667,0.28824,1,19.596,0,0
262.89,0,-1.1883,0.00068259,0.19363,0,2.3699,0,0
269.8,1,0.67958,25.151,0.10345,1,15.897,0,0
256.9,1,4.158,3.3386,0.29112,0,28.833,0,0
349.22,0,3.3079,0,0.077831,0,1.3797,0,0
25.047,0,-1.082,0.020506,0.44464,0,0.17188,0,0
315.15,0,0.86553,0.010372,0.33333,0,6.6636,0,0
157.31,0,-1.2672,3.5235,0.37684,0,39.111,0,0
341.13,0,1.4141,0,0.20844,0,1.2909,0,0
186.83,0,3.7265,0,0.28402,0,1.7112,0,0
234.96,0,-1.2917,2.6304,0.3046,0,40.238,0,0
91.584,0,3.0106,0.12511,0.11314,0,6.1256,0,0
88.701,1,4.04,5.1821,0.27596,0,17.317,0,0
82.237,0,2.1826,0,0.4385,0,8.0771,0,0
98.586,1,-0.91201,16.08,0.13967,1,27.664,0,0
212.41,1,4.7725,22.955,0.027106,1,7.2509,1,0
129.57,0,2.9866,1.9944,0.30776,0,85.608,0,0
337.06,1,3.4055,14.777,0.20837,1,38.953,0,0
346.09,0,-1.0946,0,0.23862,0,1.8894,0,0
1.4213,0,-0.27687,0,0.39954,0,0.92356,0,0
73.936,0,3.6808,0,0.35766,0,5.6557,0,0
257.05,1,4.0612,22.218,0.1544,1,79.994,0,0
102.44,1,-0.78863,6.2768,0.19227,1,18.554,0,0
74.132,0,3.9314,0,0.3408,0,1.5358,0,0
359.22,0,3.6479,0.0043862,0.070117,0,86.485,0,0
145.9,0,0.13878,0.018916,0.19945,0,0.96104,0,0
357.39,0,0.31194,0.0041603,0.20798,0,2.94,0,0
130.92,1,3.1526,15.423,0.1626,1,51.2,0,0
,,1.3222,,-0.3374,,,,
192.65,0,1.0814,0.014403,0.16151,0,2.6086,0,0
314.84,1,4.2219,2.7932,0.14513,1,51.504,0,0
332.78,1,2.6021,13.693,0.15696,0,84.665,0,0
,,1.0879,,-0.05802,,,,
71.529,1,4.4071,31.437,0.12863,0,7.0013,0,0
,,3.0946,,-0.26248,,,,
20.155,0,4.4873,0,0.089664,0,0.61348,0,0
359.3,1,3.4164,13.886,0.1524,1,0.72799,1,0
,,3.0196,,-0.29018,,,,
70.456,0,3.5631,0,0.3696,0,0.23078,0,0
261.71,1,-0.79674,3.5361,0.13714,0,73.59,0,0
136.93,1,-1.1751,13.531,0.19106,0,10.041,0,0
262.97,,0.22128,,0.77623,0,63.096,0,
303.18,1,-0.18594,7.0987,0.08699,1,0.95559,1,0
229.38,0,-0.71038,10.516,0.43527,0,4.9921,0,1
105.26,0,2.0811,0.0085526,0.089378,0,0.7293,0,0
180.19,0,-1.137,0.011994,0.32122,0,33.451,0,0
309.46,0,-1.3933,2.2265,0.71611,0,68.28,0,0
110.92,0,0.25393,0,0.5136,0,1.0572,0,0
179.27,1,-1.3932,15.725,0.030846,1,1.6163,1,0
,,2.3798,,-0.25891,,,,
41.794,0,-1.1226,0.0072484,0.19931,0,1.182,0,0
,,,,-0.46341,,,,
156.85,0,-0.023806,0.0012058,-0.19911,0,0.10544,0,0
,,3.2911,,0.022222,,,,
97.863,0,1.4793,0.01493,0.10664,0,1.842,0,0
,,2.6161,,-0.32308,,,,
,,3.4962,,-0.35314,,,,
322.34,0,0.38888,0,0.24128,0,0.68855,0,0
73.215,1,3.1061,14.093,0.059113,1,2.4029,1,0
,,2.2536,,-0.23753,,,,
136.13,,0.90056,,0.35507,0,4.5406,0,
248.98,0,4.7818,0.020191,0.081675,0,1.0234,0,0
,,1.6768,,-0.32042,,,,
179.28,0,-1.091,0.018522,0.21598,0,0.65066,0,0
148.54,0,2.5471,0,0.16995,0,3.942,0,0
263,1,0.41013,27.034,0.11579,1,14.497,0,0
327.06,0,3.8905,1.2599,0.13689,0,37.25,0,0
4.3754,0,3.0338,0.01808,0.054904,0,40.857,0,0
1.6642,1,-1.0616,17.362,0.20828,0,54.627,0,0
301.48,0,1.3697,0.020726,0.17086,0,1.5484,0,0
154.75,1,3.618,30.948,0.11398,1,33.069,1,0
,,2.2112,,-0.24683,,,,
,,2.5147,,0.097913,,,,
41.114,0,0.89299,1.8303,0.77929,0,28.166,0,0
111.61,1,3.3628,13.395,0.16772,1,0.3169,1,0
245.02,0,0.17867,0.021629,0.27738,0,1.6451,0,0
227.94,0,3.5814,0.010031,0.25603,0,1.2404,0,0
,,-1.2468,,0.61409,,,,
,,2.3038,,-0.032143,,,,
,,2.4864,,-0.3686,,,,
301.01,0,5.3171,0.022158,0.3736,0,1.9183,0,0
17.614,1,2.6853,14.082,0.026807,1,4.7239,1,0
179.29,1,2.998,89.2,0.096645,1,0.42425,1,0
,,2.582,,-0.3375,,,,
359.29,0,2.0554,0,0.28715,0,0.31531,0,0
316.85,0,0.23955,0,0.4641,0,0.44283,0,0
219.52,0,4.1143,0,0.13443,0,3.7942,0,0
294.11,0,-1.89,11.565,0.82634,0,33.286,0,1
296.91,0,-1.2096,0.013467,0.18614,0,2.0881,0,0
159.22,0,-0.73271,0,0.24954,0,4.4646,0,0
,,2.3263,,-0.1867,,,,
189.82,1,2.825,3.0357,0.28546,1,1.0378,1,0
81.908,1,1.3822,9.2066,0.089606,1,0.75921,1,0
,,-0.011079,,0.063174,,,,
285.01,0,-1.302,0,0.081651,0,2.9354,0,0
322.14,0,-1.2892,0.0064898,0.19742,0,2.0271,0,0
,,2.899,,-0.42966,,,,
134.98,1,-1.1774,12.793,0.099954,1,1.0451,1,0
85.653,0,0.84117,0.33463,0.10138,0,20.147,0,0
298.2,1,-0.75583,2.8052,0.12133,0,23.399,0,0
269.28,1,-1.0131,14.477,0.046484,1,0.84483,1,0
,,2.7098,,-0.27479,,,,
,,1.9801,,-0.092518,,,,
,,2.3029,,-0.11643,,,,
138.58,0,3.6084,0.0067015,0.6,0,5.1589,0,0
,,2.788,,-0.2928,,,,
,,3.0774,,-0.25786,,,,
108.89,0,0.95118,0,0.23259,0,0.085419,0,0
261.91,1,-1.0051,8.0812,0.13653,1,3.7905,1,0
189.91,1,3.4328,12.241,0.040349,1,1.4345,1,0
290.15,0,0.10071,5.0865,0.77396,0,38.28,0,1
158.99,0,-0.20075,44.446,0.409,0,1.0938,0,1
342.42,1,3.6098,7.5558,0.061436,1,8.805,1,0
255.36,1,0.42366,25.698,0.13053,1,65.347,0,0
359.3,1,1.4454,28.505,0.16246,1,0.41277,1,0
86.007,0,3.3522,0,0.35655,0,4.1092,0,0
127.64,0,3.6131,0.04663,0.041935,0,3.3598,0,0
269.27,0,3.7143,0.59552,0.18948,0,6.8471,0,0
76.938,1,2.6974,9.3754,-0.030812,1,2.4638,1,0
,,0.12116,,0.22591,,,,
145.71,0,0.63536,12.292,0.31324,0,0.46782,0,0
,,1.2959,,-0.18022,,,,
,,,,-0.32673,,,,
269.29,0,4.7592,0.0038915,0.12057,0,0.022994,0,0
,,2.808,,-0.2123,,,,
314.4,0,3.677,0,0.06199,0,81.545,0,0
89.272,0,2.4056,0,0.12593,0,1.2758,0,0
40.989,0,2.3946,0.033195,0.083862,0,3.0908,0,0
243.9,0,3.4197,6.0099,0.81261,0,14.802,0,1
42.651,0,0.68183,0.97417,0.044275,0,53.488,0,0
137.3,0,-1.1187,0.22024,0.41404,0,0.30075,0,0
,,2.3497,,-0.23664,,,,
,,2.7255,,-0.30449,,,,
310.56,0,0.31298,0.89422,0.23582,0,38.26,0,0
,,3.248,,-0.042735,,,,
329.23,0,3.491,0.028672,0.039494,0,0.81465,0,0
269.29,0,2.649,0.035286,0.041769,0,0.26439,0,0
158.75,0,3.2844,0,0.60191,0,2.9787,0,0
88.271,0,0.41833,0.0037659,0.12871,0,0.16096,0,0
359.3,0,3.0839,0.0020819,0.047158,0,0.81401,0,0
165.01,0,3.7817,0,0.3288,0,1.4668,0,0
,,2.9763,,-0.15625,,,,
,,2.5319,,-0.24068,,,,
179.28,0,-1.0626,2.4347,0.64356,0,39.772,0,0
,,,,-0.27848,,,,
208.4,0,2.5266,0.63744,0.38649,0,50.86,0,0
188.34,1,-1.3223,12.669,0.068316,1,4.1667,1,0
268.77,1,2.8342,21.787,0.11859,0,77.834,0,0
145.59,1,-0.77176,49.319,0.10938,1,86.292,0,0
359.28,1,-0.70954,3.5656,0.27577,1,8.7205,1,0
287.96,0,-0.088526,0,0.16187,0,2.5223,0,0
68.936,0,4.1311,0,0.13571,0,52.897,0,0
288.12,0,4.4016,0,0.29669,0,0.90483,0,0
91.895,1,0.79941,16.08,0.092437,1,74.937,0,0
105.49,1,-0.86035,3.1577,0.28947,0,52.405,0,0
,,2.8161,,-0.28416,,,,
,,2.5495,,-0.29462,,,,
315.03,0,3.4917,0,0.10723,0,1.1527,0,0
294.26,1,3.167,7.6451,0.22968,1,0.19015,1,0
122.06,1,3.0219,8.7678,0.025415,1,58.918,0,0
266.22,0,1.6697,0.0076969,0.062451,0,0.74822,0,0
232.48,1,-0.23142,7.5996,0.11304,1,0.37324,1,0
138.15,0,3.1851,0.0065107,0.22235,0,1.6511,0,0
179.27,0,-1.3526,0,0.15041,0,0.022935,0,0
151.13,1,-1.0539,46.016,0.094453,1,0.1952,1,0
29.881,1,4.1318,16.899,0.2729,1,48.185,0,0
,,2.1372,,0.30065,,,,
250.27,0,1.6719,10.174,0.82784,0,78.747,0,1
286.9,0,3.5997,0,0.014493,0,0.13267,0,0
152.35,0,3.2388,0.029266,0.1374,0,3.2185,0,0
71.887,1,-0.99238,19.591,0.070707,1,86.306,0,0
143.04,1,1.8213,15.588,0.15095,1,42.096,1,0
,,2.8461,,-0.36893,,,,
330.24,0,2.5459,1.2932,0.13172,0,0.78693,0,0
99.539,1,4.3428,4.4298,0.10233,1,1.1272,1,0
90.099,1,2.0132,15.262,0.22854,1,11.853,0,0
186.11,1,0.93096,11.804,0.12967,1,19.853,1,0
76.604,1,-0.95002,21.839,0.072794,0,86.934,0,0
177.82,0,-0.2061,2.4346,0.42266,0,59.984,0,0
,,2.8925,,-0.27622,,,,
292.04,1,0.63587,15.338,0.16199,0,29.902,0,0
280.58,0,3.6418,0.0082779,0.16302,0,0.058604,0,0
171.97,0,-1.5663,0.13261,0.58324,0,6.3946,0,0
277.27,0,3.5008,0,0.11245,0,2.3955,0,0
60.69,0,0.27602,11.791,0.83638,0,59.02,0,1
192.03,0,-0.14248,0.0066812,0.47245,0,2.3439,0,0
231.57,0,-1.2797,0.0026246,0.38297,0,1.518,0,0
169.95,,-0.2482,,0.053908,1,0.67389,1,
24.393,1,3.2107,33.777,0.03301,1,72.016,0,0
275.13,0,0.60509,10.97,0.57032,0,28.973,0,1
15.666,0,-1.1247,0,0.29979,0,1.9951,0,0
,,2.4554,,-0.31057,,,,
333.16,1,-1.3725,15.535,0.20871,1,42.878,0,0
155.18,0,-0.97264,0.012944,0.055067,0,5.4724,0,0
163.43,1,4.1526,8.1052,0.11721,1,1.01,1,0
108.87,0,1.1453,14.959,0.89378,0,54.092,0,1
261.57,0,3.728,0.052001,0.030986,0,1.3222,0,0
,,2.728,,-0.30137,,,,
130.85,1,-0.89647,11.916,0.1186,1,10.357,0,0
200.47,0,2.8671,0,0.081292,0,0.89134,0,0
,,1.1596,,-0.21931,,,,
9.2991,0,-0.66447,25.451,0.30393,0,73.043,0,0
224.37,0,3.3563,0,0.38017,0,0.0081289,0,0
134.47,,0.43509,,0.87065,0,70.951,0,
157.2,1,3.8584,23.359,0.15566,1,77.432,0,0
187.46,0,-1.0466,4.7545,0.65651,0,84.209,0,1
157.44,1,1.8253,20.709,0.088254,1,2.7184,1,0
299.79,0,3.0922,0,0.051798,0,0.88058,0,0
,,2.9135,,-0.3913,,,,
,,2.3389,,-0.087523,,,,
,,2.8399,,-0.23034,,,,
269.45,1,3.3603,5.5454,0.1458,1,72.445,0,0
342,0,2.515,0,0.20028,0,1.4887,0,0
179.3,0,3.5326,0,0.042202,0,2.2404,0,0
47.974,0,3.9704,1.4507,0.16868,0,29.026,0,0
252.15,0,1.6305,0,0.43955,0,26.521,0,0
,,2.743,,-0.22783,,,,
,,3.2263,,-0.24129,,,,
12.284,0,0.19972,1.0458,0.46394,0,31.458,0,0
42.428,0,1.4007,2.0183,0.028025,0,16.037,0,0
315.38,1,2.8027,11.121,0.10933,1,0.80375,1,0
336.08,0,-1.7915,0,0.72322,0,1.6773,0,0
231.29,1,0.33574,36.248,0.12528,1,14.964,0,0
231.72,1,2.8365,35.371,0.0051571,1,0.60188,1,0
152.93,0,2.4638,1.3638,0.11185,0,55.994,0,0
78.747,0,-0.20685,0,0.33082,0,0.34492,0,0
332.69,,-1.1379,,0.10549,0,88.107,0,
,,2.7113,,-0.18657,,,,
247.46,0,3.1866,0.0042737,0.59383,0,34.372,0,0
222.72,0,-1.2811,1.4844,0.5154,0,70.65,0,0
267.53,0,0.23024,0,0.087331,0,2.2472,0,0
224.37,0,3.1399,3.6875,0.75414,0,30.377,0,1
337.64,1,3.1847,7.2812,0.030891,1,1.4799,1,0
147.18,0,-0.4569,0.0011997,0.26886,0,1.8061,0,0
,,3.0074,,-0.25648,,,,
,,2.9746,,-0.29097,,,,
311.99,0,1.3131,0.53208,0.07941,0,46.124,0,0
296.69,0,-0.40858,0,0.094077,0,0.16187,0,0
49.477,0,0.57684,0,0.66073,0,2.0494,0,0
321.37,0,-0.18847,0.00547,0.24473,0,0.81377,0,0
269.3,1,4.8268,50.068,0.06965,1,2.5848,1,0
,,2.5774,,-0.31034,,,,
188.14,1,4.1126,16.054,0.1354,1,0.673,1,0
114.47,0,-0.89277,19.889,0.31765,0,0.88914,0,0
,,2.5152,,-0.43448,,,,
,,,,-0.30835,,,,
,,2.854,,-0.50495,,,,
,,4.606,,0,0,,,
264.16,1,-0.24783,31.45,0.030303,1,78.168,0,0
332.82,1,3.5848,134.93,0.033428,1,21.709,0,0
343.64,0,3.7723,0.025504,0.042254,0,5.1599,0,0
,,2.5279,,-0.26593,,,,
319.63,0,5.3839,0.0067534,0.28,0,1.6381,0,0
234.89,1,0.052824,2.6648,0.069955,1,1.177,1,0
258.81,0,-0.94169,0,0.085714,0,0.31562,0,0
282.14,0,3.4427,0,0.27175,0,0.69561,0,0
157.5,,4.2548,,0.18425,1,2.5234,1,
269.28,1,0.44679,22.872,0.10063,1,0.85064,1,0
116.67,0,5.1557,0.01394,0.24167,0,1.1843,0,0
322.26,0,4.702,0.056611,0.16349,0,2.3181,0,0
,,3.5177,,-0.36996,,,,
353.73,0,3.1733,0.043673,0.40965,0,18.425,0,0
,,,,-0.36519,,,,
,,2.6833,,-0.24561,,,,
,,1.0615,,-0.37291,,,,
89.273,0,-1.2995,2.6331,0.36824,0,0.1092,0,0
0.16377,0,3.498,10.981,0.36502,0,0.37269,0,0
225.16,0,-1.229,4.301,0.69699,0,19.903,0,1
181.34,0,3.7261,0,0.075429,0,0.63674,0,0
,,2.368,,0.027881,,,,
326.44,,1.2672,,0.0563,0,74.46,0,
319.01,0,4.3759,0.0059185,0.23614,0,0.9243,0,0
,,2.193,,-0.27273,,,,
243.76,0,-1.1541,2.133,0.24101,0,45.713,0,0
88.983,1,0.86476,2.7964,0.20297,0,73.415,0,0
317.38,0,3.6359,0,-0.066922,0,1.3248,0,0
132.2,0,1.1884,0,0.78693,0,44.232,0,0
,,3.2886,,-0.1831,,,,
,,3.2733,,-0.34571,,,,
222.04,0,5.5982,2.4925,0.38468,0,67.405,0,0
149.59,0,1.8393,4.7896,0.87396,0,76.552,0,1
325.73,0,4.7415,0,0.044997,0,5.8623,0,0
269.29,0,2.1816,0,0.27989,0,42.077,0,0
,,2.609,,-0.045581,,,,
162.36,1,2.8837,3.6886,0.074969,0,73.185,0,0
,,3.2438,,-0.31262,,,,
120.92,0,1.7207,2.0888,0.07501,0,0.54671,0,0
,,2.5002,,-0.037383,,,,
,,2.7358,,-0.27718,,,,
57.763,0,2.9119,8.7167,0.60188,0,72.719,0,1
262.65,0,0.50369,0,0.22922,0,0.79269,0,0
8.7701,0,3.3589,0,0.13928,0,0.31386,0,0
261.69,1,-0.15085,13.815,0.023062,1,12.761,0,0
45.403,1,2.6639,21.046,0.039406,1,0.44656,1,0
,,-1.1788,,0.18564,,,,
179.02,1,3.3308,83.491,0.022785,1,73.404,0,0
189.18,0,0.69538,3.4206,0.53846,0,0.13383,0,1
179.3,0,2.4317,0.14789,-0.014241,0,1.9742,0,0
,,2.4582,,-0.27807,,,,
244.01,0,-1.0222,0.0071138,0.80151,0,2.0267,0,0
,,2.0231,,-0.20961,,,,
301.76,0,-1.767,0,0.64176,0,1.7711,0,0
329.9,1,3.0791,4.4714,0.10109,1,17.934,0,0
,,4.2609,,0.29841,0,,,
103.68,0,-1.2399,0,0.06326,0,0.39166,0,0
,,,,-0.33816,,,,
148.53,0,4.0389,0.016408,0.48463,0,1.7075,0,0
99.138,1,-1.1294,5.0578,0.18132,0,72.049,0,0
181.03,0,4.9965,0.0056667,0.093787,0,0.37853,0,0
54.578,0,-1.2403,2.1833,0.21476,0,73.825,0,0
,,1.1315,,-0.33849,,,,
102.95,0,4.1212,0.018724,0.10521,0,4.7268,0,0
44.003,1,3.0787,16.42,0.13274,1,26.011,0,0
,,2.6218,,-0.39065,,,,
47.488,0,-1.6724,2.1183,0.70885,0,77.792,0,0
74.357,0,2.3697,0.35387,-0.011021,0,46.186,0,0
103.92,0,-1.1456,0.0030187,0.087196,0,0.74845,0,0
221.64,0,0.87611,7.4144,0.74006,0,58.107,0,1
139.44,1,0.3592,15.788,0.1,1,0.13446,1,0
25.981,1,0.36229,10.058,-0.00084104,1,67.387,0,0
348.8,0,-1.9899,0,0.5249,0,0.60047,0,0
19.527,0,-1.3255,0.019307,0.21691,0,1.9913,0,0
114.02,1,5.3155,24.796,0.061453,1,55.834,0,0
,,,,-0.25532,,,,
164.96,0,4.8725,0,0.14873,0,0.60352,0,0
297.05,0,4.0246,12.162,0.34645,0,84.472,0,0
99.034,0,-1.0693,0,0.54302,0,1.8597,0,0
336.68,1,3.5236,5.3609,0.037945,1,13.154,0,0
,,3.3187,,-0.19807,,,,
261.64,0,3.8931,0,0.28921,0,1.6349,0,0
,,3.3267,,-0.4485,,,,
146.01,0,-0.81392,1.5782,0.31471,0,84.281,0,0
,,0.8487,,-0.092571,,,,
,,2.7096,,-0.31532,,,,
233.83,0,3.4602,0.0055053,0.12975,0,0.1482,0,0
193.84,0,0.27841,6.3574,0.71429,0,46.342,0,1
266.55,1,1.4927,8.7121,0.04661,1,13.197,0,0
202.05,1,3.2363,15.914,0.10448,1,0.34184,1,0
191.09,0,3.3403,0,0.089305,0,0.56221,0,0
73.258,1,3.7756,20.153,0.10757,0,79.177,0,0
85.697,1,1.1603,9.5187,0.22254,0,57.508,0,0
258.8,1,0.084787,31.843,0.2564,1,0.72472,1,0
67.879,1,-1.0055,8.2588,0.24485,1,72.333,0,0
248,0,-1.1468,0.037521,0.29791,0,7.1971,0,0
,,2.3862,,-0.36503,,,,
181.85,0,-1.3368,4.0547,0.30246,0,0.89517,0,0
,,2.5606,,-0.37842,,,,
324.31,0,3.5037,0.017863,0.15309,0,3.4245,0,0
291.46,0,-1.3188,0,0.073877,0,31.371,0,0
343.81,1,-0.97734,21.342,0.13182,1,19.511,0,0
10.521,0,0.51894,0,0.71525,0,0.67799,0,0
176,0,-1.6074,5.1507,0.73697,0,69.571,0,1
179.29,0,2.5565,22.287,0.35088,0,0.51883,0,0
,,2.8532,,-0.4739,,,,
291.58,0,-1.2464,0,0.2302,0,0.7703,0,0
196.02,0,2.7265,0,0.14628,0,1.3168,0,0
133.46,1,3.0276,16.731,0.11178,1,39.399,0,0
315.01,0,-1.6578,0.27171,0.40378,0,30.455,0,0
144.54,0,-0.85262,0.012723,0.40637,0,1.0185,0,0
316.01,0,-4.7669,0,0.62345,0,2.9495,0,0
0.54571,0,1.2789,0,0.47368,0,0.77981,0,0
262.68,0,-1.9005,8.112,0.32174,0,56.494,0,0
,,2.3795,,-0.20654,,,,
359.28,0,-1.1905,0.0010941,0.51347,0,67.778,0,0
41.644,0,4.1603,0.0078759,0.22997,0,0.25595,0,0
,,3.2878,,-0.33813,,,,
141.46,1,-0.27679,17.853,0.10974,1,2.0892,1,0
221.95,1,4.3335,13.931,0.21112,1,0.28845,1,0
288.36,0,2.9237,0.023774,0.24679,0,5.8994,0,0
101.96,1,3.7315,13.59,-0.071957,1,1.5667,1,0
337.91,0,5.1454,0.006144,0.16962,0,2.1109,0,0
160.19,0,-2.2532,2.9958,0.74473,0,59.383,0,1
350.42,0,0.51416,13.119,0.86381,0,57.1,0,1
1.0637,1,3.1716,39.455,0.054355,1,1.6685,1,0
5.971,0,-0.36865,0,0.52279,0,3.2003,0,0
205.14,0,0.016858,0,0.32406,0,0.77724,0,0
,,3.3195,,-0.19023,,,,
179.18,,-0.86795,,0.18828,1,86.21,0,
53.121,0,-1.5022,0,0.52819,0,21.1,0,0
56.808,0,3.5446,0,0.43561,0,1.2059,0,0
251.66,1,-1.2821,14.88,0.125,1,46.119,0,0
74.212,0,-1.2514,0,0.4669,0,0.37498,0,0
157.95,0,4.05,0,0.75673,0,1.3108,0,0
278.23,0,5.0629,0,0.018039,0,0.9599,0,0
,,2.6942,,-0.32154,,,,
,,2.5508,,-0.33122,,,,
269.96,0,-0.93875,0.022751,0.26667,0,2.9117,0,0
218.65,0,3.934,0,0.25657,0,1.8977,0,0
,,3.1885,,-0.035316,,,,
34.735,0,2.6636,0,0.059271,0,0.26746,0,0
310.56,0,0.24962,0,0.67078,0,19.287,0,0
152.79,1,2.5197,2.6095,0.047143,0,26.252,0,0
159.6,0,-1.3262,0,0.46767,0,62.515,0,0
,,0.2116,,0.87915,0,,,
137.62,0,2.7625,0,0.047187,0,0.47566,0,0
,,3.2767,,-0.25333,,,,
,,2.4706,,-0.22236,,,,
328.1,0,3.208,0,0.40749,0,2.0632,0,0
48.496,1,3.3289,12.199,0.038814,1,28.137,0,0
,,2.3756,,-0.32666,,,,
56.633,1,3.0756,12.49,0.14394,0,80.449,0,0
,,2.9758,,-0.28617,,,,
172.15,0,3.4332,0.015423,0.53436,0,0.13867,0,0
265.88,0,2.9525,0.0024512,0.066946,0,1.7383,0,0
179.29,0,-0.32111,0.0057137,0.22625,0,0.19492,0,0
19.006,0,1.642,0.0022334,0.13412,0,2.7386,0,0
276.52,0,3.8565,0.031637,0.097072,0,7.8701,0,0
216.92,0,0.3591,0.018699,0.10379,0,0.37646,0,0
322.33,1,2.5858,3.0813,0.16165,0,80.273,0,0
226.92,0,3.3767,0,0.42055,0,0.73137,0,0
192.89,1,-1.0156,8.2929,0.13443,1,0.17106,1,0
281.69,0,3.42,0.012962,0.071174,0,0.98853,0,0
334.01,0,3.3745,0,-0.014439,0,1.3185,0,0
322.01,0,3.7126,9.0169,0.37305,0,60.66,0,0
359.29,0,2.1953,0,0.28409,0,0.028676,0,0
193.08,0,3.5377,0.40726,0.31821,0,13.674,0,0
300.66,0,3.4538,19.083,0.51256,0,0.72688,0,1
144.68,0,-2.979,0.14341,0.75626,0,66.818,0,0
,,1.0771,,-0.18547,,,,
,,2.4595,,-0.22559,,,,
,,2.8546,,-0.3302,,,,
,,3.002,,-0.26053,,,,
162.71,0,2.4859,0,0.038123,0,0.60413,0,0
,,2.8409,,-0.45113,,,,
39.817,0,3.846,0,0.22302,0,0.25646,0,0
337.27,0,1.7369,0,0.15412,0,8.744,0,0
300.1,1,0.91564,6.1202,0.27778,1,23.817,0,0
152.96,0,2.744,0.024183,0.045716,0,4.0998,0,0
147.08,0,3.4946,0,0.39137,0,11.014,0,0
,,3.2884,,-0.23542,,,,
80.386,0,-1.3673,0,0.42446,0,0.89001,0,0
155.96,1,4.2087,39.045,0.15462,1,17.483,1,0
189.48,1,2.8762,21.27,0.111,1,0.39027,1,0
264.99,0,-0.54668,2.2659,0.42684,0,76.303,0,0
69.687,0,-0.27551,0,0.404,0,2.2561,0,0
179.28,0,-1.7965,4.5848,0.62011,0,53.941,0,1
132.94,1,3.6684,21.976,0.17791,1,0.53999,1,0
296.7,0,-0.32434,0,0.02529,0,0.16187,0,0
137.82,1,-0.77282,15.989,0.037604,0,83.909,0,0
264.42,0,0.14477,0,0.21458,0,1.8913,0,0
269.53,0,2.288,0,-0.02361,0,12.226,0,0
354.27,0,3.5057,0.02547,0.16004,0,14.28,0,0
226.95,0,-1.0675,0,0.09767,0,0.35759,0,0
168.92,0,3.2607,1.9655,0.70262,0,10.831,0,0
171.59,0,-1.093,0.0081432,0.28185,0,1.7176,0,0
303.78,1,3.5218,26.633,0.090967,1,40.68,0,0
318.38,0,0.18084,0.0055596,0.11801,0,1.3954,0,0
350.89,0,3.4366,0,0.094543,0,1.1009,0,0
89.29,0,0.35124,0,0.056239,0,0.17243,0,0
65.523,1,-0.24699,16.133,0.063345,1,0.85397,1,0
170.33,0,3.2423,0.0043375,0.14736,0,4.3848,0,0
92.725,0,2.2512,0.011438,0.050217,0,0.4779,0,0
282.93,0,-1.0998,0.089626,0.25697,0,6.1219,0,0
,,2.8036,,-0.45924,,,,
295.97,0,0.36707,0.016034,0.31651,0,1.672,0,0
,,3.0021,,-0.33871,,,,
,,1.2172,,-0.36656,,,,
250.24,0,-1.8534,0,0.82852,0,7.5321,0,0
117.24,0,7.2255,0.76678,0.79172,0,40.649,0,0
225.76,0,0.50847,0,0.043449,0,0.66182,0,0
179.27,0,-0.063577,0.0054771,0.2019,0,0.55607,0,0
,,1.0717,,-0.41538,,,,
359.28,0,4.5518,4.4397,0.84068,0,11.289,0,1
31.346,0,0.10575,0.019051,0.088278,0,0.75768,0,0
35.741,0,2.8139,4.0249,0.88708,0,40.992,0,1
69.346,1,3.5687,51.044,0.11906,1,56.888,0,0
299.68,0,0.75591,0,0.33663,0,2.118,0,0
57.649,0,5.0756,5.816,0.8451,0,36.619,0,1
230.5,1,-0.88692,13.892,0.064267,1,0.53086,1,0
269.17,1,3.1172,2.9215,0.20486,0,76.938,0,0
174.14,0,3.4011,0.020258,0.11256,0,2.0483,0,0
217.5,0,1.0918,5.1302,0.84163,0,61.9,0,1
185.89,1,-1.076,5.2787,0.27185,0,74,0,0
308.7,0,0.89596,0,0.085142,0,1.1379,0,0
185.34,0,3.1863,0,0.053874,0,3.0008,0,0
254.33,0,3.5818,0.045253,0.36155,0,4.0621,0,0
114.76,0,1.4157,0,0.10843,0,1.2666,0,0
7.2089,1,-1.0615,12.313,0.11435,1,0.4167,1,0
204.5,0,0.28403,6.3784,0.861,0,73.682,0,1
262.36,0,-1.4034,0.29593,0.1776,0,18.852,0,0
180.63,,3.5387,,0.12332,1,44.745,1,
144.9,,3.2021,,0.10222,0,87.816,0,
254.07,0,0.29337,0.0089296,0.051688,0,0.85171,0,0
269.29,0,2.2639,0,0.027531,0,0.18967,0,0
318.85,1,-1.228,11.519,0.25266,1,0.70029,1,0
,,2.5265,,-0.16981,,,,
235.23,1,0.42181,35.318,0.12901,1,5.0238,1,0
337.14,1,3.7409,9.2136,0.13029,1,0.19811,1,0
,,2.8546,,-0.089969,,,,
197.75,1,-1.3908,13.286,0.16458,1,12.059,1,0
102.26,1,-0.20286,30.286,0.29673,1,0.15334,1,0
62.006,0,3.1136,0.012996,0.062209,0,9.3753,0,0
,,3.2743,,-0.31973,,,,
314.22,1,3.0239,4.3646,0.10555,0,80.167,0,0
180.12,0,-0.067835,1.62,0.071313,0,49.199,0,0
130.36,0,2.6635,0.73001,0.19157,0,57.275,0,0
83.467,1,-0.15477,4.5062,0.14491,1,0.28308,1,0
336.49,1,2.7463,17.082,0.17115,1,44.321,0,0
133.06,0,3.2305,0.062869,0.26115,0,11.503,0,0
,,1.2577,,-0.33935,,,,
260.65,0,2.2915,2.1704,0.85468,0,73.643,0,0
,,1.1268,,-0.14667,,,,
0,0,3.3476,0,0.38017,0,0,0,0
121.6,0,-1.0086,0.0045847,0.3229,0,0.27883,0,0
38.528,0,-1.0175,0,0.3229,0,0.099939,0,0
,,2.8269,,-0.43226,,,,
170.79,1,-0.56897,92.586,0.08097,1,18.675,1,0
161,1,0.33286,15.364,0.023975,1,3.0219,1,0
,,2.6973,,-0.36493,,,,
168.17,0,2.1229,0,0.3046,0,0.92307,0,0
348.67,0,-1.8705,11.261,0.5383,0,8.0365,0,1
322.59,1,-1.0167,9.3114,0.05735,1,12.025,0,0
112.99,0,2.7005,0,-0.24953,0,0.15692,0,0
0.82446,0,-1.578,0,0.77,0,0.42438,0,0
159.86,0,1.175,0,0.2944,0,1.2947,0,0
,,1.22,,-0.41549,,,,
114.91,0,-1.8476,3.0042,0.73057,0,0.66932,0,1
176.94,0,-0.59687,0.0077674,0.21423,0,0.56227,0,0
22.272,0,-1.4944,7.4125,0.73865,0,23.204,0,1
215.94,0,-1.2593,0.025326,0.14411,0,62.371,0,0
80.12,0,4.0328,0,0.13283,0,0.61129,0,0
352.82,0,3.9692,0.0077677,0.4789,0,0.91729,0,0
359.29,1,0.43223,12.565,0.15439,1,0.38413,1,0
333.62,0,0.97597,1.9179,0.85442,0,23.605,0,0
126.05,0,3.5064,0,0.36716,0,1.6854,0,0
126.83,0,2.9913,0.029701,0.63588,0,1.0726,0,0
89.299,1,3.9517,41.929,0.14101,1,0.023021,1,0
,,2.8577,,-0.44854,,,,
262.1,0,3.0275,0.0026736,0.0073831,0,1.1932,0,0
,,2.5065,,-0.2132,,,,
218.35,1,0.43563,20.803,0.24381,1,1.2402,1,0
37.881,0,-0.7127,0,0.66038,0,9.5921,0,0
23.942,0,-1.167,0,0.1813,0,1.1984,0,0
321.7,1,3.8533,34.086,0.076503,1,1.4607,1,0
307.47,0,-1.3522,0,0.66093,0,11.169,0,0
186.57,0,4.9756,0.54583,0.20746,0,36.562,0,0
330.05,0,2.6336,0.0098848,0.13037,0,5.232,0,0
357.41,0,3.697,3.8371,0.61047,0,51.658,0,1
21.483,1,-1.0865,10.774,0.16971,0,80.696,0,0
261.66,0,3.7513,5.6596,0.41696,0,73.183,0,1
232.15,0,3.2044,0,0.10291,0,0.38932,0,0
,,1.8961,,-0.22383,0,,,
,,2.8374,,-0.36134,,,,
,,,,-0.29371,,,,
65.595,1,-0.98633,11.595,0.16667,1,0.88486,1,0
142.2,1,-0.037279,16.58,-0.0049261,1,0.46709,1,0
338.47,0,2.7574,0,0.18074,0,2.9594,0,0
155.83,0,3.2789,0,0.23274,0,10.788,0,0
327.84,0,2.62,0.042163,0.10384,0,0.33598,0,0
262.38,0,2.5931,11.404,0.52537,0,39.087,0,1
,,1.1971,,-0.013384,,,,
83.992,1,0.49271,25.431,-0.0023641,1,33.88,0,0
354.98,1,3.2555,18.739,0.10024,1,11.253,0,0
160.89,0,3.7435,0.23715,0.68449,0,21.649,0,0
,,2.8524,,-0.39671,,,,
355.86,1,3.8094,17.208,-0.0121,1,55.036,0,0
154.68,0,4.7331,0.0054078,0.56705,0,1.0906,0,0
138.74,0,3.0732,0,0.28117,0,22.204,0,0
,,,,-0.32299,,,,
,,2.3048,,-0.11643,,,,
,,0.11189,,0.70025,0,,,
219.25,0,2.8355,4.5902,0.56343,0,43.178,0,1
90.462,0,-1.0046,0.011707,0.29064,0,20.215,0,0
183.32,0,-1.232,12.581,0.30791,0,44.189,0,0
269.28,0,-0.26696,0.023464,0.092881,0,0.63795,0,0
353.12,1,-1.1511,40.28,0.087034,1,0.42672,1,0
,,,,-0.37955,,,,
,,3.3127,,-0.36132,,,,
359.27,0,3.3597,1.0926,0.11231,0,48.111,0,0
80.518,0,2.6488,0.0077991,0.2271,0,1.2792,0,0
,,3.3206,,-0.21622,,,,
214.55,0,3.8365,4.6928,0.70568,0,72.824,0,1
157.87,1,3.5153,14.928,0.073271,1,0.14166,1,0
330.37,0,4.4396,0,0.12507,0,1.5452,0,0
9.2513,1,0.34075,20.334,0.24403,1,31.685,0,0
109.95,1,0.62584,28.752,0.086053,1,2.1919,1,0
323.2,1,3.3686,28.533,0.038202,1,0.93648,1,0
92.085,1,-0.92181,19.127,0.15123,1,69.576,0,0
,,3.1645,,-0.2892,,,,
208.47,0,3.5717,0.0056181,0.26325,0,0.40059,0,0
52.86,0,-1.0652,6.1135,0.61725,0,62.13,0,1
269.3,0,3.4164,0.46933,0.52414,0,16.39,0,0
214.09,0,3.8026,0,0.070379,0,13.352,0,0
228.86,0,4.1836,0.041613,0.12638,0,0.83068,0,0
191.22,0,3.6045,0,0.013347,0,0.22264,0,0
294.22,0,4.0021,0.0026703,0.062158,0,0.65279,0,0
,,2.9141,,-0.29207,,,,
117.11,0,4.0953,0.031038,0.053875,0,1.9034,0,0
,,3.1405,,-0.17663,,,,
330.2,1,2.9929,21.194,0.1275,1,0.23626,1,0
,,2.6925,,-0.45848,,,,
253.67,0,-1.1019,11.488,0.40038,0,0.29838,0,1
139.75,0,-1.3529,0.010801,0.11645,0,0.71345,0,0
261.81,0,4.6042,0.0018792,0.439,0,0.7941,0,0
,,3.2917,,-0.32605,,,,
206.02,0,4.6816,0.0091615,0.08286,0,2.9755,0,0
287.63,0,0.16874,2.759,0.49953,0,31.154,0,1
102.27,0,0.82668,0.057817,0.36901,0,3.0055,0,0
,,1.6622,,-0.38079,,,,
269.89,0,-0.86117,3.5923,0.53964,0,64.662,0,1
203.39,0,3.6006,0,0.14908,0,1.6889,0,0
14.952,1,-1.1686,5.5211,0.18005,0,80.095,0,0
48.048,0,3.5976,11.592,0.30228,0,0.50441,0,0
,,,,-0.34465,,,,
226.59,1,-0.99785,12.842,0.17375,1,78.198,0,0
,,,,-0.37786,,,,
,,3.1943,,-0.21767,,,,
44.796,0,3.0363,0,0.17697,0,7.0634,0,0
,,1.2094,,-0.12272,,,,
215.68,1,3.8957,36.087,-0.0040486,1,0.4841,1,0
165.29,0,3.6513,0,0.20915,0,1.1402,0,0
179.29,1,3.595,39.658,0.10214,1,36.495,1,0
86.066,0,-1.0804,0.0043427,0.23105,0,81.118,0,0
334.45,1,4.3417,25.506,0.16602,1,0.32848,1,0
220.51,0,2.6322,1.0598,0.27674,0,48.756,0,0
321.15,0,3.3495,0,0.77554,0,0.77251,0,0
96.522,0,3.1069,0.011624,0.039915,0,1.0485,0,0
,,2.701,,-0.28549,,,,
156.84,1,3.5021,14.551,0.15504,1,9.5377,1,0
87.33,0,2.7388,0,0.21931,0,1.2535,0,0
269.29,0,1.2562,7.5901,0.80322,0,5.2557,0,1
2.7452,0,3.3018,2.2372,0.35641,0,55.872,0,0
359.28,1,0.28498,6.5678,0.088496,1,0.11465,1,0
327.35,0,3.9627,13.795,0.31841,0,1.4993,0,0
137.16,0,3.0393,2.2703,0.088719,0,85.618,0,0
85.236,0,-0.57263,0.011933,0.062629,0,0.73172,0,0
,,1.0613,,-0.40541,,,,
262.84,0,3.2398,11.442,0.42877,0,78.108,0,1
,,1.8731,,-0.19675,,,,
0,1,-0.22257,27.726,0.2037,1,0,1,0
169.54,1,2.9142,5.9151,0.12381,0,0.81432,0,0
44.345,0,2.6877,0.076622,0.12567,0,0.097412,0,0
346.61,0,3.8499,0,0.10795,0,1.7271,0,0
241.68,0,3.6052,0.040072,0.67637,0,0.80418,0,0
261.28,0,0.5929,0,0.11673,0,2.303,0,0
,,3.2441,,-0.34694,,,,
279.4,1,0.11279,7.2617,0.074028,1,11.983,0,0
88.717,0,3.0362,0,0.12331,0,46.151,0,0
177.54,1,3.4625,4.4258,0.26767,0,82.138,0,0
179.38,0,3.496,1.6008,0.4277,0,3.4413,0,0
,,3.351,,0.22662,,,,
303.68,0,2.4751,0.80264,0.035318,0,3.3255,0,0
268.28,1,0.84073,5.5955,0.28389,1,1.2989,1,0
268.82,0,4.3063,0.0058231,0.096817,0,65.303,0,0
234.17,1,3.0839,5.8076,0.16477,0,84.28,0,0
,,2.6107,,-0.35873,,,,
69.434,0,-1.019,3.4164,0.41477,0,76.315,0,1
,,3.0064,,0.1473,,,,
,,3.2559,,-0.29185,,,,
308.9,1,4.8071,12.059,0.011905,1,11.532,0,0
,,2.3817,,-0.19549,,,,
103.01,0,3.0174,0.0048854,0.11846,0,1.4256,0,0
49.028,1,-1.236,20.956,0.16492,1,5.5025,1,0
60.359,0,1.0603,3.8123,0.40868,0,60.722,0,1
122.08,0,-0.78064,0.0053376,0.53158,0,0.88885,0,0
49.63,0,4.3406,1.9017,0.15205,0,81.795,0,0
,,2.7328,,-0.30461,,,,
356.69,0,-1.2644,0,0.1371,0,81.866,0,0
302.9,0,4.3197,0,0.54808,0,18.939,0,0
260.34,0,0.53988,1.5074,0.63967,0,31.679,0,0
132.1,1,-1.2849,8.3891,0.13325,1,1.4417,1,0
331.82,1,1.6271,18.9,0.1937,1,2.3179,1,0
359.12,1,-0.61663,28.623,0.12963,1,44.732,0,0
126.53,1,-0.2378,30.373,0.17952,1,0.8521,1,0
84.5,1,-1.2762,11.667,0.19809,1,6.9957,1,0
169.69,1,3.6927,32.069,0.036715,1,0.4824,1,0
,,,,-0.32765,,,,
298.39,0,3.78,0,0.4237,0,0.62482,0,0
315.76,0,-1.0863,0,0.035104,0,0.74703,0,0
134.44,1,-1.1374,22.301,0.26801,1,17.364,0,0
193.16,0,-1.4121,7.0304,0.63848,0,21.863,0,1
185.53,0,3.2289,9.1381,0.47305,0,81.759,0,1
,,1.449,,-0.3073,,,,
265.52,1,4.9914,14.573,-0.021769,1,76.647,0,0
173.25,0,3.9532,0,0.43061,0,51.509,0,0
89.288,0,0.1086,0.7911,0.10458,0,36.896,0,0
271.88,0,-1.0258,0.010903,0.19894,0,34.429,0,0
345.54,0,-1.288,0.0055757,0.1176,0,0.24198,0,0
328.86,0,4.8209,0,0.30188,0,4.0684,0,0
280.7,0,0.61208,0.059019,0.69585,0,1.8815,0,0
227.97,0,3.6917,0.015817,0.15719,0,1.5534,0,0
269.58,0,3.5455,0.13409,0.17407,0,3.3012,0,0
187.99,0,3.9123,0,0.62062,0,1.1772,0,0
39.448,0,-1.29,0,0.79884,0,1.1403,0,0
238.98,1,-1.0563,9.6358,0.14668,0,74.041,0,0
89.279,,-1.0049,,0.13296,1,3.3866,1,
307.72,1,3.1138,4.1921,0.1562,0,78.811,0,0
356.76,0,2.9523,0.3742,0.096307,0,42.277,0,0
91.003,0,0.89915,0.020251,0.49284,0,12.088,0,0
,,2.2574,,-0.35314,,,,
204.74,0,0.1022,5.2108,0.67471,0,29.993,0,1
327.97,0,1.7735,0.0097238,0.18631,0,0.56375,0,0
59.4,0,0.73679,5.5698,0.6813,0,60.818,0,1
110.04,0,3.4883,14.289,0.62061,0,62.211,0,1
134.22,,2.0187,,-0.26316,0,6.2783,0,
310.8,0,2.4559,0.054918,0.096234,0,21.568,0,0
89.275,0,2.6066,1.3608,0.86325,0,53.337,0,0
85.159,1,0.27301,40.161,0.20366,1,42.815,0,0
,,2.166,,-0.28435,,,,
244.9,1,-0.12489,26.081,0.062324,1,51.738,0,0
246.13,1,3.3616,26.284,0.037587,1,0.52507,1,0
222.66,0,3.5354,1.6108,0.66865,0,31.388,0,0
87.698,0,5.4332,0,0.046653,0,1.4372,0,0
208.81,0,3.3925,0.0088282,0.08589,0,1.528,0,0
,,2.8514,,-0.19013,,,,
158.03,0,4.3735,0.015333,0.45664,0,1.4577,0,0
358.31,0,1.3843,0.00051534,0.26107,0,60.921,0,0
,,3.4823,,-0.28704,,,,
,,3.2684,,-0.36691,,,,
83.075,0,2.7172,2.9457,0.34799,0,2.5422,0,0
106.7,0,5.2812,0.044336,0.22782,0,2.3359,0,0
,,2.3966,,-0.24259,,,,
152.32,0,3.9713,0,0.68846,0,0.84903,0,0
127.43,0,-1.8186,12.204,0.30643,0,2.6149,0,0
112.93,0,3.1164,0,0.22684,0,2.0135,0,0
359,1,1.3587,31.731,0.16468,1,16.181,0,0
140.34,0,3.7102,0,0.050032,0,0.22853,0,0
296.83,0,2.6456,0,0.19254,0,2.8497,0,0
60.947,1,0.39427,22.779,0.067152,1,74.848,0,0
,,2.5497,,-0.12026,,,,
322.12,0,1.1317,0,0.22362,0,17.295,0,0
313.41,0,3.5384,0.0070267,0.079101,0,1.7369,0,0
359.3,0,3.9081,4.4679,0.61196,0,53.26,0,1
75.857,0,2.9051,0,0.17107,0,5.7774,0,0
169.59,1,3.642,17.547,0.11574,1,1.0236,1,0
,,1.8191,,0.0025316,,,,
,,,,-0.47314,,,,
150.7,0,3.2418,0.94561,0.54024,0,3.0849,0,0
341.81,0,3.6513,22.764,0.33844,0,35.625,0,0
354.64,0,0.74836,1.3043,0.73695,0,74.356,0,0
180.85,0,4.2492,0.0042734,0.36673,0,1.0437,0,0
230.64,1,3.5586,14.804,0.13112,1,0.036773,1,0
342.05,0,-1.1225,1.079,0.82965,0,81.588,0,0
169.13,0,0.38627,0.091132,0.12426,0,0.32614,0,0
359.29,1,4.3642,4.4288,0.16444,1,0.50445,1,0
149.46,0,1.1093,3.6603,0.31787,0,83.427,0,0
,,3.3471,,0.082598,,,,
,,-2.4095,,0.3495,,,,
,,2.726,,-0.16796,,,,
89.349,0,1.0744,16.791,0.45949,0,10.297,0,1
58.831,0,3.8452,0.0066223,0.048051,0,1.2331,0,0
44.361,0,2.2882,0,0.044444,0,0.016238,0,0
186.56,0,5.1778,0,0.11275,0,2.1316,0,0
,,2.8661,,-0.27243,,,,
,,2.7671,,-0.24254,,,,
,,,,-0.30709,,,,
,,3.3273,,-0.41925,,,,
150.19,,2.7811,,0.17989,0,2.4686,0,
208.68,0,3.162,2.9799,0.62769,0,66.57,0,1
134.2,0,3.3255,0,0.14375,0,0.98217,0,0
223.23,1,3.3617,20.799,0.035081,1,45.311,1,0
291.37,1,-0.89105,13.437,0.21702,1,0.53341,1,0
196.91,1,3.0003,15.568,0.096724,1,0.60755,1,0
187.34,1,1.6541,4.3113,0.078101,0,42.235,0,0
285.2,1,0.035522,4.7646,0.19115,1,0.20917,1,0
,,,,-0.34256,,,,
341.55,0,1.6097,5.5816,0.85029,0,53.251,0,1
324.33,1,5.1965,5.2268,0.048424,0,29.465,0,0
,,,,-0.37792,,,,
166.21,0,3.4427,0,0.048995,0,2.8405,0,0
153.43,0,-1.7649,0.019966,0.51903,0,0.93625,0,0
293.04,1,3.1293,8.5958,0.14355,1,55.974,0,0
149.4,0,4.1226,8.21,0.72343,0,62.69,0,1
359.28,1,-1.0298,8.223,0.094816,1,1.536,1,0
344.88,1,6.1154,9.7178,0.092437,0,72.052,0,0
352.85,0,-1.2861,5.1347,0.56371,0,40.917,0,1
96.188,1,2.7222,13.172,0.13147,1,26.67,0,0
56.896,1,2.7017,24.03,0.23138,0,6.3659,0,0
126.38,0,-0.39971,13.255,0.60079,0,0.209,0,1
115.64,0,-1.4919,0.54964,0.82876,0,33.308,0,0
265.29,1,-1.0122,3.6893,0.062857,1,30.795,0,0
,,1.8052,,-0.17044,,,,
336.95,0,-0.14018,0,0.39192,0,1.7844,0,0
122.14,0,0.36755,9.4377,0.84752,0,61.093,0,1
72.451,0,-0.90042,0.027721,0.21134,0,67.735,0,0
359.29,0,0.56867,0.31693,0.33981,0,1.5876,0,0
259.72,0,3.9361,0.032251,0.37762,0,2.4173,0,0
37.602,0,3.6028,5.4917,0.53339,0,0.24106,0,1
171.75,1,0.29329,17.618,0.13483,1,35.028,1,0
,,0.98398,,0.73722,,,,
99.939,0,7.0201,0,0.15542,0,0.52635,0,0
313.27,0,2.5535,0.0012333,0.12381,0,6.3396,0,0
,,-1.873,,0.75169,,,,
37.698,0,-1.0825,2.3332,0.85502,0,50.847,0,0
,,2.5721,,-0.32381,,,,
,,2.9274,,-0.34545,,,,
161.42,1,2.7665,45.388,0.10648,1,5.1004,1,0
359.29,0,0.49395,0.01875,0.42115,0,0.028664,0,0
134.1,0,1.2538,0,0.077647,0,5.6118,0,0
156.31,0,2.627,0.0053887,0.087149,0,4.1459,0,0
329.54,0,4.4244,0.018861,0.21799,0,2.6393,0,0
246.65,0,5.4056,0,0.062941,0,2.589,0,0
51.333,0,3.095,0.021641,0.12068,0,3.1097,0,0
359.28,0,-1.1833,0,0.11918,0,0.091727,0,0
172.4,0,3.1619,1.3914,0.17532,0,22.975,0,0
343.15,1,-0.62451,40.017,0.20042,1,83.408,0,0
,,3.2061,,-0.083871,,,,
36.786,0,2.9899,0.069263,0.022916,0,2.3687,0,0
177.16,1,-0.10729,20.129,0.020661,1,41.781,1,0
186.22,1,-1.1537,13.109,0.23571,1,1.8532,1,0
185.46,0,4.1644,3.0028,0.52584,0,16.365,0,1
,,3.3203,,-0.26445,,,,
148.03,1,2.2775,13.786,0.22048,1,47.181,1,0
290.13,0,0.36911,8.8775,0.40294,0,30.262,0,1
226.65,0,3.3525,0,0.33428,0,48.029,0,0
359.3,0,2.805,8.8057,0.32174,0,33.623,0,0
359.36,0,5.255,0,0.11777,0,37.677,0,0
229.35,,-0.82867,,0.21774,0,87.28,0,
29.168,0,-1.1258,5.2781,0.55003,0,48.203,0,1
90.074,1,0.40101,11.874,0.066356,0,0.41963,0,0
,,2.6049,,-0.23329,,,,
163.14,0,2.8987,0.30186,0.67417,0,41.649,0,0
350.52,0,3.609,0,0.67675,0,0.67865,0,0
28.75,0,2.2038,0,0.12041,0,0.46746,0,0
45.541,0,1.9093,0.14654,0.53979,0,7.935,0,0
299.16,1,0.45287,12.535,0.10297,1,0.2187,1,0
254.25,1,0.76085,7.6308,0.073283,0,85.906,0,0
39.157,0,-1.6395,0,0.69657,0,0.2241,0,0
314.67,0,-0.17481,0,0.19571,0,19.243,0,0
137.85,1,3.9916,23.092,0.28438,1,3.59,1,0
334.64,0,1.839,9.7033,0.31433,0,6.3567,0,0
290.2,0,4.775,0,0.13574,0,1.6546,0,0
72.367,1,-1.0158,28.834,0.24789,1,0.84705,1,0
,,2.8552,,-0.37358,,,,
85.082,1,7.0269,5.621,0.1997,1,64.497,0,0
179.3,1,4.3791,14.418,0.14061,1,0.097427,1,0
150.61,0,0.7918,0,0.49615,0,0.35937,0,0
153.18,1,3.8474,6.445,0.27795,1,76.466,0,0
,,2.6693,,-0.29254,,,,
116.93,0,-1.2098,0.23272,0.31941,0,26.153,0,0
62.777,0,-0.15434,0.0044388,0.36684,0,0.70646,0,0
,,2.6585,,-0.38358,,,,
,,2.7303,,-0.32489,,,,
247.53,0,4.0212,0.0022779,0.44509,0,0.061879,0,0
359.29,0,1.2122,0,0.16499,0,1.1722,0,0
276.72,0,-0.099204,44.277,0.3614,0,0.574,0,0
132.93,0,2.779,0.005517,0.2851,0,1.2787,0,0
,,,,-0.52282,,,,
230.58,0,-1.0114,0,0.11157,0,1.421,0,0
215.34,0,4.0627,18.373,0.34631,0,6.4878,0,0
39.842,0,3.8433,0.01976,0.032824,0,0.56583,0,0
137.62,0,-0.52633,0.00373,0.39791,0,42.861,0,0
257.77,0,-1.3419,0.006048,0.6253,0,0.2874,0,0
292.09,,4.0508,,0.15916,1,3.1855,1,
,,2.6205,,-0.21708,,,,
,,3.4802,,-0.31658,,,,
,,3.3198,,-0.21271,,,,
20.87,0,4.6472,2.5898,0.81254,0,42.967,0,1
77.089,0,-1.3102,0.020225,0.10358,0,2.4974,0,0
117.63,0,1.7452,0.028949,0.24991,0,3.8725,0,0
65.308,1,-1.1115,8.7559,0.12382,1,80.889,0,0
109.45,1,0.080545,14.545,0.10451,1,1.5793,1,0
300.92,0,2.3008,0.00011587,0.068814,0,0.83037,0,0
244.2,0,1.1045,0,0.69577,0,9.6181,0,0
247.76,0,0.97755,0.52385,0.56576,0,61.972,0,0
218.73,0,3.4238,0,0.36228,0,0.579,0,0
211.93,0,3.1627,2.1808,0.62769,0,67.267,0,0
182.59,0,-1.3179,0.038899,0.13609,0,0.99335,0,0
342.84,0,-1.0301,0.38056,0.07293,0,75.362,0,0
193.06,0,0.68966,0.036636,0.15551,0,25.252,0,0
179.95,0,-0.60724,0,0.2193,0,1.9829,0,0
89.285,1,3.9967,7.8382,0.1619,1,0.52301,1,0
,,3.1578,,-0.29927,,,,
270.87,0,-0.087785,0,0.26869,0,2.0748,0,0
,,2.8039,,-0.28383,,,,
66.243,1,3.1915,9.0354,0.20911,0,7.0532,0,0
141.68,1,0.3574,16.984,0.20572,1,0.094133,1,0
228.9,0,3.9579,0,-0.11602,0,30.696,0,0
99.253,1,0.7973,2.6855,0.064502,0,4.7915,0,0
,,3.2902,,-0.28372,,,,
33.464,0,4.1364,0,0.17468,0,1.1154,0,0
268.86,0,0.38995,21.293,0.30607,0,58.588,0,0
,,2.1422,,0.017401,,,,
245.7,1,0.42294,13.787,0.11774,0,30.463,0,0
182.47,0,0.23999,0,0.10448,0,0.2067,0,0
,,1.7489,,0.14401,,,,
,,3.3022,,-0.32093,,,,
156.74,1,-1.0141,26.067,0.2083,1,11.768,1,0
189.6,0,3.2411,0,0.24358,0,2.248,0,0
44.395,,4.8031,,-0.0017182,0,88.302,0,
,,3.2295,,-0.33649,,,,
212.5,1,3.6445,32.122,0.024524,1,0.33587,1,0
145.81,0,-1.6124,0.0025482,0.19622,0,3.0412,0,0
,,2.7168,,-0.11329,,,,
72.164,1,0.70242,17.43,0.20899,1,79.178,0,0
338.84,1,-0.29328,11.391,0.047201,0,87.036,0,0
163.42,0,-0.019652,0,0.29208,0,0.75686,0,0
200.16,0,2.1727,0,0.14916,0,0.61345,0,0
,,2.7043,,-0.40503,,,,
132.04,0,-1.7186,3.3007,0.84427,0,55.257,0,1
129.98,0,3.1176,0,0.52664,0,2.3029,0,0
110.73,1,0.37338,3.2226,0.1805,0,14.456,0,0
89.271,0,3.5954,0.0084264,0.11464,0,0.011497,0,0
,,2.472,,0.24638,,,,
,,2.7798,,0.19766,,,,
179.28,0,-0.97191,12.25,0.43805,0,0.21787,0,1
269.28,0,-1.095,0.0030128,0.29266,0,1.1206,0,0
359.28,0,-1.1181,12.695,0.33438,0,0.20065,0,0
235.54,0,-0.84299,3.7158,0.78438,0,78.564,0,1
,,1.7654,,-0.30248,,,,
339.3,0,4.0412,0,0.068889,0,0.68929,0,0
,,-0.87045,,0.46727,,,,
206.87,1,-1.1916,13.198,0.23584,1,52.784,1,0
112.98,0,-1.5868,0,0.44888,0,1.1549,0,0
258.41,0,1.4311,15.024,0.87951,0,49.081,0,1
130.72,0,4.116,0.0013695,0.5496,0,4.7961,0,0
328.24,1,0.36326,14.162,0.054374,1,4.0281,1,0
91.088,0,3.7842,0,0.23186,0,1.6499,0,0
186.35,1,0.48745,23.877,0.13553,1,20.473,1,0
278.86,0,-1.3635,0.038403,0.23911,0,4.0212,0,0
257.41,0,-1.436,2.205,0.50643,0,68.407,0,0
237.05,,2.4249,,0.090147,0,36.226,0,
,,3.3045,,-0.29907,,,,
119.32,1,3.6992,9.035,0.068783,0,51.957,0,0
,,3.1926,,-0.044898,,,,
52.931,,-0.38861,,0.71797,0,31.748,0,
67.057,0,-1.9377,0,0.76961,0,6.8037,0,0
,,3.2305,,-0.34917,,,,
1.6631,0,-1.2011,0.055201,0.47244,0,1.5202,0,0
0.86555,0,0.55667,0,0.030846,0,28.759,0,0
44.35,0,0.9766,9.8684,0.87179,0,0.056825,0,1
349.59,1,3.2814,17.949,0.15239,1,66.224,0,0
10.827,0,3.8699,3.6343,0.34362,0,2.6428,0,0
16.516,0,1.4983,0.89996,0.8956,0,53.004,0,0
111.76,1,4.3439,4.4508,0.018418,1,1.0946,1,0
127.65,0,1.9452,2.4872,0.7391,0,64.835,0,0
328,0,-0.9813,14.687,0.30266,0,0.44274,0,0
357.86,1,3.521,3.0194,0.2009,1,0.2294,1,0
159.07,0,3.0608,0.0080023,0.087222,0,1.0141,0,0
252.43,1,2.3961,11.264,0.23942,0,77.347,0,0
174.33,0,-1.0939,29.03,0.37958,0,0.46612,0,0
86.93,0,3.9502,0,0.18218,0,4.5921,0,0
88.918,0,-0.60261,27.46,0.3913,0,46.307,0,0
299.11,0,-1.4696,0.26525,0.26217,0,57.392,0,0
224.1,1,3.2953,14.001,0.18925,0,83.86,0,0
172.46,0,2.5623,0.00045967,0.41704,0,1.7374,0,0
,,3.336,,-0.3323,,,,
95.857,0,2.4745,1.4214,0.045714,0,14.051,0,0
328.78,0,3.8247,7.3732,0.56296,0,0.1131,0,1
70.712,0,3.0264,0,0.087563,0,1.5823,0,0
329.87,0,0.36236,0.34934,0.12391,0,73.103,0,0
269.28,1,-0.99708,17.704,0.11732,1,0.31616,1,0
207.1,1,-1.554,11.487,0.16413,0,0.36948,0,0
318.7,1,0.27319,39.815,0.049917,1,1.0869,1,0
,,2.6947,,-0.26035,,,,
316.47,0,6.0563,21.09,0.39882,0,0.82848,0,0
,,2.3821,,-0.12609,,,,
179.29,0,2.1393,0.032189,0.28646,0,0.17199,0,0
177.49,0,2.729,0.016733,0.10579,0,81.268,0,0
200.24,0,5.1603,0,0.13824,0,0.33761,0,0
60.025,0,-0.41794,0.018545,0.12217,0,0.85634,0,0
231.19,0,3.727,0.75357,0.32786,0,1.672,0,0
,,2.8921,,0.016575,,,,
258.42,0,0.12787,6.4546,0.72608,0,34.826,0,1
91.554,0,0.87746,6.8001,0.58498,0,35.094,0,1
53.999,0,3.7809,1.4566,0.20324,0,26.29,0,0
185.32,1,0.32802,16.684,0.21359,1,0.10962,1,0
144.54,0,3.5582,0,0.27521,0,1.3112,0,0
154.38,0,-1.1075,0.01084,0.089722,0,0.34129,0,0
,,2.0054,,-0.24629,,,,
,,2.6564,,-0.24242,,,,
,,2.3515,,-0.17146,,,,
295.01,0,3.4121,0,0.12208,0,0.73995,0,0
269.29,1,1.0078,7.9364,0.10454,0,0.045988,0,0
9.8597,0,3.9117,0,0.69262,0,40.755,0,0
,,3.1238,,-0.30909,,,,
184.58,0,4.9011,0.0028229,0.065327,0,1.744,0,0
,,3.2564,,-0.015504,,,,
219.42,1,-0.50094,10.96,0.09773,1,0.80232,1,0
179.28,0,-1.2852,0,0.59117,0,0.074526,0,0
56.253,1,-1.1898,5.4208,0.15744,1,0.61008,1,0
289.15,1,0.72066,5.3164,0.14467,1,2.6446,1,0
246.66,1,-1.2914,13.512,0.1342,1,1.0584,1,0
126.52,0,1.2311,0,0.071539,0,0.1516,0,0
,,2.5348,,-0.31803,,,,
,,2.6958,,-0.25832,,,,
,,2.7573,,-0.2337,,,,
179.29,1,1.0348,9.9743,0.13722,1,0.068779,1,0
155.19,1,3.3843,12.527,0.1397,1,70.201,0,0
60.195,0,2.229,2.2619,0.1295,0,4.588,0,0
219.58,1,-1.3434,11.948,0.098638,1,26.724,1,0
152.71,0,-1.1408,1.0675,0.60213,0,35.969,0,0
,,3.2691,,-0.28017,,,,
225.05,1,1.6121,16.247,0.14174,1,47.993,0,0
231.44,0,3.5842,0.0068202,0.11786,0,0.31298,0,0
324.18,,4.1297,,0.090659,1,32.416,0,
127.36,0,0.37419,13.188,0.74911,0,58.817,0,1
19.733,0,1.7743,1.3032,0.12255,0,43.195,0,0
253.19,0,0.71298,0,0.13374,0,1.1365,0,0
89.298,0,2.2408,0.01051,0.18233,0,0.70692,0,0
,,2.8968,,-0.32379,,,,
100.74,0,0.76744,2.6763,0.83175,0,73.888,0,1
161.11,1,-1.2753,8.5981,0.23404,1,0.33184,1,0
,,2.6656,,-0.036609,,,,
,,3.2887,,-0.27896,,,,
321.26,1,-1.2085,16.228,0.19239,0,27.459,0,0
,,3.2891,,-0.13464,,,,
89.295,1,3.7239,8.2752,0.14093,1,0.79309,1,0
265.7,0,4.1969,0,0.13774,0,0.54709,0,0
,,2.4537,,-0.21958,,,,
180.26,0,-1.0832,0.021476,0.43372,0,59.254,0,0
,,2.3836,,-0.33008,,,,
193.01,0,0.25921,20.504,0.45017,0,32.994,0,1
,,2.1449,,-0.027888,,,,
269.29,0,4.234,0,0.48217,0,24.652,0,0
168.47,1,-1.2067,11.194,0.14812,1,0.98048,1,0
100.72,1,2.6284,5.3953,0.15746,0,72.909,0,0
211.88,0,1.4396,1.8282,0.44951,0,53.818,0,0
,,3.165,,-0.015504,,,,
313.69,0,1.58,1.6192,0.63,0,76.632,0,0
86.48,0,-1.5265,3.4045,0.76825,0,1.1737,0,1
77.161,1,-1.0852,12.621,0.24431,0,76.268,0,0
,,2.1926,,-0.25895,,,,
354.72,0,2.8585,0,0.18422,0,4.2367,0,0
74.305,0,6.0078,0.006392,0.18197,0,2.4379,0,0
,,2.6668,,-0.45928,,,,
242.33,0,0.82949,0.011706,0.55104,0,2.0108,0,0
,,2.7443,,0.04822,,,,
140.98,0,4.2661,0.013833,0.16552,0,3.6195,0,0
,,3.2275,,-0.33333,,,,
173.76,1,-0.246,2.8817,0.1097,0,1.1978,0,0
87.258,1,-0.2776,4.5814,0.11334,1,0.64986,1,0
66.618,1,-0.67444,9.6655,0.06822,1,26.203,0,0
,,2.4455,,0.13099,,,,
,,2.4097,,-0.15957,,,,
319.64,0,5.2379,0.0039992,0.099468,0,0.94557,0,0
103.61,0,0.048071,9.444,0.88223,0,59.022,0,1
326.2,1,-0.91165,25.204,0.21728,1,1.2108,1,0
176.35,1,-1.1719,3.2294,0.21853,0,76.532,0,0
,,2.5248,,-0.40756,,,,
269.29,0,3.5417,0.0067177,0.020597,0,0.25865,0,0
42.008,0,-1.3676,0.018216,0.081651,0,0.39805,0,0
316.2,0,4.5679,0,0.25982,0,2.5568,0,0
315.94,0,2.5847,6.6286,0.31327,0,86.246,0,0
212.2,1,0.3337,9.4888,0.23195,1,0.53948,1,0
268.79,0,-1.2851,0.0036616,0.34505,0,76.086,0,0
80.04,0,3.3363,0,0.073239,0,3.1356,0,0
91.539,1,-0.87395,16.007,0.10458,1,3.4814,1,0
44.197,0,3.1406,4.7176,0.3093,0,77.419,0,0
51.625,0,0.62287,0,0.089811,0,1.6041,0,0
71.576,1,3.1461,17.269,0.015139,1,39.963,0,0
246.25,0,0.19748,32.336,0.31605,0,27.862,0,0
302.85,0,-0.82769,18.736,0.5315,0,1.7516,0,1
277.72,1,3.6379,33.873,0.24,1,0.27307,1,0
,,2.9715,,-0.3554,,,,
338.44,1,1.5732,12.435,-0.041594,1,7.0197,1,0
199.37,1,-1.6728,13.471,0.13415,1,61.793,0,0
3.1273,0,-1.257,0.029117,0.27396,0,4.1813,0,0
269.29,0,0.83508,0,0.54693,0,1.293,0,0
180.65,0,-1.6378,0.086058,0.82456,0,28.792,0,0
256.68,1,2.5429,34.091,0.043077,1,1.313,1,0
,,2.8628,,-0.36937,,,,
291.72,1,-1.2926,10.261,0.12491,1,0.61559,1,0
65.336,0,-1.0802,6.8708,0.61573,0,0.9181,0,1
179.65,1,3.3009,27.446,0.10757,1,0.88281,1,0
31.742,0,1.0564,11.52,0.59617,0,64.199,0,1
345.08,0,-1.1339,0.090663,0.18609,0,3.6497,0,0
173.57,0,3.5381,0,0.17291,0,0.57614,0,0
,,2.4966,,-0.28889,,,,
,,3.2048,,-0.3876,,,,
,,2.9712,,-0.31478,,,,
143.82,0,3.4877,0.0096993,0.27995,0,1.1191,0,0
239.92,1,-0.75735,56.906,0.046637,1,0.62006,1,0
233,0,-0.45577,0,0.24188,0,1.2689,0,0
,,2.8671,,-0.33447,,,,
62.78,1,3.927,21.159,0.14544,1,0.025726,1,0
313.54,0,2.9671,0.013474,0.12132,0,1.0269,0,0
,,1.9809,,0.27273,1,,,
,,2.892,,-0.12916,,,,
10.859,1,3.6286,2.5887,0.1416,0,11.05,0,0
141.09,1,3.2129,32.086,0.14698,1,0.20424,1,0
,,2.6033,,-0.3375,,,,
317.05,0,3.947,0.0054736,0.26172,0,2.8015,0,0
227.89,1,2.2662,11.195,-0.0051635,1,28.296,0,0
76.495,1,2.4102,5.0336,0.17849,1,44.09,0,0
,,2.4452,,-0.11507,,,,
71.604,1,3.1407,13.52,0.1322,1,0.15085,1,0
,,2.336,,-0.2139,,,,
,,2.6681,,-0.25392,,,,
,,,,-0.27132,,,,
297.44,0,3.9662,1.9715,0.5958,0,13.975,0,0
17.605,0,3.1465,0.022289,0.18122,0,9.0665,0,0
,,2.8982,,-0.39655,,,,
324.79,,4.1016,,0.081135,0,0.78613,0,
177.01,0,3.7365,0.5065,0.51121,0,55.225,0,0
277.2,0,2.1524,2.5891,0.783,0,53.99,0,1
,,2.7636,,-0.20054,,,,
63.947,0,-1.0877,0,0.22939,0,0.75032,0,0
,,3.1789,,-0.25,,,,
56.612,0,-0.59332,0.0059177,0.23956,0,0.28676,0,0
293.26,0,5.3754,1.8175,0.21887,0,42.748,0,0
142.82,0,9.6366,4.0185,0.71835,0,51.461,0,1
111.91,0,-0.20956,0,0.098386,0,0.79701,0,0
179.3,0,2.614,0.021944,0.27312,0,0.52167,0,0
,,3.2916,,-0.16274,,,,
146.51,0,3.0184,0,0.40892,0,1.9631,0,0
67.624,0,4.5661,0.0092287,0.70574,0,2.7005,0,0
105.18,0,-1.096,0.0018194,0.28366,0,0.6275,0,0
57.604,0,3.6526,0,0.25632,0,0.56739,0,0
354.91,0,2.7929,0.48936,0.014989,0,4.2784,0,0
95.176,0,4.0581,0.0022335,0.1459,0,1.063,0,0
,,1.9686,,0.16338,,,,
90.553,0,2.528,7.8365,0.56887,0,11.607,0,1
359.3,0,4.0423,0.0072646,0.05743,0,0.29239,0,0
,,1.2657,,-0.18406,,,,
57.341,0,2.9312,0.056044,0.080645,0,0.43345,0,0
,,,,-0.33858,,,,
,,-1.1512,,0.35392,,,,
133.54,0,-1.1427,7.0766,0.47307,0,79.124,0,1
214.51,1,-1.3258,12.925,0.13621,1,8.8841,1,0
92.383,0,-1.1723,0,0.2976,0,1.1626,0,0
359.28,0,-0.47793,0,0.29948,0,0.49302,0,0
,,3.0382,,-0.26885,,,,
102.85,1,-0.97543,4.8045,0.20383,0,72.839,0,0
,,2.7299,,-0.24365,,,,
,,2.4811,,0.41797,,,,
,,3.2825,,-0.4125,,,,
,,2.1587,,-0.3665,,,,
,,0.8549,,-0.091295,,,,
134.22,0,2.8848,0.0067453,0.11146,0,1.1607,0,0
,,2.8578,,-0.43599,,,,
235.22,0,1.2578,19.807,0.78198,0,84.167,0,1
263.3,1,-1.1126,3.5351,0.19913,1,6.0283,1,0
,,2.4122,,-0.25612,,,,
32.198,1,-0.88603,43.615,0.21112,1,0.86743,1,0
321.97,0,5.2665,0.0047226,0.38387,0,1.7153,0,0
87.362,0,3.3089,0,-0.085639,0,42.14,0,0
134.22,0,3.5229,0,-0.0023083,0,0.32471,0,0
253.67,1,-0.2628,8.0844,0.033117,1,0.44756,1,0
,,2.6879,,-0.041256,,,,
134.31,1,3.658,22.829,0.17791,1,86.853,0,0
,,1.4834,,-0.28832,,,,
,,3.3145,,-0.25389,,,,
,,1.2347,,-0.3168,,,,
181.51,,3.2315,,0.22949,0,18.618,0,
,,2.333,,-0.255,,,,
170.16,0,-1.0718,0.0088935,0.11435,0,2.7558,0,0
262.54,0,-0.26723,1.3382,0.11315,0,41.539,0,0
54.641,1,3.0101,16.099,0.11125,1,6.3176,1,0
18.987,0,2.3867,0.16657,0.051597,0,0.1705,0,0
,,3.3598,,-0.037751,,,,
249.16,1,3.3487,46.941,0.18687,1,0.59988,1,0
67.412,1,1.2393,8.5664,0.22254,0,78.461,0,0
203.8,1,3.4094,12.542,0.073039,1,3.6244,1,0
46.814,0,2.58,0.18485,0.063063,0,2.0713,0,0
321.97,0,2.3723,0,0.1181,0,1.5352,0,0
303.71,0,2.9557,0,0.074317,0,1.957,0,0
,,3.454,,-0.31338,,,,
,,0.20587,,-0.083871,,,,
356.78,1,-1.1684,11.493,0.25417,1,0.132,1,0
139.14,0,4.5097,0.0011029,0.22507,0,0.65983,0,0
308.24,0,5.3374,0,0.062344,0,0.85722,0,0
219.87,0,0.31376,0,0.60082,0,3.7315,0,0
,,2.7095,,-0.13002,,,,
202.44,1,-0.14351,10.937,0.0013921,1,14.404,1,0
,,3.3013,,0.48473,,,,
337.43,1,-1.1585,8.4337,0.099563,1,0.092629,1,0
314.22,1,3.0001,6.2111,0.12063,0,83.337,0,0
345.35,0,-5.4199,0.0034704,0.39697,0,2.6265,0,0
353.46,0,-1.3394,4.2266,0.37906,0,69.102,0,0
166.36,0,-1.4124,3.3242,0.83634,0,60.471,0,1
267.94,1,0.4115,23.049,0.1302,1,0.48862,1,0
314.22,0,2.2108,0,0.39429,0,0.16237,0,0
152.32,0,-1.0338,8.227,0.76271,0,62.601,0,1
117.37,0,3.6698,0,0.28277,0,1.1139,0,0
51.925,0,3.0419,0.83703,0.16199,0,45.97,0,0
250.39,0,0.22004,0.016659,0.09356,0,2.0706,0,0
296.99,,-2.2398,,0.71228,0,3.0484,0,
,,2.0472,,-0.29624,,,,
197.75,0,3.6286,0.014911,0.34337,0,15.981,0,0
,,2.9109,,-0.17617,,,,
178.24,0,2.6471,0,0.55016,0,1.2498,0,0
95.175,1,-1.3305,12.512,0.095597,1,1.45,1,0
80.532,0,2.98,0.011994,0.13723,0,1.8429,0,0
21.505,0,4.4883,0.019525,0.1383,0,1.0031,0,0
236.47,1,3.1299,15.164,0.17112,1,41.055,0,0
182.61,0,-0.27377,0,0.031544,0,0.98763,0,0
220.46,0,-0.83656,0.010558,0.61855,0,5.0672,0,0
315.43,0,3.3007,0,0.15309,0,3.6447,0,0
77.383,0,3.85,0.009609,0.1896,0,0.41703,0,0
199.89,1,3.2274,13.031,0.12213,1,5.8465,1,0
191.85,1,3.6693,35.842,0.09608,1,0.10576,1,0
269.27,0,-1.4734,0,0.55484,0,0.4598,0,0
331.53,0,0.82515,0.0068483,0.67326,0,1.0493,0,0
,,3.2758,,0.020613,,,,
223.25,0,-1.1759,0.0015515,0.39524,0,1.0594,0,0
165.21,0,-0.58233,0.0025325,0.22701,0,0.54372,0,0
,,3.0012,,-0.37357,,,,
177.22,0,2.6459,0.077989,0.098705,0,0.48186,0,0
,,2.6942,,-0.093969,,,,
164.99,0,0.1869,6.3258,0.83933,0,48.887,0,1
263.97,1,0.93314,21.284,0.2254,1,0.71,1,0
229.82,0,3.2165,0,0.11742,0,0.46901,0,0
46.048,1,2.2236,7.6157,0.075416,1,40.722,0,0
,,2.6471,,-0.29387,,,,
64.187,1,3.7411,20.439,0.083177,1,0.52688,1,0
133.67,0,3.8052,2.2518,0.43763,0,24.085,0,0
,,1.9188,,-0.19263,,,,
,,0.62663,,0.53122,,,,
179.27,0,0.095156,0.014544,0.27911,0,0.93438,0,0
,,2.754,,-0.24297,,,,
,,3.2898,,-0.14835,,,,
261.25,0,-1.114,0.25311,0.31598,0,36.484,0,0
346.66,0,1.104,0,0.78968,0,1.2629,0,0
,,2.7341,,-0.31002,,,,
16.004,0,3.4282,8.6702,0.83241,0,65.066,0,1
,,1.8228,,-0.36713,,,,
338.33,1,0.53689,6.147,0.1151,1,5.9755,1,0
256.45,0,1.1853,3.2319,0.79835,0,54.756,0,1
283.51,0,3.1378,0.010092,0.27314,0,1.796,0,0
312.86,0,-1.6409,0,0.64251,0,4.3322,0,0
283,0,-0.91139,4.9314,0.84603,0,56.492,0,1
,,2.5598,,-0.2132,,,,
67.528,1,-1.2171,3.9786,0.11041,1,0.27847,1,0
357.47,0,-2.5022,1.6764,0.15444,0,65.109,0,0
179.29,0,0.36199,0,0.29859,0,1.0662,0,0
269.29,,2.4853,,0.019011,0,4.1882,0,
169.52,0,4.6848,0.16632,0.09067,0,6.1715,0,0
326.22,0,0.22476,0,0.10828,0,0.52672,0,0
74.779,0,1.1943,0.001088,0.81316,0,1.2821,0,0
,,2.2965,,-0.19031,,,,
144.24,0,5.1515,0,0.14457,0,17.923,0,0
240.05,1,0.19231,14.784,0.17874,1,0.27,1,0
,,2.8774,,-0.1592,,,,
,,2.8035,,-0.26789,,,,
227.18,0,0.24166,0.0042424,0.085992,0,1.1541,0,0
265.61,1,-1.1778,8.4679,0.23026,1,0.44922,1,0
25.804,1,2.6833,108.86,0.059074,1,0.60509,1,0
34.429,0,-0.3125,0.9002,0.72431,0,58.269,0,0
,,2.0564,,-0.24786,,,,
269.27,1,-1.2317,11.636,0.17735,1,1.4423,1,0
187.31,0,3.4437,0,0.26685,0,1.0709,0,0
,,3.9505,,-0.16854,,,,
275.28,1,-0.21904,16.109,0.27138,1,31.409,0,0
30.919,0,3.2298,6.2988,0.67292,0,78.589,0,1
115.05,1,4.1088,18.294,0.23246,0,80.734,0,0
151.41,0,3.6625,12.753,0.41633,0,0.82355,0,1
329.97,0,-0.44041,0.019409,0.31067,0,1.7484,0,0
,,2.895,,-0.4902,,,,
303.37,1,3.4565,13.525,0.083172,1,0.798,1,0
,,2.3954,,-0.2579,,,,
356.11,0,2.6319,0.89778,0.11833,0,6.0805,0,0
78.091,0,-0.38244,0,0.31892,0,0.6796,0,0
343.7,1,3.2527,39.454,0.1879,1,3.3116,1,0
,,2.8063,,-0.21477,,,,
299.68,0,3.4992,0.019286,0.079745,0,1.2125,0,0
268.62,0,3.7731,6.4379,0.66478,0,17.202,0,1
,,2.7487,,-0.21127,,,,
344.44,1,1.8545,13.427,0.2407,1,0.4033,1,0
294.15,0,3.5714,0.010805,0.051364,0,1.0357,0,0
303.37,0,2.6674,0,0.20553,0,11.547,0,0
239.14,1,4.0091,5.6618,0.1671,1,0.8442,1,0
151.98,0,-1.2184,0.0034577,0.42765,0,1.203,0,0
,,2.8783,,-0.20902,,,,
359.34,1,3.3701,8.1593,0.22427,0,84.452,0,0
312.59,0,3.0257,0.0094197,0.15629,0,1.8471,0,0
307.92,0,3.571,0.0065053,0.036771,0,1.1477,0,0
357.43,1,5.3537,65.374,0.083188,1,13.488,0,0
229.01,0,-0.97963,0,0.17835,0,0.70056,0,0
,,2.3205,,-0.26769,,,,
,,2.4418,,-0.47841,,,,
,,2.7186,,-0.16219,,,,
21.776,0,3.5695,0,0.4552,0,3.0468,0,0
100.64,1,3.3358,22.514,0.096495,1,76.666,0,0
110.5,0,-0.92305,3.6794,0.86052,0,72.316,0,1
216.32,1,5.4327,5.6848,0.034711,1,8.1806,1,0
338.97,1,-1.2669,9.637,0.13043,1,0.51344,1,0
,,3.2883,,-0.22267,,,,
63.528,1,3.3554,5.9931,0.26966,0,54.226,0,0
117.29,0,1.5265,0,0.070222,0,1.6725,0,0
274.99,,2.226,,0.02398,0,41.306,0,
,,2.8993,,-0.44322,,,,
103.44,0,2.647,0,0.025316,0,21.368,0,0
,,2.7117,,-0.24928,,,,
,,3.1243,,-0.36842,,,,
283.36,0,-1.3224,0.045307,0.070555,0,1.8719,0,0
323.67,0,0.37418,0,0.87327,0,75.395,0,0
,,3.5051,,0.10227,,,,
246.87,0,2.9574,3.8406,0.60198,0,0.18032,0,1
,,2.4802,,0.02554,,,,
356.11,0,0.40416,0.0029357,0.28217,0,1.9686,0,0
224.37,1,4.1029,8.4772,0.23017,1,0.81988,1,0
50.065,0,4.0396,0.0071564,0.022393,0,0.32639,0,0
355.69,0,3.0494,4.5819,0.587,0,51.234,0,1
,,2.3727,,-0.33436,,,,
,,2.8488,,-0.3554,,,,
25.824,0,-0.86704,1.5235,0.42744,0,9.1557,0,0
,,2.7696,,-0.31523,,,,
134.2,0,3.6762,0.007158,0.077785,0,0.25165,0,0
,,2.8473,,-0.2568,,,,
132.52,0,1.8693,0.01317,0.42591,0,1.5063,0,0
182.45,0,3.231,0,0.80907,0,65.523,0,0
262.9,0,0.62293,1.9369,0.011229,0,20.057,0,0
,,2.4746,,-0.24255,,,,
,,2.7099,,-0.34483,,,,
178.75,1,3.0857,3.999,0.078098,1,34.334,1,0
210.64,0,3.6681,0,0.55398,0,6.3377,0,0
22.525,0,3.9293,0.005734,0.13592,0,0.96082,0,0
57.335,0,3.8373,0,0.38218,0,27.825,0,0
270.46,1,4.1004,10.277,0.039759,0,85.249,0,0
33.229,1,3.8136,22.917,0.085271,1,0.48379,1,0
,,2.9747,,-0.26418,,,,
,,2.2317,,-0.14754,,,,
41.395,0,5.4491,0,0.29665,0,1.3287,0,0
,,2.9143,,-0.33467,,,,
160.59,1,-1.367,14.5,0.06525,1,18.18,1,0
305.76,1,3.0599,13.5,0.12807,1,0.99337,1,0
75.877,0,3.3753,0,0.44527,0,1.2111,0,0
194.41,0,3.0759,0,0.74059,0,0.52852,0,0
320.56,0,3.7528,0.036194,0.52967,0,6.2221,0,0
168.23,0,0.74917,4.6723,0.43881,0,71.159,0,1
44.48,,3.4069,,0.43457,0,57.301,0,
89.28,1,-0.96338,17.618,0.1697,1,1.9248,1,0
238.95,1,3.1606,10.902,0.26905,0,82.845,0,0
282.26,0,3.6356,0.0008142,0.21951,0,1.1499,0,0
13.17,0,3.2896,0.073398,0.68754,0,10.396,0,0
71.476,0,3.1862,0,0.28592,0,1.4607,0,0
338.77,0,3.2079,7.6584,0.34458,0,1.0651,0,0
275.41,0,3.3297,0,-0.00077459,0,0.34972,0,0
345.63,0,2.4244,0,0.18547,0,2.9179,0,0
137.82,0,0.33496,1.0002,0.13563,0,76.641,0,0
330.23,1,-0.80879,16.806,0.09669,1,0.48525,1,0
5.5596,1,-1.0558,4.1845,0.14146,1,42.5,0,0
143.88,0,0.73402,14.623,0.31519,0,0.96709,0,0
239.2,1,3.5031,15.046,0.1207,1,89.398,0,0
,,3.1045,,0.055751,,,,
,,3.3202,,-0.26108,,,,
356.44,1,3.6041,40.232,0.017179,1,0.22947,1,0
,,1.1686,,-0.35902,,,,
37.575,0,-1.2695,0,0.82002,0,0.24109,0,0
359.27,0,-1.1554,11.088,0.37734,0,21.729,0,0
359.28,0,-1.1158,0.17176,0.41743,0,79.988,0,0
11.844,1,0.938,15.073,0.22443,1,1.7967,1,0
,,3.3244,,-0.22179,,,,
276.44,0,-1.3598,0,0.47083,0,0.68931,0,0
322.37,0,1.7776,0,0.097179,0,3.345,0,0
335.26,1,-1.6289,21.94,0.1143,1,1.0732,1,0
237.07,0,-1.2591,2.9442,0.45495,0,52.333,0,1
,,2.8051,,-0.16509,,,,
,,3.29,,-0.24301,,,,
,,3.8066,,0.013333,0,,,
237.19,0,4.0262,0,0.20172,0,0.71226,0,0
,,2.7401,,-0.04059,,,,
61.615,0,2.809,0.081309,0.11079,0,3.8229,0,0
,,2.7662,,-0.19846,,,,
,,2.5931,,0.0052356,,,,
222.61,0,3.8955,0.90018,0.29247,0,57.688,0,0
265.96,0,-0.66829,0,0.060206,0,5.2473,0,0
202.71,0,-1.3787,0.8387,0.40898,0,34.653,0,0
70.582,0,2.4957,0,0.38627,0,1.5895,0,0
45.365,0,3.1892,0,0.07419,0,1.6194,0,0
3.5248,0,3.8912,6.0215,0.34669,0,53.111,0,0
229.47,0,-0.69933,0,0.347,0,1.6382,0,0
254.52,1,3.5098,5.9425,0.12199,0,84.668,0,0
179.28,0,-1.055,18.586,0.49004,0,0.21782,0,1
,,3.2588,,-0.37477,,,,
269.3,0,2.6617,0,0.10437,0,0.83333,0,0
17.525,0,3.9589,14.997,0.49181,0,54.905,0,1
,,0.2183,,-0.078556,,,,
,,2.6959,,0.080818,,,,
51.126,0,3.3321,0,0.59888,0,9.6711,0,0
293.13,0,2.3967,0.0036855,0.43211,0,0.4964,0,0
,,2.194,,-0.22481,,,,
358.35,0,0.02506,0.0026401,0.17851,0,1.0434,0,0
65.118,0,-0.20266,0,0.2665,0,1.82,0,0
82.055,0,0.83075,0.0056514,0.063265,0,1.2744,0,0
359.29,0,0.72694,0.88286,0.46259,0,24.606,0,0
141.95,1,-0.22086,20.254,0.084629,1,1.0379,1,0
,,3.1403,,-0.34247,,,,
86.384,0,7.133,3.0456,0.80208,0,60.111,0,1
44.356,0,3.1006,0.018186,0.6192,0,1.0552,0,0
157.74,0,4.0723,0.029017,0.38219,0,3.8588,0,0
268.41,1,-1.3478,4.0099,0.13705,1,28.233,0,0
86.764,1,3.8568,4.0018,0.16467,0,69.56,0,0
313.92,0,2.5524,0,0.41731,0,0.79147,0,0
160.41,0,-0.19577,0,0.045194,0,0.53313,0,0
89.562,0,-0.92975,9.9832,0.41272,0,51.879,0,1
353.84,1,-1.0866,17.561,0.12453,1,7.0533,1,0
,,1.3607,,-0.3442,,,,
52.474,0,1.3693,6.7037,0.8317,0,18.927,0,1
312.52,1,-1.1239,4.2192,0.14263,1,2.3419,1,0
54.595,1,3.3657,30.032,0.098918,1,0.68503,1,0
56.026,1,4.2378,40.779,0.059815,1,0.6115,1,0
157.85,0,-1.5982,0.31513,0.23868,0,68.355,0,0
206.89,0,5.3997,0.0010529,0.24248,0,0.29761,0,0
,,2.5871,,-0.47025,,,,
134.22,1,3.0733,4.5975,0.042586,1,2.677,1,0
113.92,1,-0.88429,4.4923,0.12462,1,0.31619,1,0
151.4,1,4.23,12.354,0.17281,0,0.92108,0,0
106.61,0,4.4434,0,0.72629,0,2.8873,0,0
176.19,0,-0.96175,0.010349,0.11644,0,85.861,0,0
295.4,0,3.1373,0,0.14393,0,1.1072,0,0
335.04,0,3.6022,0,0.078858,0,1.1756,0,0
,,3.362,,-0.083431,,,,
,,2.8964,,-0.43762,,,,
125.78,1,3.1711,4.4595,0.18689,1,1.4938,1,0
315.58,1,-0.69608,12.02,0.2418,1,11.842,0,0
,,-0.99919,,0.32087,,,,
110.39,0,0.70216,0.69694,0.83604,0,79.022,0,0
64.242,0,-0.96953,0.026827,0.40195,0,0.50115,0,0
134.2,1,4.9725,5.062,0.2065,0,41.414,0,0
152.11,1,2.7885,21.848,0.13127,1,0.26427,1,0
151.94,0,4.2301,0,0.028749,0,1.0004,0,0
207.38,0,3.4036,0,-0.032499,0,63.09,0,0
247.47,0,3.1166,0.027154,0.58636,0,0.97188,0,0
,,2.9113,,-0.33555,,,,
118.46,0,4.2428,0,0.084497,0,1.8227,0,0
9.8565,1,2.8233,53.114,0.02649,1,0.6589,1,0
,,2.9667,,-0.19165,,,,
262.8,0,0.21126,0.003139,0.13315,0,1.3707,0,0
184.08,0,4.4314,0,0.12953,0,0.069019,0,0
,,2.3384,,-0.0083682,,,,
11.662,0,0.66127,0,0.18826,0,0.99182,0,0
264.17,1,0.43477,25.072,0.085873,1,33.114,0,0
88.5,0,-0.7353,0.012698,0.076125,0,64.832,0,0
320.37,1,-1.3546,6.0338,0.20266,1,1.1712,1,0
132.36,0,2.9307,17.578,0.89215,0,74.683,0,1
,,2.976,,-0.15789,,,,
15.268,0,0.43336,4.1305,0.38127,0,0.62613,0,0
274.36,0,-1.5488,0.87315,0.51293,0,68.732,0,0
,,2.4433,,-0.0048309,,,,
346.99,1,1.1991,7.782,0.16408,1,14.034,0,0
359.28,0,3.3194,0,0.42772,0,0.31531,0,0
115.51,0,-1.15,0.036057,0.33088,0,0.5318,0,0
,,2.8812,,-0.36772,,,,
,,2.8542,,-0.44906,,,,
305.6,0,2.6725,0.0065169,0.62227,0,0.54209,0,0
,,2.3436,,-0.24528,,,,
73.667,1,3.9155,41.946,0.11231,1,83.861,0,0
254.88,1,3.2287,18.521,0.1095,1,0.62301,1,0
244.92,1,3.0416,18.356,0.2115,1,0.20822,1,0
269.28,1,0.40919,4.5628,0.10242,1,1.0746,1,0
20.829,0,-5.6863,0,0.09553,0,1.4544,0,0
198.64,0,-0.88629,0.013191,0.42377,0,2.1318,0,0
145.13,0,2.5025,0.0071568,0.10025,0,3.6186,0,0
224.37,0,3.9313,0.017509,0.17023,0,0.016238,0,0
,,1.2385,,-0.30618,,,,
93.873,1,-0.066723,52.383,0.0216,1,0.8591,1,0
100.06,0,2.4071,0.011404,0.080752,0,1.1642,0,0
249.58,0,1.6092,0,0.21375,0,1.5963,0,0
,,2.6815,,-0.29477,,,,
57.513,,3.2496,,-0.22992,0,8.7948,0,
256.49,1,-0.15583,14.726,0.16569,1,10.82,0,0
,,3.5519,,-0.26863,,,,
,,-0.23405,,-0.097065,,,,
,,3.2493,,-0.32927,,,,
305.88,0,-1.1835,0,0.18382,0,1.3458,0,0
269.29,0,0.10627,0,0.14607,0,1.0316,0,0
,,2.4272,,-0.34256,,,,
147.78,0,-1.2939,6.102,0.59499,0,30.225,0,1
142.53,1,-0.10184,18.659,0.14059,1,0.72984,1,0
208.55,1,4.8167,23.792,0.021363,1,3.1607,1,0
92.417,0,-1.0408,0.0061429,0.15506,0,0.5238,0,0
135.61,1,-1.0328,12.351,0.17495,1,0.3329,1,0
,,1.0503,,-0.31646,,,,
116.85,0,3.5408,0.0081596,0.14151,0,0.42138,0,0
359.27,1,-0.15851,11.426,0.057471,0,0.78533,0,0
,,2.48,,-0.32102,,,,
74.595,1,3.9872,8.5834,0.12301,1,52.374,0,0
83.382,0,2.6675,1.655,0.84114,0,50.846,0,0
75.037,1,-0.91946,16.192,0.087744,1,17.087,0,0
,,2.8381,,-0.38593,,,,
,,2.9919,,-0.3113,,,,
225.1,1,0.54807,28.743,0.15783,0,88.431,0,0
201.13,0,-0.97587,3.0207,0.54981,0,41.392,0,1
157.5,0,-1.0675,0.0065886,0.12919,0,0.88277,0,0
227.86,0,3.6654,0.34269,0.10463,0,63.788,0,0
,,0.72036,,-0.38995,,,,
,,,,-0.46512,,,,
329.67,0,3.9872,0.010197,0.63729,0,0.44184,0,0
326.11,0,3.384,0.027612,0.26606,0,1.8691,0,0
,,2.6749,,-0.27609,,,,
281.51,0,3.8624,0.008971,0.21643,0,0.54104,0,0
,,1.777,,-0.31922,,,,
,,2.9633,,-0.076326,,,,
,,2.7513,,0.093207,,,,
48.212,0,5.0339,0,0.12617,0,2.9635,0,0
62.79,1,3.4745,14.282,0.20194,1,1.0274,1,0
156.45,0,-0.80988,5.3456,0.70576,0,48.774,0,1
309.47,1,0.34654,16.667,0.13565,1,1.4743,1,0
235.82,1,1.6541,18.173,0.10455,1,0.53041,1,0
149.16,0,3.8063,5.8174e-05,0.27503,0,28.1,0,0
59.34,0,6.1018,5.3883e-05,0.20028,0,0.7694,0,0
89.294,0,1.1061,4.7092,0.84371,0,18.492,0,1
178.89,1,2.7854,7.6658,0.25337,0,18.146,0,0
214.37,0,3.2949,0.090115,0.33866,0,9.8148,0,0
348,1,2.8093,21.589,0.12669,1,72.398,0,0
,,,,-0.34733,,,,
,,3.2579,,-0.30728,,,,
,,2.3549,,-0.096774,,,,
349.95,0,4.7584,0,0.09277,0,1.9456,0,0
315.35,0,5.8668,0,0.05578,0,0.62108,0,0
359.27,0,-1.527,2.9012,0.45592,0,22.57,0,1
,,2.73,,-0.18812,,,,
324.55,0,4.5354,6.438,0.85591,0,45.558,0,1
91.268,0,3.4363,0.96506,0.13304,0,20.49,0,0
273.1,0,0.011488,14.184,0.32018,0,39.824,0,0
134.35,,-1.3087,,0.19481,0,88.322,0,
5.8999,0,-0.011357,0.62426,0.50993,0,39.555,0,0
76.485,1,0.33615,31.096,0.14796,1,1.5262,1,0
177.86,0,1.5036,0,0.16808,0,1.5996,0,0
,,-1.5156,,0.041074,,,,
321.11,0,2.4946,0.032741,0.77128,0,0.53952,0,0
247.44,1,3.3147,57.162,0.24678,1,86.513,0,0
,,3.2429,,-0.44544,,,,
,,2.7239,,-0.054328,,,,
,,2.7657,,-0.22884,,,,
167.34,0,3.5641,0.0034764,0.50103,0,0.41606,0,0
23.114,0,2.21,0.010704,0.79414,0,4.4847,0,0
,,1.819,,-0.11608,,,,
115.68,0,3.2283,1.4849,0.51985,0,74.945,0,0
316.29,0,-0.87305,0.81605,0.82784,0,64.262,0,0
192.28,0,2.9907,8.5606,0.89637,0,43.117,0,1
138.46,1,3.0825,13.247,0.27294,0,71.501,0,0
,,3.3551,,-0.18421,,,,
113.66,0,4.0366,0.021583,0.12171,0,1.3059,0,0
241.19,1,-1.035,22.636,-0.0011157,1,2.0448,1,0
271.35,0,3.1638,1.7369,0.44183,0,26.426,0,0
40.899,0,-0.73551,0,0.27786,0,1.9548,0,0
,,1.7221,,-0.23077,,,,
258.57,1,1.1694,14.125,0.18467,1,47.507,0,0
,,,,-0.33217,,,,
104.54,0,-1.1517,2.0765,0.1576,0,82.708,0,0
31.013,0,2.4109,0.00054741,0.27967,0,1.5838,0,0
23.226,0,3.6315,0,0.091176,0,0.55203,0,0
315.27,0,0.64765,0,0.3493,0,0.87677,0,0
,,2.647,,-0.30903,,,,
162.92,0,-0.26333,0,0.017682,0,0.24496,0,0
29.793,1,3.1641,15.529,0.12394,1,1.4036,1,0
,,1.3901,,-0.31469,,,,
,,3.2776,,-0.035048,,,,
181.74,0,-1.2434,0,0.44763,0,39.425,0,0
321.93,1,-0.9133,8.9707,0.10033,1,76.68,0,0
264.74,0,2.1391,0.081471,0.10461,0,6.402,0,0
62.38,0,1.1994,0.00065684,0.57625,0,1.8876,0,0
318.98,1,3.6311,29.146,0.15026,1,4.6805,1,0
,,2.7119,,-0.34466,,,,
,,2.9678,,-0.31861,,,,
152.39,0,1.2203,0,0.33076,0,0.55919,0,0
1.4831,0,-1.1409,0.0097622,0.2644,0,1.7894,0,0
89.294,0,3.9416,0,0.045455,0,3.9423,0,0
,,2.9858,,-0.31175,,,,
84.645,0,3.6594,0,0.081203,0,0.84762,0,0
,,,,-0.3677,,,,
224.37,0,3.6597,0,0.34559,0,1.4366,0,0
234.09,0,3.4393,0.0060804,0.27594,0,1.5818,0,0
269.29,0,4.751,1.0546,0.26475,0,0.91379,0,0
202.55,0,5.1694,0.012026,0.13824,0,0.13104,0,0
309.59,0,0.22587,0.0082271,0.09119,0,0.80641,0,0
359.3,0,0.88596,0.015944,0.13067,0,3.8866,0,0
91.6,0,0.65429,0,0.52329,0,0.99504,0,0
173.47,0,0.82326,0.047435,0.47014,0,70.539,0,0
141.62,0,4.9309,0.01401,0.043084,0,2.331,0,0
143.54,1,0.39668,4.3448,0.11334,1,12.228,1,0
94.319,1,3.0749,3.9685,0.17262,1,0.91728,1,0
,,2.9638,,-0.38246,,,,
,,2.9755,,-0.23824,,,,
5.5999,0,1.4209,0,0.095492,0,1.1996,0,0
212.79,1,2.0382,4.7856,-0.023335,1,2.3839,1,0
,,2.8514,,-0.22642,,,,
89.274,0,-1.3072,0,0.37235,0,1.0574,0,0
8.4639,0,-1.3325,0.0082909,0.39802,0,4.7396,0,0
145.53,1,1.272,19.077,0.18717,1,0.4965,1,0
,,2.5396,,-0.32265,,,,
228.26,0,3.9533,0.39268,0.25442,0,34.102,0,0
,,3.2427,,-0.39099,,,,
134.84,1,0.21301,16.027,0.10161,1,0.36929,1,0
52.233,0,-1.3987,1.5696,0.51715,0,68.235,0,0
269.91,0,3.586,0,0.58704,0,2.1143,0,0
261.17,0,-0.84663,0.011327,0.17385,0,0.44702,0,0
58.5,0,-1.2854,0.044708,0.56783,0,4.7058,0,0
121.44,1,3.2337,5.3896,-0.088785,0,9.0746,0,0
151.89,0,2.7934,0.0058773,0.21241,0,1.1363,0,0
,,3.1301,,-0.1674,,,,
150.32,1,2.6497,103.57,0.059074,1,3.2601,1,0
245.32,0,2.0968,0.57227,0.85153,0,33.413,0,0
73.369,0,0.4481,6.9578,0.75408,0,71.358,0,1
112.76,0,3.2733,0.044019,0.041994,0,0.53259,0,0
256.29,0,-1.2874,2.4076,0.41726,0,76.25,0,0
,,2.7759,,-0.26506,,,,
65.894,1,2.1546,13.396,0.17537,1,0.51981,1,0
3.0322,0,-1.2654,5.6014,0.47578,0,4.2037,0,1
36.853,0,0.43365,6.3787,0.77571,0,53.437,0,1
,,3.3523,,-0.13732,,,,
,,2.4751,,-0.3122,,,,
316.37,1,0.20384,12.187,0.27738,0,85.909,0,0
69.6,1,-0.85916,13.761,0.22231,1,9.4302,1,0
96.128,0,3.6567,1.6907,0.76673,0,61.436,0,0
103.72,1,3.0493,3.1021,-0.0053476,1,2.6213,1,0
,,2.7162,,-0.23077,,,,
,,2.9628,,-0.37324,,,,
337.61,0,3.6035,0.0099702,0.086435,0,0.35782,0,0
37.638,1,-1.1048,25.93,0.025685,1,55.441,0,0
,,,,-0.30667,,,,
32.398,1,-0.055865,27.02,0.08145,1,1.136,1,0
135.34,1,2.6689,22.131,0.16913,1,1.4408,1,0
102.66,1,3.417,24.917,0.17119,1,38.075,0,0
69.057,0,-1.0369,1.6461,0.062156,0,83.494,0,0
,,2.6852,,0.37872,,,,
316.68,0,3.1077,0.014803,0.0030395,0,1.8923,0,0
253.03,0,-1.3417,0,0.27123,0,2.0286,0,0
31.278,0,3.859,0,0.3248,0,29.399,0,0
161.72,1,3.5079,11.786,0.088423,1,0.68545,1,0
310.05,1,0.17722,9.1064,0.13313,1,8.6325,1,0
330.24,0,2.5971,0.0087588,0.28834,0,4.229,0,0
250.64,1,2.8236,7.0668,0.11779,0,61.617,0,0
327.22,0,4.4804,0,0.033642,0,0.43296,0,0
93.127,0,-1.0777,0,0.33712,0,3.0675,0,0
283.91,0,0.28688,0,0.12102,0,1.4075,0,0
,,2.1912,,-0.16488,,,,
249.22,0,-0.63652,0.0094199,0.093514,0,2.8552,0,0
31.132,0,3.1736,0.057223,0.78296,0,6.3452,0,0
332.14,0,0.988,18.104,0.73281,0,33.857,0,1
166.75,0,3.5778,0.00738,0.14171,0,0.87493,0,0
172.1,0,6.9905,0,0.29026,0,3.1633,0,0
159.97,1,1.5345,44.372,0.18156,1,0.24311,1,0
235.52,0,3.9477,0.015033,0.38216,0,2.0936,0,0
187.51,0,-0.33105,0.16075,0.38527,0,13.255,0,0
250.56,0,-0.91296,1.6608,0.61404,0,60.712,0,0
151.03,1,-0.94877,7.2536,0.23114,0,80.686,0,0
30.313,1,-1.1441,11.542,0.22598,1,0.066871,1,0
,,2.7234,,-0.22363,,,,
31.428,0,0.59352,4.3788,0.59971,0,74.465,0,1
263.52,0,1.1128,11.278,0.86032,0,54.3,0,1
,,2.3857,,-0.27273,,,,
84.373,0,3.2562,0.0042839,0.12327,0,0.33459,0,0
271.18,0,0.60741,0.15719,0.1395,0,43.458,0,0
297.01,0,3.4979,0.0020621,0.3468,0,0.85045,0,0
16.518,0,2.4299,0,0.093915,0,0.58219,0,0
268.86,0,3.5948,2.2802,0.86713,0,22.136,0,0
75.064,0,4.0596,0.00065231,0.47055,0,4.2197,0,0
,,0.96757,,-0.27606,,,,
75.283,0,0.20673,0.0026671,0.16524,0,0.11847,0,0
,,2.7043,,-0.23116,,,,
215.01,1,4.0533,49.401,0.22174,1,47.528,1,0
154.65,0,-0.38092,0.05392,0.079532,0,7.4746,0,0
98.662,1,-0.90792,15.341,0.096921,1,3.0904,1,0
211.61,0,0.1425,3.4529,0.69091,0,19.114,0,1
213.25,0,-0.99204,0,0.22394,0,0.84333,0,0
163.4,0,2.8976,0.0027428,0.15004,0,0.39932,0,0
244.68,1,-1.1665,14.012,0.19106,1,29.056,0,0
,,3.1618,,-0.2303,,,,
205.34,1,3.6421,19.611,0.20859,1,25.172,1,0
145.35,0,3.0367,0,0.40592,0,1.513,0,0
,,,,-0.38916,,,,
286.95,0,-1.1391,0,0.31237,0,0.86858,0,0
353.88,1,-0.64779,42.182,0.054131,1,0.61043,1,0
314.21,0,-1.6964,0,0.43421,0,0.032477,0,0
321.67,0,2.0229,0.014522,0.081736,0,1.6569,0,0
179.27,0,2.8729,0.0075173,0.19031,0,0.37836,0,0
241.59,0,4.6367,0,0.17865,0,1.3693,0,0
179.28,1,-1.0274,8.2484,0.11148,1,0.44716,1,0
47.824,1,2.7113,21.158,0.098859,1,51.663,0,0
319.47,0,5.7085,0,0.24015,0,0.97792,0,0
153.63,0,0.63199,1.8914,0.63368,0,80.967,0,0
139.13,0,0.44193,6.6418,0.68556,0,68.017,0,1
341.04,0,2.3265,7.2809,0.55981,0,73.9,0,1
90.053,1,-1.0981,12.753,0.26827,1,0.84491,1,0
89.271,0,-0.92379,0.44009,0.45948,0,3.5246,0,0
,,3.6174,,-0.017693,,,,
79.155,1,-0.2707,7.6186,0.11111,1,2.0542,1,0
,,2.8661,,-0.26102,,,,
187.32,1,2.7072,10.672,0.03207,1,17.798,1,0
359.27,0,-1.6591,13.021,0.6816,0,10.996,0,1
58.701,1,-1.3357,13.712,0.19106,1,26.08,0,0
342,0,-0.18479,0,0.27891,0,1.0446,0,0
224.03,1,2.124,11.781,0.023372,1,0.66972,1,0
,,2.9646,,-0.098627,,,,
,,2.555,,-0.31288,,,,
42.362,0,3.9449,0.014021,0.071402,0,1.3886,0,0
44.353,0,0.43366,9.9391,0.87199,0,60.839,0,1
211.58,0,0.21131,0,0.47671,0,0.62392,0,0
323.48,0,3.6042,0.06369,0.35224,0,2.3952,0,0
314.22,0,2.0976,0,0.15105,0,0.48707,0,0
99.106,0,0.3506,0,0.46169,0,1.5105,0,0
35.061,0,0.39696,17.02,0.62888,0,75.005,0,1
51.847,0,3.7086,0,0.72889,0,1.1506,0,0
314.97,0,3.5931,0,0.23958,0,0.92945,0,0
56.303,0,0.14076,1.4947,0.49958,0,58.137,0,0
157.91,0,3.8561,0,0.56262,0,0.92963,0,0
177.46,1,0.45485,24.926,0.06675,1,32.194,1,0
261.85,0,-2.5002,0,0.38575,0,31.775,0,0
349.91,0,-0.053006,8.7105,0.78033,0,79.713,0,1
247.72,1,-1.3267,13.827,0.073132,0,28.098,0,0
359.95,0,-1.1436,0.012359,0.21186,0,1.4559,0,0
185.64,0,-1.2184,0.28593,0.45322,0,30.527,0,0
171.45,0,-1.3716,0,0.24704,0,1.6892,0,0
,,1.3367,,-0.35883,,,,
21.139,0,2.7726,0,0.27415,0,0.33971,0,0
31.797,0,-1.0065,0.13232,0.081613,0,82.533,0,0
,,1.2628,,-0.21864,,,,
,,2.8979,,-0.31191,,,,
,,2.7051,,-0.37043,,,,
337.21,0,-0.059501,0,0.20582,0,1.5896,0,0
,,2.8724,,-0.16731,,,,
247.6,0,3.5762,0.71919,0.84569,0,75.527,0,0
,,3.3641,,0.064062,0,,,
5.4756,0,0.3455,0.0035044,0.15049,0,0.21336,0,0
128.66,0,-1.0973,2.8828,0.78852,0,64.543,0,1
140.78,0,3.8397,0.27909,0.54868,0,52.371,0,0
10.614,1,-0.3742,20.387,0.067164,1,2.6147,1,0
165.23,1,-1.2407,27.18,0.29907,1,3.865,1,0
123.37,1,-0.55241,23.317,0.15617,0,77.988,0,0
,,3.3182,,-0.35263,,,,
343.35,0,0.14215,0.038749,0.79008,0,5.2021,0,0
191.12,1,-1.0692,6.4697,0.16818,1,0.25188,1,0
169.33,0,0.41597,0.011932,0.20712,0,5.1776,0,0
52.505,0,-3.3974,0,0.55352,0,3.9399,0,0
,,3.2883,,-0.24731,,,,
67.192,0,1.1751,0.040093,0.58835,0,12.501,0,0
,,3.283,,-0.28601,,,,
,,2.7009,,-0.2147,,,,
,,1.5835,,-0.078512,,,,
,,3.3363,,-0.11397,,,,
,,3.2872,,0.18227,,,,
316.07,0,4.0176,0,0.30761,0,0.12588,0,0
170.87,0,-1.0255,0,0.25737,0,0.70699,0,0
,,2.9826,,-0.25566,,,,
125.18,0,0.33703,0,0.070659,0,0.36182,0,0
63.346,0,-0.7093,2.1428,0.1045,0,67.519,0,0
120.74,0,-1.0355,10.565,0.35077,0,68.477,0,0
320.33,0,3.8707,0.031617,0.076087,0,1.7543,0,0
48.043,0,0.94183,0.0029727,0.77545,0,0.25222,0,0
274.19,1,1.8921,12.977,0.082796,1,0.73836,1,0
114.65,0,3.3723,2.1065,0.31442,0,46.361,0,0
169.54,1,0.45094,3.5956,0.14902,1,0.40718,1,0
,,2.3552,,-0.26857,,,,
347.67,0,3.2438,0.45565,-0.22344,0,6.0816,0,0
,,1.003,,-0.40037,,,,
,,,,-0.36286,,,,
,,2.7046,,-0.055655,,,,
,,2.8665,,-0.22616,,,,
129.69,0,5.1898,0,0.32981,0,1.132,0,0
146.85,0,-0.92171,0,0.12021,0,0.68595,0,0
193.37,0,2.9823,0.0026445,0.074298,0,1.1819,0,0
,,3.1274,,-0.02521,,,,
,,3.3432,,-0.20736,,,,
359.19,0,3.1479,0.0070672,0.22235,0,86.302,0,0
134.46,0,3.081,0.38007,0.12255,0,79.748,0,0
359.28,1,-0.84407,16.823,0.13547,1,0.19491,1,0
349.01,0,3.971,0.042861,0.32914,0,1.2874,0,0
,,3.2426,,-0.35211,,,,
,,2.0431,,-0.082786,,,,
320.98,0,3.9543,0.0020676,0.27778,0,87.132,0,0
334.87,0,1.3775,0.25523,0.14485,0,48.73,0,0
274.32,0,3.4089,0.025926,0.37631,0,0.78465,0,0
279.38,0,1.4638,0.0099583,0.46612,0,0.58958,0,0
,,1.7733,,-0.38151,,,,
310.42,1,3.0245,8.0372,0.10089,0,83.659,0,0
278.8,1,-0.080352,56.99,0.097391,1,54.831,0,0
,,,,-0.36013,,,,
359.29,0,3.9011,0.033555,0.5831,0,0.69938,0,0
,,3.2778,,-0.28346,,,,
304.51,0,2.6812,0.036867,0.031808,0,0.16891,0,0
192.89,0,3.3553,6.1101,0.37856,0,0.58684,0,0
187.44,0,3.2565,0,0.008658,0,0.28377,0,0
243.24,0,-1.6069,2.8565,0.43881,0,81.427,0,1
215.77,0,3.7066,0,0.1735,0,0.70577,0,0
101.96,1,0.53562,17.397,0.10379,0,85.756,0,0
318.39,0,0.48124,6.223,0.30601,0,86.379,0,0
135.83,0,5.1959,0,0.24065,0,0.57657,0,0
328.83,0,3.9231,0,0.45939,0,2.2205,0,0
,,2.719,,-0.08478,,,,
304.16,0,2.9425,0,0.10568,0,2.7651,0,0
,,-0.75268,,0.35982,,,,
279.33,0,3.1969,1.8658,0.85154,0,28.835,0,0
222.81,1,3.0167,5.4781,0.014698,0,75.153,0,0
65.868,0,3.1481,8.2573,0.33086,0,0.76412,0,0
153.23,0,3.4996,0.0076776,0.063344,0,2.0923,0,0
89.273,0,-1.0893,0,0.19665,0,0.13219,0,0
269.28,0,-1.312,0,0.097493,0,0.90229,0,0
134.22,0,3.7168,0,0.16902,0,0.33282,0,0
,,,,-0.21866,,,,
,,2.6113,,-0.12655,,,,
42.442,1,-1.0349,8.2189,0.080292,1,0.24363,1,0
111.35,1,2.7833,27.07,0.076326,1,0.59532,1,0
330.18,0,3.3939,0,0.28934,0,2.6685,0,0
18.58,1,2.142,15.099,0.19946,1,0.26113,1,0
264.17,0,3.9234,0.0095949,0.18218,0,2.2494,0,0
132.71,0,-1.2604,0,0.29791,0,1.5589,0,0
,,2.4716,,-0.38433,,,,
155.85,0,3.0523,0.046334,0.40661,0,1.6616,0,0
,,2.227,,-0.21616,,,,
39.964,1,0.37758,14.092,0.10963,1,0.31747,1,0
264.55,0,0.33696,7.5915,0.39784,0,69.305,0,0
30.006,0,4.4059,0,0.4632,0,1.6534,0,0
179.28,1,-1.3251,3.9123,0.07073,1,4.4455,1,0
351.66,1,1.2724,12.087,-0.023091,1,11.714,0,0
331.54,0,3.8535,1.6812,0.7565,0,36.999,0,0
359.28,0,0.71635,0.0010463,0.45019,0,0.32677,0,0
,,2.6441,,-0.34361,,,,
,,2.411,,0.041667,,,,
48.675,0,-0.76683,19.968,0.48421,0,0.48455,0,1
135.23,1,-0.24451,13.224,0.076978,1,55.122,1,0
164.33,0,2.9753,0.038388,0.16938,0,0.089021,0,0
,,2.6133,,-0.079514,,,,
,,,,-0.36442,,,,
182.31,,3.2467,,0.21687,0,1.0906,0,
,,,,-0.3681,,,,
87.363,0,-1.4612,0.0063024,0.55085,0,46.516,0,0
119.3,0,2.8492,0,0.21297,0,0.1261,0,0
87.878,0,-0.98974,0,0.48661,0,2.8091,0,0
358.93,0,-1.1038,0,0.19167,0,1.8969,0,0
142.43,0,3.379,9.6716,0.5529,0,84.165,0,1
,,2.835,,-0.28803,,,,
342.16,1,2.7701,15.333,0.10478,1,1.3855,1,0
331.83,0,-1.0084,3.4178,0.3229,0,52.365,0,0
343.23,0,5.3441,0.0042982,0.059724,0,3.3012,0,0
229.83,0,-1.1392,0,0.35872,0,41.613,0,0
330.34,0,3.468,1.0935,0.23618,0,20.851,0,0
131.83,0,2.6305,1.7605,0.68056,0,72.726,0,0
359.29,0,1.517,2.573,0.55079,0,71.182,0,1
317.36,0,-1.0657,4.2021,0.3685,0,62.107,0,0
2.992,0,-1.3532,0.2079,0.44178,0,16.049,0,0
268.68,1,1.9081,12.444,0.19877,1,0.7989,1,0
44.77,0,7.877,4.0218,0.77563,0,37.382,0,1
136.74,1,-0.43866,8.5885,0.084321,1,1.0114,1,0
,,3.2707,,-0.34752,,,,
84.757,0,3.7956,0.04911,0.25921,0,1.8847,0,0
,,2.2132,,-0.25984,,,,
154.18,1,-0.49695,16.671,0.11974,1,40.263,1,0
177.57,0,-0.99897,0,0.75086,0,8.9707,0,0
,,3.1773,,-0.3876,,,,
136.69,1,-1.2205,15.525,0.11078,1,0.28029,1,0
110.06,1,2.2821,37.926,0.18715,1,1.0511,1,0
296.93,1,0.39305,4.4829,0.19004,1,0.77851,1,0
137.07,0,2.8743,0,0.078113,0,1.2229,0,0
,,2.8147,,-0.20398,,,,
337.91,1,1.9084,14.8,0.1512,1,0.39406,1,0
241.29,0,0.01943,0,0.035005,0,23.788,0,0
244.99,1,3.4481,32.929,0.18863,1,0.33416,1,0
7.5385,1,0.99367,15.092,0.1606,1,27.656,0,0
226.56,0,-0.40947,0.064768,0.35135,0,12.237,0,0
341.92,0,-0.41473,0.42283,0.42251,0,36.601,0,0
1.3702,0,0.71493,0,0.55303,0,0.79161,0,0
342.48,0,-0.89555,0.0019488,0.14811,0,3.457,0,0
237.93,0,4.0731,0.0044889,0.38664,0,1.6416,0,0
313.12,0,-0.48703,2.753,0.7658,0,68.765,0,1
148.18,0,2.5469,0.0033467,0.18505,0,0.6562,0,0
,,1.3965,,-0.0092705,,,,
27.178,0,3.4025,0,0.63124,0,0.70044,0,0
338.79,1,-1.5626,8.2932,0.15962,0,83.169,0,0
184.1,1,-1.1423,12.946,0.13589,1,28.437,1,0
,,,,-0.35428,,,,
269.28,0,-1.0269,0,0.24286,0,0.1322,0,0
89.292,0,3.477,19.022,0.55456,0,0.36209,0,1
270.76,0,3.7466,0.025722,0.23,0,1.5462,0,0
,,2.4343,,-0.27541,,,,
,,2.6162,,-0.2957,,,,
77.348,0,2.94,0.0015664,0.36487,0,0.88699,0,0
26.196,1,-0.094306,15.101,0.069275,1,40.613,0,0
,,2.5988,,-0.10345,,,,
276.75,1,0.13697,4.1242,0.16584,1,72.515,0,0
223.1,1,3.535,3.2861,0.055762,0,69.06,0,0
,,,,-0.2891,,,,
182.93,0,3.4127,1.3631,0.17578,0,81.138,0,0
207.64,0,0.075585,0.28242,0.33041,0,1.778,0,0
155.9,1,3.4268,15.241,0.1847,1,14.293,1,0
198.55,0,3.0739,0.011479,0.21404,0,0.54042,0,0
54.883,0,1.1684,2.3829,0.61786,0,65.3,0,0
148.64,1,0.51239,4.2142,0.11054,1,0.29318,1,0
251.81,1,1.5705,17.058,0.20144,1,38.446,0,0
,,2.5351,,-0.30663,,,,
274.37,0,5.3475,0,0.1885,0,2.9172,0,0
,,2.8824,,-0.37123,,,,
75.27,0,-1.3018,0,0.5147,0,0.71079,0,0
,,5.2915,,-0.30086,,,,
,,2.5257,,-0.094156,,,,
264.94,0,3.9739,0,-0.10887,0,34.003,0,0
91.129,1,-0.88342,12.923,0.15403,1,0.17823,1,0
178.67,1,-0.57909,20.565,0.038844,1,1.622,1,0
20.015,1,3.552,5.9776,0.29718,1,0.97453,1,0
161.09,1,-0.019642,52.118,0.08449,1,0.72712,1,0
204.24,0,1.9353,0.0727,0.04936,0,5.3653,0,0
,,3.2333,,-0.32075,,,,
,,2.7641,,-0.41333,,,,
228.16,1,-1.1464,13.336,0.099602,1,0.54926,1,0
,,2.7309,,-0.33333,,,,
,,2.0535,,0.038217,,,,
,,2.8937,,-0.33984,,,,
338.59,0,4.5391,0.040181,0.25253,0,11.21,0,0
303.36,1,-0.13839,26.407,0.049762,1,0.19432,1,0
,,1.237,,-0.41221,,,,
242.53,0,-0.70928,0,0.089739,0,0.59857,0,0
276.85,0,-0.78936,12.981,0.43483,0,0.1739,0,1
289.92,0,2.7243,0.7285,0.77318,0,54.084,0,0
328.51,1,-0.99847,12.183,0.12084,1,0.21346,1,0
224,0,3.494,0.082253,0.084934,0,36.168,0,0
347.76,1,0.071909,14.451,0.077931,1,0.34521,1,0
,,1.5926,,-0.38937,,,,
,,2.6995,,-0.071633,,,,
21.12,1,-0.17341,48.762,0.11713,1,74.913,0,0
336.69,1,3.23,21.998,0.17495,0,60.336,0,0
55.764,0,2.8257,0.037365,0.62996,0,2.914,0,0
,,3.2561,,-0.37391,,,,
120.6,0,3.979,0,0.10152,0,1.8089,0,0
,,2.3794,,-0.32701,,,,
20.54,1,0.7081,18.772,0.27457,1,27.925,0,0
32.396,0,0.14135,2.5467,0.45368,0,22.355,0,1
359.26,0,0.62186,0.012335,0.29253,0,84.611,0,0
297.71,0,3.7133,5.4335,0.65603,0,59.735,0,1
352.41,0,-1.2803,0,0.23452,0,0.86606,0,0
322.39,0,1.8039,11.756,0.46065,0,84.327,0,1
222.09,1,-1.3878,13.425,0.18904,1,43.194,1,0
325.3,0,2.5064,0.021646,0.039216,0,2.7223,0,0
,,,,-0.33675,,,,
189.05,0,3.3689,7.8966,0.83557,0,54.883,0,1
97.122,0,5.3648,0,0.17782,0,0.33651,0,0
179.28,1,-0.95807,14.476,0.16657,1,3.2356,1,0
,,3.6154,,-0.2408,,,,
50.112,1,1.2732,2.9099,0.20037,0,69.282,0,0
211.37,0,2.87,0,0.042417,0,1.0282,0,0
89.286,0,2.9873,0,0.20435,0,0.95402,0,0
270.46,1,3.7058,8.8671,0.17937,0,40.369,0,0
,,1.7951,,-0.38211,,,,
359.29,0,0.25569,1.4604,0.14987,0,71.952,0,0
215.72,0,5.7105,0.0015931,0.050826,0,0.37758,0,0
309.88,0,3.6708,0.0011091,0.34345,0,0.69619,0,0
254.57,0,-1.1794,0,0.34116,0,1.8059,0,0
,,2.9125,,-0.3374,,,,
,,2.379,,-0.31991,,,,
89.263,0,-1.1465,0.020128,0.098494,0,84.029,0,0
244.09,0,-1.1417,0.52071,0.19181,0,81.849,0,0
194.57,0,-1.2224,0,0.37199,0,0.065372,0,0
316.04,0,5.5285,0,0.27698,0,0.89733,0,0
5.3357,0,0.50777,0.015531,0.29444,0,1.2277,0,0
65.158,0,-1.7232,0,0.75492,0,31.398,0,0
9.3426,0,-1.499,1.7246,0.55896,0,65.665,0,0
89.293,1,4.8509,85.672,0.08542,1,36.993,0,0
66.927,0,0.50145,6.8239,0.54964,0,27.45,0,1
247.42,0,3.8933,3.5755,0.55477,0,31.098,0,1
,,2.1238,,-0.31392,,,,
205.8,0,-0.30017,0.57537,0.51909,0,3.87,0,0
,,3.2631,,-0.3696,,,,
,,2.3743,,-0.28205,,,,
353.17,0,2.9815,0.012475,0.056487,0,3.6046,0,0
262.9,1,-1.0128,3.3426,0.16312,0,72.482,0,0
338.64,0,0.17079,14.174,0.83772,0,59.805,0,1
178.69,0,-1.7698,4.6918,0.46667,0,0.55609,0,1
179.02,1,-1.0192,3.2256,0.20808,0,4.9922,0,0
88.907,1,2.7234,9.0321,0.21774,1,0.85636,1,0
,,2.8043,,-0.24778,,,,
109.88,0,2.0992,0.22035,0.38257,0,17.934,0,0
145.87,0,3.4504,59.938,0.42619,0,2.1074,0,1
89.282,1,-1.0652,13.43,0.13198,1,82.07,0,0
,,1.0624,,-0.032663,,,,
219.64,0,3.3259,0.028996,0.075738,0,0.34611,0,0
18.422,0,-0.2575,0,0.079567,0,1.262,0,0
210.02,0,4.0738,0,0.38462,0,1.7871,0,0
315.24,0,3.8245,0.018363,0.76724,0,1.8018,0,0
113.57,1,-1.0266,17.131,0.049505,1,0.52964,1,0
,,3.0352,,-0.37584,,,,
251.18,0,-1.3174,0,0.14793,0,1.0702,0,0
115.52,0,3.6103,0.053664,0.28402,0,0.51894,0,0
176.44,0,2.9294,0.013375,-0.006993,0,1.2798,0,0
,,3.3631,,-0.11458,,,,
,,2.4472,,-0.29211,,,,
164.9,0,0.1973,1.5255,0.30309,0,49.66,0,0
,,1.3848,,-0.35252,,,,
109.86,1,3.4679,3.0727,0.24113,1,0.71819,1,0
,,-1.0576,,0.076836,1,,,
,,2.7279,,-0.25434,,,,
213.68,0,2.4595,0,0.11558,0,2.4302,0,0
264.88,0,-1.1789,14.567,0.30643,0,0.82428,0,0
,,2.7483,,-0.25125,,,,
132.35,1,-1.0764,15.547,0.13808,1,39.245,0,0
118.81,0,-1.4179,0.12491,0.65073,0,63.306,0,0
,,1.3712,,-0.24415,,,,
220.96,0,-0.18279,0.0059946,0.19327,0,1.0975,0,0
25.373,0,-1.1717,3.9615,0.62369,0,54.632,0,1
,,2.8801,,-0.3299,,,,
,,1.8793,,-0.29263,,,,
226.52,0,3.8691,0.0059972,0.34267,0,1.1901,0,0
,,1.0528,,-0.20652,,,,
154.37,0,1.5896,0.0071779,0.042146,0,1.6239,0,0
336.21,0,2.8546,0,0.71966,0,1.5389,0,0
167.41,1,4.8055,14.744,0.23757,1,47.475,1,0
,,1.4073,,-0.28162,,,,
227.46,,2.4365,,0.59772,0,83.803,0,
138.06,0,3.0761,1.0016,0.33773,0,65.487,0,0
129.47,1,4.3931,55.899,0.08542,0,88.717,0,0
,,2.8549,,-0.25087,,,,
,,-0.46825,,0.096267,,,,
33.513,0,0.5858,10.592,0.81391,0,66.9,0,1
,,3.2797,,-0.16883,,,,
118.12,0,2.7154,0.031581,0.08774,0,2.5308,0,0
346.33,0,1.0919,0,0.3712,0,0.92346,0,0
203.93,1,-1.2354,11.613,0.093208,1,1.9421,1,0
100.04,1,3.3378,12.73,0.14862,1,4.385,1,0
269.3,0,3.1306,0.18533,0.33223,0,6.5863,0,0
298.72,0,4.4391,0.0064993,0.040957,0,2.5191,0,0
359.29,1,3.1187,6.1303,0.041312,1,2.3663,1,0
226.59,0,-0.99587,1.4704,0.091384,0,76.984,0,0
311.43,0,-1.1751,0,0.47054,0,8.9808,0,0
81.468,0,-0.35597,0.0011693,0.10145,0,0.92814,0,0
222.52,0,3.728,0.08552,0.2372,0,1.0069,0,0
,,2.4312,,-0.4334,,,,
79.699,0,5.0006,1.4318,0.14815,0,5.933,0,0
343.18,0,4.129,1.7881,0.80907,0,67.573,0,0
,,2.3742,,-0.31818,,,,
312.05,1,4.1593,54.686,0.11355,1,50.315,0,0
221.97,0,4.6316,10.69,0.53725,0,79.827,0,1
142.95,0,4.5141,0.0024576,0.58895,0,0.10674,0,0
78.257,1,3.5505,8.4481,0.046126,0,88.054,0,0
,,2.8023,,-0.26102,,,,
268.35,0,-1.1057,12.448,0.3215,0,1.0691,0,0
274.07,0,-0.74937,0.0045742,0.23127,0,1.2341,0,0
146.76,0,-1.3592,0,0.24288,0,1.176,0,0
2.9693,0,3.8369,0,0.37241,0,1.5163,0,0
97.178,0,3.1745,0,0.14553,0,21.912,0,0
341.01,0,3.2075,0,0.23648,0,3.1484,0,0
,,2.4818,,-0.30079,,,,
213.65,0,4.5387,0.013778,0.028307,0,0.4583,0,0
44.897,1,-0.99016,16.463,0.23499,1,1.7044,1,0
296.99,0,4.6715,0,0.51928,0,0.73996,0,0
123.69,1,3.7001,32.06,0.034022,1,0.57822,1,0
134.22,0,2.6305,0.0086646,0.1623,0,1.5015,0,0
71.743,1,-1.2267,10.206,0.2113,1,36.176,0,0
201.08,1,1.2308,9.2399,0.28856,1,2.197,1,0
,,2.7138,,-0.37049,,,,
179.29,0,0.028082,0,0.47339,0,0.20638,0,0
149.95,0,4.6813,0,0.21291,0,5.9167,0,0
179.35,1,3.5479,12.832,0.12049,0,85.622,0,0
,,2.9601,,-0.0054845,,,,
284.54,0,3.577,0,0.125,0,0.95903,0,0
,,3.5531,,-0.012658,,,,
269.28,1,-1.081,8.9321,0.20918,1,32.904,0,0
,,3.2706,,-0.25862,,,,
147.15,1,3.717,4.5545,0.23181,0,57.069,0,0
305.97,0,2.659,0,0.12752,0,1.612,0,0
,,3.4621,,-0.28367,,,,
0.85561,0,2.8832,0,0.1432,0,1.0494,0,0
218.31,0,2.802,0,0.045637,0,1.1587,0,0
181.93,0,2.694,0,0.078027,0,1.314,0,0
85.263,0,1.2518,1.4541,0.7311,0,66.373,0,0
89.293,0,3.1214,4.0266,0.81903,0,58.354,0,1
317.17,0,-1.2777,0.0084354,0.16195,0,1.2515,0,0
317.45,0,3.3082,0,-0.0088183,0,0.57718,0,0
149.61,0,3.8503,0.71105,0.29048,0,84.732,0,0
276.4,0,3.244,1.0482,0.31093,0,61.338,0,0
269.28,0,3.011,14.218,0.40308,0,0.76438,0,1
45.923,0,3.8237,1.9346,0.0064412,0,22.259,0,0
122.58,1,3.6948,8.7697,0.20608,1,0.54315,1,0
165.72,0,3.3988,0,0.54474,0,8.2694,0,0
328.96,0,-1.2018,0,0.28777,0,22.332,0,0
,,3.2849,,-0.22581,,,,
178.95,0,-0.96989,0.46689,0.6904,0,15.582,0,0
162.61,0,3.5667,0,0.32396,0,1.0412,0,0
353.28,0,3.9562,0.0050118,0.10742,0,1.9189,0,0
311.28,0,1.7317,0.0088135,0.16405,0,1.7554,0,0
44.577,,3.0745,,0.11947,0,68.3,0,
269.28,0,0.68179,0.0060146,0.17068,0,0.546,0,0
,,2.872,,-0.3216,,,,
,,2.3968,,-0.01182,,,,
263.05,0,2.9216,0.02658,0.46657,0,6.9787,0,0
359.28,0,0.91856,0,0.33028,0,0.64779,0,0
298.6,0,3.5166,0,0.042331,0,14.166,0,0
63.373,0,-1.1189,0,0.096039,0,1.4693,0,0
265.43,0,2.6452,0.035684,0.49834,0,9.8167,0,0
66.851,0,3.5766,0.0075598,0.032764,0,0.97619,0,0
321.6,0,3.9802,2.3336,0.4213,0,78.495,0,0
183.68,0,-1.2369,0.0069032,0.38281,0,0.22424,0,0
,,2.8566,,-0.40351,,,,
,,,,-0.34596,,,,
,,2.3197,,-0.31926,,,,
,,,,-0.49894,,,,
,,2.6635,,-0.24314,,,,
,,3.2729,,-0.40996,,,,
359.59,0,0.59199,0,0.029207,0,1.0834,0,0
288.95,0,3.4471,1.3558,0.37644,0,20.665,0,0
297.11,1,-1.3069,18.292,0.24176,1,1.3257,1,0
,,2.3821,,0.043553,,,,
111.63,0,2.7148,0,0.58379,0,3.7482,0,0
,,2.1907,,-0.30408,,,,
49.573,0,3.2966,0,0.24669,0,0.044846,0,0
49.671,0,3.7756,0.18322,0.13667,0,81.521,0,0
,,3.1653,,-0.20068,,,,
155.02,1,4.0222,16.164,0.10038,1,0.6289,1,0
316.57,0,3.5172,0,0.23262,0,75.554,0,0
72.342,0,0.71506,0.014936,0.029558,0,1.8498,0,0
51.694,0,3.553,0.0051315,0.37062,0,1.3057,0,0
248.1,0,3.6066,0,0.086435,0,0.11097,0,0
,,2.9783,,0.049919,,,,
145.39,0,-1.3076,0.8209,0.16008,0,32.5,0,0
,,2.9166,,-0.2446,,,,
166.35,0,2.7579,0,0.06581,0,0.9763,0,0
323.4,0,3.2618,1.2263,0.083444,0,1.9023,0,0
150.91,0,1.3272,17.078,0.89845,0,33.841,0,1
,,2.7404,,-0.17108,,,,
307.52,0,3.7731,0,0.50402,0,12.347,0,0
256.46,0,2.5583,0.67779,0.14545,0,62.183,0,0
248.58,0,-0.082325,17.7,0.38165,0,6.2056,0,0
,,2.8192,,-0.26799,,,,
2.7946,0,3.7646,0,0.20511,0,0.56286,0,0
315.96,0,3.695,0,0.66003,0,8.5046,0,0
4.8199,0,-1.3108,0,0.11096,0,11.213,0,0
215.28,1,0.55807,14.679,0.20755,1,0.97782,1,0
,,2.2439,,-0.20362,,,,
238.61,1,-0.11961,12.657,0.29575,1,69.253,0,0
147.86,0,-0.30214,0.018844,0.44918,0,1.7527,0,0
140.48,0,3.1664,0.0062053,0.60561,0,2.3012,0,0
,,2.701,,-0.21182,,,,
167.64,1,3.6031,29.914,0.075454,1,0.93951,1,0
271.19,,3.0474,,0.14385,0,0.6958,0,
51.914,0,-1.1531,0,0.28581,0,1.3882,0,0
291.61,0,-0.23032,0,0.49655,0,0.42251,0,0
339.06,0,2.9993,0.51905,0.29451,0,76.466,0,0
,,2.9918,,-0.23919,,,,
,,2.6285,,-0.24176,,,,
,,2.545,,-0.31288,,,,
182.69,0,3.5281,0,0.6927,0,1.2632,0,0
321.74,0,1.4676,0.01275,0.64841,0,1.0558,0,0
,,2.4146,,-0.25472,,,,
,,,,-0.49894,,,,
304.76,1,-0.11183,34.812,0.11821,1,13.268,0,0
358.42,1,1.9884,15.224,0.084074,1,1.8628,1,0
269.27,0,-1.2436,0,0.61552,0,0.4598,0,0
,,0.96538,,-0.26816,,,,
165.12,0,-1.058,11.569,0.773,0,41.515,0,1
217.34,0,2.9382,0.12461,0.18188,0,70.18,0,0
,,2.3878,,-0.17181,,,,
178.3,0,-0.59307,2.3645,0.26761,0,66.646,0,0
286.66,0,2.7701,0,0.069847,0,0.71058,0,0
219.14,0,0.57393,9.7065,0.86897,0,53.064,0,1
0.55614,0,0.65467,0.014629,0.27322,0,6.2484,0,0
296.33,0,3.3643,0.029927,0.15301,0,2.7981,0,0
141.67,1,4.0417,70.214,0.038553,1,2.1267,1,0
112.34,0,0.37383,8.3509,0.55925,0,48.272,0,1
194.54,0,4.667,0,0.046394,0,2.4466,0,0
326.07,0,3.3151,0,0.25357,0,1.8564,0,0
162.65,0,3.1398,5.4838,0.60976,0,4.9243,0,1
359.28,0,3.2157,0.90349,0.17572,0,19.494,0,0
254.74,0,2.0923,0.05563,0.52062,0,0.57005,0,0
,,2.7098,,-0.28134,,,,
216.21,0,5.918,0.19578,0.13807,0,18.492,0,0
,,3.1914,,-0.38693,,,,
158.85,1,-1.1587,15.026,0.21683,1,0.6423,1,0
,,2.4109,,-0.19821,,,,
265.97,1,3.4112,22.816,0.187,1,3.2665,1,0
187.61,0,-0.069903,0,0.32693,0,1.3092,0,0
,,2.9021,,-0.44151,,,,
177.14,0,0.10202,7.7158,0.69091,0,61.308,0,1
241.38,0,3.9444,0.0050414,0.096817,0,0.41629,0,0
,,3.5361,,-0.14454,,,,
359.28,1,-0.93142,18.631,0.10322,1,1.2496,1,0
249.59,1,3.0208,13.054,0.092614,1,16.925,0,0
224.35,0,1.6654,9.3949,0.84731,0,75.779,0,1
,,3.0124,,-0.33574,,,,
330.51,0,4.0934,0,0.15179,0,1.1576,0,0
307,0,-1.0639,0.029877,0.14504,0,1.2931,0,0
300.18,0,-0.26938,0,0.0086338,0,0.20095,0,0
14.873,0,4.6515,0.037681,0.19375,0,1.5174,0,0
46.492,0,0.98175,4.5088,0.83886,0,60.054,0,1
49.887,0,7.5909,0.0099182,0.078116,0,0.12644,0,0
,,3.2446,,-0.28025,,,,
,,2.8899,,-0.17762,,,,
,,2.4684,,0.062253,,,,
,,2.9726,,-0.3457,,,,
,,3.3485,,-0.18359,,,,
320.13,1,3.9734,8.392,0.074139,1,0.35493,1,0
285.5,0,-0.91465,0,0.51665,0,0.71827,0,0
44.366,1,4.2736,14.95,0.21174,1,0.089186,1,0
338.4,0,2.9598,0.40473,0.013274,0,37.398,0,0
172.46,0,-1.4032,4.7651,0.81889,0,68.581,0,1
,,2.6915,,-0.32,,,,
342.46,0,3.1338,0.027857,0.058028,0,2.3823,0,0
299.33,0,4.0478,0,0.14043,0,0.86984,0,0
74.973,1,0.42417,10.945,0.09552,0,85.285,0,0
,,1.6369,,-0.28646,,,,
157.57,1,2.8929,18.158,0.29198,1,78.931,0,0
,,1.789,,-0.30248,,,,
82.813,1,-1.0629,25.011,-0.017282,1,6.1368,1,0
,,1.716,,0.15374,,,,
256.6,0,3.5721,2.8795,0.31806,0,0.36526,0,0
217.88,1,-1.206,4.8333,0.18175,1,1.6575,1,0
89.281,0,3.3659,4.4308,0.37008,0,1.0459,0,0
288.41,0,3.8071,0.0024626,0.79467,0,0.27984,0,0
179.55,0,3.5613,0.34499,0.64304,0,14.362,0,0
152.1,1,1.978,12.849,0.10895,1,0.76697,1,0
353.88,0,2.7683,0,0.067797,0,0.7946,0,0
282.52,0,3.5079,0.022172,0.025532,0,0.51366,0,0
,,2.8422,,-0.36822,,,,
348.89,0,-1.2041,0.00098419,0.15748,0,0.54202,0,0
349.87,1,-1.2111,9.6279,0.10984,1,0.66825,1,0
318.59,0,-0.080593,0,0.71156,0,29.609,0,0
89.288,1,2.4662,6.8439,0.23969,1,0.22413,1,0
271.36,0,2.1313,0.0065451,0.1796,0,0.95462,0,0
269.27,1,3.682,7.8169,0.10437,1,0.31035,1,0
279.88,0,4.6102,0.011016,0.52225,0,0.18712,0,0
260.78,0,4.3261,0,0.25245,0,0.73796,0,0
,,2.5942,,-0.017284,,,,
156.66,1,4.8027,7.4764,0.0624,1,10.933,1,0
138.74,0,3.5417,3.9469,0.38998,0,72.95,0,0
231.14,1,2.922,9.2554,0.11396,1,45.415,0,0
250.31,0,-1.3612,0,0.57088,0,0.72319,0,0
,,1.2172,,-0.3568,,,,
,,3.2813,,-0.29231,,,,
41.453,0,2.8597,0.031888,0.12947,0,1.3611,0,0
310.43,0,-0.96923,0.78983,0.29112,0,5.4032,0,0
320.83,0,3.3548,0.12025,0.29027,0,5.4371,0,0
,,2.9686,,-0.42633,,,,
124.28,1,3.2111,15.084,0.051282,1,1.4098,1,0
276.37,0,0.31869,11.304,0.82546,0,70.482,0,1
,,2.7052,,-0.32091,,,,
69.999,1,-1.0989,14.324,0.13333,1,0.46885,1,0
,,2.9708,,-0.33791,,,,
,,2.8189,,-0.33224,,,,
89.641,0,-1.6011,0,0.41192,0,10.519,0,0
60.112,0,3.4198,0.0062447,0.4375,0,1.5991,0,0
300.82,0,0.1762,0.0013976,0.1657,0,0.087671,0,0
,,1.3109,,-0.21008,,,,
,,3.5187,,-0.28107,,,,
192.06,0,4.352,0.087384,0.22431,0,4.5873,0,0
120.42,0,3.8193,2.1969,0.69957,0,75.645,0,0
292.64,0,3.0995,0,0.6806,0,1.0266,0,0
,,1.3048,,-0.13678,,,,
,,3.2597,,-0.38351,,,,
144.01,0,2.4587,2.2443,0.031363,0,1.3131,0,0
307.36,0,3.4742,0.011989,0.30152,0,2.4073,0,0
269.27,1,-1.2247,11.421,0.11728,1,0.45976,1,0
135.41,0,1.5294,0.52875,-0.02503,0,77.669,0,0
2.5484,1,-1.1344,14.001,0.18091,1,16.333,0,0
143.84,0,3.4119,0,0.54739,0,0.65431,0,0
,,,,-0.34443,,,,
229.96,0,3.5562,0,0.013216,0,1.8718,0,0
204.49,0,3.9523,0.14777,0.43321,0,2.3746,0,0
66.707,0,-0.39853,0.013732,0.062617,0,0.44813,0,0
291.89,0,5.2986,0,0.091124,0,0.8653,0,0
176.54,0,1.3078,3.4105,0.45455,0,72.963,0,1
255.98,0,3.2806,0.0021727,0.16243,0,0.82095,0,0
128.91,1,4.6191,23.317,0.012187,1,8.7946,1,0
,,2.971,,-0.26349,,,,
150.5,0,3.3023,0,0.092393,0,0.47747,0,0
196.96,1,3.4452,14.021,0.12049,1,31.229,1,0
89.293,0,3.7801,0.0018191,0.15884,0,0.39657,0,0
89.566,0,1.9264,0.025686,0.16628,0,46.359,0,0
,,2.3656,,-0.30735,,,,
,,2.7329,,0.0077849,,,,
134.2,,3.6152,,0.093546,1,87.137,0,
,,2.4981,,-0.21078,,,,
157.33,0,3.4606,0,0.24584,0,1.8598,0,0
84.589,1,-0.094908,10.195,0.18116,1,29.351,0,0
79.803,1,4.4371,29.451,0.013141,1,1.008,1,0
38.956,0,2.7492,0.59863,0.17467,0,41.723,0,0
74.744,0,-1.0058,0,0.50631,0,58.942,0,0
179.28,0,-1.0157,1.7524,0.28438,0,37.025,0,0
90.096,0,-1.1615,3.2927,0.76141,0,65.161,0,1
33.335,0,3.5408,0,0.1161,0,0.63649,0,0
354.16,0,1.0852,1.3525,0.79449,0,78.507,0,0
269.27,0,-1.269,0.034248,0.49889,0,2.5158,0,0
252.8,1,-1.1821,12.864,0.25998,1,42.68,0,0
,,-0.32285,,-0.096774,,,,
,,2.0485,,-0.24473,,,,
,,,,-0.27835,,,,
304.83,1,-0.53135,3.6699,0.19135,0,38.984,0,0
4.7829,0,-1.2364,15.172,0.39019,0,0.29945,0,0
350.55,0,3.1365,0.58376,0.60148,0,18.112,0,0
79.064,1,-0.5783,10.226,0.21479,0,77.212,0,0
270.72,0,0.3419,0.025799,0.37536,0,9.798,0,0
12.468,1,1.8071,30.692,0.086201,1,66.159,0,0
65.681,0,4.5926,7.196,0.58848,0,28.291,0,1
,,3.5241,,0.0079365,,,,
269.27,1,0.63768,3.38,0.14712,1,0.32761,1,0
241.86,0,5.2759,0.0017161,0.17107,0,2.5368,0,0
230.07,0,0.37665,5.1081e-05,0.16505,0,0.40802,0,0
204.66,0,4.0021,0,0.25174,0,0.34894,0,0
16.331,0,3.0061,0,0.44286,0,79.416,0,0
262.4,0,2.3171,10.524,0.86462,0,41.022,0,1
253.93,0,-1.0345,0.00037289,0.11631,0,1.0608,0,0
,,0.93467,,-0.28116,,,,
154.47,1,2.7046,20.893,0.075894,1,70.573,0,0
,,2.189,,-0.43169,,,,
,,3.2762,,-0.31828,,,,
231.39,1,-0.78315,26.4,0.1068,1,2.7511,1,0
160.63,1,3.0016,18.401,0.10192,1,0.53854,1,0
,,2.525,,-0.26166,,,,
288.9,1,2.3527,31.749,0.065359,1,46.976,0,0
11.232,0,0.13146,0,0.33083,0,1.1659,0,0
269.28,1,0.29504,27.632,0.053839,1,57.049,0,0
,,2.2602,,-0.28994,,,,
56.889,,3.2226,,0.13861,0,1.7282,0,
,,3.333,,0.12898,,,,
353.78,0,3.1285,0.013442,0.25355,0,1.4338,0,0
76,0,-1.313,0,0.3331,0,0.98609,0,0
170.11,0,3.0104,0,0.16965,0,0.50519,0,0
280.57,1,3.5373,5.9611,0.26703,1,0.38096,1,0
201.76,1,3.405,17.997,0.1127,1,0.39085,1,0
111.56,0,2.9991,9.292,0.73566,0,49.39,0,1
,,3.2525,,-0.34602,,,,
332.87,0,1.4799,0,0.81206,0,2.0154,0,0
,,2.6878,,-0.32927,,,,
248.66,0,2.1113,0.021149,0.70674,0,3.5938,0,0
4.1034,0,0.17257,0,0.77903,0,4.8385,0,0
229.73,0,4.8603,0.0028505,0.054628,0,1.7814,0,0
,,1.8913,,-0.27827,,,,
350.21,0,2.0913,0.023524,0.12538,0,2.2572,0,0
90.299,1,3.7665,5.7618,0.17905,1,1.3161,1,0
215.38,1,1.9393,3.4811,0.1601,0,78.457,0,0
149.9,1,3.6809,9.7041,0.24461,1,20.656,1,0
219.91,1,4.1066,34.446,0.037319,1,70.113,0,0
163.65,0,4.425,0.020836,0.25682,0,5.6603,0,0
,,3.1688,,-0.39232,,,,
69.783,0,0.58831,0,0.046445,0,1.3228,0,0
142.54,0,-0.50686,0,0.21208,0,0.33625,0,0
311.65,0,3.2594,0,-0.22461,0,47.936,0,0
34.916,1,-0.81509,15.804,0.15823,0,80.618,0,0
225.07,0,-1.6118,8.8732,0.56215,0,28.01,0,1
62.48,0,-1.1411,0.0029831,0.4512,0,0.49582,0,0
,,2.3789,,-0.31818,,,,
272.26,1,3.9371,8.3364,0.29884,1,0.10934,1,0
359.26,1,-0.11562,44.255,0.24706,0,39.354,0,0
236.28,1,-1.0529,8.2426,0.072143,1,0.2947,1,0
316.39,0,-1.9134,0.35381,0.74977,0,11.433,0,0
249.51,1,-0.13539,23.679,0.034188,1,0.67795,1,0
,,2.2282,,-0.28829,,,,
95.925,0,3.863,0.0096357,0.20915,0,2.2786,0,0
,,2.7331,,-0.28171,,,,
143.74,0,-1.9645,14.069,0.37962,0,39.371,0,0
93.821,,2.4079,,0.041485,0,8.5413,0,
187.39,0,3.4974,0.38445,0.73458,0,29.914,0,0
271.03,0,4.0599,0,0.10687,0,0.37375,0,0
291.2,1,3.7132,17.691,0.10219,1,0.83005,1,0
317.48,1,3.6709,11.119,0.13639,1,0.49999,1,0
136.18,0,-1.5779,0.0067548,0.72417,0,0.11777,0,0
142.3,0,2.5868,0.0028996,0.0551,0,1.3849,0,0
135.82,1,4.0274,28.308,0.083818,1,0.64755,1,0
335.72,0,-0.53345,4.0379,0.42684,0,51.761,0,1
,,2.7824,,-0.31034,,,,
74.825,1,3.0935,25.48,0.26087,1,1.4005,1,0
89.285,0,-0.85545,0.0097472,0.23867,0,1.6778,0,0
290.17,0,-1.1552,0.0058053,0.65269,0,1.2856,0,0
182.13,0,3.3633,0.6082,0.078183,0,15.205,0,0
234.91,0,4.1545,5.9271,0.41421,0,84.497,0,1
352.67,0,2.9159,0,0.077225,0,1.8,0,0
166.93,0,-0.9265,0.040702,0.10362,0,3.435,0,0
85.446,0,-1.09,0,0.27735,0,4.7072,0,0
136.1,1,-1.2052,14.612,0.11078,1,67.764,0,0
175.1,1,-0.81316,2.8898,0.088235,1,7.4476,1,0
,,3.3473,,0.13193,,,,
94.446,0,-1.2976,0.006216,0.13426,0,2.4166,0,0
,,2.4924,,-0.22384,,,,
301.79,1,-0.91589,17.825,0.26301,1,47.892,0,0
119.3,0,3.593,0.0044062,0.30859,0,0.25222,0,0
241.71,0,5.1685,10.253,0.71852,0,63.799,0,1
359.29,0,3.5461,0.0083814,0.049903,0,1.9656,0,0
349.93,0,-1.1624,0.0049326,0.59338,0,30.797,0,0
232.23,0,1.4875,7.3648,0.55432,0,88.256,0,1
350.56,0,3.8302,0,0.26441,0,1.3628,0,0
174.34,0,-0.097281,0.28378,0.053391,0,16.471,0,0
60.211,1,-1.0041,5.7053,0.18066,1,79.831,0,0
352.47,0,3.885,0,0.35101,0,0.38684,0,0
148.64,0,-1.0968,11.458,0.40038,0,0.1466,0,1
,,3.3039,,0.02439,,,,
307.11,1,2.6426,24.462,0.096866,0,85.741,0,0
154.23,0,3.2828,0,0.46747,0,0.93649,0,0
353.74,0,-0.22865,0.011752,0.048374,0,0.71418,0,0
353.1,0,9.3638,3.1386,0.81445,0,31.935,0,1
226.82,0,-0.97187,0.016271,0.13055,0,1.4178,0,0
113.08,0,1.7161,0.004969,0.63283,0,1.5764,0,0
126.28,1,3.2573,25.033,0.1514,1,13.762,0,0
,,2.5189,,-0.27273,,,,
310.99,0,-1.3579,0.1972,0.57964,0,11.582,0,0
129.28,1,-0.21758,12.613,0.095521,1,15.948,0,0
190.07,0,0.14766,1.4378,0.082808,0,32.663,0,0
,,2.8942,,-0.24904,,,,
169.02,0,-1.1886,0,0.16883,0,0.41947,0,0
165.99,1,3.4323,13.47,0.14004,1,76.027,0,0
2.778,0,-1.1648,0,0.13366,0,3.8482,0,0
230.18,1,-0.66723,17.99,0.091071,1,0.51834,1,0
,,3.228,,-0.33178,,,,
,,,,-0.39394,,,,
,,3.352,,-0.19298,,,,
202.13,1,-1.0596,8.7379,0.25953,1,33.02,1,0
89.854,0,3.1185,0.080895,0.48501,0,48.485,0,0
348.27,1,1.9821,9.2332,-0.016181,1,14.071,0,0
80.954,0,-0.033086,0,0.44807,0,0.63314,0,0
185.98,1,2.5867,13.302,0.12786,1,70.114,0,0
268.54,1,-1.0551,22.57,-0.031187,1,0.89083,1,0
149.55,1,-1.1061,11.072,0.19462,1,0.52156,1,0
,,,,-0.26736,,,,
243.34,0,-1.0287,0.0074754,0.11968,0,1.0353,0,0
48.414,0,0.73051,0.02699,0.30973,0,35.219,0,0
,,2.4158,,0.44023,,,,
269.3,0,3.4377,0.010497,0.1888,0,73.467,0,0
344.38,0,-0.96326,14.378,0.69121,0,0.29067,0,1
,,0.26283,,-0.077605,,,,
21.096,0,-0.49494,0,0.13833,0,1.5619,0,0
89.288,0,-0.22561,0.016009,0.18947,0,0.1092,0,0
137.32,0,3.0811,0.0060472,0.25835,0,1.4182,0,0
,,2.7159,,-0.34545,,,,
275.79,1,-1.0426,15.517,0.19491,1,35.147,0,0
44.363,0,3.3594,0,0.043524,0,5.3986,0,0
44.362,0,3.3454,0,0.12468,0,1.542,0,0
5.7848,1,0.47376,20.234,0.19289,1,1.5748,1,0
49.15,0,6.1473,38.473,0.30061,0,2.4349,0,0
89.281,1,-1.0916,10.002,0.10103,1,0.93103,1,0
105.19,0,2.9457,0.012485,0.078113,0,0.20917,0,0
218.95,0,4.2383,0.011025,0.046235,0,1.7196,0,0
124.98,0,-0.7656,2.3816,0.62996,0,35.535,0,0
,,2.1351,,-0.2795,,,,
,,2.7117,,-0.23276,,,,
291.7,1,0.24971,53.448,0.039437,1,0.36053,1,0
,,3.5854,,-0.1968,,,,
327.41,0,2.4884,0,0.024637,0,18.933,0,0
284.09,0,3.0127,0,0.56115,0,0.2021,0,0
122.5,0,4.7509,0,0.037122,0,1.7373,0,0
,,1.075,,-0.39773,,,,
,,,,-0.25265,,,,
53.529,0,3.4867,141.9,0.33436,0,84.632,0,0
83.523,0,2.9715,19.26,0.52514,0,72.08,0,1
303.34,0,3.8442,1.4037,0.45114,0,43.566,0,0
,,,,-0.31429,,,,
80.29,0,0.99891,6.6475,0.41618,0,68.568,0,1
331.23,0,4.0725,0.023123,0.51655,0,12.988,0,0
59.6,0,-0.014012,3.6759,0.33972,0,0.092622,0,0
67.375,0,-0.8879,12.677,0.30271,0,30.679,0,0
356.34,0,4.6747,0.024209,0.21371,0,0.22388,0,0
89.298,0,3.9556,2.5319,0.34669,0,0.18968,0,0
282.63,0,4.1152,0,0.17574,0,1.317,0,0
261.57,0,-1.4182,0.043602,0.36472,0,4.2723,0,0
179.28,0,-0.44761,16.371,0.31729,0,0.37265,0,0
179.69,,2.0208,,0.35424,0,64.829,0,
60.514,0,3.5958,0,0.24992,0,2.4511,0,0
195.68,0,0.34243,0.56137,0.12851,0,19.958,0,0
,,2.4473,,-0.023077,,,,
170.38,0,4.5931,0,0.14452,0,0.37138,0,0
79.226,0,4.0185,0.01898,0.82123,0,5.4702,0,0
41.146,0,-1.0362,0,0.40443,0,2.1776,0,0
44.138,0,5.8674,2.1027,0.30264,0,2.9887,0,0
349.82,0,3.9958,0.0045214,0.38629,0,2.2016,0,0
29.641,1,2.5834,22.081,0.21139,1,1.4214,1,0
,,2.2244,,-0.26178,,,,
,,2.9031,,-0.196,,,,
138.44,1,1.7065,5.5239,0.178,1,1.6436,1,0
,,2.784,,-0.091525,,,,
,,2.4805,,-0.15464,,,,
157.78,0,8.0637,0,0.76923,0,38.618,0,0
179.29,0,2.405,0.65664,0.19633,0,1.6162,0,0
171.66,0,4.7021,0,0.18074,0,0.34703,0,0
256.28,0,4.4358,0.16529,0.76639,0,27.697,0,0
,,2.8055,,-0.016667,,,,
189.86,1,3.8325,9.0523,0.12134,1,1.2536,1,0
183.14,0,4.6793,0.68208,0.60284,0,63.968,0,0
14.323,0,-2.8385,0,0.15444,0,6.9177,0,0
337.72,0,-0.059245,0.0072453,0.099099,0,0.64107,0,0
,,2.5484,,-0.28387,,,,
291.62,1,3.6171,17.428,0.12239,1,0.2112,1,0
91.254,1,-0.4049,26.085,0.063786,1,2.9992,1,0
,,2.8775,,-0.49412,,,,
316.3,0,3.5666,0.64065,0.18839,0,3.4985,0,0
134.7,0,0.31188,1.0551,0.54042,0,56.663,0,0
,,2.8699,,-0.34269,,,,
58.449,,-1.2775,,0.13469,0,6.1573,0,
,,2.8966,,-0.23632,,,,
345.78,0,-1.1703,2.1064,0.63418,0,63.253,0,0
315.48,1,-1.0157,17.345,0.11771,1,4.731,1,0
172.66,1,-0.99656,4.6812,0.09058,1,0.54827,1,0
322.22,0,0.9905,0,0.37024,0,2.0683,0,0
183.89,0,0.17598,0,0.47077,0,4.2196,0,0
203.17,0,4.0407,0.022122,0.64637,0,1.9431,0,0
,,2.1979,,0.064248,,,,
68.49,1,2.073,13.011,0.085613,1,82.576,0,0
5.9287,0,3.3705,0.014934,0.10499,0,4.1082,0,0
135.17,0,1.458,0,0.1,0,69.332,0,0
130.1,0,3.7859,1.2718,0.097681,0,68.926,0,0
,,2.4762,,-0.25348,,,,
,,2.656,,-0.2,,,,
89.283,0,3.2618,1.6891,0.63158,0,25.939,0,0
158.53,,4.808,,0.098853,0,32.337,0,
237.93,0,3.8104,0,0.20366,0,21.889,0,0
327.42,0,-2.4699,0,0.43991,0,1.2957,0,0
121.54,0,4.1165,0.062006,0.58438,0,26.594,0,0
278.8,0,3.5837,0,0.146,0,4.1246,0,0
348.56,0,3.6532,0,0.57792,0,1.7267,0,0
225.46,0,1.3425,0,0.75399,0,1.2584,0,0
269.28,1,-1.225,49.184,0.086087,1,13.846,0,0
255.21,0,1.5201,0,0.73782,0,2.3333,0,0
,,2.739,,-0.24487,,,,
186.26,0,3.8392,27.231,0.37545,0,0.45043,0,0
359.29,0,4.5966,0,0.091922,0,0.93439,0,0
269.29,1,0.61389,16.273,0.29306,1,6.382,1,0
358.95,0,-0.39514,0.013644,0.15296,0,1.0032,0,0
179.27,0,-1.1353,0.0064514,0.11258,0,0.53888,0,0
,,2.8943,,-0.4296,,,,
148.4,0,-5.0825,0.75864,-0.012005,0,68.677,0,0
327.09,0,2.8365,0,0.5632,0,0.92791,0,0
132.14,1,4.7503,9.0029,0.009544,1,8.5355,1,0
314.42,0,3.4065,0,0.069453,0,1.1404,0,0
260.1,0,3.3901,0.0051212,0.12296,0,3.0132,0,0
,,2.7485,,-0.22148,,,,
291.72,0,2.1523,3.0817,0.43787,0,15.509,0,1
,,2.9228,,-0.2446,,,,
89.851,1,0.40671,27.316,0.164,1,14.463,0,0
91.071,1,2.9695,8.9345,0.22167,1,82.342,0,0
234.9,0,-0.88586,0.0096585,0.1209,0,1.0862,0,0
285.66,0,4.5087,0,0.31839,0,2.7417,0,0
,,2.9166,,-0.068884,,,,
,,2.7989,,-0.14859,,,,
122.75,0,3.4537,0.038941,0.70059,0,7.7995,0,0
,,3.0134,,-0.23986,,,,
341.41,1,-0.094743,16.559,0.016364,1,1.1985,1,0
179.44,0,-0.95879,0.0069949,0.19878,0,2.063,0,0
327.73,1,0.40037,4.4618,0.14966,1,80.867,0,0
,,1.7425,,-0.32166,,,,
202.68,1,2.6106,10.204,0.2549,1,1.0429,1,0
,,2.0654,,-0.29013,,,,
222.78,1,3.792,21.495,0.12755,1,0.15016,1,0
31.6,1,0.59311,14.959,0.15027,1,33.83,0,0
66.835,1,-0.22745,4.2014,0.04329,1,1.5915,1,0
75.639,0,2.6205,2.1467,0.06548,0,82.246,0,0
82.708,1,0.026609,56.394,0.06068,1,0.90259,1,0
2.2255,1,3.2366,12.541,0.03733,1,20.173,0,0
198.87,1,1.2973,33.958,0.2233,1,1.7399,1,0
,,3.1515,,-0.14074,,,,
,,1.7483,,-0.25234,,,,
332.59,0,1.2772,0,0.2766,0,6.4724,0,0
276.06,0,1.0336,0,0.24177,0,6.352,0,0
,,3.2748,,-0.025223,,,,
146,0,-1.1754,13.648,0.43721,0,0.37713,0,1
155.11,0,3.0833,0,0.17553,0,1.3758,0,0
321.36,0,5.8446,0,0.084584,0,0.39257,0,0
73.858,0,2.0899,0,0.091661,0,1.2281,0,0
220.76,1,3.1647,4.6325,0.17329,0,84.111,0,0
302.08,0,-1.1883,5.611,0.60218,0,46.894,0,1
222.16,0,3.7418,0.0050592,0.60792,0,12.247,0,0
,,0.63828,,0.79673,,,,
340.18,0,-0.21099,0,0.49095,0,2.6314,0,0
309.61,1,-1.0332,3.0704,0.14725,1,5.2555,1,0
228.23,1,1.3709,7.3122,0.12915,0,83.446,0,0
,,2.9064,,-0.28571,,,,
122.61,1,2.9719,10.222,0.029524,0,83.898,0,0
89.295,1,4.7922,56.952,0.068994,1,0.77589,1,0
7.5726,0,0.42554,0.017263,0.14938,0,0.67779,0,0
,,3.3047,,-0.25389,,,,
,,2.8196,,-0.25146,,,,
177.04,0,3.0128,0.0047331,0.12786,0,0.44176,0,0
323.17,0,-0.65232,30.735,0.37524,0,0.46826,0,0
155.46,0,-0.96026,2.0725,0.40535,0,48.008,0,0
,,2.9817,,-0.11699,,,,
350.38,1,0.45054,17.476,0.11082,0,64.231,0,0
131.46,1,0.35325,30.953,0.1512,1,0.085347,1,0
,,2.3225,,-0.41887,,,,
,,2.853,,-0.38552,,,,
,,2.5511,,-0.26512,,,,
293.94,1,-1.2254,12.787,0.23065,1,33.12,0,0
318.84,0,-1.0335,3.6355,0.6772,0,34.699,0,1
,,2.7229,,-0.30757,,,,
90.463,1,3.7474,19.901,0.098069,1,47.548,0,0
245.77,0,-0.14675,4.9167,0.59686,0,11.412,0,1
352.98,1,-0.22437,4.5706,0.076978,1,65.643,0,0
214.45,0,4.1602,0.015478,0.21828,0,1.1778,0,0
93.906,0,3.8169,0,0.68445,0,3.0533,0,0
56.693,0,3.5977,0.015032,0.65289,0,0.62769,0,0
129.55,0,3.1772,0.11047,0.014304,0,0.64763,0,0
88.474,0,2.7915,0.0052207,0.54289,0,16.243,0,0
205.18,0,2.6056,0,0.12094,0,5.1538,0,0
,,0.98281,,0.25345,,,,
46.972,1,3.4631,18.721,0.049802,1,2.8502,1,0
276,0,4.0116,0,0.11404,0,2.3541,0,0
210.51,1,4.2411,104.67,0.0036563,1,2.6155,1,0
292.91,1,0.82899,7.0027,0.18423,1,27.579,0,0
,,0.96354,,-0.41176,,,,
113.65,0,-0.78734,0.73364,0.12336,0,11.072,0,0
283.98,0,-1.0448,4.6158,0.70843,0,52.925,0,1
,,2.894,,-0.26444,,,,
218.65,0,-1.802,0,0.7602,0,14.096,0,0
40.447,0,4.1259,0.0080991,0.64637,0,0.71589,0,0
44.351,1,-1.1055,40.037,0.043581,1,1.25,1,0
122.69,0,4.0029,0.010848,0.13289,0,1.5829,0,0
,,2.8021,,-0.29791,,,,
,,3.3614,,-0.092055,,,,
54.209,0,-0.016567,31.974,0.34701,0,2.274,0,0
,,3.0182,,-0.015138,,,,
111.57,0,1.3884,0.045759,0.11475,0,24.72,0,0
7.9291,0,3.1024,1.3816,0.22767,0,76.778,0,0
,,2.5049,,0.0069071,,,,
278.47,0,3.717,0.10661,0.34786,0,11.549,0,0
,,3.178,,-0.11515,,,,
,,2.4862,,0.020576,,,,
316.25,1,3.4359,14.693,0.16489,1,19.276,0,0
,,2.9614,,-0.2608,,,,
250.56,0,3.5151,5.3414,0.39192,0,33.645,0,0
280.1,0,1.9467,0,0.048387,0,0.13751,0,0
,,,,-0.3045,,,,
162.77,0,-0.75405,0,0.13678,0,6.7434,0,0
278.87,1,2.2724,15.666,0.19923,1,4.5661,1,0
194.02,0,3.446,0.0013914,0.21124,0,0.3616,0,0
351.57,0,2.8584,11.572,0.38214,0,0.21401,0,0
72.452,0,1.1118,0.01113,0.39604,0,1.2668,0,0
,,2.5461,,-0.43448,,,,
,,2.5633,,-0.34319,,,,
87.479,0,1.1615,0,0.15318,0,2.1956,0,0
248.71,0,-1.1072,0.0040981,0.56307,0,0.62001,0,0
,,1.0359,,-0.3696,,,,
352.73,0,3.5091,0.0089724,0.13071,0,1.5577,0,0
,,1.0997,,-0.28595,,,,
59.169,0,3.4088,0,0.091228,0,57.556,0,0
27.035,1,-0.57217,3.0141,0.13072,0,58.325,0,0
131.84,0,2.7791,0,-0.19476,0,2.6431,0,0
2.2056,0,3.5,0.026713,0.21615,0,0.79211,0,0
316.07,1,2.913,17.332,0.16726,1,83.521,0,0
45.195,1,0.82973,7.7003,0.18006,1,1.6478,1,0
81.109,1,-2.0169,6.9747,0.19066,1,1.4513,1,0
37.71,0,3.6953,0.0098026,0.045425,0,1.9602,0,0
137.05,1,3.2704,7.2234,0.065147,1,1.3163,1,0
250.59,,-1.4702,,0.13438,0,2.3164,0,
241.55,0,2.1993,0.00052333,0.10844,0,0.35717,0,0
8.524,,1.5047,,0.035585,0,41.738,0,
217.74,1,3.3741,14.29,0.027976,1,0.56369,1,0
208.61,0,5.3054,0,0.12192,0,1.0914,0,0
331.42,0,-1.2634,0,0.11559,0,5.8223,0,0
220.72,1,3.8704,27.316,-0.0040486,1,78.937,0,0
,,1.0213,,-0.31788,,,,
,,2.6843,,-0.26035,,,,
299.28,0,-0.79682,18.381,0.36955,0,11.81,0,0
327.92,1,0.56916,37.596,0.019455,1,7.1934,1,0
247.19,,3.3647,,0.09029,1,57.029,0,
204.34,0,2.7489,0,0.057875,0,1.3289,0,0
252.48,1,3.8531,34.208,0.1714,1,0.19812,1,0
3.2825,0,4.5484,0,0.044728,0,1.9818,0,0
,,2.5169,,-0.27273,,,,
,,2.7518,,-0.2746,,,,
255.53,0,-1.103,0,0.34188,0,1.2542,0,0
212.37,0,-1.2037,0.026561,0.2945,0,8.6588,0,0
318.97,0,4.7626,0,0.2003,0,1.0749,0,0
323.71,0,3.7689,0,0.31907,0,1.8463,0,0
320.64,0,-0.9402,3.3879,0.79729,0,64.144,0,1
125.39,0,3.4008,0,0.06893,0,0.84643,0,0
38.86,0,-0.2654,0,0.26764,0,2.6236,0,0
95.343,0,3.4673,0,0.10684,0,3.6307,0,0
,,2.2549,,-0.20351,,,,
319.01,0,3.3581,0.00087976,0.13168,0,5.3114,0,0
179.28,1,-1.2048,12.461,0.17248,1,0.172,1,0
,,2.2494,,-0.17587,,,,
359.92,0,2.6679,0,0.07222,0,4.5768,0,0
255.66,1,-0.11868,21.057,0.006865,1,13.545,0,0
89.278,1,-0.7362,4.648,0.065957,1,3.9595,1,0
,,2.565,,-0.3589,,,,
,,2.6485,,-0.30383,,,,
122.9,0,-1.157,9.9349,0.42328,0,0.57977,0,1
,,2.938,,-0.43248,,,,
88.22,0,3.0891,1.1176,0.16007,0,27.584,0,0
,,2.0184,,-0.31734,,,,
,,3.314,,-0.18236,,,,
16.11,0,-1.6382,0.01217,0.31611,0,0.31745,0,0
97.393,1,0.82639,21.744,0.024523,1,1.219,1,0
151.45,0,2.7215,8.4417,0.69238,0,53.374,0,1
33.339,0,0.082635,0,0.45931,0,0.97538,0,0
119.85,0,3.5715,0,0.096416,0,2.1081,0,0
,,2.2243,,-0.32012,,,,
314.39,1,0.29853,8.2446,0.02381,1,73.937,0,0
56.548,0,-0.67039,0,0.42553,0,0.30746,0,0
269.28,0,-2.0191,10.983,0.84758,0,69.398,0,1
176.97,0,4.1499,0.01477,0.16032,0,0.56801,0,0
312.13,0,3.6162,0.010015,0.32227,0,1.3402,0,0
66.033,0,3.9484,0.039644,0.16971,0,1.3946,0,0
355.01,0,-1.3525,0,0.14212,0,6.4741,0,0
52.849,0,0.89448,11.095,0.8454,0,38.197,0,1
165.62,0,3.7814,0.011476,0.2855,0,1.1916,0,0
348.63,0,3.9629,0,0.060145,0,0.28,0,0
100.89,1,1.9473,15.7,0.15095,1,30.932,0,0
137.59,0,4.044,0.0026054,0.49293,0,0.89837,0,0
,,2.899,,-0.23171,,,,
,,3.3208,,-0.37786,,,,
157.42,1,-0.641,11.814,0.16773,1,0.12353,1,0
,,1.5266,,-0.2343,,,,
33.61,1,4.1661,33.915,0.14677,1,11.683,0,0
153.1,0,5.6046,0.016309,0.14475,0,0.33857,0,0
44.547,1,2.2391,7.9386,0.11818,1,40.217,0,0
359.21,1,1.6278,13.329,0.14226,1,77.063,0,0
179.28,,-0.31818,,0.29746,0,77.317,0,
303.2,1,1.618,18.203,0.06998,1,0.59572,1,0
2.3251,1,-1.0235,33.925,-0.0044053,1,0.86674,1,0
198.52,0,3.4538,3.0946,0.60562,0,0.13962,0,1
334.15,0,2.6781,0.080546,0.056083,0,1.5699,0,0
152.93,0,4.408,0.11822,0.56844,0,8.903,0,0
,,2.5037,,-0.028103,,,,
89.28,0,2.5308,5.4793,0.85888,0,19.836,0,1
358.87,1,-0.97724,19.41,0.11186,1,0.81973,1,0
,,2.9971,,0.49071,,,,
162.51,0,2.0094,0.036019,0.19512,0,1.1554,0,0
135.05,1,2.6148,14.908,0.096506,0,84.097,0,0
265.64,0,-0.20617,0.0097747,0.1363,0,0.54135,0,0
77.171,0,-1.0361,0.75542,0.11396,0,35.805,0,0
318.99,1,2.7065,11.404,0,1,1.9986,1,0
89.275,1,-1.4051,13.866,0.23925,1,21.806,0,0
,,3.2458,,-0.23838,,,,
166.63,0,2.4251,0.11199,-0.065811,0,0.93119,0,0
26.211,0,0.23745,0.89435,0.85336,0,84.989,0,0
102.83,0,-1.2856,0.53986,0.073877,0,5.9325,0,0
191.8,0,-1.1618,0,0.23466,0,1.192,0,0
153.95,0,3.7043,4.7434,0.75312,0,45.28,0,1
224.35,0,2.9868,0,0.43358,0,0.43835,0,0
98.189,0,-1.6471,2.2792,0.2198,0,1.739,0,0
,,2.899,,-0.48413,,,,
14.143,0,5.1626,0,0.194,0,0.51596,0,0
,,1.706,,-0.27197,,,,
114.33,1,-0.095432,26.352,0.20381,1,0.40612,1,0
269.28,0,-1.1693,0.018198,0.065617,0,0.31612,0,0
50.791,1,0.2392,5.0484,0.035728,1,2.187,1,0
153.92,0,3.5501,4.6886,0.53782,0,55.834,0,1
349.5,0,2.8348,0.001688,0.10627,0,1.9249,0,0
266.38,0,3.0774,0,0.20545,0,3.5979,0,0
176.69,0,3.1284,6.9577,0.89898,0,26.007,0,1
152.5,1,4.1095,24.144,0.083721,1,18.029,1,0
212.27,0,3.1538,0,0.28641,0,0.71767,0,0
,,1.5327,,0.23745,0,,,
160.44,0,3.1366,0.00099015,0.40919,0,1.7258,0,0
161.08,1,-0.33334,30.399,0.24246,1,0.75434,1,0
48.292,1,1.7763,18.999,0.032185,1,27.552,0,0
,,2.534,,-0.2196,,,,
,,2.3801,,-0.31053,,,,
292.94,0,0.95987,0.0014262,0.84589,0,2.0135,0,0
24.55,0,2.0265,0,0.26211,0,0.86202,0,0
51.727,1,-0.30013,10.85,0.13216,1,0.69602,1,0
,,2.8671,,-0.26631,,,,
359.94,1,-1.143,34.137,0.15366,1,0.49295,1,0
319.87,0,2.3183,0.02639,0.084913,0,6.5246,0,0
310.52,0,-1.2703,1.8162,0.5898,0,31.592,0,0
330.31,0,7.0701,4.1714,0.84509,0,33.031,0,1
89.273,0,-1.298,5.0146,0.40357,0,0.44829,0,1
172.01,1,-1.0423,23.696,0.14724,1,10.777,1,0
356.04,0,-0.86487,0.015174,0.33785,0,0.30433,0,0
53.402,0,2.4726,0.29565,0.12224,0,2.8635,0,0
155.98,0,2.5934,0,-0.064133,0,0.71161,0,0
72.021,1,0.40373,9.1952,0.12695,0,39.409,0,0
241.8,0,-1.2038,9.4493,0.39322,0,66.397,0,0
,,2.8197,,-0.24,,,,
,,2.8925,,-0.33206,,,,
,,-2.0089,,0.62985,,,,
246.97,0,0.16003,0.061468,0.19386,0,2.4152,0,0
239.06,0,3.9152,0,0.12522,0,1.0244,0,0
359.28,0,-1.4188,0.0022676,0.12672,0,0.37837,0,0
226.41,0,0.2846,0,0.31318,0,0.90979,0,0
142.6,0,-0.57431,0.027709,0.16281,0,73.787,0,0
39.418,0,0.31724,0.20276,0.11962,0,5.7765,0,0
246.15,0,3.8656,0,0.077012,0,1.1375,0,0
106.75,1,2.9062,13.703,0.13714,1,59.072,0,0
83.239,0,1.1422,0,0.73465,0,0.38145,0,0
115.95,0,3.1942,0,0.65182,0,0.88112,0,0
280.11,0,0.20926,2.7511,0.67857,0,59.889,0,1
,,2.5103,,-0.15511,,,,
27.015,0,9.1544,0.51787,0.39258,0,1.4826,0,0
,,2.9803,,-0.1018,,,,
265.58,0,3.5912,0,0.25262,0,10.479,0,0
80.985,0,2.8373,0.0034831,0.067373,0,0.51692,0,0
,,2.7108,,-0.22339,,,,
179.22,1,6.1363,47.153,0.11506,1,66.906,0,0
337.66,0,4.101,0.20506,0.13574,0,3.9532,0,0
151.63,0,3.379,0,0.050088,0,2.4,0,0
168.75,0,-1.1345,10.723,0.42461,0,0.62973,0,1
,,2.918,,-0.24667,,,,
346.13,1,4.616,17.728,0.075841,1,81.685,0,0
138.42,0,-0.45988,0,0.21118,0,0.38657,0,0
69.236,1,-1.1812,8.7695,0.18272,0,29.751,0,0
72.737,0,-0.62968,0.001375,0.0593,0,1.3488,0,0
,,2.1664,,-0.33959,,,,
,,3.1801,,-0.27273,,,,
345.06,0,3.4189,3.0835,0.58936,0,40.309,0,1
266.27,0,0.40835,16.02,0.40006,0,34.508,0,1
,,2.9757,,0.23597,,,,
,,2.709,,-0.052897,,,,
332.13,0,3.9105,0.0068741,0.45939,0,2.1769,0,0
,,2.8437,,-0.33675,,,,
207.23,1,1.1722,68.625,0.1527,1,41.94,1,0
179.28,0,-1.1756,13.642,0.40288,0,0.81976,0,1
48.617,0,-1.8383,0.0022031,0.26536,0,0.27275,0,0
253.83,0,0.59192,0.02118,0.084157,0,5.1916,0,0
203.06,0,-1.153,0.032909,0.23544,0,1.2966,0,0
,,0.26971,,0.62204,0,,,
,,3.2567,,-0.43802,,,,
,,3.5783,,-0.20718,,,,
9.692,0,6.6613,0.0073719,0.35069,0,0.47791,0,0
207.89,0,3.3758,0.016137,0.21101,0,3.131,0,0
57.294,0,-2.8339,1.5986,0.53629,0,83.165,0,0
,,3.0512,,-0.25249,,,,
180.91,0,-0.30138,0.019981,0.52799,0,4.4416,0,0
225.46,1,-0.14103,9.215,0.13618,0,1.4734,0,0
270.56,1,0.7249,19.306,0.077317,1,40.447,0,0
,,3.3062,,-0.20444,,,,
269.27,1,-0.34879,11.826,0.21167,1,0.057499,1,0
260.85,0,0.17791,0.012587,0.24793,0,0.85988,0,0
311.71,0,3.6937,0,0.56586,0,22.65,0,0
28.235,0,3.0658,0.0093522,0.22255,0,0.37996,0,0
242.57,0,2.8019,10.126,0.31829,0,2.2673,0,0
337.23,1,3.2626,6.6284,0.27461,1,2.1268,1,0
,,2.4587,,-0.045581,,,,
,,3.0573,,-0.30132,,,,
17.397,1,-0.20508,20.204,0.0089496,1,0.88665,1,0
,,3.3229,,-0.38302,,,,
316.93,1,1.7618,4.4762,-0.038352,0,79.736,0,0
126.63,0,2.9689,0,0.26594,0,57.373,0,0
2.6492,0,3.1859,1.3146,0.41557,0,30.933,0,0
,,2.6548,,-0.32328,,,,
1.8382,0,2.435,0,0.33119,0,1.6809,0,0
165.42,0,-1.0096,14.082,0.42199,0,17.002,0,1
349.27,0,4.8473,0,0.48941,0,4.6762,0,0
358.29,,-1.1138,,0.16774,1,70.839,0,
109.98,1,-0.91836,14.342,0.13071,1,34.257,0,0
,,1.684,,-0.30872,,,,
4.1575,1,0.31517,15.505,0.087087,1,38.024,0,0
6.1729,0,3.4215,2.0993,0.019421,0,32.567,0,0
179.29,1,3.4277,26.288,0.0056301,1,17.342,1,0
64.52,1,4.3455,10.988,0.16754,1,2.4609,1,0
,,2.5444,,-0.15366,,,,
26.088,0,-1.2694,0.095213,0.17378,0,7.0113,0,0
139.51,1,2.0176,10.582,0.038399,1,1.9391,1,0
257.85,0,3.6095,0,0.02684,0,0.37532,0,0
338.06,0,5.4067,0.026189,0.39424,0,6.7284,0,0
271.22,0,3.6518,0,0.32227,0,4.7622,0,0
18.228,0,3.9218,0,0.18723,0,1.8237,0,0
269.29,1,3.2084,13.48,0.12598,1,4.7823,1,0
,,2.8676,,-0.26545,,,,
51.739,0,0.83186,0.014039,0.69216,0,1.9563,0,0
,,2.7059,,-0.33657,,,,
44.371,0,4.6241,0,0.48023,0,25.298,0,0
327.68,0,3.439,0,0.059294,0,0.97595,0,0
269.4,0,3.7635,0,0.29662,0,14.246,0,0
,,1.0225,,-0.37524,,,,
272.73,0,3.5471,1.8784,0.39882,0,17.474,0,0
,,2.847,,-0.33985,,,,
,,3.1544,,-0.0053097,,,,
14.757,1,2.9543,22.403,0.1202,1,1.7662,1,0
231.21,0,1.0389,8.6018,0.52791,0,35.712,0,1
,,3.6038,,-0.26174,,,,
200.18,0,0.20888,7.6077,0.58301,0,41.069,0,1
191.16,1,2.8332,8.9125,0.17718,0,78.017,0,0
184.07,0,0.37415,0,0.82489,0,1.2367,0,0
75.281,1,2.6724,8.0152,0.2271,0,76.771,0,0
89.577,0,3.205,4.7566,0.48427,0,41.95,0,1
81.044,0,-2.5701,0.0017257,0.2788,0,2.1188,0,0
,,2.4158,,-0.34615,,,,
202.87,0,3.3071,0,-0.14218,0,3.8009,0,0
,,2.3403,,-0.30949,,,,
251.41,1,3.4525,19.404,0.067029,1,84.277,0,0
,,3.3814,,-0.23661,,,,
359.28,1,3.0745,12.475,0.042431,1,0.55606,1,0
185.27,0,3.9985,0,0.26554,0,1.3255,0,0
93.848,0,-0.87376,2.5154,0.71338,0,73.784,0,1
44.5,0,3.2188,0.0078659,0.18147,0,67.976,0,0
,,3.0135,,-0.20789,,,,
264.5,0,-2.1736,0.0015688,0.56837,0,56.377,0,0
179.27,1,-1.1436,16.228,0.15553,1,35.607,1,0
325.33,0,0.302,0.0016988,0.66084,0,7.3071,0,0
,,2.4634,,0.14151,,,,
109.04,0,9.5636,2.9734,0.71835,0,51.693,0,1
,,2.8987,,-0.3405,,,,
215.42,0,-0.17074,0.0036402,0.05866,0,1.1498,0,0
222.26,1,3.4567,6.2706,0.25283,0,56.343,0,0
,,3.3256,,-0.16832,,,,
,,3.0064,,-0.29213,,,,
46.68,0,0.75153,0,0.11709,0,2.4037,0,0
,,2.5173,,-0.24921,,,,
,,3.2693,,-0.33645,,,,
153.77,0,4.0974,1.4316,0.23225,0,73.142,0,0
,,3.0976,,-0.39927,,,,
79.834,0,3.3196,0.0034018,0.24247,0,0.9438,0,0
,,2.7132,,-0.18627,,,,
203.67,1,2.558,8.6462,0.064525,1,69.661,0,0
273.26,1,0.047615,52.122,0.073201,1,4.6051,1,0
,,1.5835,,-0.0017036,,,,
,,2.7341,,-0.21101,,,,
118.71,0,3.9316,4.1971,0.77471,0,31.994,0,1
,,3.2939,,-0.15122,,,,
259.94,0,4.1269,0.0026493,0.40984,0,2.0145,0,0
291.7,0,1.5914,0.06261,0.42247,0,3.4092,0,0
317.35,0,0.55137,0,0.71543,0,1.2557,0,0
37.133,0,-2.2215,11.754,0.67223,0,78.169,0,1
343.62,1,3.5732,24.36,0.069829,1,77.172,0,0
,,3.5175,,-0.33557,,,,
161.11,1,-0.58524,52.541,0.024926,1,11.703,1,0
,,1.8896,,-0.41406,,,,
89.272,1,2.066,63.691,0.042889,1,30.389,0,0
180.44,0,-1.2628,6.8009,0.77862,0,63.326,0,1
269.3,0,3.536,7.4509,0.34591,0,17.248,0,0
277.31,1,-1.2933,13.223,0.23696,1,0.69653,1,0
,,2.5773,,-0.24118,,,,
314.23,0,2.9004,5.9962,0.30505,0,28.587,0,0
,,6.1184,,0.026182,,,,
250.59,0,3.8814,0.0051985,0.11814,0,2.6619,0,0
54.565,0,0.20452,0,0.54279,0,0.41259,0,0
142.67,0,3.4738,0.022837,0.1784,0,1.214,0,0
,,2.535,,0.52334,,,,
,,1.2172,,-0.45106,,,,
,,2.0182,,-0.31087,,,,
,,3.1046,,-0.26,,,,
323.12,1,-1.2201,4.594,0.14188,1,76.847,0,0
,,2.7267,,-0.2608,,,,
318.01,0,4.7461,0,0.17665,0,2.8731,0,0
,,2.3051,,-0.30853,,,,
346.48,0,0.75171,0,0.57723,0,0.57026,0,0
,,2.4605,,-0.35786,,,,
49.958,0,3.7391,0.93707,0.57143,0,42.026,0,0
235.96,1,1.7588,12.18,0.02087,1,1.898,1,0
,,3.2833,,-0.0040692,,,,
,,2.9872,,0.12786,,,,
336.53,1,-1.2422,4.1203,0.12764,1,0.34189,1,0
89.294,1,2.9541,15.375,0.088333,1,51.475,0,0
,,2.7631,,-0.22207,,,,
354.89,0,2.4855,0,0.1119,0,0.52324,0,0
87.823,0,1.3851,5.2458,0.82784,0,82.492,0,1
254.54,0,0.382,0,0.13587,0,9.977,0,0
269.16,1,-1.312,8.6485,0.23404,0,68.568,0,0
58.55,0,-4.2079,0,0.3578,0,5.7042,0,0
93.842,0,-0.98752,0.011922,0.27309,0,0.86481,0,0
96.955,0,-2.005,0,0.21949,0,0.85827,0,0
255.15,1,-0.6024,11.164,0.12661,1,0.58676,1,0
,,2.8952,,-0.35608,,,,
235.42,1,-1.0762,20.839,0.12901,1,0.38073,1,0
291.83,1,-3.9694,38.519,0.055233,1,1.3752,1,0
161.61,1,-0.42854,17.909,-0.029586,1,81.336,0,0
119.03,0,3.9957,8.3044,0.82887,0,64.573,0,1
239.3,0,0.14093,9.6467,0.85252,0,72.57,0,1
352.28,1,1.8054,18.205,0.077461,1,0.80284,1,0
,,2.9648,,-0.41359,,,,
3.8856,0,-1.23,0,0.24215,0,1.5008,0,0
129.26,0,3.6839,8.335,0.60187,0,50.84,0,1
,,1.4657,,0.18774,0,,,
258.13,1,-0.90544,18.545,0.13786,1,1.0075,1,0
,,3.5269,,-0.31949,,,,
,,2.7768,,-0.35745,,,,
,,1.6799,,-0.33544,,,,
347.58,0,5.0167,0,0.2065,0,0.87814,0,0
317.52,1,1.6819,28.395,0.10136,1,2.5877,1,0
359.29,1,3.175,6.0062,0.051628,1,2.4236,1,0
285.87,0,3.2196,9.0084,0.59363,0,83.737,0,1
337.49,0,4.5002,0.032501,0.25059,0,10.177,0,0
,,2.7017,,-0.29373,,,,
108.44,0,2.3241,0.0051363,0.10241,0,5.019,0,0
,,2.355,,-0.076632,,,,
113.11,0,-1.1798,7.0106,0.56779,0,55.177,0,1
,,3.8469,,0.024328,,,,
183.81,0,-1.6515,0,0.45733,0,4.4251,0,0
,,2.2643,,-0.27059,,,,
256.94,1,-0.33079,22.649,-0.0079455,1,0.42945,1,0
209.72,0,3.6624,0.35709,0.21362,0,25.816,0,0
,,2.6346,,-0.17805,,,,
308.4,1,0.017571,14.221,0.19661,1,0.88142,1,0
179.29,0,0.31016,0.0062395,0.26456,0,0.11466,0,0
359.28,0,-1.7652,7.311,0.70672,0,63.847,0,1
76.656,0,3.5997,0.010584,0.089793,0,1.1013,0,0
,,2.8886,,-0.42857,,,,
,,0.1353,,-0.046278,,,,
2.0178,0,0.96572,0.0074793,0.35746,0,18.895,0,0
177.68,0,0.93339,2.2325,0.31045,0,0.8258,0,0
177.6,,0.57069,,0.20498,1,53.021,1,
230.17,1,0.4735,35.919,0.068976,0,13.345,0,0
255.76,0,-1.3646,0,0.27292,0,2.7702,0,0
,,3.2869,,-0.30478,,,,
202.56,1,3.5109,48.841,0.13059,1,0.39301,1,0
330.5,1,-0.94339,13.438,0.1179,1,0.75215,1,0
175.49,1,-0.87877,53.191,0.077315,1,0.25862,1,0
142.43,0,4.5918,0.011477,0.19944,0,2.0981,0,0
60.128,0,-1.2538,0.11889,0.61356,0,7.2464,0,0
174.75,0,1.8665,0.77781,0.11,0,36.369,0,0
161.14,0,0.28255,0,0.062192,0,0.31371,0,0
357.31,0,-0.15211,0.43781,0.31402,0,84.477,0,0
225.59,0,-0.75576,18.146,0.459,0,1.8669,0,1
89.272,1,3.3692,20.862,0.21488,0,0.15523,0,0
328.36,0,5.029,0.0070667,0.28465,0,2.3579,0,0
227.26,0,2.9729,0.013449,0.23947,0,0.80474,0,0
190.33,0,-0.91816,8.7989,0.58297,0,0.89946,0,1
338.7,0,-1.8173,0,0.69642,0,5.6578,0,0
171.1,0,3.3935,0.02651,0.30019,0,26.551,0,0
303.21,0,-0.92993,0,0.26058,0,2.9553,0,0
202.68,0,-0.77606,1.5297,0.62347,0,59.122,0,0
172.21,1,3.1348,20.513,0.27016,1,2.6094,1,0
141.18,1,3.4292,27.698,0.0057143,1,83.862,0,0
36.056,0,0.87942,0,0.56756,0,10.584,0,0
172.06,1,3.5116,4.9117,0.26042,1,22.531,1,0
179.29,0,2.5154,1.2082,0.42717,0,1.1751,0,0
340.86,0,3.3691,10.784,0.4128,0,81.266,0,1
158.19,0,-0.38802,0.27192,0.52799,0,31.747,0,0
338.03,0,-0.066497,0,0.17539,0,5.9699,0,0
148.62,0,0.15839,0,0.47134,0,3.2423,0,0
357.16,0,2.9633,0.0041718,0.15448,0,2.4825,0,0
69.452,0,2.8915,0,0.31194,0,48.917,0,0
73.666,1,3.4947,19.366,0.22591,1,0.48937,1,0
211.36,0,4.4346,5.3597,0.34152,0,66.08,0,0
89.284,0,2.9535,6.3899,0.4767,0,30.683,0,1
64.653,0,-1.5,7.6702,0.64607,0,58.576,0,1
,,2.8314,,0.056827,,,,
270.24,0,-0.83497,0,0.15937,0,17.151,0,0
131.1,1,2.8219,12.754,0.21187,1,0.2236,1,0
43.975,1,4.3894,13.898,0.047774,1,1.185,1,0
,,2.3752,,-0.41857,,,,
,,3.0717,,-0.24207,,,,
264.41,1,2.4378,15.709,0.22518,1,0.47298,1,0
255.99,0,3.5421,5.2483,0.3544,0,40.343,0,0
255.76,0,2.7709,0,0.18108,0,2.5991,0,0
61.908,1,3.4438,10.668,0.020018,1,1.1715,1,0
311.57,0,-0.35035,0,0.21783,0,0.79238,0,0
327.98,1,-1.0244,5.277,0.22859,0,84.76,0,0
,,2.8787,,-0.43629,,,,
109.74,0,3.2369,0.26731,0.30341,0,28.802,0,0
,,2.9974,,-0.15285,,,,
281.37,0,3.6342,0.00074196,0.075282,0,2.6841,0,0
331.2,1,3.6306,22.353,0.25487,1,81.054,0,0
149.15,0,1.0074,0.013988,0.83886,0,0.62969,0,0
59.975,0,2.7433,0,0.073132,0,0.78438,0,0
,,3.3212,,-0.30464,,,,
77.182,1,-1.3472,11.841,0.1443,1,0.79349,1,0
,,3.4767,,-0.24752,,,,
49.448,0,-1.0261,0,0.40233,0,2.1023,0,0
359.36,1,2.713,3.749,0.11,0,76.259,0,0
227.65,1,3.4957,4.19,0.074987,0,1.4148,0,0
347.66,0,2.5893,0,0.34084,0,3.7872,0,0
306.72,0,3.3133,4.0474,0.36123,0,63.054,0,0
325.9,0,2.4661,1.172,-0.099379,0,16.168,0,0
348.28,0,-1.1405,4.1218,0.49171,0,30.327,0,1
242.42,1,0.71409,17.077,0.1681,1,0.41876,1,0
225.34,1,-0.83893,22.26,-0.022074,1,29.142,0,0
,,2.2126,,-0.3181,,,,
,,0.54246,,0.073552,,,,
94.787,1,2.6895,17.046,0.15465,1,0.47929,1,0
335.5,0,3.7676,0,0.27727,0,1.5096,0,0
15.885,1,-1.0005,17.654,0.11732,1,0.94505,1,0
359.27,0,-1.2579,0.0075408,0.11584,0,0.12612,0,0
,,2.3585,,-0.31546,,,,
257.99,1,1.1215,4.5956,0.14315,1,24.931,0,0
28.837,0,3.2815,0,0.28621,0,0.6062,0,0
262.18,0,3.3213,0,0.44645,0,0.92665,0,0
170.91,0,2.4312,0,0.1831,0,1.4194,0,0
130.48,0,-1.3528,0,0.25151,0,0.68749,0,0
234.47,0,1.7173,0,0.07529,0,2.2881,0,0
269.29,0,3.2259,0,-0.093867,0,2.1543,0,0
,,3.2757,,0.020613,,,,
270.27,0,4.7583,0.0041409,0.088803,0,1.3563,0,0
193.09,1,4.5618,21.414,0.066667,1,44.198,1,0
229.13,1,2.3596,17.081,0.17806,1,0.097829,1,0
,,3.278,,-0.097473,,,,
87.932,0,0.54912,0.023378,0.68917,0,2.9352,0,0
,,2.7643,,-0.2673,,,,
359.29,0,2.6936,0.0014076,0.36951,0,2.3434,0,0
176.43,0,-2.0898,2.4614,0.79638,0,75.928,0,0
,,1.9485,,-0.16556,,,,
315.9,1,3.6319,10.455,0.07355,0,85.444,0,0
17.381,1,-0.95814,15.347,0.077741,1,22.263,0,0
328.45,0,2.548,0.012453,0.31327,0,1.2218,0,0
288.89,0,-1.3834,0,0.23911,0,2.2869,0,0
7.8661,,3.2826,,0.42319,0,3.5408,0,
105.2,0,3.2591,0.010377,0.10992,0,0.62751,0,0
38.162,1,3.4624,48.713,0.1351,1,2.3618,1,0
340.56,0,7.0636,1.5737,0.81293,0,52.726,0,0
35.06,1,2.9454,89.972,0.042478,1,22.886,0,0
95.28,0,-1.2829,0,0.5695,0,7.9982,0,0
356.62,1,-1.6273,10.768,0.18765,0,0.61981,0,0
301.61,0,0.5322,0.061497,0.46763,0,11.443,0,0
2.3788,1,0.86621,5.0441,0.21144,0,0.3215,0,0
,,2.6512,,-0.44186,,,,
355.5,0,1.1978,0.017785,0.64452,0,34.692,0,0
155.34,0,4.4278,5.5968,0.56613,0,0.552,0,1
129.16,0,-1.4023,8.8676,0.63811,0,22.291,0,1
,,2.9908,,-0.31757,,,,
9.0463,0,-1.6797,7.816,0.64163,0,58.583,0,1
46.931,0,2.9395,0,0.11191,0,1.1823,0,0
23.312,0,-0.14751,0,0.43493,0,0.56484,0,0
,,2.9752,,-0.26179,,,,
62.785,1,3.2184,31.658,0.078493,1,60.322,0,0
,,2.1526,,-0.13699,,,,
,,2.7995,,-0.25281,,,,
287.55,1,-0.81377,6.5196,0.27577,1,13.376,0,0
192.16,0,3.0487,0,-0.061116,0,0.54104,0,0
240.61,1,3.436,5.0814,0.12249,1,9.223,1,0
335.01,,2.6591,,0.075891,0,1.8861,0,
,,2.3986,,-0.39777,,,,
103.4,0,3.6424,0,0.092601,0,1.4576,0,0
204.57,1,-0.77446,2.8768,0.12284,0,38.833,0,0
334.38,0,3.0503,0,0.22865,0,1.0366,0,0
89.546,0,-1.2805,0,0.28017,0,46.997,0,0
176.31,1,-0.21801,16.074,0.03827,1,10.423,1,0
330.38,1,3.4697,17.552,0.07445,1,36.824,0,0
91.074,1,3.1519,12.59,0.17241,1,1.2879,1,0
205.58,0,5.2822,0.015089,0.079354,0,2.2049,0,0
287.57,0,3.4981,0.0096111,0.14036,0,1.1319,0,0
96.467,1,-0.69666,38.39,0.041509,1,3.4774,1,0
346.88,1,3.5999,40.131,0.014553,1,2.4581,1,0
247.4,0,2.8921,0.0027535,0.18147,0,0.41501,0,0
85.045,0,2.3447,0,0.13138,0,11.618,0,0
80.804,1,-0.5195,14.464,0.13072,1,12.993,0,0
88.23,0,-1.5031,0.71919,0.12573,0,67.607,0,0
68.652,0,-1.7581,0.012549,0.59979,0,14.461,0,0
345.15,1,-0.99097,22.024,0.084459,1,0.58824,1,0
334.8,0,4.3022,0.0092826,0.30183,0,10.708,0,0
175.25,0,-0.93465,0.067552,0.27756,0,76.81,0,0
134.22,0,3.6912,0.11492,0.079181,0,1.0877,0,0
203.76,1,3.3664,85.023,-0.0011062,1,15.519,1,0
344.64,0,1.3841,0.063791,0.5358,0,56.975,0,0
,,0.94638,,-0.14667,,,,
,,2.9714,,-0.26367,,,,
99.447,1,3.5072,14.664,0.14894,1,2.5529,1,0
241.56,0,0.1859,0.031798,0.64947,0,1.6877,0,0
137.11,,3.2949,,0.02933,0,3.8162,0,
350.89,0,4.0005,0,0.33637,0,16.01,0,0
202.54,0,0.081981,0,0.28972,0,2.4445,0,0
236.63,0,3.2661,0.022038,0.097174,0,1.3173,0,0
243.51,0,-0.93907,1.204,0.52111,0,43.236,0,0
31.995,0,-1.2681,0.68123,0.10874,0,9.0882,0,0
,,1.3805,,0.35424,0,,,
,,1.8754,,0.14912,,,,
343.01,0,6.3912,0.0084004,0.32594,0,1.4749,0,0
257.24,1,-0.44784,17.438,0.1592,1,0.082277,1,0
159.57,0,3.2709,0.59825,0.86164,0,62.973,0,0
199.4,1,3.5409,45.887,0.17141,1,14.201,1,0
121.74,1,0.5665,15.655,0.19948,1,0.76946,1,0
68.224,0,-0.59813,0,0.23125,0,0.35105,0,0
311.03,1,-0.2024,20.722,0.017913,1,1.248,1,0
344.6,0,2.646,0,0.021127,0,1.8129,0,0
238.23,1,0.091242,12.046,0.20397,1,0.38905,1,0
136.41,0,1.4283,0.69058,0.12281,0,14.182,0,0
359.28,0,-1.0939,0,0.15222,0,0.085987,0,0
,,1.6347,,-0.13253,,,,
348.52,0,3.7947,0.056907,0.21271,0,3.6249,0,0
,,1.2172,,-0.31741,,,,
205.72,1,3.3361,13.926,0.1524,1,0.71047,1,0
,,2.3491,,-0.30832,,,,
,,2.6925,,-0.29217,,,,
187.05,0,-1.2267,0.0013996,0.15391,0,0.97773,0,0
,,2.6984,,-0.22535,,,,
,,3.3213,,-0.42571,,,,
,,2.7243,,-0.21145,,,,
215.44,0,3.4604,1.2641,0.17061,0,74.878,0,0
325.86,0,4.4632,0.019358,0.31148,0,2.4507,0,0
322.34,0,-1.1624,0.0072516,0.2929,0,0.51642,0,0
151.01,0,1.1376,0,0.25588,0,20.566,0,0
,,2.0181,,-0.31994,,,,
,,3.0352,,0.03523,,,,
301.14,1,-0.15616,16.104,0.089561,1,0.46694,1,0
340.45,1,-1.3719,17.366,0.19856,1,13.225,0,0
,,2.8527,,-0.33217,,,,
66.887,1,-1.4038,14.36,0.19945,1,0.67748,1,0
355.97,0,0.8055,0.0055007,0.10448,0,2.376,0,0
357.78,0,-1.1807,0.018302,0.44679,0,2.2011,0,0
0,,2.4591,,0.17914,0,0,0,
171.37,0,3.8482,0,0.1183,0,1.0417,0,0
,,2.3845,,-0.27273,,,,
327.66,0,-0.82052,0.019322,0.26018,0,1.8575,0,0
157.13,0,-0.61436,0.0064649,0.38083,0,4.6871,0,0
28.317,0,4.2114,0,0.11004,0,1.0423,0,0
134.21,1,2.9843,9.7856,0.2646,1,11.087,0,0
249.06,0,4.4684,0.098524,0.21581,0,1.4268,0,0
61.11,0,-0.014977,0.68258,0.42905,0,52.294,0,0
,,2.8579,,-0.44402,,,,
326.58,1,0.37639,4.0218,0.19517,0,17.813,0,0
89.291,0,-0.61582,0,0.31271,0,0.62646,0,0
272.79,0,1.7948,0.0016859,0.32526,0,0.46929,0,0
327.78,0,5.0718,0.010889,0.11037,0,1.2975,0,0
,,3.0677,,-0.3207,,,,
342.13,0,-0.99544,2.8475,0.42101,0,69.105,0,1
119.27,1,-1.2184,20.821,0.16492,1,1.1348,1,0
103.23,0,0.3508,0,0.79446,0,4.5799,0,0
330.52,0,3.4476,0.0045543,0.41124,0,3.827,0,0
147.76,1,0.37709,4.3945,0.11811,1,0.45062,1,0
172.49,0,2.9362,0,0.076181,0,1.795,0,0
89.283,0,-1.0383,5.5993,0.36781,0,9.7476,0,0
,,3.2209,,-0.31588,,,,
269.75,1,0.36412,26.999,0.2266,0,73.949,0,0
85.052,0,-1.9064,0.003078,0.30385,0,0.15561,0,0
83.269,0,-0.093608,0.019908,0.36653,0,1.0922,0,0
68.407,1,-0.040151,17.046,-0.084381,1,16.091,0,0
344.71,0,4.7739,0,0.60599,0,0.79961,0,0
312.32,0,3.6981,1.38,0.25505,0,67.698,0,0
314.91,0,-1.2915,7.2095,0.73411,0,76.518,0,1
142.78,1,3.2486,73.006,0.049583,1,38.321,1,0
118.1,0,-0.19341,44.342,0.42239,0,0.57058,0,1
26.649,1,-1.193,8.324,0.14888,1,4.9326,1,0
265.6,0,2.6699,0,0.083488,0,0.80626,0,0
274.13,0,0.40673,0.009266,0.1803,0,1.0208,0,0
,,2.2419,,-0.16876,,,,
333.65,0,3.5075,0.14892,0.052055,0,2.2436,0,0
0.89427,1,-0.66067,119.27,0.046322,1,5.8979,1,0
43.623,0,-1.0902,0,0.19894,0,4.7505,0,0
134.12,1,3.6068,18.793,0.071647,1,27.582,0,0
63.926,1,-0.001874,36.304,0.068982,1,0.38798,1,0
247.16,1,2.9525,16.989,0.11456,1,37.311,0,0
,,,,-0.31034,,,,
,,2.6301,,-0.30061,,,,
,,2.671,,0.31685,,,,
,,2.9039,,-0.37125,,,,
,,1.3974,,-0.40076,,,,
335.49,0,2.2286,0,-0.076923,0,72.962,0,0
114.18,0,-1.1904,0,0.34279,0,2.3684,0,0
,,2.8949,,-0.4902,,,,
357.69,0,-1.5523,0.011945,0.43973,0,0.83153,0,0
89.281,1,3.3577,27.744,0.13211,1,1.7008,1,0
0.10545,0,3.9722,1.4693,0.59134,0,43.031,0,0
89.286,1,2.8258,35.474,-0.0029851,1,1.3273,1,0
166.57,0,1.8495,6.8375,0.90678,0,57.279,0,1
,,1.7124,,-0.099291,,,,
323.75,0,0.1104,0.0118,0.26904,0,0.5636,0,0
330.07,1,3.6237,7.1786,0.28305,1,7.5168,1,0
174.67,0,4.584,0.010029,0.23332,0,1.8571,0,0
202.78,0,-0.76975,0,0.14504,0,11.02,0,0
352.16,0,3.2396,0.000175,0.28322,0,0.092443,0,0
92.839,0,-0.05095,2.5273,0.73798,0,47.012,0,1
,,,,-0.29445,,,,
,,-1.725,,0.31373,,,,
264.97,0,-1.1135,0,0.27649,0,3.8789,0,0
46.965,0,4.1865,0,0.17925,0,1.5235,0,0
137.92,0,1.603,1.7463,0.35955,0,83.936,0,0
78.452,0,3.0176,0,0.12618,0,0.42717,0,0
146.99,0,-0.22442,0.0023195,0.021871,0,0.49501,0,0
146.26,1,-1.2065,5.0892,0.27234,1,0.73834,1,0
12.924,0,3.573,0.62881,0.25158,0,62.844,0,0
191.06,0,3.5861,0,0.6927,0,1.5222,0,0
65.767,1,-0.73031,7.7163,0.25443,1,35.057,0,0
0.73905,0,2.5988,0.44057,0.4405,0,66.038,0,0
216.82,1,-1.0981,41.4,0.16207,1,54.165,1,0
110.9,0,2.8891,0,0.16521,0,1.6501,0,0
158.4,1,2.5037,25.646,0.11285,1,2.0302,1,0
89.292,0,0.1551,0.011095,0.44444,0,0.21266,0,0
70.288,1,2.9347,3.8208,0.053208,1,3.3941,1,0
113.48,1,0.25449,55.413,-0.011749,1,1.1467,1,0
,,3.3243,,-0.054588,,,,
86.794,1,-1.0863,9.9535,0.20192,1,0.13233,1,0
213,0,4.1093,0.013401,0.18922,0,3.6407,0,0
,,0.91973,,-0.2963,,,,
179.56,0,0.21282,0.073183,0.46771,0,6.1166,0,0
353.94,1,-1.0347,38.015,0.071605,1,85.569,0,0
227.51,0,3.2318,21.142,0.46438,0,1.5487,0,1
213.04,0,0.58442,0,0.19549,0,1.5304,0,0
353.88,1,-0.3244,18.187,0.03523,1,0.91549,1,0
259.38,0,3.2729,2.3742,0.42877,0,56.413,0,0
359.28,1,-1.3205,13.137,0.11028,1,1.3699,1,0
255.3,0,-1.2335,0,0.14929,0,2.35,0,0
200.19,0,0.86125,0.0054519,0.46542,0,0.12887,0,0
,,,,-0.38806,,,,
,,2.7753,,-0.36493,,,,
,,2.8312,,-0.368,,,,
305.98,0,2.206,0.019234,0.10844,0,0.6236,0,0
43.793,0,3.0305,0.026827,0.39535,0,2.4015,0,0
179.3,0,3.162,0,0.5838,0,3.841,0,0
68.29,0,-1.2253,0.010066,0.14202,0,1.2802,0,0
,,2.5508,,-0.34928,,,,
180.99,0,2.9042,0,0.20449,0,1.9493,0,0
325.12,0,4.9912,0,0.24387,0,7.42,0,0
,,2.3793,,-0.37864,,,,
89.291,1,0.094642,35.526,0.068982,1,0.13791,1,0
81.002,0,3.3163,0.0074577,0.06248,0,2.977,0,0
359.28,0,-0.99015,13.18,0.44743,0,0.91143,0,1
90.812,0,4.206,0.010221,0.1457,0,2.3675,0,0
,,2.2978,,-0.18125,,,,
187.77,1,-1.0406,12.407,0.20273,1,1.3619,1,0
,,3.4832,,-0.30247,,,,
151.26,1,3.8771,22.925,0.16537,1,36.682,1,0
,,,,-0.29657,,,,
224.04,0,-0.8625,0.5354,0.36842,0,59.825,0,0
,,0.85857,,-0.24668,,,,
146.64,0,4.024,0,0.036212,0,1.4909,0,0
224.97,0,-1.0322,0.028286,0.57506,0,1.5016,0,0
3.4691,1,1.1465,12.702,0.14486,1,0.11786,1,0
64.641,0,0.34742,0,0.23098,0,1.4983,0,0
,,0.86099,,-0.07335,,,,
278.42,0,3.4009,0,0.0080515,0,0.50643,0,0
,,2.189,,0.3267,,,,
344.25,0,2.5792,0.060561,0.10396,0,1.5073,0,0
298.61,0,-1.3125,0.0063326,0.78214,0,3.6805,0,0
234.14,0,2.0582,0,0.1792,0,0.23898,0,0
,,2.9899,,0.13259,,,,
21.126,0,-1.1835,0,0.065066,0,1.5438,0,0
245.86,0,3.4773,0,0.18247,0,0.62008,0,0
124.35,1,3.2189,27.62,0.095193,1,0.56877,1,0
220.57,0,4.1089,0.0031757,0.045849,0,9.5815,0,0
306.44,1,-0.11847,30.199,0.10302,1,0.36064,1,0
275.79,0,-1.4309,0.010968,0.12408,0,1.7176,0,0
269.27,0,3.5284,0.35791,0.20225,0,1.8616,0,0
269.28,0,-4.7164,0,-0.0026306,0,1.2125,0,0
259.2,0,0.16802,0.21238,0.11096,0,11.624,0,0
,,2.8036,,0.083723,,,,
,,2.7267,,-0.24845,,,,
167.28,0,3.282,0.0084779,0.13604,0,0.85569,0,0
338.9,0,1.0954,0.053762,0.25025,0,2.9821,0,0
128.96,0,3.5791,0,0.012475,0,0.66453,0,0
34.909,0,3.5807,0,0.33738,0,1.2624,0,0
262.07,0,-1.2889,0,0.50802,0,5.8825,0,0
139.77,1,-0.015963,16.598,0.020892,1,19.325,1,0
343.9,0,3.3425,0.01184,0.14676,0,0.97503,0,0
212.12,0,-1.8596,8.663,0.7793,0,80.238,0,1
87.166,0,-1.7007,0.0027995,0.63273,0,1.2479,0,0
359.29,0,0.4612,0.0069045,0.11982,0,0.28664,0,0
312.43,0,5.296,0.27299,0.036109,0,1.5591,0,0
205.9,0,0.13142,12.287,0.32177,0,0.10262,0,0
,,2.3952,,-0.24661,,,,
181.82,0,3.081,0,0.26055,0,1.3024,0,0
,,3.3565,,-0.3125,,,,
163.58,0,0.41987,0,0.22345,0,1.4647,0,0
162.76,0,3.926,0.019884,0.44357,0,0.90889,0,0
,,2.3624,,-0.27052,,,,
,,3.5991,,-0.017693,,,,
40.149,0,1.4322,8.2635,0.6624,0,60.32,0,1
211.93,0,2.5707,0.022169,0.18505,0,1.545,0,0
89.274,0,1.2323,0.01336,0.48393,0,1.3619,0,0
226.58,0,3.8879,8.0879,0.57699,0,37.476,0,1
230.59,0,3.1793,3.8948,0.89188,0,33.653,0,1
,,2.7302,,0.19237,,,,
155.25,,0.058678,,0.7172,0,7.2856,0,
40.412,0,0.78968,18.759,0.87234,0,49.901,0,1
,,2.8924,,-0.26065,,,,
352.13,0,3.3803,0.036506,0.77354,0,0.046217,0,0
302.65,0,2.8147,2.7748,0.51402,0,57.976,0,1
99.726,0,2.7961,0.0052421,0.44354,0,0.53767,0,0
,,,,-0.40935,,,,
308.38,0,3.5188,0.00019956,0.026132,0,1.1181,0,0
,,1.379,,-0.33971,,,,
,,3.2113,,-0.39568,,,,
39.441,1,-1.1212,3.049,0.1821,0,75.156,0,0
352.05,1,1.9351,3.8497,0.12026,0,74.448,0,0
186.25,0,0.71424,0.43636,0.7576,0,61.094,0,0
265.62,0,3.5805,0,0.31661,0,0.17854,0,0
336.41,0,4.2753,0,0.026383,0,0.47293,0,0
168.7,0,2.7814,0,0.69388,0,71.188,0,0
343.5,1,1.6289,19.579,0.1207,1,0.88762,1,0
301.49,0,5.5316,0.038225,0.56708,0,2.0976,0,0
180.16,1,0.79015,16.176,0.15874,1,0.75103,1,0
316.5,1,0.16319,11.118,0.15238,1,84.452,0,0
269.29,1,2.7003,5.7399,0.075838,1,2.338,1,0
173.98,0,-1.1527,0.91524,0.58423,0,0.6851,0,0
235.29,0,4.8106,0.54785,0.097681,0,1.6704,0,0
335.81,0,-1.0073,0.76222,0.6823,0,2.3362,0,0
150.58,0,3.6926,0,0.046062,0,4.0721,0,0
179.09,0,6.5715,8.0551,0.85581,0,20.164,0,1
328.78,0,2.6544,0,0.1519,0,1.7891,0,0
,,3.2889,,-0.21753,,,,
232.76,0,-1.2687,5.527,0.77943,0,63.216,0,1
65.075,1,3.9126,25.825,0.2761,0,1.5437,0,0
141.61,0,2.8288,0.051133,0.21762,0,6.8978,0,0
32.957,0,2.5758,0.0032601,0.091733,0,1.0469,0,0
262.74,0,6.9173,0.063444,0.34875,0,16.369,0,0
89.283,0,3.1266,0.00089335,0.42211,0,3.3699,0,0
278.18,0,-0.93176,9.9255,0.70798,0,59.007,0,1
230.85,0,0.94272,10.403,0.77579,0,62.593,0,1
,,3.3602,,-0.30462,,,,
167.93,0,3.5263,0.010084,0.057479,0,2.0692,0,0
267.13,,4.3347,,0.17139,1,62.662,0,
,,2.2464,,-0.28463,,,,
69.601,0,-0.9222,11.161,0.81763,0,62.292,0,1
,,2.8991,,-0.24923,,,,
260.5,0,0.051974,0.025726,0.31088,0,5.2371,0,0
24.052,1,3.9542,37.768,0.16418,0,84.055,0,0
0,,3.2882,,-0.22411,0,0,0,
0.92862,0,-0.90578,0.29178,0.21057,0,3.597,0,0
,,2.5468,,-0.36,,,,
302.97,0,2.7759,0,0.061801,0,1.1881,0,0
74.837,0,3.3363,6.1713,0.42401,0,84.403,0,1
89.002,0,-1.6705,3.2147,0.6321,0,24.443,0,1
,,1.7462,,-0.30897,,,,
312.88,0,4.3748,0,0.058494,0,5.0259,0,0
31.973,0,-0.49241,0,0.15476,0,0.94684,0,0
115.79,0,-0.16289,0,0.14243,0,0.78352,0,0
35.93,0,-1.1089,0,0.41411,0,84.219,0,0
251.11,1,-0.15065,15.9,-0.0087977,1,12.206,0,0
52.614,1,-1.2931,13.522,0.17697,1,0.93134,1,0
127.43,0,2.5077,0,0.020725,0,1.2714,0,0
179.27,1,-1.5168,11.846,0.2543,1,12.294,1,0
,,2.7153,,-0.32272,,,,
30.951,1,-0.26304,16.142,0.073059,1,1.4883,1,0
,,3.3257,,-0.43972,,,,
114.45,1,5.4647,33.235,0.104,1,19.086,0,0
54.726,0,3.8085,0.0093591,0.42338,0,1.5767,0,0
346.35,0,-1.0846,0.019611,0.16659,0,1.7464,0,0
199.99,0,0.62432,0.0070823,0.098068,0,1.3173,0,0
269.28,1,3.1823,15.916,0.19537,1,0.49999,1,0
64.005,0,-1.1638,0,0.12569,0,1.128,0,0
353.5,0,-1.0881,0.40906,0.13117,0,1.8835,0,0
264.8,0,4.3712,7.5809,0.78031,0,75.413,0,1
22.071,0,-0.3187,0.0080986,0.28743,0,0.84564,0,0
122.75,0,5.2526,0,0.14981,0,1.0607,0,0
273.76,0,-1.2165,0.0023333,0.24595,0,10.64,0,0
176.16,0,3.6164,0,0.21233,0,75.551,0,0
179.47,,0.20254,,0.12933,0,81.016,0,
,,2.3909,,-0.38959,,,,
,,,,-0.28615,,,,
241.89,0,3.8135,0.095809,0.41838,0,3.1237,0,0
30.801,0,-0.45788,0.012184,0.41314,0,1.9562,0,0
350.21,1,-1.2415,4.2692,0.13859,1,0.25544,1,0
22.732,0,3.8543,0,0.083779,0,0.23119,0,0
94.742,0,0.55394,1.0234,0.80627,0,62.061,0,0
132.24,1,3.3381,109.6,0.0025707,1,88.716,0,0
269.7,0,-0.76041,0.016509,0.2471,0,10.03,0,0
239.4,0,3.9753,2.4372,0.68445,0,55.173,0,0
8.1057,0,-1.034,4.041,0.56476,0,38.419,0,1
,,2.9104,,-0.24965,,,,
,,2.8201,,-0.15686,,,,
,,2.6187,,-0.32313,,,,
108.49,0,4.3404,0.0084577,0.273,0,0.38343,0,0
179.99,0,3.7263,7.296,0.70536,0,66.815,0,1
105.86,0,-1.1887,0.095643,0.43129,0,6.7159,0,0
,,3.2884,,-0.23552,,,,
38.818,0,-0.47303,0,0.0027042,0,0.37915,0,0
15.913,0,-1.0012,0.010173,0.47893,0,1.1845,0,0
,,,,-0.35473,,,,
140.64,0,2.456,0.078745,0.29358,0,4.3811,0,0
203.28,0,-1.0495,1.1069,0.43617,0,39.856,0,0
254.06,0,-1.2746,0,0.1176,0,0.13104,0,0
,,0.7373,,-0.39735,,,,
164.91,0,3.5052,0,0.40931,0,0.78706,0,0
330.12,1,3.8988,3.8976,0.13029,1,36.257,0,0
117.17,0,3.2221,0.98033,0.56643,0,10.921,0,0
304.24,1,3.507,48.053,0.075075,1,84.882,0,0
214.55,1,-1.0632,21.749,0.12916,1,3.2615,1,0
,,1.5985,,-0.09009,,,,
22.711,0,0.060162,13.038,0.88816,0,80.913,0,1
,,1.464,,-0.29739,,,,
314.75,1,-0.51338,27.434,0.1248,1,0.86046,1,0
30.246,0,3.2909,2.0685,0.60736,0,27.02,0,0
,,1.2244,,-0.14912,,,,
352.05,1,-0.85585,14.372,0.063855,1,57.324,0,0
74.689,0,3.3063,0,0.16252,0,66.535,0,0
29.484,1,3.171,26.134,0.18894,1,12.214,0,0
301.74,0,4.0765,1.4253,0.42228,0,45.891,0,0
179.14,0,-0.63384,0,0.51607,0,16.429,0,0
324.85,0,-0.51311,0.027506,0.30619,0,6.066,0,0
134.21,1,-0.64921,17.811,0.14469,1,28.624,0,0
274.57,0,-0.24657,0.0059744,0.22205,0,0.55988,0,0
147.54,1,0.45169,17.561,0.06199,1,49.7,1,0
303.64,0,-1.9079,1.1078,0.6884,0,25.329,0,0
178.05,1,-0.97481,4.6603,0.17587,1,18.519,1,0
191.4,1,3.3103,2.8933,0.093807,1,0.79442,1,0
,,3.014,,-0.04417,,,,
,,3.0866,,-0.22014,,,,
201.14,1,0.14771,19.653,0.021077,1,0.27793,1,0
175.12,0,4.7512,0.023406,0.30188,0,0.3966,0,0
356.38,0,1.2152,0,0.13399,0,0.45347,0,0
,,3.2913,,-0.34951,,,,
,,0.96382,,-0.32727,,,,
256.14,1,-0.84012,18.404,0.022885,1,21.786,0,0
,,3.294,,-0.24544,,,,
,,2.2011,,-0.18149,,,,
285.12,0,-0.20713,0.018929,0.18693,0,0.73483,0,0
,,1.0165,,-0.41603,,,,
0,,0.4545,,0.16717,1,0,1,
129.81,0,0.35032,0,0.43725,0,0.37052,0,0
,,3.3673,,-0.19864,,,,
179.29,1,3.566,18.473,0.16564,1,0.091741,1,0
231.37,0,4.8931,0,0.11273,0,39.339,0,0
,,3.3205,,-0.20733,,,,
24.061,0,0.83893,0,0.67326,0,0.47988,0,0
,,2.2588,,-0.27887,,,,
,,2.7096,,-0.37778,,,,
11.588,0,3.9778,2.259,0.088274,0,20.326,0,0
257.29,0,3.3941,0,0.12886,0,1.6272,0,0
44.346,0,2.2979,0.019835,0.26066,0,1.2581,0,0
,,2.695,,-0.23621,,,,
,,,,-0.43636,,,,
,,3.6603,,-0.14698,,,,
201.37,0,0.90618,0.41552,0.104,0,48.874,0,0
194.08,0,3.7989,0.0092113,0.65364,0,0.2253,0,0
206.61,0,2.9521,1.996,0.40959,0,65.433,0,0
335.57,0,2.2428,4.6302,0.36296,0,79.5,0,0
,,3.3101,,0.047759,,,,
,,3.4796,,-0.33446,,,,
,,,,-0.34957,,,,
136.59,0,-1.1392,0,0.35575,0,75.77,0,0
51.765,0,-0.82831,20.146,0.3755,0,0.18837,0,0
350.62,0,3.9528,0.010086,0.33204,0,0.5335,0,0
343.29,0,-1.136,0.18473,0.69003,0,75.211,0,0
145.09,0,1.4305,0.010693,0.038641,0,1.9534,0,0
179.28,0,4.7126,0.0088549,0.21191,0,0.045871,0,0
95.892,0,3.3229,0,0.039058,0,4.6245,0,0
,,2.9752,,-0.17431,,,,
330.56,0,3.8278,0.01459,0.058275,0,0.41842,0,0
344.16,0,3.4067,0,0.10452,0,2.8601,0,0
84.985,0,-1.5977,0,0.62356,0,37.629,0,0
35.162,0,-1.0262,0.0060856,0.09845,0,1.1178,0,0
323.96,0,-0.97359,0.19659,0.3789,0,21.694,0,0
,,0.18374,,0.78849,,,,
314.21,0,0.21408,1.5888,0.35657,0,12.973,0,0
,,2.5486,,-0.30217,,,,
299.36,0,2.9343,1.3508,0.61189,0,39.095,0,0
314.9,1,3.8986,25.895,0.14377,1,80.385,0,0
,,2.3057,,-0.26593,,,,
248.08,0,2.317,7.9766,0.83081,0,43.949,0,1
,,2.8429,,-0.19171,,,,
339.45,0,3.9675,0,0.055096,0,2.0163,0,0
179.28,1,-0.52165,129.48,0.049026,1,39.651,1,0
,,1.8033,,-0.27962,,,,
210.15,0,3.9793,0.028371,0.21608,0,0.6611,0,0
,,-0.43036,,0.17689,,,,
,,1.6243,,-0.41609,,,,
148.86,1,3.2738,24.917,0.16195,1,61.015,0,0
,,2.6663,,-0.39016,,,,
,,2.9757,,-0.25802,,,,
199.57,0,3.4653,0.013957,0.28348,0,0.92885,0,0
135.14,0,-0.2235,0,0.023546,0,0.24762,0,0
325.85,0,2.8249,1.5576,0.029784,0,69.194,0,0
19.741,0,3.5227,0,0.32736,0,1.4803,0,0
,,1.4871,,-0.32862,,,,
48.179,0,3.2104,0.049986,0.069695,0,0.061025,0,0
,,2.9584,,-0.20909,,,,
,,,,-0.37793,,,,
71.997,0,-0.93262,0.018615,0.43795,0,0.75239,0,0
78.148,1,-1.2084,7.0773,0.16165,1,55.255,0,0
202.29,1,0.97192,3.3332,0.17901,1,1.2578,1,0
,,,,-0.38811,,,,
351.17,0,-0.21573,0,0.18387,0,2.1184,0,0
152.53,1,-0.85002,20.041,0.11828,1,5.8094,1,0
206.7,0,3.9325,0,0.070007,0,1.5107,0,0
,,1.3892,,-0.35507,,,,
,,3.4096,,-0.15594,,,,
167.73,0,3.3478,0.001421,0.15364,0,2.0355,0,0
136.82,1,3.0962,13.491,0.18975,0,60.228,0,0
115.32,0,2.4485,0,0.7395,0,0.30059,0,0
232.98,0,-0.9705,8.4678,0.69926,0,73.143,0,1
,,,,-0.21866,,,,
191.76,1,4.0214,10.929,0.16238,1,50.805,1,0
98.725,1,-1.0354,12.411,0.20273,1,0.069958,1,0
64.899,0,-0.35246,1.2813,0.72911,0,21.772,0,0
,,3.8814,,-0.0053821,,,,
272.48,1,2.1856,6.4959,0.23257,0,52.472,0,0
,,2.0496,,-0.4106,,,,
75.899,1,0.38847,5.0492,0.031153,1,23.611,0,0
356,1,0.44502,16.588,0.16121,0,0.70061,0,0
341.78,1,-1.9641,9.3013,0.058146,1,58.912,0,0
,,3.8416,,0.64384,,,,
,,2.7405,,-0.30662,,,,
242.83,0,1.5742,0.79016,0.15469,0,7.0953,0,0
,,2.2721,,-0.2,,,,
341.63,0,-1.7147,3.6358,0.54848,0,77.009,0,1
274.48,0,1.071,0.012294,0.16632,0,0.19044,0,0
,,2.9016,,-0.3229,,,,
0.055308,0,-0.065475,1.1811,0.48369,0,44.542,0,0
155.13,1,3.5392,26.808,0.14239,0,83.701,0,0
319.1,0,3.9874,0,0.49572,0,2.0478,0,0
,,2.7684,,-0.24814,,,,
239.43,1,-0.78799,7.5038,0.21437,0,85.779,0,0
243.47,0,-0.51959,0.020595,0.10703,0,2.0264,0,0
246.21,0,-1.0185,0.0052299,0.18066,0,1.1556,0,0
84.039,1,0.58982,22.529,-0.02439,1,32.405,0,0
,,2.4453,,-0.40065,,,,
281.86,0,3.7706,0.0026255,0.065967,0,1.713,0,0
,,2.7093,,-0.046189,,,,
336.13,0,-1.2944,0.8392,0.14348,0,35.36,0,0
,,2.7326,,0.42346,,,,
,,3.3109,,-0.27333,,,,
,,2.3578,,-0.29859,,,,
43.327,1,-0.91543,2.5469,0.15513,0,22.294,0,0
84.862,0,4.5028,9.2476,0.4803,0,71.31,0,1
,,2.9136,,-0.3101,,,,
276.86,0,3.6387,11.801,0.70919,0,69.053,0,1
,,3.2825,,0.091202,,,,
,,3.2761,,-0.25289,,,,
157.49,1,4.028,10.486,0.25442,0,80.389,0,0
34.239,1,1.7033,28.502,0.024972,1,1.7344,1,0
236.96,0,0.15364,2.426,0.1454,0,0.27883,0,0
,,0.91437,,-0.21104,,,,
71.439,0,-1.7735,2.2157,0.61043,0,66.836,0,0
190.49,0,2.3141,0.17315,0.84937,0,68.862,0,0
80.11,1,-0.25942,26.525,0.06053,1,1.4028,1,0
,,1.4592,,-0.36042,,,,
134.81,0,3.1219,0.70048,0.037093,0,59.391,0,0
352.69,0,3.4594,0,0.077519,0,1.2002,0,0
290.63,0,4.6691,0.0041518,0.10902,0,0.77138,0,0
64.478,1,-1.0426,43.922,0.10835,1,0.77888,1,0
,,2.6516,,-0.27141,,,,
325.07,1,3.0149,5.1341,0.15702,1,24.794,0,0
177.65,0,3.282,5.722e-06,0.36011,0,0.6079,0,0
174.38,0,0.26367,0.021631,0.14457,0,0.20139,0,0
15.894,0,4.0162,8.2649,0.49293,0,52.196,0,1
258.16,0,3.5211,2.6722,0.32614,0,73.435,0,0
132.21,0,2.7712,0.011521,0.029091,0,0.92602,0,0
,,2.6086,,-0.22979,,,,
5.5685,1,2.0467,6.6786,0.095666,1,0.47291,1,0
174.8,0,1.0188,0,0.031924,0,2.6433,0,0
33.316,1,2.7145,15.742,0.059516,0,81.724,0,0
,,2.8995,,-0.13793,,,,
237.49,0,3.9156,0,0.02805,0,0.25022,0,0
359.29,1,3.6631,18.703,0.25978,1,68.339,0,0
,,2.7354,,-0.17621,,,,
359.3,0,3.0454,0.84036,0.17863,0,44.592,0,0
222.77,0,3.3755,0,0.4845,0,10.934,0,0
206.11,0,3.2987,0.0058243,0.21983,0,0.73872,0,0
,,1.6329,,-0.19786,,,,
87.749,0,-1.179,0.045536,0.23228,0,6.8551,0,0
,,2.4477,,-0.29747,,,,
272.01,0,4.4381,0,0.8099,0,1.6797,0,0
89.272,1,-1.2482,12.766,0.15354,1,0.9827,1,0
354.27,0,3.585,0,0.09637,0,1.4442,0,0
191.51,0,-1.4731,14.485,0.38025,0,2.0874,0,0
202.07,0,4.298,0,0.67768,0,17.339,0,0
29.633,0,-0.83416,0.00086075,0.098178,0,1.3418,0,0
136.42,0,-1.3312,4.734,0.54733,0,63.334,0,1
359.28,1,-0.44799,35.704,0.042795,1,0.53316,1,0
270.2,0,-1.1389,0.0049617,0.13877,0,0.71275,0,0
103.94,1,-1.1445,9.0098,0.18362,0,72.904,0,0
168.61,1,3.3917,17.222,0.033663,1,9.287,1,0
267.69,1,-0.44395,21.397,0.059163,1,25.11,0,0
74.606,0,-0.78724,5.7944,0.40206,0,2.4878,0,1
30.308,0,-0.65571,0,0.058065,0,0.93654,0,0
282.99,0,2.8934,0.40116,0.27614,0,79.436,0,0
89.279,0,0.13304,2.6734,0.61298,0,45.485,0,1
78.788,0,-0.082809,0.0067094,0.85089,0,59.395,0,0
238.88,0,0.3659,0,0.07362,0,0.22657,0,0
153.1,0,-0.043659,32.18,0.31293,0,4.9387,0,0
137.28,0,-1.6442,18.18,0.79325,0,80.043,0,1
,,5.4602,,-0.074266,,,,
179.27,0,1.3918,0,0.15136,0,1.2897,0,0
264.98,0,4.5693,0,0.044997,0,1.8266,0,0
,,6.6755,,-0.30269,,,,
160.3,0,4.4092,0,0.27194,0,1.2547,0,0
178.31,0,-0.94477,0.012771,0.71012,0,35.073,0,0
134.21,0,3.3359,0.54218,0.74318,0,35.455,0,0
104.16,0,0.68499,0,0.29374,0,10.191,0,0
271.43,1,3.6363,13.291,0.18889,1,55.018,0,0
60.304,0,3.1174,0.0058572,0.68196,0,0.70964,0,0
,,2.2877,,-0.30506,,,,
255.21,0,3.1611,0.012092,0.072569,0,1.0842,0,0
127.1,0,2.6832,0,0.12181,0,0.13094,0,0
,,2.1657,,-0.32657,,,,
351.92,1,3.6026,33.215,0.038585,1,56.058,0,0
344,0,3.8316,0.0070231,0.17833,0,0.2615,0,0
205.94,0,3.604,0.0021768,0.0060055,0,0.038474,0,0
,,2.5451,,-0.26284,,,,
180.88,1,-0.52703,17.012,0.021615,1,46.236,1,0
293.47,0,2.5129,0.84423,0.58168,0,29.993,0,0
12.183,0,-0.88173,0.0013316,0.28202,0,0.4117,0,0
205.83,1,-0.035453,16.594,-0.02099,1,0.038505,1,0
252.3,1,-0.48999,15.916,0.19652,1,26.65,0,0
,,2.5995,,0.35504,,,,
126.35,0,-0.7087,0,0.79321,0,41.977,0,0
33.583,1,0.72581,7.3251,0.12325,1,0.34695,1,0
62.768,1,-1.2292,12.779,0.096322,1,0.43672,1,0
178.77,1,2.0413,17.861,0.051452,1,22.458,1,0
109.04,0,6.1037,0,0.20846,0,3.2879,0,0
181.19,0,5.7552,0.0011168,0.16877,0,0.52196,0,0
136,0,0.47544,9.3475,0.66494,0,47.606,0,1
228.88,0,-0.067662,0.0022625,0.52993,0,48.861,0,0
154.01,0,2.8199,0.0033119,0.055289,0,1.0493,0,0
275.69,0,-0.10971,9.4683,0.88552,0,64.664,0,1
143.85,1,3.939,8.3367,0.18718,1,1.5757,1,0
179.18,,-0.99022,,0.33812,0,84.284,0,
164.91,0,2.4375,0.013771,0.14855,0,2.3364,0,0
179.28,0,-0.99872,0,0.4504,0,69.859,0,0
,,2.6807,,-0.15222,,,,
183.54,0,0.2757,11.344,0.88826,0,40.751,0,1
,,2.7052,,-0.029126,,,,
89.279,1,-1.1892,12.413,0.12294,1,0.057499,1,0
,,,,-0.36893,,,,
1.4694,0,-1.3056,3.2673,0.33627,0,0.75151,0,0
192.43,0,3.8629,0.0049875,0.41142,0,10.608,0,0
,,1.6588,,-0.26813,,,,
215.9,0,3.6071,2.7737,0.43307,0,66.843,0,1
333.25,0,1.9025,3.6716,0.84017,0,74.181,0,1
,,2.6271,,-0.32322,,,,
,,-0.20817,,-0.10847,,,,
179.28,0,3.4177,11.935,0.7358,0,75.958,0,1
269.29,0,0.29971,0.0079884,0.054865,0,0.91379,0,0
,,-1.8881,,0.64942,,,,
,,1.6213,,-0.26523,,,,
,,,,-0.27332,,,,
,,3.0026,,-0.002907,,,,
239.23,0,-1.5085,0.03554,0.10434,0,1.248,0,0
166.29,0,1.8535,2.0465,-0.26159,0,24.413,0,0
199.19,0,-1.2777,0.013345,0.35881,0,1.585,0,0
355.87,1,0.28414,21.532,0.14729,1,20.262,0,0
288.21,0,3.2692,0,0.11844,0,2.8777,0,0
,,2.8856,,-0.40273,,,,
96.827,1,-0.38604,10.779,0.02715,1,2.7894,1,0
,,6.4011,,-0.28594,,,,
169.19,1,4.587,24.166,0.074529,1,0.78609,1,0
,,3.2839,,0.11129,,,,
36.653,0,0.1161,0.2268,0.18546,0,12.569,0,0
58.809,1,-0.98215,12.325,0.12238,1,31.625,0,0
89.282,0,3.2781,0,0.70143,0,20.237,0,0
221.41,0,-0.37998,0.011484,0.50885,0,0.71113,0,0
6.4865,0,-0.55778,0.72178,0.28311,0,1.6926,0,0
,,-0.63571,,0.06338,,,,
47.021,0,0.89801,0,0.16671,0,10.723,0,0
359.27,0,2.999,0,0.042636,0,1.4157,0,0
112.42,1,-0.85202,11.465,0.13583,1,0.087506,1,0
,,2.6358,,-0.30841,,,,
,,2.7077,,-0.22188,,,,
,,2.9178,,-0.26207,,,,
17.001,0,-2.2367,2.7352,0.80583,0,65.204,0,1
291.11,0,-0.90812,0.037721,0.056296,0,0.75533,0,0
,,2.4463,,-0.16129,,,,
298.49,0,3.6188,3.934,0.32979,0,0.76375,0,0
269.28,1,-1.0288,12.261,0.21244,1,42.275,0,0
319.06,0,0.43377,7.9075,0.32258,0,85.473,0,0
89.349,1,4.3096,34.206,0.047987,0,83.09,0,0
271.29,0,-0.79616,0.021962,0.11555,0,3.7673,0,0
,,2.6662,,-0.37778,,,,
,,,,-0.42857,,,,
,,,,-0.38679,,,,
77.93,0,-1.3721,0,0.20369,0,2.1269,0,0
186.85,,1.5338,,0.14337,0,7.4127,0,
246.65,0,3.9456,0,0.12332,0,3.0232,0,0
136.63,1,-1.402,2.8466,0.20312,1,2.2047,1,0
,,3.3776,,0.045128,,,,
,,2.8796,,-0.35952,,,,
11.646,,2.7315,,-0.048528,1,10.58,0,
70.478,0,-1.1056,0,0.29101,0,1.0138,0,0
,,2.7689,,-0.19733,,,,
126.69,1,3.0844,5.9849,-0.014897,1,3.0647,1,0
82.78,0,-1.1198,29.069,0.35083,0,0.60738,0,0
318.5,0,0.48845,0,0.38263,0,1.3549,0,0
179.3,1,0.93142,16.027,0.10561,1,79.564,0,0
359.28,1,-0.87836,14.783,0.13324,1,55.854,0,0
8.5025,0,0.024996,0,0.46656,0,5.4083,0,0
179.29,0,1.4533,6.0171,0.63736,0,23.449,0,1
33.498,0,-1.4562,0.004133,0.41087,0,0.58242,0,0
187.73,1,3.1767,21.849,0.070922,1,48.996,1,0
59.734,0,0.17904,0,0.6689,0,8.2665,0,0
,,3.1384,,-0.42077,,,,
289.76,0,-0.72621,0.010609,0.098887,0,1.5396,0,0
206.67,0,-1.1465,11.497,0.36915,0,0.18726,0,0
278.72,0,3.2692,0.009114,0.27327,0,0.34958,0,0
124.88,1,3.5361,15.734,0.15395,1,6.2588,1,0
160.11,1,4.094,13.371,0.06956,1,50.483,1,0
349.29,1,3.5191,9.7713,0.28359,1,46.407,0,0
12.828,0,-1.0322,0,0.16028,0,1.2264,0,0
54.068,0,3.6106,0.031736,0.12228,0,2.5525,0,0
,,2.9893,,-0.089041,,,,
351.48,0,3.0337,0,0.21668,0,0.54971,0,0
359.29,0,5.8696,0,0.19744,0,2.2805,0,0
4.705,0,0.49147,0.022526,0.78573,0,30.14,0,0
198.09,0,0.41647,6.9401,0.7102,0,34.842,0,1
252.83,1,3.6668,11.163,0.23384,1,0.16181,1,0
,,2.7477,,-0.15789,,,,
178.48,0,-1.7356,0.054928,0.61632,0,60.784,0,0
,,2.0062,,-0.047763,,,,
,,2.3319,,-0.14763,,,,
297.06,1,5.6341,4.7998,0.030928,1,1.5131,1,0
,,2.8401,,-0.34859,,,,
195.25,0,-1.3189,0.80274,0.72635,0,25.646,0,0
176.2,1,-1.2355,11.815,0.27615,1,37.196,1,0
,,0.25293,,0.754,0,,,
,,1.3816,,-0.31624,,,,
320.27,1,1.7984,17.983,0.099166,1,17.195,0,0
312.34,0,3.6331,0.11404,0.071779,0,0.73916,0,0
3.9051,1,-1.1123,12.442,0.18312,1,44.508,0,0
179.28,0,0.23625,16.753,0.88358,0,55.342,0,1
,,2.6097,,-0.38569,,,,
88.371,0,3.8687,0,0.33333,0,2.1259,0,0
,,2.4784,,-0.022817,,,,
,,2.7278,,-0.28655,,,,
324.26,1,-1.3421,20.691,0.12634,1,2.6722,1,0
,,1.4025,,-0.29764,,,,
,,3.3042,,-0.21417,,,,
163.87,0,3.518,6.1654,0.32202,0,30.588,0,0
306.46,1,3.9291,8.3762,0.16081,1,1.7451,1,0
,,0.97826,,-0.18873,,,,
175.17,1,-1.2824,28.867,0.2093,1,27.444,1,0
179,0,-0.18055,0.027652,0.39223,0,1.1636,0,0
,,0.89423,,-0.38657,,,,
,,2.6935,,-0.27221,,,,
,,2.037,,-0.26623,,,,
75.563,0,-1.1535,0.032967,0.25889,0,7.5755,0,0
148.76,0,3.3431,0.021382,0.084746,0,2.521,0,0
179.28,0,2.9733,0.38095,0.33651,0,67.481,0,0
24.81,1,0.040761,16.875,0.1706,1,0.40022,1,0
283.14,0,0.86182,6.2467,0.75163,0,64.315,0,1
129.9,0,3.0739,0.59746,0.61189,0,51.891,0,0
35.994,0,3.8873,2.5777,0.49786,0,67.663,0,1
282.79,1,3.8017,46.927,0.14425,1,88.085,0,0
232.81,0,0.20144,0,0.50874,0,49.216,0,0
,,2.8269,,-0.19824,,,,
,,3.0184,,-0.2766,,,,
306.28,1,2.9642,16.089,0.1007,1,2.2331,1,0
123.44,1,-0.92667,10.36,0.12794,1,2.3879,1,0
33.894,0,0.44882,0,0.13974,0,0.53632,0,0
34.722,0,-1.4689,3.2517,0.80727,0,51.672,0,1
160.79,0,4.8062,0,0.33258,0,0.036264,0,0
288.48,0,-1.0348,0.021181,0.61176,0,0.76683,0,0
89.358,1,-1.149,8.626,0.18343,1,78.585,0,0
48.254,0,0.53099,0.0033125,0.63712,0,1.1961,0,0
267.84,0,2.9649,0.004508,0.11315,0,2.287,0,0
197.96,0,3.7397,0.0017509,0.10459,0,0.57482,0,0
90.016,0,2.903,0.0006268,0.43223,0,55.163,0,0
122.39,1,-0.022262,36.889,0.077922,1,1.0912,1,0
272.77,1,4.2075,43.387,0.15108,1,1.2321,1,0
250.26,1,-0.86767,9.5758,0.085271,1,0.33436,1,0
,,2.8359,,-0.36126,,,,
140.97,0,-1.0128,0,0.46057,0,0.72322,0,0
245.72,1,3.2308,18.53,0.11236,1,1.3917,1,0
150.31,1,2.5007,9.8783,0.2672,1,63.373,0,0
,,2.3791,,-0.43042,,,,
269.43,0,-1.3158,5.6665,0.7919,0,63.613,0,1
,,2.9734,,-0.36996,,,,
150.04,1,0.19959,12.079,0.24065,1,1.3531,1,0
342.41,0,3.4007,0,0.065379,0,1.1082,0,0
,,2.8791,,-0.40741,,,,
256.33,0,0.16451,0.0081903,0.48098,0,0.076672,0,0
217.72,0,-0.23757,0.0006748,0.098926,0,0.17566,0,0
269.27,0,-1.2065,31.953,0.38883,0,3.2525,0,0
,,3.7528,,0.02706,,,,
293.15,0,1.0376,0,0.75849,0,21.778,0,0
333.85,0,3.8865,0.03361,0.39236,0,1.3775,0,0
334.19,0,4.0734,0,0.56634,0,1.3545,0,0
137.58,1,3.8108,5.2588,0.17905,1,3.1231,1,0
359.29,0,3.1022,1.3592,0.10537,0,0.8312,0,0
274.8,0,-0.83998,0,0.43814,0,1.1316,0,0
,,2.3819,,-0.29722,,,,
168.36,0,-0.36863,0,0.15809,0,2.1826,0,0
,,1.7728,,0.10599,0,,,
22.059,1,-1.2059,5.4305,0.16165,1,0.92019,1,0
,,3.2588,,-0.29043,,,,
244.27,0,0.37427,0.12273,0.018744,0,14.243,0,0
,,3.0132,,-0.29043,,,,
268.94,0,-1.0196,28.843,0.35918,0,49.394,0,0
355.43,0,3.3305,0.0054905,0.077831,0,0.59754,0,0
96.273,0,2.5624,0,0.40966,0,0.63692,0,0
179.29,0,2.0532,0,0.35252,0,3.2413,0,0
179.29,0,3.3984,4.0263,0.44896,0,18.845,0,1
142.54,1,3.7381,11.779,0.20889,1,0.33624,1,0
179.28,0,-1.7786,0,0.72668,0,0.5618,0,0
89.118,1,-0.27668,4.2051,0.045283,1,82.178,0,0
1.0532,0,-0.18002,0,0.11313,0,0.55634,0,0
178.9,1,-1.2712,6.7672,0.09229,0,80.37,0,0
80.633,1,3.5319,7.2155,0.069404,1,49.464,0,0
,,3.3281,,-0.42857,,,,
179.28,0,3.2859,0,0.3321,0,0.96303,0,0
201.74,0,1.4954,0.0013487,0.51324,0,0.99251,0,0
203.65,0,3.3449,0,0.072371,0,0.90606,0,0
99.643,0,5.4086,0,0.13617,0,1.7872,0,0
90.118,0,0.70639,2.0286,0.51736,0,72.045,0,0
,,2.6966,,-0.32998,,,,
47.117,0,-1.1926,0.0038908,0.7591,0,17.839,0,0
191.55,1,0.69918,18.332,0.18088,1,35.272,1,0
172.63,0,2.7743,0.31899,0.019405,0,10.032,0,0
5.9069,1,0.35814,20.405,0.24403,1,31.08,0,0
204.12,0,3.3658,0,0.035437,0,0.082108,0,0
158.12,0,0.089563,0.22544,0.26154,0,0.541,0,0
195.74,0,3.8168,0.026508,0.073529,0,4.3967,0,0
46.037,0,3.4451,0,0.31026,0,1.1126,0,0
270.43,0,0.31438,0,0.06071,0,0.28743,0,0
,,2.7584,,-0.25,,,,
21.38,0,1.6639,4.0391,0.88736,0,45.32,0,1
95.404,1,-1.5844,23.929,0.058013,1,69.187,0,0
22.425,0,1.48,0,0.062619,0,1.3154,0,0
121.05,0,3.1903,0.064945,0.077922,0,0.5881,0,0
44.553,0,0.23053,4.9829,0.67039,0,65.025,0,1
167.16,0,4.5728,0.019022,0.040936,0,1.6414,0,0
156.64,0,-1.5808,0,0.59716,0,0.70184,0,0
,,3.4251,,-0.20294,,,,
256.91,0,-0.68196,0,0.49936,0,1.3649,0,0
232.7,0,-0.98982,0.014916,0.2717,0,3.0177,0,0
,,,,-0.34198,,,,
280.85,1,-1.1518,28.803,0.062914,1,1.5719,1,0
323.78,0,0.31185,0,0.13761,0,3.173,0,0
102.29,0,1.8491,8.2569,0.42632,0,69.567,0,1
88.711,0,0.36813,6.1268,0.86897,0,58.526,0,1
32.024,1,3.8232,59.364,0.082927,1,4.2447,1,0
215.92,0,4.3603,0,0.096285,0,0.41427,0,0
332.03,0,-0.14284,3.5647,0.57559,0,20.997,0,1
198.03,0,1.2126,0,0.28276,0,0.78696,0,0
359.29,0,5.6387,0,0.053506,0,0.81974,0,0
23.582,0,3.5812,0,0.26999,0,0.88044,0,0
83.793,0,2.9328,1.1211,0.27737,0,24.063,0,0
66.908,0,4.0493,0.0028129,0.20207,0,1.7152,0,0
,,3.303,,-0.33652,,,,
,,-1.8233,,0.7286,,,,
359.84,0,-0.2122,0,0.20828,0,14.314,0,0
227.74,0,1.5323,0.012171,0.75986,0,2.8159,0,0
,,3.2772,,-0.17881,,,,
82.388,1,3.6958,34.215,0.17971,1,2.7708,1,0
,,2.7348,,-0.29674,,,,
16.729,0,3.5498,4.874,0.42139,0,50.304,0,1
136.75,1,3.2487,2.7326,0.19577,1,0.82464,1,0
0.018411,0,2.8933,0,0.45849,0,60.692,0,0
81.162,0,-1.5406,0,0.37853,0,0.73147,0,0
359.27,0,-1.6856,9.0533,0.68453,0,4.0977,0,1
143.62,0,-0.031369,8.6736,0.30612,0,59.562,0,0
257.57,0,-1.2622,0.012156,0.14532,0,81.083,0,0
178.64,1,3.1569,36.399,0.12764,1,69.078,0,0
,,3.5869,,-0.22186,,,,
336.08,1,3.1655,15.736,0.18949,1,12.899,0,0
121.36,0,2.4866,0.018352,0.25848,0,1.4036,0,0
,,1.4916,,-0.33333,,,,
182.31,0,6.5959,11.962,0.5906,0,50.613,0,1
12.833,1,3.3813,16.842,0.097068,1,0.2949,1,0
49.48,0,2.3813,0,0.12688,0,38.736,0,0
195.27,0,-1.0286,8.2533,0.37695,0,0.45917,0,0
344.25,0,0.38461,8.14,0.70949,0,73.186,0,1
,,2.8186,,-0.065666,,,,
,,2.3869,,-0.38222,,,,
50.242,0,-0.0032007,11.724,0.37771,0,27.691,0,0
,,2.7012,,-0.086082,,,,
251.72,0,-1.0327,0.049228,0.19241,0,5.4932,0,0
269.28,1,-0.49842,14.136,0.14052,1,0.14947,1,0
223.24,0,3.2729,0.03053,0.079745,0,0.41406,0,0
194.78,0,3.9101,0.024347,0.11246,0,0.4521,0,0
179.28,0,0.33093,0.83067,0.38151,0,58.166,0,0
,,,,-0.50593,,,,
228.89,0,-0.36692,14.766,0.4271,0,1.5919,0,1
247.34,0,0.72274,6.6563,0.82755,0,67.817,0,1
327.85,0,3.0022,11.9,0.7641,0,78.68,0,1
,,2.704,,-0.27621,,,,
179.29,1,0.38756,16.961,0.20527,1,0.88279,1,0
,,,,-0.35823,,,,
59.561,0,3.5658,0.11593,0.075973,0,6.3672,0,0
,,0.98728,,-0.157,,,,
,,2.7271,,-0.34562,,,,
273.44,0,1.2394,0.010455,0.52798,0,1.4231,0,0
90.103,0,0.1798,0,0.68814,0,1.1954,0,0
241.23,0,2.9134,17.034,0.42232,0,86.651,0,1
251.38,0,3.4614,0,0.13003,0,1.2863,0,0
189.97,0,2.9321,0,0.061641,0,0.58921,0,0
84.5,0,3.3136,0,-0.078968,0,42.29,0,0
36.852,0,-0.54839,0,0.76758,0,21.904,0,0
265.94,1,3.5757,12.551,0.072243,1,19.059,0,0
135.38,1,3.1216,14.703,0.11236,1,40.654,1,0
33.043,0,0.41764,0,0.13529,0,0.16549,0,0
175.83,0,-0.3451,0.375,0.53802,0,26.606,0,0
41.746,0,4.2194,2.4796,0.33179,0,87.574,0,0
179.27,1,-0.34757,30.474,0.22397,1,72.604,0,0
,,0.91642,,-0.45293,,,,
44.365,1,3.5343,15.991,0.094822,1,0.51946,1,0
305.1,1,3.3291,26.343,0.09932,1,0.66616,1,0
,,1.2026,,-0.36683,,,,
250.53,1,3.4634,6.8638,0.15626,0,69.743,0,0
341.68,0,1.2315,0,0.06822,0,1.7857,0,0
114.3,1,3.1586,8.1842,0.049659,1,1.0716,1,0
320.18,1,3.8563,22.724,0.11254,1,0.54666,1,0
,,0.17923,,-0.064655,,,,
264.09,0,-1.4249,0.030267,0.17502,0,2.2208,0,0
260.31,1,-0.60948,5.3203,0.083787,1,83.038,0,0
330.44,0,5.5811,0.0050201,0.25411,0,0.59559,0,0
55.878,0,-1.3705,0.001727,0.41581,0,3.184,0,0
152.76,,1.3354,,0.31153,0,87.524,0,
,,6.1538,,0.026182,,,,
345.32,0,3.531,3.335,0.39462,0,1.6891,0,0
269.29,1,3.4348,8.5663,0.22231,0,82.456,0,0
,,2.9477,,-0.38593,,,,
,,2.32,,-0.1972,,,,
,,3.1558,,-0.26655,,,,
233.74,1,0.81273,9.7032,0.076923,1,0.94651,1,0
239.01,0,2.7436,0,0.098431,0,1.7963,0,0
216.33,1,3.1003,13.379,0.12894,1,28.211,1,0
109.38,0,1.6437,0.013606,0.74852,0,0.66711,0,0
,,1.0489,,-0.060553,,,,
179.3,1,3.0672,16.954,0.077129,1,16.813,1,0
173.33,0,3.3984,15.081,0.34874,0,51.577,0,0
107.01,0,-1.4079,4.4097,0.38555,0,1.092,0,0
255.97,0,-1.3127,0,0.43386,0,0.92129,0,0
40.369,0,3.9237,0,0.25426,0,0.17493,0,0
344.77,1,3.4843,10.064,0.10676,1,81.803,0,0
180.37,0,-1.0596,0,0.052793,0,23.924,0,0
,,2.3831,,-0.26739,,,,
91.841,0,0.24172,0.0091795,0.081994,0,1.9324,0,0
270.56,0,1.1996,0,0.70029,0,8.1316,0,0
223.81,0,-2.1631,3.482,0.84633,0,86.091,0,1
30.51,1,-0.43122,15.046,0.19018,1,6.0415,1,0
3.7552,,-1.0154,,0.29814,1,5.5063,1,
,,2.9886,,-0.2524,,,,
275.34,0,0.11682,0,0.41506,0,27.22,0,0
151.5,0,0.26381,0.014695,0.33103,0,5.4715,0,0
210.34,0,-0.88169,20.122,0.32522,0,1.6927,0,0
72.355,0,3.8957,0,0.23897,0,1.0033,0,0
246.07,0,3.308,0,0.21005,0,1.0756,0,0
,,2.1927,,-0.26045,,,,
,,2.5828,,0.26697,,,,
45.575,0,3.8758,0.33342,0.125,0,84.518,0,0
,,2.5829,,-0.28918,,,,
175.66,0,-1.3651,0,0.11645,0,1.7314,0,0
263.9,0,0.62532,0.013684,0.13175,0,0.4272,0,0
,,2.7751,,-0.14203,,,,
239.16,0,3.8479,0,0.44528,0,1.4282,0,0
,,3.0209,,-0.27541,,,,
56.15,1,-0.23799,34.66,0.034059,1,2.202,1,0
147.12,0,2.3575,0,0.25516,0,0.98202,0,0
89.28,0,3.2092,5.1529,0.75039,0,46.405,0,1
,,2.7621,,-0.18207,,,,
,,2.7645,,-0.25209,,,,
282.38,1,3.5102,14.921,0.091039,1,50.196,0,0
174.62,0,4.6521,0.09679,0.12591,0,7.1072,0,0
,,0.85599,,-0.29909,,,,
149.19,0,5.2605,2.3201,0.54367,0,78.871,0,0
215.12,0,-0.60617,0,0.38519,0,2.4525,0,0
335.76,0,-0.50531,0.046308,0.057751,0,5.3426,0,0
292.22,0,3.0103,0.3626,0.016803,0,1.7218,0,0
359.85,1,-0.2083,17.493,0.14015,1,1.7222,1,0
89.277,0,2.2792,18.823,0.87471,0,46.175,0,1
122.01,1,2.3901,8.0158,0.050294,0,51.107,0,0
,,2.6572,,0.05122,,,,
,,-0.69181,,0.07113,,,,
,,2.8795,,-0.42596,,,,
223.7,0,3.4002,0.011861,0.40162,0,0.34501,0,0
223.69,0,3.3676,13.758,0.68443,0,76.968,0,1
207.61,0,-1.1946,0.039967,0.38739,0,0.77502,0,0
,,2.8035,,-0.2891,,,,
7.3077,1,-0.27686,18.222,0.02238,1,0.37059,1,0
,,3.2946,,-0.22353,,,,
97.725,1,3.0783,68.101,0.041929,1,88.443,0,0
230.34,1,3.485,46.871,0.084201,1,0.58363,1,0
,,2.7053,,-0.043062,,,,
266.63,0,-1.4417,0.0097498,0.63126,0,64.396,0,0
307.24,0,1.3079,0.00069523,0.47268,0,0.56855,0,0
,,2.6181,,-0.20883,,,,
,,2.246,,-0.26579,,,,
,,2.83,,-0.33766,,,,
352.83,0,2.2751,1.1302,0.55539,0,14.52,0,0
,,2.6474,,-0.19529,,,,
212.94,0,0.81101,0.024495,0.10833,0,4.2552,0,0
,,2.7587,,-0.25722,,,,
101.28,1,-0.46224,56.891,0.06177,1,0.45525,1,0
100.93,1,3.9336,8.3732,0.22477,1,0.88021,1,0
128.47,0,5.2435,0,0.22888,0,5.0508,0,0
89.276,1,-1.1454,11.573,0.12554,1,0.66091,1,0
166.61,0,2.8581,0.2425,0.085784,0,24.411,0,0
,,2.2437,,-0.27108,,,,
274.46,0,5.3963,0,0.052548,0,2.9924,0,0
,,,,-0.27246,,,,
232.19,1,-1.1726,14.133,0.24893,1,0.68445,1,0
,,2.9711,,-0.35294,,,,
,,0.36306,,0.80917,,,,
359.28,1,-0.89109,9.6146,0.06724,1,0.98598,1,0
237.91,0,2.9262,0,0.067588,0,3.2408,0,0
157.19,0,1.0841,8.6806,0.85265,0,60.42,0,1
13.251,0,3.9271,0,0.14062,0,0.69112,0,0
245.43,0,2.7815,0.02053,0.50204,0,22.667,0,0
,,0.51713,,0.52753,,,,
210.76,0,2.904,0,0.097972,0,1.1893,0,0
50.713,0,3.0747,0,0.088218,0,14.473,0,0
,,3.517,,-0.13203,,,,
,,3.2769,,0.020613,,,,
100.29,1,2.1191,9.5106,0.25485,1,0.45083,1,0
7.8989,0,4.5737,0.005671,0.43379,0,0.61458,0,0
180.42,0,1.2523,1.0947,0.82544,0,71.977,0,0
,,2.0934,,-0.29023,,,,
,,2.2483,,-0.097762,,,,
280.72,0,-1.1164,0,0.15623,0,1.993,0,0
357.59,0,-0.83607,0.19557,0.26362,0,1.1699,0,0
,,3.2749,,-0.32547,,,,
,,4.1319,,0.11783,1,,,
220.22,1,3.5374,15.917,0.085315,1,4.8223,1,0
240.54,0,2.3608,0.0077329,0.04968,0,1.3237,0,0
,,,,-0.30576,,,,
240.46,0,-0.13093,0.00013223,0.077157,0,0.57074,0,0
,,2.8513,,-0.19203,,,,
319.4,0,2.48,0,0.08288,0,30.603,0,0
44.447,,4.0884,,0.31071,0,88.193,0,
79.188,0,-1.1689,0.025752,0.18846,0,2.5844,0,0
,,2.8061,,-0.24651,,,,
,,2.9541,,-0.025641,,,,
260.5,0,-1.392,7.3042,0.78693,0,53.606,0,1
,,2.8191,,-0.34708,,,,
343.78,0,2.8497,0.022323,0.082628,0,3.1325,0,0
64.095,0,3.0357,0,0.43215,0,11.137,0,0
176.21,0,-2.1512,0,0.7303,0,1.4493,0,0
145.98,1,-0.22847,2.8295,0.04329,1,82.727,0,0
250.14,0,2.9292,0.01651,0.46416,0,74.698,0,0
219.62,0,4.1671,0.014889,0.21307,0,0.93242,0,0
291.95,0,0.14977,0.18613,0.18413,0,31.222,0,0
347.73,1,-0.28307,9.7455,0.15033,0,76.54,0,0
183.35,0,0.15266,0,0.053312,0,58.109,0,0
336.16,1,2.1724,13.253,0.19946,0,84.49,0,0
173.5,0,2.9875,0,0.087195,0,2.7868,0,0
,,3.2839,,0.13388,,,,
244.02,1,-1.2355,12.735,0.10471,1,32.888,0,0
,,3.3019,,-0.30516,,,,
,,1.105,,-0.3126,,,,
,,3.2279,,-0.34963,,,,
314.39,0,0.21669,0,0.056161,0,1.2946,0,0
142.69,0,4.1887,0.0094509,0.39386,0,1.5707,0,0
27.034,0,-1.2716,0,0.26909,0,7.3513,0,0
,,3.2595,,-0.29642,,,,
,,-0.14586,,0.73359,,,,
245.6,0,3.3182,0,0.1723,0,1.5123,0,0
253.92,0,4.6066,0,0.23351,0,41.449,0,0
318.39,1,0.10863,5.4592,0.12576,1,5.7223,1,0
92.438,1,4.001,5.6637,0.279,0,75.098,0,0
87.691,1,3.3003,15.352,0.11719,1,23.576,0,0
192.08,0,3.9887,0.071855,0.49031,0,6.2015,0,0
156.28,1,-1.1118,16.009,0.10259,1,39.916,1,0
89.276,1,-0.040077,17.213,-0.10306,1,1.8329,1,0
327.25,1,2.6208,4.5545,0.26829,0,56.424,0,0
157.78,0,0.88977,0,0.79465,0,4.5071,0,0
,,2.2472,,-0.28804,,,,
232.47,0,0.0037313,3.6002,0.66042,0,43.341,0,1
145.95,0,-0.32547,0.092867,0.37334,0,0.83696,0,0
,,2.6446,,-0.25726,,,,
287.18,0,-4.898,0,0.45815,0,5.5756,0,0
10.478,0,-1.1365,7.6983,0.60218,0,23.697,0,1
131.9,1,3.5413,22.384,0.068404,1,77.492,0,0
312.54,0,3.0514,0.022413,0.11632,0,1.5306,0,0
134.22,0,0.056962,0,0.041954,0,1.2418,0,0
188.8,0,5.492,0.65542,0.14457,0,55.303,0,0
167.92,1,-0.035726,15.73,0.03089,1,3.5856,1,0
,,1.8882,,-0.18898,,,,
265.41,0,-1.1724,0.99202,0.40057,0,43.914,0,0
,,2.6156,,-0.23153,,,,
346.12,0,-1.2595,15.053,0.46245,0,32.963,0,1
,,2.861,,-0.29771,,,,
13.912,0,3.9174,0,0.57004,0,0.4325,0,0
48.274,1,2.4539,8.0094,0.15244,1,40.185,0,0
,,2.4173,,-0.20765,,,,
235.07,0,-0.43829,0.59099,0.54135,0,59.309,0,0
92.28,0,-0.93959,25.946,0.33517,0,79.52,0,0
306.71,0,3.6572,0.86832,0.11439,0,18.205,0,0
,,3.3423,,0.12152,,,,
159.67,0,3.588,0.86945,0.55544,0,38.279,0,0
306.39,0,2.3773,0.058885,0.11111,0,2.2326,0,0
,,1.317,,-0.31818,,,,
67.191,0,3.0542,5.5282,0.48691,0,61.61,0,1
202.45,0,4.2536,0,0.35238,0,0.42398,0,0
44.345,0,3.1849,0,0.18974,0,0.21919,0,0
115.59,0,-1.2368,0.066888,0.31611,0,9.5224,0,0
67.024,0,2.8137,0,0.35462,0,0.65826,0,0
80.772,0,-2.1444,3.899,0.58793,0,60.16,0,1
314.21,0,-0.53251,0,0.22543,0,2.6689,0,0
287.42,0,0.47122,0.022283,0.13973,0,0.39612,0,0
286.57,1,-0.19262,15.878,0.27312,1,44.996,0,0
359.28,0,-1.0183,0,0.59838,0,0.81401,0,0
168.55,0,2.6142,3.9816e-05,0.12404,0,3.8164,0,0
141.58,0,2.935,0,0.065129,0,0.5073,0,0
39.71,0,-0.005696,0.003396,0.13804,0,1.1521,0,0
62.365,0,3.9606,0.75333,0.49573,0,49.475,0,0
122.46,1,3.4248,13.572,0.083172,1,1.3935,1,0
59.347,1,0.29191,26.109,0.16364,1,77.649,0,0
359.27,0,2.6335,0,0.089908,0,3.3728,0,0
4.2217,0,3.3141,3.4543,0.55453,0,0.66746,0,1
,,2.582,,-0.017284,,,,
127.39,0,-0.82103,0,0.13043,0,1.3001,0,0
76.695,1,2.5445,8.9464,0.11479,1,0.9717,1,0
314.2,0,-1.828,7.4598,0.74039,0,65.997,0,1
269.29,1,1.097,86.498,0.052976,1,68.879,0,0
251.4,1,-0.11202,12.881,0.14458,1,1.2318,1,0
269.19,1,-0.92368,7.5837,0.10177,1,84.317,0,0
,,3.1709,,0.030303,,,,
224.69,0,1.588,0,0.30615,0,1.3636,0,0
221.49,0,1.0573,0,0.63443,0,8.6102,0,0
289.1,0,0.27941,0,0.22126,0,0.21992,0,0
,,3.352,,-0.25175,,,,
269.28,0,3.9884,7.838,0.53548,0,42.175,0,1
165.93,1,-0.26121,23.854,0.00089847,1,1.4196,1,0
236.69,,3.3023,,0.20965,0,2.7953,0,
263.71,0,-1.0821,0,0.42931,0,5.5437,0,0
328.67,0,-0.28043,0,0.64795,0,2.0308,0,0
269.05,1,-0.75591,16.728,0.12278,1,49.89,0,0
214.75,0,4.031,6.3703,0.72133,0,75.006,0,1
,,2.7077,,-0.3503,,,,
,,3.2912,,-0.31818,,,,
140.04,0,1.4129,0,0.56749,0,2.0346,0,0
328.24,1,4.0638,44.923,0.22071,1,0.26778,1,0
252.67,0,3.0292,0.014628,0.31402,0,1.4632,0,0
86.412,0,-1.1452,0,0.15502,0,2.0651,0,0
19.325,0,3.1342,12.432,0.36269,0,0.40273,0,0
214.99,1,2.5906,19.968,0.19217,1,0.42361,1,0
81.479,0,-0.19798,0.02528,0.29582,0,9.8339,0,0
248.22,1,2.6405,8.8903,0.15644,0,87.414,0,0
49.429,0,3.4203,0,0.18112,0,1.0107,0,0
235.07,0,-1.2951,0,0.31873,0,0.78524,0,0
131.63,0,3.2529,16.891,0.38018,0,85.162,0,0
188.65,0,4.7238,2.4807,0.23055,0,34.189,0,0
112.46,0,-0.079609,1.232,0.55793,0,11.472,0,0
241.41,0,-0.7133,0.00059503,0.044459,0,0.96868,0,0
,,2.8637,,-0.39615,,,,
107.41,0,3.7288,5.889,0.41522,0,71.132,0,1
116.04,0,3.4027,0.004004,0.51881,0,3.144,0,0
,,2.8643,,-0.4,,,,
251.62,1,3.7593,5.93,0.13174,1,0.15085,1,0
,,2.3063,,0.059912,,,,
121.08,0,4.0689,0.0030289,0.23622,0,0.44626,0,0
337.69,0,1.109,0,0.75849,0,0.23429,0,0
314.23,1,4.0393,9.1614,0.13586,0,86.604,0,0
,,,,-0.43321,,,,
187.43,1,-0.15088,38.883,0.22658,1,0.97285,1,0
,,2.8685,,0.021898,,,,
,,3.5187,,-0.3178,,,,
226.8,0,-1.1058,0.0014083,0.15584,0,9.6944,0,0
270.67,,2.3674,,0.10053,0,32.439,0,
253.01,1,-0.87506,13.926,0.064267,1,0.98187,1,0
,,3.5146,,-0.28302,,,,
63.684,0,-0.922,7.8045,0.34083,0,79.762,0,0
357.56,0,0.22216,0,0.22788,0,79.971,0,0
141.43,1,-0.86867,3.3908,0.21305,0,30.237,0,0
336.34,0,1.5354,0,0.41818,0,12.485,0,0
,,1.2133,,-0.011407,0,,,
,,2.7063,,-0.31667,,,,
315.4,0,3.762,0,0.091473,0,0.98638,0,0
342.54,1,1.9188,28.808,0.082637,1,0.23958,1,0
,,2.8275,,-0.13433,,,,
44.072,1,3.1647,3.4158,0.10809,0,40.127,0,0
359.28,0,-1.1449,1.2114,0.061979,0,0.19492,0,0
,,2.8847,,-0.28507,,,,
228.39,0,2.7467,0,-0.078061,0,45.469,0,0
,,2.8516,,-0.2337,,,,
297.53,1,3.2391,3.3959,0.15968,1,89.12,0,0
,,2.5029,,-0.30543,,,,
,,1.453,,-0.29688,,,,
248.22,1,-1.6675,11.049,0.054862,0,67.586,0,0
,,2.5794,,-0.39236,,,,
356.64,1,3.1657,15.258,-0.0047695,1,76.258,0,0
,,2.072,,-0.17621,,,,
339.5,0,-0.6629,30.779,0.36306,0,1.1208,0,0
51.88,0,-2.6928,0.00010729,0.17873,0,1.5191,0,0
31.022,0,1.7286,0,0.12737,0,1.3546,0,0
65.17,1,3.5183,11.937,0.22705,1,3.3213,1,0
,,3.1173,,0.030043,,,,
321.65,0,1.8112,0.0074912,0.073766,0,1.3174,0,0
166.88,1,-0.048676,53.059,0.16638,1,1.819,1,0
276.87,0,3.5821,0,0.33862,0,0.34789,0,0
355.11,0,3.6198,8.3744,0.89938,0,42.422,0,1
,,2.4541,,-0.38436,,,,
313.9,0,3.1135,2.1844,0.79523,0,44.944,0,0
177.4,0,0.33817,0.012227,0.12005,0,23.667,0,0
287.53,0,2.6557,0.0099337,0.20656,0,1.3371,0,0
160.19,0,1.2212,4.8725,0.83263,0,77.771,0,1
,,,,-0.27245,,,,
,,1.6175,,-0.10889,,,,
309.97,0,0.56672,0,0.1346,0,1.4774,0,0
66.727,1,-0.76213,26.989,0.11026,1,2.4196,1,0
196.86,0,-1.1352,0,0.40723,0,2.302,0,0
314.27,0,1.5807,0,0.058054,0,52.841,0,0
41.419,0,2.9845,1.0748,0.22767,0,38.444,0,0
359.27,0,-1.1398,0.029815,0.14993,0,0.057331,0,0
,,,,-0.29338,,,,
0,1,3.8551,12.415,0.26667,0,0,0,0
69.941,1,-1.1402,10.171,0.18551,1,3.7346,1,0
,,1.2924,,-0.31034,,,,
168.14,1,-0.25254,16.192,0.10602,1,0.62517,1,0
249.77,0,0.83571,0.01259,0.11927,0,1.7496,0,0
102.78,1,-0.51596,9.9424,0.08874,1,49.221,0,0
342.29,0,5.1672,0,0.1032,0,0.49154,0,0
169.17,0,4.151,16.538,0.51648,0,78.304,0,1
,,3.1758,,-0.32847,,,,
201.96,0,2.7329,0,0.11246,0,0.44732,0,0
,,2.0198,,0.067976,0,,,
303.04,0,2.7838,0,-0.11287,0,72.983,0,0
287.17,0,-0.40699,2.3505,0.28794,0,47.512,0,0
29.371,0,1.3623,0.070574,0.30309,0,7.8535,0,0
269.28,1,-0.031663,17.31,-0.028246,1,1.6204,1,0
227.36,1,3.4584,6.2701,0.27236,1,0.85762,1,0
349.95,1,0.68081,11.758,-0.0064325,1,14.915,0,0
,,2.8821,,-0.42801,,,,
93.051,1,-0.52595,13.88,0.076923,0,75.15,0,0
,,1.1448,,-0.19598,,,,
65.77,0,0.31334,0.00046474,0.32343,0,2.8869,0,0
214.18,0,3.4633,0,0.16885,0,7.326,0,0
255.79,1,0.43431,29.873,0.10139,1,46.315,0,0
151.4,0,6.257,0,0.023434,0,0.2335,0,0
,,2.7216,,-0.0052493,,,,
321.12,0,-1.104,12.23,0.3142,0,0.62324,0,0
,,2.9921,,-0.30584,,,,
,,2.7053,,-0.34551,,,,
248.14,,1.96,,0.11721,0,1.374,0,
203.27,0,4.4435,0.073266,0.5496,0,1.9634,0,0
,,2.8579,,-0.17282,,,,
345.88,0,2.5797,10.438,0.88728,0,14.608,0,1
258.67,1,-0.92662,8.7711,0.21726,1,1.0583,1,0
35.215,0,2.837,0,0.061199,0,0.52393,0,0
,,1.0062,,-0.24148,,,,
253.97,0,-1.3758,12.15,0.30626,0,67.476,0,0
58.135,0,9.4922,4.7976,0.80989,0,62.827,0,1
42.121,1,2.6836,6.1573,0.1059,0,64.638,0,0
351.96,0,3.3985,0.0065823,0.48417,0,70.323,0,0
269.28,1,-1.2169,4.4558,0.1659,1,80.066,0,0
211.86,0,3.2883,0.0070205,0.29573,0,2.8687,0,0
233.55,0,-0.8314,0.0046033,0.14113,0,1.1681,0,0
336.15,0,-1.1811,1.6584,0.34262,0,71.258,0,0
,,2.9179,,-0.30182,,,,
118.22,0,-0.26524,30.493,0.37763,0,1.7762,0,0
249.18,1,-1.3588,10.724,0.14009,0,45.651,0,0
,,2.6536,,-0.050243,,,,
,,2.453,,-0.27508,,,,
139.51,0,1.2812,0.007555,0.82416,0,2.2363,0,0
304.43,0,2.8205,0,0.047917,0,1.7218,0,0
121.34,0,3.0268,0.0010359,0.15,0,0.3187,0,0
,,3.2438,,-0.34917,,,,
,,1.0005,,-0.38806,,,,
179.27,0,4.4165,0,0.16155,0,0.32104,0,0
359.28,1,-0.70933,18.88,0.098231,1,84.773,0,0
70.39,1,-0.11962,23.247,0.096126,0,86.503,0,0
62.24,0,3.1475,0.067588,0.16911,0,2.2315,0,0
,,2.3427,,-0.2139,,,,
261.53,0,3.801,0.022465,0.2514,0,1.7803,0,0
77.549,0,-1.3537,1.4743,0.23436,0,20.896,0,0
89.912,0,3.1249,0.0005784,0.047337,0,1.5745,0,0
279.59,0,3.9768,0.054682,0.32787,0,0.99302,0,0
156.75,0,3.4063,0.003983,0.043128,0,1.7685,0,0
55.841,1,3.5822,30.863,0.23357,1,1.591,1,0
140.38,1,0.12448,13.037,0.28058,1,32.126,1,0
263.08,0,0.92977,0.0046277,0.28679,0,40.705,0,0
144.43,1,-1.2524,2.6254,0.096738,1,39.655,1,0
9.4985,1,3.7986,15.558,0.15915,1,0.29131,1,0
,,2.82,,-0.27864,,,,
,,2.8993,,-0.41697,,,,
206.75,0,3.0151,5.9465,0.5724,0,55.442,0,1
,,2.8536,,-0.14154,,,,
63.498,0,3.8962,3.6836,0.49495,0,47.645,0,1
,,2.7494,,-0.29206,,,,
65.404,1,6.3451,7.8043,0.041221,1,9.082,1,0
355.16,0,-1.188,0,0.28669,0,1.5228,0,0
241.43,1,-0.7462,25.354,0.1532,1,4.1402,1,0
23.399,0,1.0819,0.0065997,0.84315,0,0.64694,0,0
192.82,0,3.0054,0,0.26594,0,1.2028,0,0
241.62,0,3.8487,12.724,0.43276,0,67.005,0,1
25.393,0,4.4277,0.0071893,0.72347,0,1.1619,0,0
83.089,1,3.5431,8.0798,0.14894,1,78.466,0,0
75.577,0,3.9358,0.016302,0.093515,0,40.995,0,0
162.54,0,-1.1974,1.2203,0.57339,0,7.2644,0,0
,,-1.5961,,0.30691,,,,
,,2.7356,,-0.077139,,,,
269.92,0,0.69508,10.425,0.61957,0,77.026,0,1
325.65,0,0.41827,0,0.11944,0,1.9406,0,0
,,2.9745,,-0.29705,,,,
66.259,0,3.9251,10.685,0.84347,0,53.444,0,1
278.88,0,-1.306,0.0018611,0.43441,0,1.2706,0,0
172.36,1,3.3527,18.468,0.065245,1,58.463,1,0
269.29,0,2.728,0,0.11359,0,0.23565,0,0
,,2.7011,,-0.25253,,,,
,,2.9727,,-0.34007,,,,
,,2.2339,,-0.32897,,,,
328.83,0,0.98371,13.302,0.84589,0,57.506,0,1
58.507,0,3.2992,0.0088711,0.038209,0,14.344,0,0
106.16,1,5.1485,23.208,0.071505,1,0.41435,1,0
64.781,0,3.8266,0.0097287,0.40391,0,1.3263,0,0
108.58,0,0.24547,0.010528,0.078488,0,0.57242,0,0
347.66,1,-0.13894,20.094,0.13951,1,0.94219,1,0
248.31,1,-1.0415,22.696,-0.031187,1,24.829,0,0
26.52,0,2.9036,0.67004,0.091188,0,2.1206,0,0
63.514,1,-0.35917,58.484,0.07907,1,0.59355,1,0
25.29,0,2.4852,0.90856,0.11796,0,34.764,0,0
270.74,0,5.2003,0.038846,0.10342,0,14.164,0,0
124.19,0,2.8767,0,0.10314,0,2.4233,0,0
118.9,0,3.9986,0.065708,0.24198,0,1.3221,0,0
90.473,0,-0.21254,0,0.048374,0,0.27594,0,0
144.84,1,2.9072,24.258,0.15547,1,0.13219,1,0
174.54,0,-1.4065,0,0.3878,0,0.76504,0,0
,,2.8982,,-0.30248,,,,
184.39,0,0.1436,0.0024004,0.46394,0,0.51799,0,0
269.27,0,3.6203,0.0097852,0.25184,0,0.35635,0,0
73.78,0,-1.2297,0.0047415,0.32188,0,80.187,0,0
319.59,0,5.0174,0.21602,0.046952,0,37.435,0,0
157.97,0,3.2716,13.315,0.48336,0,0.80612,0,1
314.2,0,0.015296,0,0.70446,0,2.3488,0,0
,,3.4881,,-0.32779,,,,
,,2.6835,,-0.15207,,,,
,,,,-0.29967,,,,
120.07,0,2.9288,0.01147,0.20709,0,1.4782,0,0
291.87,0,1.5211,0.15248,0.52747,0,0.97088,0,0
156.83,0,-0.18406,0.004663,0.0098793,0,1.0234,0,0
81.323,0,3.0349,1.3312,0.12618,0,8.5483,0,0
,,2.8216,,-0.32879,,,,
188.45,1,3.2029,14.473,0.16919,1,1.3354,1,0
,,2.329,,-0.18125,,,,
20.151,1,3.3937,6.4564,0.24084,1,1.7419,1,0
44.686,0,3.3352,0.96959,0.1848,0,23.2,0,0
,,2.7292,,-0.23404,,,,
238.54,0,1.9317,0,0.19286,0,5.6661,0,0
315.39,0,0.40311,0.044888,0.14025,0,3.7336,0,0
136.49,0,3.6106,0,0.0089213,0,1.3279,0,0
353.12,1,-1.1463,14.279,0.098143,1,5.7696,1,0
288.77,0,3.6794,0.019741,0.13217,0,1.4445,0,0
13.673,0,3.6946,0,0.28669,0,0.48533,0,0
,,2.8401,,-0.35897,,,,
322.74,0,-1.5911,0.0030472,0.70066,0,0.16411,0,0
103.77,0,-0.18595,0.01005,0.47336,0,2.8411,0,0
215.31,0,3.2981,0.1491,0.7476,0,3.4059,0,0
161.55,0,-0.30269,0,0.028636,0,0.69815,0,0
264.83,1,1.714,46.673,0.079215,1,0.36901,1,0
,,2.7442,,-0.25496,,,,
336.89,0,3.4202,0,0.41164,0,1.463,0,0
181.44,0,3.149,0,0.11312,0,0.45895,0,0
155.31,0,3.5034,0.026641,0.37226,0,6.5723,0,0
208.74,0,-1.2808,1.8664,0.80596,0,10.998,0,0
121.68,1,5.5818,6.5648,0.166,1,0.07491,1,0
97.704,0,3.6,0,0.0327,0,0.31373,0,0
,,3.0359,,-0.32877,,,,
,,3.3167,,-0.27404,,,,
209.82,0,3.3886,0.019028,0.095615,0,1.0182,0,0
268.45,0,-1.1865,13.58,0.30643,0,1.5861,0,0
127.7,0,2.6156,0.38373,-0.040094,0,0.28606,0,0
264.23,0,3.4257,0,0.12097,0,0.97505,0,0
64.142,0,-0.97585,14.687,0.33517,0,80.203,0,0
74.231,1,3.4079,11.682,0.21076,0,84.204,0,0
69.374,0,-0.62605,16.87,0.3175,0,1.7171,0,0
21.184,0,4.6096,0,0.39605,0,1.0936,0,0
347.8,0,-0.022853,0,0.22121,0,2.9984,0,0
225.29,0,4.0479,0.0076804,0.013333,0,0.75911,0,0
,,2.9723,,-0.11132,,,,
272.78,,1.8038,,0.0033852,0,2.1727,0,
,,0.81151,,-0.34974,,,,
178.84,1,-0.26845,20.342,0.042068,1,59.915,1,0
230.61,0,3.8582,2.1146,0.31726,0,58.58,0,0
,,2.193,,-0.26232,,,,
20.293,1,0.4,9.431,0.031509,1,80.062,0,0
104.85,0,3.4068,0,0.27594,0,0.5549,0,0
15.625,0,-1.0009,0.25513,0.55055,0,62.286,0,0
359.28,1,-0.52113,52.836,0.049248,1,5.0149,1,0
23.473,0,-1.0287,0.022013,0.058224,0,5.4389,0,0
,,2.7329,,-0.25811,,,,
221.32,1,-0.90277,14.413,0.11446,1,1.3815,1,0
51.182,0,-1.75,13.928,0.70162,0,71.063,0,1
130.02,0,3.5998,16.381,0.30052,0,0.72048,0,0
91.123,0,2.7995,0,0.1466,0,4.1046,0,0
359.73,,0.43751,,0.11787,0,72.627,0,
30.762,0,1.4397,7.5492,0.7197,0,41.845,0,1
137.62,1,4.3371,2.7239,0.11538,0,40.118,0,0
9.9952,1,-1.038,10.523,0.23348,1,1.575,1,0
312.68,0,5.2023,0,0.07396,0,1.3601,0,0
,,2.6384,,-0.28541,,,,
279.21,0,3.267,1.9845,0.4128,0,74.216,0,0
282.47,1,2.622,4.3604,0.02037,1,0.67881,1,0
243.99,0,4.6842,0.0084906,0.23448,0,0.36231,0,0
,,3.1795,,-0.3747,,,,
,,2.8806,,-0.49412,,,,
,,2.1672,,-0.37,,,,
95.8,1,-1.147,8.5423,0.12157,0,84.564,0,0
315.27,0,1.7435,0,0.021598,0,58.508,0,0
33.067,1,-1.1354,40.523,0.074273,1,0.1242,1,0
359.28,0,-1.3039,0,0.15802,0,0.53314,0,0
241.3,0,-0.16705,0,0.31271,0,18.761,0,0
288.81,1,1.2046,19.326,0.11205,1,14.957,0,0
46.908,0,2.0952,0.027679,0.18942,0,4.717,0,0
310.81,0,3.0682,0,0.046693,0,2.1259,0,0
,,2.7586,,-0.16418,,,,
133.48,0,3.3471,0.01535,0.020071,0,0.94576,0,0
130.49,0,3.5442,0,0.063344,0,2.1836,0,0
262.08,0,-0.16752,0,0.048193,0,1.419,0,0
123.5,0,-1.7817,0.0098608,0.72668,0,0.15291,0,0
180.34,0,0.35503,0.028571,0.45368,0,77.201,0,0
302.15,1,3.4426,11.518,0.21345,1,36.771,0,0
195.49,1,1.9646,25.984,0.1034,1,8.4224,1,0
78.706,0,4.636,0.00025082,0.44071,0,2.6526,0,0
81.243,1,2.98,14.873,0.12758,1,10.38,0,0
,,3.6007,,-0.22186,,,,
253.95,0,5.8447,0,0.6587,0,1.6028,0,0
331.59,0,0.045479,0.011221,0.12895,0,1.5211,0,0
116.53,0,-0.11694,0.60374,0.5564,0,46.716,0,0
,,2.3944,,-0.30847,,,,
242.87,0,-2.0633,0,0.75205,0,6.3021,0,0
43.941,0,4.5001,0,0.56979,0,29.076,0,0
,,2.566,,-0.32381,,,,
274.33,0,3.6612,0,0.1198,0,2.2088,0,0
179.28,0,-1.285,0.064213,0.1454,0,12.474,0,0
179.28,0,-1.0603,0.0043315,0.37896,0,23.699,0,0
,,2.7274,,-0.30648,,,,
90.355,0,3.7064,0,0.4549,0,0.31043,0,0
,,2.8345,,-0.27368,,,,
237.07,1,-0.18443,32.437,0.27981,1,1.3445,1,0
,,1.5194,,-0.31811,,,,
155.11,0,3.6016,0,0.11282,0,1.3758,0,0
342.5,1,3.4959,15.193,0.18911,1,1.1735,1,0
182.7,1,3.6057,28.058,0.20643,1,13.472,1,0
,,3.3186,,-0.12393,,,,
119.56,0,3.1951,2.0799,0.68752,0,69.905,0,0
30.15,0,3.0601,2.2359,0.24277,0,0.67782,0,0
224.36,1,3.6026,37.186,0.068225,1,6.7312,1,0
258.49,0,1.1736,0.82891,0.4725,0,25.715,0,0
141.08,0,2.6047,0.0068238,0.24777,0,1.5976,0,0
139.39,0,2.7321,0.015218,0.10345,0,1.666,0,0
44.723,1,1.4985,4.2926,0.29066,1,66.042,0,0
339.8,1,0.71272,32.773,0.08699,1,53.591,0,0
219.92,1,3.4261,10.164,0.11994,1,66.852,0,0
248.54,0,-1.8484,0.0098312,0.60273,0,10.406,0,0
,,3.1073,,-0.35526,,,,
269.29,1,3.9458,82.276,0.0077008,1,0.18373,1,0
,,2.519,,-0.2132,,,,
258.94,1,1.4432,15.998,0.25827,1,31.431,0,0
,,3.2454,,-0.279,,,,
126.61,0,0.27322,0.021484,0.55229,0,2.0228,0,0
359.29,0,2.15,0.0015337,0.051742,0,0.17199,0,0
51.236,0,3.5211,10.522,0.39289,0,36.5,0,0
160.12,1,2.2929,14.636,0.10988,1,15.611,1,0
118.97,0,3.1437,0.017682,0.09777,0,0.6483,0,0
265.54,0,-1.682,0.022243,0.71485,0,32.752,0,0
44.915,1,-0.51315,51.609,0.085951,1,0.83597,1,0
114.09,0,-1.6226,0.015018,0.63273,0,1.1334,0,0
,,0.7487,,-0.2471,,,,
270.52,0,0.046583,1.5307,0.73097,0,58.594,0,0
132.22,1,2.5357,6.9364,0.024318,1,57.404,0,0
129.46,0,3.5625,0.0036809,0.50103,0,0.68439,0,0
179.28,0,3.0174,0,0.31402,0,0.50448,0,0
272.23,0,-0.15041,0.0022108,0.49592,0,2.1112,0,0
52.486,0,-1.3808,1.3944,0.69493,0,41.906,0,0
316.83,0,1.7797,7.4851,0.85025,0,65.801,0,1
179.27,0,3.2736,4.3096,0.51068,0,20.032,0,1
33.724,0,-1.0189,6.3962,0.61439,0,37.417,0,1
,,2.6531,,0.053957,,,,
,,-0.56448,,0.73396,,,,
167.83,0,-1.0149,2.1016,0.12785,0,66.048,0,0
133.83,0,5.1685,0,0.066263,0,24.983,0,0
320.38,1,-1.0983,14.553,0.28929,0,0.97949,0,0
60.536,0,4.7843,1.9692,0.46813,0,39.108,0,0
224.35,0,-1.4333,3.8178,0.82965,0,2.6527,0,1
,,2.9016,,-0.41219,,,,
100.67,0,0.49392,0.0067837,0.083025,0,1.2486,0,0
60.277,0,-1.517,0,0.485,0,0.29569,0,0
258.52,0,-1.4901,0.0077108,0.68263,0,0.24571,0,0
267.83,1,-1.1177,8.3356,0.28793,0,38.186,0,0
,,1.5759,,-0.024868,,,,
,,1.5489,,-0.34701,,,,
,,3.2636,,-0.23853,,,,
,,1.2378,,-0.20205,,,,
140.32,0,-1.1317,0,0.35413,0,1.4077,0,0
178.81,0,3.4949,0.49265,0.64969,0,74.114,0,0
,,2.305,,-0.36928,,,,
20.428,0,-1.271,1.3794,0.25838,0,4.8935,0,0
195.18,0,-0.86385,0.010252,0.28751,0,1.9722,0,0
279.92,0,3.8477,4.8594,0.73442,0,45.004,0,1
,,,,-0.48041,,,,
313.65,0,2.5175,0.0107,0.1,0,0.82803,0,0
88.065,1,-1.2532,13.453,0.07073,1,1.4944,1,0
,,3.292,,-0.3717,,,,
184.55,1,-0.88756,16.871,0.063733,1,0.031625,1,0
300.49,0,3.6671,0,0.087156,0,4.2858,0,0
116.45,0,0.98546,0.47634,0.75707,0,63.902,0,0
70.941,1,3.9207,22.654,0.13409,1,0.10903,1,0
74.411,0,-1.2775,0,0.36641,0,1.6527,0,0
,,0.90541,,-0.2513,,,,
235.42,1,-0.19141,11.935,0.12817,1,46.846,0,0
,,2.8166,,-0.17415,,,,
273.14,1,0.13463,33.973,0.10285,1,0.42631,1,0
,,3.2159,,-0.22345,,,,
174.15,1,-1.0569,14.468,0.1221,0,87.007,0,0
90.495,1,-0.41057,30.032,0.059653,1,51.365,0,0
232.4,0,-0.66754,0.00054473,0.17131,0,1.5948,0,0
147.2,0,-1.2292,0,0.13708,0,0.92001,0,0
267.29,0,3.5894,0.85748,0.22531,0,22.462,0,0
349.81,0,1.8869,0,0.048566,0,0.62771,0,0
,,,,-0.25424,,,,
359.28,0,-1.5142,0.89845,0.12168,0,2.7268,0,0
266.03,1,3.8894,54.049,0.063786,1,1.9221,1,0
147.22,0,3.4442,0.010731,0.31474,0,0.2706,0,0
179.29,1,3.4045,12.613,0.068074,1,2.4006,1,0
,,3.3054,,-0.2335,,,,
,,2.5684,,-0.33791,,,,
265.82,1,-1.6708,13.092,0.28413,0,19.971,0,0
346.28,0,2.6343,0.18297,0.074095,0,2.7046,0,0
89.292,1,3.5794,15.013,0.064171,0,0.15523,0,0
11.156,,-2.1382,,0.20419,0,12.638,0,
105.21,0,3.2822,0.63623,0.07218,0,0.37651,0,0
345.02,0,3.2717,0.0024571,0.11696,0,1.1888,0,0
89.284,1,-0.30242,30.382,0.14247,1,0.034423,1,0
,,3.5239,,0.049242,,,,
341.6,1,1.9817,6.4543,0.10771,0,81.59,0,0
162.09,1,3.0137,4.6856,0.031481,1,2.6806,1,0
167.26,0,2.9503,0.016018,0.165,0,1.8222,0,0
,,1.7659,,-0.33672,,,,
359.28,0,0.029761,0,0.43658,0,0.46435,0,0
,,2.6952,,-0.2614,,,,
104.79,0,0.0054603,0.37254,0.36562,0,31.285,0,0
,,3.3938,,-0.034277,,,,
335.88,0,0.61942,3.5533,0.83049,0,79.617,0,1
,,2.1944,,-0.27559,,,,
173.4,0,3.2944,2.4612,0.13536,0,5.3128,0,0
189.7,0,-0.86972,1.7561,0.62137,0,59.559,0,0
87.144,1,-1.0027,18.508,0.057861,1,0.15534,1,0
269.29,0,0.60217,9.3576,0.76962,0,7.8928,0,1
,,,,-0.39535,,,,
,,1.3846,,0.0046253,,,,
239.4,1,-0.11057,11.749,0.11409,1,0.21873,1,0
251.95,1,-1.1066,13.087,0.14817,1,41.104,0,0
328.29,0,3.7685,1.4444,0.60221,0,73.642,0,0
318.96,0,5.5509,0.010151,0.1758,0,1.5714,0,0
281.18,0,-1.4996,2.6306,0.73892,0,1.9436,0,1
292.67,0,5.3326,0,0.091124,0,0.75132,0,0
82.991,0,3.427,0.014315,0.8765,0,1.8324,0,0
,,2.4833,,-0.44408,,,,
156.19,0,3.5723,0,0.12832,0,0.87874,0,0
132.77,1,0.12894,4.1613,0.082784,1,0.96632,1,0
326.56,0,3.5629,0,0.058275,0,2.0299,0,0
138.41,0,3.695,0,0.25971,0,0.50047,0,0
90.935,1,3.914,13.81,0.16199,1,0.20125,1,0
76.587,0,2.7067,0,0.10636,0,3.4895,0,0
160.29,0,1.2985,0,0.49812,0,1.0245,0,0
,,3.3286,,-0.026515,,,,
196.57,1,3.7512,4.2596,0.21505,0,65.455,0,0
177.03,0,-1.2913,0.0027564,0.16575,0,1.0269,0,0
136.59,0,2.6216,0,0.16487,0,1.3727,0,0
92.051,0,4.0099,0.031769,0.39653,0,0.35678,0,0
237.97,0,2.1812,0,0.23053,0,1.3453,0,0
236.26,0,-0.54383,0,0.052598,0,1.0624,0,0
60.488,0,0.36779,10.377,0.78824,0,34.87,0,1
344.04,,2.5176,,0.39581,0,72.396,0,
47.866,0,-1.6605,0.0043876,0.62588,0,4.6952,0,0
27.792,0,0.15866,0,0.62391,0,4.8293,0,0
180.45,0,-1.3884,4.3607,0.78693,0,54.716,0,1
,,3.3282,,-0.4485,,,,
58.963,1,-1.0576,2.6416,0.19404,0,35.018,0,0
62.79,1,2.4167,8.5785,-0.019391,1,0.34036,1,0
172.53,0,3.2044,0,0.34179,0,0.73312,0,0
179.28,0,-0.96138,0,0.21887,0,1.5647,0,0
,,0.88141,,-0.16484,,,,
7.432,1,-0.97744,3.7782,0.14081,1,0.16216,1,0
359.28,0,-0.19466,49.798,0.42566,0,1.0205,0,1
46.679,0,0.048881,3.6586,0.34274,0,53.986,0,0
305.29,0,3.6214,0,0.074559,0,1.6478,0,0
355.18,0,3.6418,0,0.238,0,0.6437,0,0
331.17,0,2.7939,6.8745,0.54159,0,45.583,0,1
318.75,0,3.2737,4.7289,0.68449,0,52.978,0,1
269.27,0,-1.3503,0.0042914,0.31283,0,0.41382,0,0
308.05,0,3.6106,4.3575,0.41417,0,54.631,0,1
,,2.4145,,-0.35048,,,,
120.52,0,3.1655,0.0026927,0.24207,0,1.1829,0,0
179.3,0,2.5772,0,0.23174,0,52.113,0,0
4.7544,0,3.9543,0.0010633,0.47931,0,0.7832,0,0
154.06,0,3.6073,0.407,0.037143,0,2.9762,0,0
,,3.2888,,-0.2381,,,,
,,,,-0.49098,,,,
334.68,0,4.1158,0,-0.050847,0,1.2292,0,0
31.362,0,1.9055,0.0012221,0.063037,0,0.37885,0,0
196.25,0,3.7314,0,0.072442,0,8.3604,0,0
177.1,0,-0.21705,0.050553,0.20668,0,5.4168,0,0
330.15,1,1.0432,21.519,0.071625,1,1.4633,1,0
333.27,0,-1.1331,3.5214,0.53622,0,50.048,0,1
238.12,,1.6181,,0.042184,1,2.9456,1,
279.87,1,-1.1677,12.753,0.14951,1,0.28066,1,0
28.761,1,3.8156,4.2039,0.22703,0,77.986,0,0
301.22,0,3.6244,3.3431,0.8365,0,81.83,0,1
269.29,0,3.4174,0,0.43864,0,0.74714,0,0
,,3.5286,,-0.08802,,,,
178.61,0,3.0169,0,0.24947,0,84.666,0,0
347.45,0,4.698,0,0.041447,0,1.5693,0,0
323.46,1,3.4774,9.6458,-0.023577,1,12.699,0,0
179.27,0,1.3482,0,0.17203,0,0.50448,0,0
152.32,1,3.3718,11.089,0.12067,1,82.223,0,0
58.029,0,3.3973,0.020329,0.047682,0,0.46395,0,0
65.929,0,2.8594,0.092754,0.083333,0,1.9524,0,0
89.036,0,0.54787,0,0.019574,0,81.705,0,0
69.581,0,-0.58615,5.4532,0.71408,0,63.92,0,1
89.293,0,5.2414,0.11214,0.015823,0,1.5515,0,0
169.29,1,2.1037,8.9514,0.09055,0,82.831,0,0
269.07,1,-0.60708,4.2668,0.12291,0,1.517,0,0
224.5,1,1.4714,12.149,0.24434,0,86.721,0,0
343.64,0,-0.066556,0,0.27891,0,5.8202,0,0
234.15,1,-1.3407,18.67,0.21059,0,83.8,0,0
37.757,1,1.8105,3.4166,0.022059,1,2.8163,1,0
100.49,0,1.4116,0,0.089039,0,2.0673,0,0
95.141,0,2.3213,0,0.070367,0,18.541,0,0
,,3.2429,,-0.3068,,,,
,,2.7978,,-0.20838,,,,
95.456,0,-0.83493,20.093,0.48421,0,2.0226,0,1
158.67,0,-1.1665,13.592,0.44776,0,0.29396,0,1
137.93,1,-1.1023,6.3379,0.087954,1,76.878,0,0
348.36,1,-0.41237,2.5732,0.16918,0,4.846,0,0
,,2.8013,,-0.26815,,,,
1.9712,1,3.7544,11.106,0.23384,0,81.03,0,0
305.63,0,1.1933,13.681,0.88512,0,61.269,0,1
,,2.6009,,-0.24181,,,,
,,0.92557,,-0.22761,,,,
,,2.6008,,-0.26799,,,,
322.84,0,3.3,0,0.093723,0,0.67708,0,0
,,1.3388,,-0.36972,,,,
255.68,0,3.3138,0.044898,0.11208,0,4.5025,0,0
255.06,0,-0.99803,0.012735,0.45037,0,1.1205,0,0
29.196,1,5.6718,19.726,0.28791,0,22.1,0,0
,,2.6286,,-0.13055,,,,
173.33,0,-1.376,0,0.30681,0,4.8759,0,0
359.27,0,2.9755,0.012882,0.05029,0,0.34971,0,0
221.72,1,-1.0343,20.781,0.12141,1,0.26401,1,0
96.285,1,1.5693,9.0342,0.021858,0,15.978,0,0
336.56,0,4.3505,0,0.31219,0,6.3569,0,0
,,2.3833,,-0.29739,,,,
,,3.2978,,-0.17098,,,,
241.54,0,-1.2736,8.7742,0.418,0,0.35715,0,1
305.67,0,4.5518,0.0036917,0.086399,0,2.2901,0,0
,,2.9199,,-0.17942,,,,
183.31,0,0.14566,8.6231,0.75812,0,27.969,0,1
94.864,1,-0.91617,17.153,0.15302,1,0.58905,1,0
202.1,0,-1.203,1.5929,0.39676,0,59.527,0,0
61.678,1,-0.93753,10.574,0.25926,0,83.611,0,0
,,2.9605,,-0.21141,,,,
178.11,0,2.7496,0,0.097712,0,0.83139,0,0
71.689,0,3.3532,6.1054,0.58433,0,62.679,0,1
122.27,0,3.3518,2.1217,0.686,0,61.379,0,0
61.559,1,-0.31081,9.8147,0.13562,1,0.60378,1,0
235.69,1,2.2092,3.1779,0.25854,1,0.062129,1,0
,,,,-0.36026,,,,
89.845,1,3.4182,6.3097,0.2204,0,77.229,0,0
,,3.3218,,-0.32428,,,,
,,3.312,,0.031642,,,,
328.16,0,0.94968,18.411,0.39263,0,0.58935,0,0
141.19,0,-0.50989,0.015388,0.39049,0,0.40062,0,0
297.89,1,0.82831,3.6749,0.19903,1,0.49098,1,0
310,0,-0.84731,0,0.31922,0,0.72047,0,0
189.19,1,0.37147,24.819,0.11092,1,20.759,1,0
,,1.4394,,-0.22772,,,,
258.72,0,-1.0159,12.283,0.41153,0,3.0023,0,1
246.79,0,0.48246,3.1165,0.8752,0,4.3831,0,1
146.59,0,-1.4756,0.0043256,0.49762,0,0.68112,0,0
179.28,1,-1.1996,8.3405,0.097636,1,11.487,1,0
319.59,0,3.0336,0.0046883,0.16897,0,1.2144,0,0
,,3.2843,,0.13388,,,,
184.17,0,3.0988,0.012403,0.57337,0,1.0126,0,0
34.77,1,0.61336,25.987,0.15944,1,12.733,0,0
,,3.2744,,-0.40447,,,,
43.11,0,3.6034,0,0.080831,0,0.56427,0,0
27.006,0,3.3288,0.0079505,0.6219,0,0.53109,0,0
34.04,1,0.13786,31.856,0.15111,0,0.90717,0,0
302.72,0,0.58621,0.65409,-0.011494,0,4.9399,0,0
269.28,0,0.71464,0,0.62018,0,0.14369,0,0
237.54,1,3.7304,13.235,0.19789,0,86.188,0,0
,,0.81657,,0.49566,0,,,
20.779,1,-1.3359,10.828,0.13002,1,20.686,0,0
,,2.7212,,0.030117,,,,
89.28,0,-1.5436,0.0020072,0.68544,0,0.3391,0,0
85.008,0,4.3732,0,0.19813,0,1.2332,0,0
108.12,1,3.581,30.854,0.16646,1,60.948,0,0
10.56,,2.6229,,0.1108,0,47.901,0,
316.62,0,-0.0020603,0.01256,0.30078,0,2.2209,0,0
60.526,0,-1.0755,6.2937,0.70015,0,60.73,0,1
,,2.7117,,-0.23726,,,,
,,2.7322,,-0.25243,,,,
157.52,0,1.3365,3.5134,0.81375,0,43.508,0,1
280.98,0,2.0514,0.0091217,0.54878,0,1.9244,0,0
214.85,1,4.0434,46.5,0.14526,1,1.3244,1,0
164.66,1,3.5747,14.709,0.085427,1,32.43,1,0
278.57,0,0.53425,0,0.06489,0,4.3595,0,0
154.14,1,3.5282,101.4,0.06229,1,0.50054,1,0
352.82,1,3.316,3.4502,0.079102,1,10.848,0,0
,,3.1067,,-0.2918,,,,
90.988,,2.3113,,0.25848,0,34.544,0,
314.21,0,2.0749,0.28681,0.27891,0,2.4825,0,0
326.18,0,2.5811,0,0.079677,0,3.384,0,0
217.3,0,3.7365,0,0.075691,0,0.36386,0,0
178.91,0,3.574,0.023129,0.060256,0,1.7423,0,0
144.86,1,3.7917,9.7633,0.1812,0,73.77,0,0
269.3,1,2.4485,3.6239,0.17512,1,0.73563,1,0
85.876,0,1.6929,0,0.10888,0,0.48363,0,0
,,2.473,,-0.313,,,,
103.41,1,1.6276,18.236,0.018233,1,0.56309,1,0
154.03,1,-1.2854,13.213,0.26841,1,1.1724,1,0
149.54,0,0.52486,0,0.28153,0,0.75275,0,0
17.566,0,3.5551,0.0010586,0.38398,0,0.49503,0,0
136.88,1,0.56548,8.3547,0.066323,1,0.78403,1,0
32.995,,-0.95628,,0.12951,0,87.427,0,
,,1.96,,0.20664,,,,
359.3,0,4.443,2.3188,0.60772,0,25.294,0,0
320.66,1,-0.53247,16.499,0.21774,1,28.5,0,0
,,2.9861,,-0.36253,,,,
,,2.2654,,-0.43257,,,,
222.19,0,0.2696,0.0065028,0.23104,0,1.7094,0,0
,,-1.8698,,0.68416,,,,
134.4,1,2.0057,18.577,0.059937,1,75.635,0,0
231.48,1,-1.8111,13.812,0.25535,1,37.584,0,0
302.42,0,2.7657,0.010141,0.12574,0,1.6673,0,0
,,2.2829,,0.0046802,,,,
,,3.2776,,-0.28538,,,,
43.411,0,-0.9526,3.4507,0.59247,0,39.984,0,1
323.47,0,3.7193,0,0.13103,0,1.8657,0,0
143.41,1,-1.5829,5.1543,0.057903,1,81.728,0,0
318.27,0,4.5384,0.0078058,0.17516,0,1.8911,0,0
119.11,0,3.692,0.0059469,0.19109,0,1.8083,0,0
359.22,1,-0.8711,120.89,0.068689,1,88.124,0,0
269.95,0,3.1137,0,0.26516,0,0.97132,0,0
113.22,0,2.8802,2.4701,0.032845,0,1.0312,0,0
222.95,0,3.8691,0,0.073529,0,4.0976,0,0
112.92,1,-1.2049,3.5632,0.29141,0,83.553,0,0
217,0,3.4333,0.052049,0.15789,0,2.6289,0,0
52.504,1,-0.71042,40.673,0.10506,1,83.151,0,0
218.4,0,3.1061,5.9588,0.7758,0,60.238,0,1
,,1.5356,,-0.21959,,,,
353.95,0,-1.8757,2.6803,0.64564,0,65.474,0,1
183.54,0,-1.633,4.8383,0.6491,0,21.525,0,1
359.29,0,2.6068,8.8271,0.64973,0,0.17774,0,1
89.273,0,2.4054,31.995,0.30221,0,0.2528,0,0
359.27,0,-1.0352,0,0.30031,0,0.19492,0,0
175.52,1,-0.13385,13.736,0.14886,1,0.3505,1,0
,,-0.99719,,0.37044,,,,
,,1.9472,,-0.29952,,,,
89.275,1,3.7283,13.537,-0.052908,1,0.83332,1,0
,,2.2968,,-0.30719,,,,
79.384,0,4.7947,0.0040083,0.3018,0,1.6681,0,0
138.19,0,3.9105,12.452,0.51663,0,22.25,0,1
307,0,3.6775,0.018503,0.34054,0,38.814,0,0
189.04,0,0.35162,3.1334,0.745,0,28.617,0,1
149.49,0,3.4253,0,0.23673,0,8.4279,0,0
157.25,0,2.6261,0.22019,0.12977,0,42.278,0,0
324,0,6.2107,0,0.045161,0,0.47757,0,0
188.46,1,2.7943,16.969,0.12322,1,0.1801,1,0
104.18,0,-0.86024,0,0.2269,0,0.53525,0,0
213.4,0,0.50687,0,0.36962,0,1.5368,0,0
,,2.4365,,-0.22908,,,,
336.09,1,3.1756,72.209,0.12301,1,24.019,0,0
332.66,1,-1.1876,6.5943,0.11469,0,84.369,0,0
346.51,1,-1.1049,14.721,0.037313,1,1.5867,1,0
176.72,0,4.1677,0.02422,0.070054,0,1.2795,0,0
,,2.9733,,-0.27059,,,,
134.21,0,-0.96892,0.024619,0.45239,0,0.56012,0,0
269.13,0,-0.61263,3.5533,0.40783,0,71.831,0,1
194.58,0,0.46618,1.5965,0.72279,0,53.377,0,0
328.08,0,1.7628,0.42829,0.13921,0,1.3639,0,0
,,,,-0.2649,,,,
170.96,0,-1.1395,0,0.12309,0,1.3497,0,0
108.81,0,3.5653,0.0068223,0.082869,0,0.92679,0,0
,,2.2242,,-0.4067,,,,
,,2.5701,,-0.31672,,,,
294.62,,3.2812,,0.030271,0,0.68994,0,
269.28,1,-0.21426,20.672,0.017913,1,0.37941,1,0
239.7,0,5.5425,0.018447,0.05812,0,2.4707,0,0
272.28,1,-1.1499,12.433,0.29783,1,0.65605,1,0
94.046,1,3.6641,16.726,-0.023977,1,39.471,0,0
269.28,0,-1.289,0,0.32412,0,1.5515,0,0
,,,,-0.24425,,,,
,,,,-0.41844,,,,
359.28,0,-0.58936,0.0078629,0.27656,0,0.063058,0,0
135.71,1,-1.1242,14.433,0.11219,1,1.3842,1,0
217.24,0,3.8896,0,0.064446,0,0.98132,0,0
19.48,0,3.7987,0,0.30627,0,1.0993,0,0
230.05,1,-0.48978,12.87,0.12623,1,0.081596,1,0
320.45,0,3.4515,1.3178,0.08885,0,0.48576,0,0
,,3.3297,,-0.39871,,,,
,,2.3636,,-0.29452,,,,
48.746,0,2.3379,0,0.75718,0,3.6474,0,0
,,1.0248,,-0.37037,,,,
347.07,1,3.2672,12.939,0.18289,1,0.65114,1,0
,,,,-0.28685,,,,
359.3,0,2.8396,13.051,0.72605,0,25.228,0,1
64.434,0,-0.19291,0.0016147,0.44065,0,0.17735,0,0
89.298,0,3.6731,0.00065207,0.078361,0,0.78737,0,0
,,,,-0.35484,,,,
,,2.4965,,-0.41132,,,,
359.37,1,2.8611,9.7636,0.07173,0,73.59,0,0
211.14,0,3.245,0.015877,0.30216,0,5.9376,0,0
55.561,0,0.93537,0.0035315,0.18738,0,0.98109,0,0
165.14,0,0.64215,0.013254,0.052941,0,21.574,0,0
,,3.2588,,-0.38404,,,,
,,2.4713,,-0.35407,,,,
,,,,-0.35774,,,,
,,3.053,,0.029979,,,,
78.168,0,-1.5088,0,0.45901,0,0.74384,0,0
14.387,1,-0.5318,27.468,0.1104,1,3.1292,1,0
143.33,1,0.25639,16.08,0.12546,1,1.0764,1,0
266.47,0,3.2255,14.917,0.44304,0,0.11514,0,1
157.04,1,4.81,11.507,0.090682,1,0.74327,1,0
245.53,1,0.47319,4.9052,0.087302,1,19.024,0,0
148.07,1,-0.23655,20.208,0.10971,1,0.80405,1,0
179.23,0,0.84542,1.2417,0.75427,0,70.244,0,0
89.3,1,3.2534,3.2957,0.14835,0,0.086221,0,0
315.77,0,1.8227,0,0.13018,0,16.073,0,0
89.288,0,2.5468,5.2279,0.6856,0,32.476,0,1
,,2.3733,,-0.2046,,,,
,,,,-0.28803,,,,
19.597,1,1.325,18.955,0.21464,1,4.9878,1,0
342.28,0,5.2674,0.035744,0.12393,0,1.4925,0,0
192.85,1,-1.2161,28.012,0.16785,1,7.3057,1,0
180.59,0,0.082938,0.33056,0.1489,0,7.4638,0,0
303.92,0,-0.2219,11.889,0.4325,0,0.18161,0,1
134.52,0,-1.5672,7.0798,0.75475,0,34.46,0,1
159.15,1,0.31119,14.178,0.10963,1,1.0013,1,0
269.27,1,-1.1318,10.688,0.16809,1,61.912,0,0
89.277,0,-1.0282,0.009508,0.45249,0,0.2299,0,0
328.14,0,2.2893,0,0.089534,0,0.45551,0,0
217.71,0,0.51994,18.74,0.89328,0,67.656,0,1
,,2.9773,,-0.088146,,,,
317.45,0,-1.0959,0.040584,0.081641,0,2.5064,0,0
318.1,1,-0.98411,60.977,0.015152,1,2.3904,1,0
179.29,1,1.98,12.458,0.25597,1,0.32672,1,0
106.95,1,4.8052,11.62,0.070248,1,0.98294,1,0
,,3.3203,,0.079739,,,,
,,2.7279,,-0.25434,,,,
325.35,0,3.6374,0,0.13208,0,0.5458,0,0
208.05,1,-0.21363,20.365,0.029797,1,0.95491,1,0
340.83,0,2.8161,2.8314,0.4089,0,45.8,0,1
358.62,0,-1.2334,0.018415,0.33096,0,28.888,0,0
205.92,1,3.8864,12.723,0.23503,1,0.29502,1,0
1.3264,0,-1.2735,0.024266,0.17378,0,0.48186,0,0
69.07,0,-1.7719,0,0.32388,0,21.213,0,0
251.6,0,3.0262,1.5385,0.12426,0,1.3391,0,0
,,2.4752,,-0.30049,,,,
257.75,0,0.28001,0,0.14379,0,3.6378,0,0
173.71,0,-1.408,0.0083851,0.44444,0,3.1935,0,0
224.52,0,2.5726,0.0077574,0.63788,0,14.17,0,0
,,2.3913,,-0.325,,,,
153.82,0,5.4429,0.0072107,0.043529,0,0.89531,0,0
206.33,0,2.9866,5.6438,0.8441,0,77.824,0,1
312.64,0,3.8567,0,0.069138,0,0.73496,0,0
303.08,1,-0.94342,15.145,0.22215,1,1.0097,1,0
166.36,0,0.43935,18.234,0.83467,0,44.248,0,1
,,2.8715,,-0.41085,,,,
228.2,1,3.5673,13.157,0.022677,1,16.664,0,0
300.65,1,-1.1965,14.683,0.15385,1,18.797,0,0
15.397,0,4.1641,0,0.045849,0,0.39383,0,0
15.665,0,5.3384,0.047034,0.2424,0,16.036,0,0
,,2.6481,,-0.26217,,,,
75.865,0,-0.084899,0.001399,0.13775,0,2.4211,0,0
318.67,0,-1.2032,0.0092036,0.25694,0,35.482,0,0
20.959,0,0.45188,15.789,0.68556,0,48.559,0,1
108.42,0,3.4459,0.030127,0.12625,0,2.6748,0,0
157.83,0,3.4642,0.0062675,0.080559,0,5.7769,0,0
208.21,1,4.7756,23.017,0.064693,1,6.7921,1,0
110.3,0,1.5047,7.9862,0.67049,0,74.002,0,1
,,2.8752,,-0.16463,,,,
263.63,0,0.24117,0.21223,0.16602,0,1.5706,0,0
342.22,0,-1.8891,0.010283,0.73057,0,6.6915,0,0
182.82,0,0.37458,4.3709,0.3959,0,79.603,0,0
,,3.278,,0.027397,,,,
252.01,0,2.8791,0.015249,0.11957,0,0.92684,0,0
242.9,0,-1.1284,0.63101,0.67624,0,22.29,0,0
,,2.198,,-0.063063,,,,
347.6,0,-1.8602,0,0.20019,0,0.56782,0,0
325.57,0,4.3524,0.10161,0.30814,0,7.8823,0,0
87.873,1,-0.16184,38.786,0.14387,0,88.391,0,0
357.89,0,-0.20779,1.8456,0.32338,0,72.004,0,0
,,3.2248,,-0.45,,,,
,,3.4733,,-0.3322,,,,
272.84,0,2.6546,0,0.078547,0,0.27641,0,0
215.38,1,4.0165,29.957,0.20997,1,69.31,0,0
17.086,0,3.557,4.9668,0.68831,0,51.031,0,1
359.66,1,3.0343,13.755,0.13712,1,56.225,0,0
,,2.4754,,-0.29187,,,,
,,2.3656,,-0.3179,,,,
95.367,0,4.1046,0.022346,0.12441,0,0.43348,0,0
355.66,1,3.1645,13.091,0.018123,1,0.54572,1,0
56.334,0,2.9876,0.0077379,0.22464,0,0.137,0,0
,,2.7438,,-0.29189,,,,
,,2.9791,,-0.096,,,,
,,3.5135,,-0.28918,,,,
223.84,1,0.11172,4.1178,0.13058,1,15.671,1,0
,,2.4659,,-0.2169,,,,
238.88,0,-1.4384,5.8747,0.67023,0,34.619,0,1
230.17,1,-1.1745,11.879,0.2239,0,68.112,0,0
,,0.97005,,-0.22822,,,,
,,3.2591,,-0.32026,,,,
43.548,0,1.2079,0,0.28782,0,10.154,0,0
268.42,0,2.7653,0.21611,0.5724,0,0.57768,0,0
314.2,0,1.091,0,0.39754,0,1.469,0,0
355.81,0,-1.307,0,0.42092,0,4.5563,0,0
22.734,0,-1.2782,0.0068396,0.30165,0,2.0926,0,0
52.14,1,2.8833,16.423,0.1477,1,0.38934,1,0
216.35,0,2.7423,0.020217,0.11779,0,1.7737,0,0
,,6.8626,,-0.25258,,,,
174.25,0,3.4616,0.79456,0.5275,0,21.834,0,0
,,-1.03,,0.31046,,,,
275.3,1,0.7544,8.596,0.21497,1,0.10984,1,0
282.94,0,0.34393,3.3182,0.77601,0,8.5075,0,1
268.65,0,-0.23811,0.0084074,0.054653,0,81.001,0,0
59.48,0,3.3417,6.1393,0.60548,0,19.93,0,1
348.77,1,-1.0673,14.019,0.062527,1,17.604,0,0
79.249,0,2.9999,0.01065,0.1338,0,1.4123,0,0
11.192,1,0.30361,24.629,0.12766,1,21.777,0,0
341.11,0,3.3921,0.00025201,0.75035,0,1.0136,0,0
,,1.1331,,-0.25253,,,,
21.129,0,-1.3703,0,0.29321,0,0.49412,0,0
126.46,1,0.34352,16.994,0.15198,1,11.431,0,0
328.08,0,-1.1246,0.0087975,0.14748,0,1.3201,0,0
209.2,0,-0.96002,0,0.35392,0,10.394,0,0
145.65,0,-1.2833,0.023936,0.43408,0,1.4318,0,0
113.18,0,-1.2599,0.050854,0.36755,0,0.11317,0,0
331.75,1,0.90192,55.55,0.016889,1,0.64658,1,0
89.456,1,2.9505,16.233,0.10448,1,46.157,0,0
213.9,0,-1.7865,1.8768,0.6491,0,51.517,0,0
59.604,1,2.9909,8.7327,0.15702,1,0.23154,1,0
90.054,0,3.7864,0,0.46939,0,11.985,0,0
255.66,1,-0.91264,13.411,0.18948,1,28.554,0,0
,,3.345,,-0.17073,,,,
147.99,0,0.20588,0,0.56657,0,0.44273,0,0
224.36,0,-0.96618,0,0.17835,0,0.5033,0,0
134.04,,-0.78799,,0.15985,1,87.23,0,
,,2.8553,,-0.39736,,,,
234.43,0,3.7418,0.021008,0.20767,0,2.6952,0,0
250.44,0,-1.5323,0.015815,0.10434,0,1.4025,0,0
89.28,0,3.2494,0.021393,0.71709,0,0.85058,0,0
78.688,0,3.3851,0.045879,0.18413,0,7.4079,0,0
165.33,0,3.7847,0,0.4025,0,4.6802,0,0
61.627,0,3.2251,6.3658e-05,0.13824,0,1.7647,0,0
260.93,1,0.69187,17.035,0.23938,1,26.11,0,0
332.25,0,-1.9516,2.4632,0.62917,0,41.976,0,0
,,3.2747,,-0.29636,,,,
340.24,0,2.8113,16.572,0.42578,0,0.56389,0,1
88.093,0,-0.17026,0,0.23943,0,37.36,0,0
,,0.99167,,-0.24819,,,,
179.29,0,-1.0375,0,0.54981,0,40.043,0,0
345.51,0,0.57246,15.831,0.60676,0,41.185,0,1
,,1.6095,,-0.38951,,,,
133.67,0,0.48403,0.14967,0.13676,0,50.721,0,0
328.23,0,-1.8837,5.2031,0.74977,0,28.162,0,1
15.618,0,0.29119,3.1217,0.62222,0,58.956,0,1
,,2.6905,,-0.25475,,,,
187.65,0,2.8295,6.4432,0.76791,0,46.002,0,1
343.11,0,6.0029,0.0099635,0.032581,0,0.94902,0,0
63.568,0,3.5033,0.00141,0.63412,0,3.5233,0,0
285.09,0,3.3993,0.0047531,0.067351,0,3.1329,0,0
,,2.5581,,-0.3141,,,,
220.41,0,0.96229,0.17751,0.1762,0,1.2324,0,0
177.08,0,5.6178,0.017251,0.087071,0,1.7894,0,0
359.28,1,-1.0287,43.886,-0.018078,1,0.38402,1,0
7.802,0,3.736,0,0.72722,0,15.94,0,0
131.67,0,1.3484,0.08776,0.1145,0,1.9984,0,0
19.785,0,0.56359,11.338,0.5197,0,61.702,0,1
5.3317,0,-1.1878,1.2514,0.18478,0,84.624,0,0
73.619,0,-1.78,0,0.67926,0,4.7465,0,0
352,1,6.0576,21.076,0.18675,1,3.4348,1,0
308.97,0,-1.7712,2.2088,0.63552,0,19.32,0,0
44.365,,3.4723,,0.23455,0,86.362,0,
268.65,0,-1.2759,0.062233,0.16656,0,49.483,0,0
359.49,1,3.0899,4.0071,0.047158,0,51.636,0,0
143.61,0,-0.76811,0,0.5527,0,58.321,0,0
353.92,1,-1.2301,3.0206,0.16148,0,69.7,0,0
356.22,0,-1.0926,0.0085888,0.31012,0,1.4005,0,0
,,3.3371,,-0.35769,,,,
,,2.3827,,-0.33858,,,,
26.313,1,4.1454,46.356,0.15197,1,1.1134,1,0
337.79,0,4.0771,0.023681,0.51694,0,17.426,0,0
22.252,0,-1.8322,1.4694,0.79034,0,58.038,0,0
,,2.4156,,-0.28136,,,,
224.65,1,0.45076,27.942,0.095267,1,48.079,1,0
210.59,1,-0.12296,12.433,0.0043057,1,11.743,1,0
143.56,1,3.1347,15.73,0.16531,1,81.83,0,0
339.58,0,-1.0241,0.0064534,0.1508,0,0.42624,0,0
,,,,-0.38384,,,,
,,2.9149,,-0.45946,,,,
269.24,0,0.48404,8.3864,0.80328,0,72.779,0,1
257.53,0,3.2183,0.017563,0.1095,0,0.70441,0,0
239.73,1,1.7319,42.552,0.11028,1,2.1727,1,0
106.94,1,2.9448,3.8543,0.14588,0,76.214,0,0
112.55,1,3.9594,4.17,0.12291,1,0.76945,1,0
270.93,0,3.1496,0,0.3583,0,0.60371,0,0
,,1.5229,,0.035184,,,,
349.01,1,2.4781,2.7667,0.23452,0,68.715,0,0
,,,,-0.49615,,,,
,,1.0898,,-0.28065,,,,
45.581,1,2.5873,123.16,0.058238,0,86.449,0,0
162.53,0,0.59388,0,0.059551,0,0.47891,0,0
243.24,0,0.076183,0.016517,0.073826,0,0.63971,0,0
57.289,1,6.4301,17.738,0.14799,1,0.96243,1,0
348.11,0,0.59179,0,0.088427,0,1.5715,0,0
116.4,0,0.53666,0,0.61243,0,2.8353,0,0
284.33,0,-1.1657,0,0.62423,0,1.8979,0,0
,,2.7638,,-0.18402,,,,
49.034,0,4.0075,0,0.036339,0,1.9951,0,0
311.95,0,1.2247,0,0.13146,0,1.5393,0,0
212.61,1,0.46137,31.789,0.080347,1,1.2555,1,0
274.8,0,3.6716,0,0.065718,0,0.53699,0,0
90.837,0,-0.82789,20.034,0.48759,0,1.0521,0,1
,,3.1206,,-0.38686,,,,
,,2.854,,-0.49801,,,,
,,2.634,,-0.32209,,,,
77.854,1,0.084631,26.911,0.08207,1,63.056,0,0
62.32,,-0.75704,,0.070347,0,86.031,0,
218.03,0,2.1054,0.018585,0.098452,0,1.8733,0,0
339.98,0,3.4575,0.0058987,0.17578,0,1.8764,0,0
272.48,1,3.6,41.723,0.057423,1,14.402,0,0
28.715,1,3.1356,23.021,0.090037,1,0.36859,1,0
,,-0.43427,,0.16383,0,,,
167.72,0,3.4321,0,0.094004,0,0.57344,0,0
204.22,1,5.4698,5.1968,0.034711,1,3.0252,1,0
211.3,0,3.7888,0,0.65364,0,37.478,0,0
331.51,0,2.21,8.296,0.41676,0,69.159,0,1
301.99,0,5.0675,0.012289,0.11333,0,4.8379,0,0
,,2.5028,,-0.33951,,,,
,,3.2814,,-0.24601,,,,
,,2.6837,,0.099916,,,,
317.94,0,3.4537,0.20139,0.12296,0,14.734,0,0
,,3.4577,,-0.24497,,,,
,,2.7093,,-0.29778,,,,
336.31,0,3.4048,0.019938,0.043257,0,0.89042,0,0
30.843,0,0.1236,0.8591,0.47991,0,23.451,0,0
,,3.2802,,0.0085837,,,,
,,3.3459,,0.24972,,,,
212.55,1,-0.036691,16.596,-0.02099,1,0.17825,1,0
215.55,0,3.148,0,0.34615,0,2.2529,0,0
94.851,1,-1.1938,16.376,0.17934,1,39.389,0,0
282.87,0,0.033985,0.014715,0.16172,0,0.9519,0,0
50.868,0,3.3833,0,0.31175,0,10.007,0,0
292.8,0,-1.0178,0.012621,0.27261,0,1.623,0,0
355.01,0,-0.91117,13.287,0.30093,0,20.72,0,0
271.36,1,0.80044,13.809,0.16554,1,7.576,1,0
,,3.2066,,-0.26437,,,,
,,1.189,,-0.35135,,,,
355.57,0,2.8423,0,0.027848,0,29.301,0,0
41.501,0,3.8609,0,0.49232,0,1.3773,0,0
,,2.4251,,-0.31959,,,,
149.7,1,-1.0431,15.471,0.164,1,22.189,1,0
41.424,0,1.6469,7.1674,0.87359,0,60.566,0,1
,,2.9756,,-0.13798,,,,
121.29,1,2.7011,11.966,-0.0083682,1,1.7954,1,0
273.85,0,0.10662,13.558,0.49212,0,84.374,0,1
1.9089,0,3.5148,0,0.092437,0,46.849,0,0
314.49,0,3.0043,1.5433,0.30783,0,61.26,0,0
217.53,0,3.0105,0.0041738,0.10735,0,1.6343,0,0
,,2.5737,,-0.31868,,,,
273.22,0,3.6329,0.54152,0.42092,0,76.436,0,0
315.09,0,2.7203,0,-0.025516,0,39.365,0,0
33.127,0,1.8693,0.021092,0.53443,0,1.1869,0,0
7.7266,,3.227,,0.095193,1,44.558,0,
263.05,0,-1.3412,14.222,0.57294,0,27.323,0,1
,,2.7213,,-0.44992,,,,
158.63,1,-1.2255,12.862,0.25919,1,4.4751,1,0
,,3.2274,,-0.44144,,,,
314.2,1,-1.2504,18.067,0.17063,1,0.19478,1,0
285.5,0,3.2841,0.0063162,0.3285,0,1.3345,0,0
,,2.8701,,-0.4223,,,,
164.33,0,3.3125,0,0.5916,0,0.53407,0,0
,,2.8655,,-0.29371,,,,
28.255,0,-0.040004,0.2599,0.38359,0,31.076,0,0
245.18,1,2.8959,27.176,0.1511,1,85.817,0,0
58.162,0,3.1392,0.018195,0.42376,0,0.76533,0,0
354.43,1,3.6339,13.273,0.10855,1,0.88595,1,0
83.776,0,3.273,1.3765,0.085758,0,32.594,0,0
307.94,0,4.2712,0,0.64842,0,0.89036,0,0
,,2.7678,,-0.25859,,,,
203.64,1,-0.90118,14.859,0.15427,1,64.909,0,0
332.28,0,1.5323,3.7112,0.34396,0,0.79775,0,0
82.014,0,-0.73556,0.11096,0.066667,0,84.327,0,0
,,2.5421,,-0.35901,,,,
,,2.3375,,-0.3121,,,,
,,,,-0.30822,,,,
6.6063,0,1.2738,0,0.71724,0,1.5314,0,0
91.354,0,1.4655,13.376,0.41859,0,1.7364,0,1
188.26,0,2.3276,0.026318,0.31635,0,2.9458,0,0
,,3.3488,,-0.1688,,,,
30.412,1,-1.2099,9.3183,0.19487,1,25.504,0,0
,,3.2283,,-0.36092,,,,
64.688,0,4.1934,0.0065722,0.51222,0,0.8534,0,0
131.15,0,3.3979,0,0.42134,0,0.83333,0,0
345.91,0,3.3248,0.0054612,0.67551,0,0.57157,0,0
52.344,1,-1.1174,12.849,0.16156,1,0.49609,1,0
,,1.8237,,-0.19741,,,,
,,2.3314,,-0.11931,,,,
,,2.8828,,-0.17386,,,,
,,2.531,,-0.3539,,,,
285.62,0,1.5723,0.095658,0.32726,0,2.2209,0,0
63.606,1,-0.99646,20.777,0.12901,1,0.35712,1,0
200.87,1,-0.15474,11.918,0.0057848,1,9.895,1,0
108.42,0,-1.1987,0.013608,0.39975,0,4.2933,0,0
306.81,0,2.9796,0,0.61828,0,0.91299,0,0
260.04,0,-1.0028,0,0.26362,0,6.5801,0,0
,,1.8874,,-0.40177,,,,
351.66,1,1.3886,23.197,0.090909,1,15.698,0,0
,,3.0408,,-0.32458,,,,
,,2.1721,,-0.28947,,,,
84.989,0,-1.5821,0,0.44613,0,58.068,0,0
112.82,1,-0.41259,35.607,0.046836,1,1.6359,1,0
214.35,0,3.6819,0,0.03769,0,1.3305,0,0
,,1.8921,,-0.27157,,,,
325.9,0,1.4094,0,0.74224,0,2.9016,0,0
331.3,0,4.1886,0.26188,0.72063,0,49.708,0,0
86.929,1,1.1957,26.021,0.17898,1,1.1101,1,0
352.34,1,3.8233,25.957,0.13392,1,0.66411,1,0
359.3,1,2.6225,16.394,0.12893,1,0.98019,1,0
119.66,1,4.807,8.3946,-0.031847,1,9.9573,1,0
329.07,1,3.7354,30.053,0.12539,1,0.68,1,0
341.2,1,0.34014,26.527,0.068398,1,60.337,0,0
122.83,0,-1.6252,2.7853,0.71155,0,2.612,0,1
269.28,0,-0.59992,0.43092,0.32338,0,5.8422,0,0
339.71,0,-0.68724,0.41644,0.3909,0,67.032,0,0
,,1.6692,,0.3262,,,,
,,3.3016,,0.017566,,,,
311.78,0,2.9452,0,-0.041744,0,0.28847,0,0
50.638,0,-0.87552,8.6097,0.62996,0,65.338,0,1
,,1.7484,,0.24368,0,,,
,,1.3964,,-0.23529,,,,
248.57,1,0.41992,27.011,0.11579,1,85.715,0,0
,,2.6724,,-0.34049,,,,
76.343,1,0.2586,17.943,0.086689,1,66.128,0,0
,,2.7141,,-0.34921,,,,
20.125,1,3.7201,9.9696,0.21948,0,82.367,0,0
199.75,0,-1.0456,0.0029757,0.14769,0,0.88725,0,0
269.02,1,-0.98446,11.419,0.22049,0,34.19,0,0
359.29,0,4.0582,19.615,0.31969,0,1.2781,0,0
1.8009,1,3.2771,16.947,0.061745,1,1.8356,1,0
224.35,1,-0.85074,24.213,0.16424,1,0.15422,1,0
133.88,0,3.5989,1.9831,0.45429,0,71.578,0,0
19.59,0,2.2428,0.17879,0.097561,0,5.2055,0,0
315.34,,2.7291,,0.059181,0,33.81,0,
205.24,1,3.423,16.709,0.26197,1,0.4335,1,0
157.85,1,-0.34939,62.353,0.14227,1,75.245,0,0
98.264,,2.7634,,0.33898,0,4.9309,0,
238.92,1,-1.1732,13.028,0.12869,1,0.72601,1,0
147.58,1,-1.2382,9.7612,0.1255,0,84.051,0,0
20.694,1,3.1997,12.246,0.18735,0,84.553,0,0
179.3,1,3.3421,8.268,0.12095,1,0.0057407,1,0
291.32,1,-1.2514,8.2729,0.19163,1,79.153,0,0
,,3.244,,-0.31469,,,,
323.78,0,4.211,0,0.18091,0,0.91538,0,0
137.06,0,3.3293,0,0,0,17.03,0,0
14.273,0,0.96552,0.0058785,0.47808,0,0.77743,0,0
61.24,0,0.77927,12.274,0.68663,0,57.453,0,1
354.31,0,3.4486,0,0.043581,0,0.13236,0,0
,,2.7168,,-0.40034,,,,
,,3.3454,,-0.09589,,,,
,,2.9208,,-0.096045,,,,
27.98,0,5.1656,0,0.13824,0,0.071887,0,0
353.55,0,3.3946,1.2494,0.13805,0,52.603,0,0
9.5373,1,2.6946,16.129,0.043593,1,58.937,0,0
296.64,1,3.3282,4.7533,0.18996,0,35.301,0,0
,,2.7053,,-0.34551,,,,
,,2.8361,,-0.23916,,,,
311.87,0,3.1437,6.7728,0.46951,0,0.59318,0,1
346.38,0,3.3906,0.0085351,0.19867,0,11.195,0,0
302.91,0,5.1505,0.00038195,0.45278,0,0.31059,0,0
329.95,1,0.33168,17.374,0.18018,1,51.593,0,0
183.75,0,2.6141,0.12699,0.086304,0,4.9902,0,0
66.661,0,-1.0747,1.6823,0.28702,0,17.831,0,0
43.842,0,2.7945,0.026911,0.27549,0,0.8848,0,0
64.467,0,0.83072,0.017375,0.2426,0,1.8166,0,0
,,2.3656,,-0.29721,,,,
56.737,0,2.427,0.005712,0.090633,0,1.9286,0,0
137.65,1,-0.51498,11.437,0.068465,1,75.651,0,0
,,2.4183,,0.030568,,,,
232.36,1,0.49011,14.605,0.086792,1,36.352,0,0
140.62,1,3.3796,10.058,0.17681,0,0.87376,0,0
261.59,1,2.699,17.761,0.096715,0,55.592,0,0
,,,,-0.4958,,,,
,,3.2565,,-0.19799,,,,
225.05,0,0.4735,0,0.10957,0,1.3475,0,0
29.159,0,3.0265,0,0.031828,0,0.77339,0,0
,,2.6624,,-0.37699,,,,
305.36,0,-1.4964,1.4055,0.68723,0,0.36984,0,0
208.32,0,3.6903,0,0.16813,0,0.9833,0,0
171.99,1,-0.91866,19.074,0.14251,1,36.947,1,0
218.23,0,3.7977,0,0.19657,0,0.68559,0,0
,,3.3049,,-0.25939,,,,
342.14,0,3.4225,0.0066798,0.35569,0,0.077986,0,0
,,,,-0.34708,,,,
,,3.3075,,-0.2093,,,,
315.52,0,3.2845,0.029956,0.52181,0,13.687,0,0
133.08,0,2.5001,1.3,0.42033,0,15.086,0,0
,,2.9377,,-0.33083,,,,
328.78,0,0.24165,0.11075,0.56113,0,78.964,0,0
,,3.5985,,-0.26056,,,,
175.84,0,3.0907,0.0027368,0.12612,0,1.2461,0,0
352.76,0,2.5058,3.9888,0.38649,0,59.359,0,0
156.71,1,-0.89434,14.261,0.172,1,1.0926,1,0
,,3.3408,,-0.18548,,,,
359.3,0,2.3713,0,-0.090366,0,0.46435,0,0
58.301,0,2.824,0,0.12332,0,1.5481,0,0
144.47,1,-1.316,13.446,0.078277,1,33.557,1,0
68.238,0,3.1126,7.7383,0.4501,0,60.457,0,1
347.65,0,4.0199,0.013024,0.27051,0,0.82529,0,0
,,2.451,,-0.18841,,,,
198.06,1,-1.136,11.462,0.11761,1,0.3391,1,0
358.93,1,3.6682,13.058,0.26855,1,24.8,0,0
46.42,1,4.2025,34.929,0.12589,1,0.7919,1,0
299.55,1,4.023,8.3265,0.060024,1,0.35268,1,0
12.069,0,2.2902,0,-0.10414,0,6.4159,0,0
81.63,1,-0.45526,31.905,0.085552,1,64.748,0,0
240.77,0,4.0256,6.7304,0.58326,0,65.907,0,1
0.13848,0,0.15912,1.0684,0.26241,0,36.522,0,0
341.47,0,-1.4092,6.9291,0.60108,0,69.044,0,1
342.27,1,-0.78616,14.402,0.19061,1,35.89,0,0
353.75,0,2.0186,0.0099239,0.13851,0,0.71419,0,0
117.28,0,-0.85068,0,0.28923,0,8.6882,0,0
179.29,0,2.7125,0.54073,0.090387,0,62.208,0,0
291.33,0,-1.2683,0,0.38618,0,1.4198,0,0
121.55,,2.9396,,0.12378,1,82.518,0,
,,2.4131,,0.097403,,,,
223.99,1,-1.0514,16.714,0.12453,1,42.823,1,0
97.347,0,2.4484,0.068652,0.051111,0,6.9488,0,0
274.27,0,3.7955,0,0.22766,0,46.97,0,0
334.16,1,-0.96939,14.609,0.12053,1,0.78515,1,0
357.96,0,-0.21074,2.3062,0.32453,0,72.39,0,0
6.8736,0,3.5331,0,0.86583,0,15.073,0,0
179.25,1,-0.8902,5.7415,0.20029,0,77.818,0,0
283.29,0,3.5701,0.0035472,0.47754,0,2.439,0,0
272.99,0,3.5403,0.40653,0.38865,0,21.611,0,0
269.35,1,3.611,21.044,0.18254,1,32.464,0,0
55.531,1,0.42545,16.341,0.10801,1,24.78,0,0
266.65,0,-0.86751,19.238,0.44942,0,79.571,0,1
68.374,0,-1.5626,0.018799,0.73925,0,0.57833,0,0
20.838,,-0.67436,,0.183,1,5.3349,1,
,,1.3335,,-0.36972,,,,
59.063,0,-1.5879,0.0058533,0.53031,0,59.056,0,0
,,2.4223,,-0.02521,,,,
,,3.2707,,-0.25862,,,,
161.98,1,3.6017,28.429,0.066533,1,5.6978,1,0
351.66,0,3.1648,0.014677,0.20428,0,2.2517,0,0
318.83,0,0.34515,0,0.1805,0,3.9794,0,0
184.04,1,1.7199,10.76,0.15217,1,44.804,1,0
89.297,0,3.5458,0,0.22975,0,0.85632,0,0
208.22,0,4.0049,0.0013056,0.27662,0,0.32092,0,0
154.64,0,0.8532,0,0.77135,0,0.96491,0,0
278.07,0,3.6359,0,0.27203,0,3.2941,0,0
0.53021,1,0.48257,34.73,0.097889,1,20.722,0,0
106.81,0,0.26682,0.032477,0.15212,0,1.3137,0,0
212.05,0,3.5927,0,0.053667,0,1.7516,0,0
21.867,0,4.9772,0.027509,0.19668,0,0.32909,0,0
139.35,0,-0.87227,0,0.27512,0,1.6293,0,0
,,2.8297,,-0.31993,,,,
293.88,0,3.3385,3.1001,0.45196,0,8.0318,0,1
217.86,0,3.4659,0.24577,0.17085,0,59.257,0,0
220.76,1,2.2557,4.4452,-0.023335,1,1.2238,1,0
,,1.5026,,-0.13758,,,,
48.098,0,6.1282,0.42109,0.030623,0,2.0536,0,0
168.22,0,1.58,0,0.013935,0,82.149,0,0
184.37,0,0.66646,3.232,0.8729,0,79.207,0,1
139.1,0,-0.60504,0.030041,0.1145,0,1.2828,0,0
270.73,1,-0.7305,31.243,0.15736,1,9.4405,1,0
262.77,0,3.4316,0.027498,0.29248,0,2.0701,0,0
,,1.0596,,-0.38262,,,,
18.869,0,1.2147,0.013015,0.088983,0,1.8005,0,0
,,3.0339,,-0.25828,,,,
233.33,0,3.4349,0.029038,0.31026,0,0.39053,0,0
177.93,0,-0.97079,15.239,0.71393,0,56.417,0,1
167.91,1,0.38824,4.86,0.19004,1,35.17,1,0
60.733,0,0.13959,31.841,0.43494,0,0.86362,0,1
,,2.5203,,-0.28111,,,,
206.76,1,3.5946,40.167,0.024555,1,2.0798,1,0
,,2.9891,,-0.16585,,,,
164.43,0,4.03,0,0.19747,0,0.8066,0,0
32.409,0,4.092,0,0.38625,0,0.43125,0,0
321.62,0,-1.5781,0.043466,0.73057,0,4.1134,0,0
89.278,0,-1.2137,1.1928,0.64249,0,23.782,0,0
185.49,1,2.9303,5.0242,0.16026,0,68.16,0,0
139.72,,2.2392,,0.41463,0,4.8235,0,
,,2.8584,,-0.058524,,,,
116.95,0,-0.31245,0,0.090766,0,0.50618,0,0
283.03,1,2.5607,80.536,0.028634,1,1.4492,1,0
266.84,0,-0.44601,12.321,0.36636,0,28.652,0,0
,,,,-0.38023,,,,
,,2.8495,,-0.28222,,,,
,,3.1804,,0.026549,,,,
186.71,1,5.1767,4.7333,0.031076,1,3.9596,1,0
,,1.8776,,-0.40102,,,,
,,3.3363,,-0.35207,,,,
,,2.9195,,-0.27141,,,,
,,,,-0.43657,,,,
270.37,1,-0.069927,16.286,0.0051458,1,0.30459,1,0
111.76,0,1.7378,0.29971,0.24341,0,1.2066,0,0
267.06,0,0.15103,0,0.7181,0,47.514,0,0
,,,,-0.29984,,,,
,,2.8919,,-0.35046,,,,
113.05,1,-1.0206,8.254,0.073728,1,0.37683,1,0
128.14,0,3.1189,0.0092773,0.11216,0,1.8816,0,0
144.69,0,3.7541,0.017937,0.55567,0,4.6149,0,0
,,2.8569,,-0.45387,,,,
165.9,0,-1.0011,0,0.17227,0,1.143,0,0
323.46,1,-1.2565,10.327,0.19704,1,40.664,0,0
179.28,0,3.6923,1.643,0.31549,0,50.719,0,0
74.465,0,1.0068,0,0.66366,0,17.994,0,0
,,1.4649,,-0.3838,,,,
,,-0.034695,,0.27273,,,,
68.645,1,-0.16301,15.137,0.11215,1,12.112,0,0
126.1,0,3.1531,10.956,0.34036,0,0.14355,0,0
106.95,1,-0.38908,14.875,0.030811,1,1.0012,1,0
185.63,0,2.5721,0.0054495,0.24265,0,1.5628,0,0
253.7,0,2.4519,5.2151,0.49834,0,71.56,0,1
89.004,1,3.2224,11.719,0.20414,0,57.473,0,0
194.19,0,3.2917,3.2856,0.4429,0,0.78296,0,1
69.256,1,0.40192,25.499,0.095826,1,48.36,0,0
201.57,0,2.6993,0,0.030928,0,0.54526,0,0
313.14,0,3.375,0,0.35022,0,0.43034,0,0
275.71,0,1.0384,0.013557,0.46083,0,0.91959,0,0
341.36,0,-1.2799,0.043056,0.17796,0,1.4758,0,0
342.91,0,3.4576,0,0.4466,0,0.79468,0,0
31.869,0,3.2441,0.0039525,0.082857,0,1.9314,0,0
,,0.95662,,-0.43454,,,,
,,2.469,,-0.23853,,,,
237.98,1,2.1221,11.296,0.28111,1,0.94852,1,0
316.12,1,3.524,6.8163,0.10243,1,1.7679,1,0
268.66,1,1.0553,16.891,0.13749,1,58.278,0,0
,,2.2256,,-0.28313,,,,
318.67,0,5.2969,0,0.053435,0,0.73262,0,0
242.76,0,-0.85555,4.7311,0.6578,0,59.128,0,1
179.28,0,-0.36117,0,0.42239,0,0.3325,0,0
217.56,0,4.1675,13.331,0.31793,0,76.484,0,0
179.28,0,-0.25816,0,0.13274,0,0.67072,0,0
179.28,0,4.01,0,0.28342,0,0.6707,0,0
185.26,0,-1.5828,0,0.27817,0,0.49572,0,0
,,2.837,,-0.30104,,,,
,,0.099783,,-0.053541,,,,
269.29,0,0.80644,0.022655,0.34816,0,1.9993,0,0
,,2.697,,-0.24444,,,,
314.96,0,0.039204,0.0040957,0.13351,0,5.1936,0,0
70.352,,4.0055,,0.13876,0,1.4125,0,
164.65,0,2.9863,2.0242,0.19348,0,57.023,0,0
,,,,-0.28411,,,,
,,2.6969,,-0.29102,,,,
359.29,0,0.26745,0.018247,0.05641,0,0.034396,0,0
137.11,,3.0124,,0.12439,0,57.948,0,
,,,,-0.4186,,,,
290.76,1,-1.167,11.55,0.12509,1,0.23468,1,0
,,3.1345,,-0.35862,,,,
70.091,0,2.4687,1.4791,-0.32253,0,4.5065,0,0
,,2.6567,,-0.18016,,,,
,,3.1511,,-0.33494,,,,
278.8,0,4.0556,0,0.28177,0,0.79833,0,0
228.43,0,3.1391,0.12609,0.23157,0,73.918,0,0
65.029,0,-1.1223,0,0.38322,0,0.19541,0,0
180.5,0,2.8505,0.015255,0.20449,0,1.9259,0,0
124.84,1,2.572,4.8709,0.18997,0,81.715,0,0
,,2.9254,,-0.26794,,,,
49.378,1,2.7758,20.946,0.076268,1,0.4646,1,0
50.563,0,4.5659,16.125,0.31229,0,10.783,0,0
,,2.9517,,-0.26737,,,,
283.89,,1.6062,,0.026567,0,30.484,0,
,,2.7081,,-0.017614,,,,
,,2.6338,,-0.28062,,,,
147,0,-0.37859,0,0.22215,0,1.6676,0,0
,,0.4008,,0.73463,,,,
88.227,0,0.83263,0.0052743,0.28944,0,0.31042,0,0
359.28,0,1.1401,14.674,0.83263,0,38.455,0,1
2.1328,1,-0.352,39.619,0.20485,1,4.0343,1,0
161.98,1,-0.25202,15.854,0.062591,1,56.956,1,0
129.93,0,4.1496,0,0.30417,0,3.971,0,0
359.29,1,3.4739,5.2498,0.14632,1,3.3556,1,0
,,3.2587,,-0.39442,,,,
58.878,0,-1.6111,0.021163,0.66931,0,0.33985,0,0
,,2.7052,,-0.24723,,,,
273.66,0,7.8288,0,0.040149,0,14.707,0,0
75.178,0,3.482,0.049934,0.11942,0,2.0675,0,0
124.85,0,0.22044,11.47,0.80748,0,82.505,0,1
,,,,-0.41039,,,,
,,3.3575,,0.069001,,,,
198.13,0,1.833,0.020598,0.18341,0,4.2266,0,0
330.68,0,3.2726,0,0.46062,0,1.9321,0,0
296.08,1,-1.1755,3.1048,0.1132,1,60.651,0,0
,,-0.17826,,0.37421,,,,
344.46,1,0.93686,5.3069,0.14544,0,45.508,0,0
79.856,1,-0.92441,30.362,0.19313,1,0.20969,1,0
7.8279,0,-0.53858,0,0.1825,0,0.46378,0,0
,,2.8753,,-0.22204,,,,
,,1.6966,,-0.20147,,,,
179.28,0,-0.2927,2.8972,0.8288,0,42.699,0,1
39.167,1,2.8992,11.522,0.29163,1,0.17926,1,0
108.56,0,2.541,0.019935,0.71371,0,77.974,0,0
73.368,1,0.51184,14.468,0.040046,1,12.367,0,0
150.51,0,-1.2404,0,0.2948,0,1.3732,0,0
,,2.7098,,-0.25034,,,,
217.38,0,3.2487,0.02037,0.081081,0,2.133,0,0
136.82,1,2.5139,10.049,0.23206,0,76.199,0,0
79.228,0,0.28871,0.0058948,0.3306,0,0.78798,0,0
160.47,0,6.1663,0.040058,0.024268,0,4.3583,0,0
358.01,0,-1.0508,0,0.3306,0,12.105,0,0
196.37,0,-1.2348,7.6221,0.46027,0,27.165,0,1
61.863,0,3.4273,0.01347,0.15098,0,2.2265,0,0
92.933,0,3.6716,2.8106,0.65153,0,15.409,0,1
240.94,0,3.4033,0.011446,0.065722,0,2.1477,0,0
95.247,1,2.6971,9.8292,0.0084175,1,1.7678,1,0
89.273,0,-1.2473,1.483,0.34634,0,67.786,0,0
331.11,0,1.5535,0,0.12397,0,1.5214,0,0
,,2.6176,,-0.19881,,,,
,,2.1201,,-0.28513,,,,
,,2.0032,,-0.29846,,,,
94.561,0,3.0213,0,-0.14815,0,18.329,0,0
258.94,0,0.56552,0.070184,0.041203,0,4.3036,0,0
179.29,1,1.4082,25.832,0.14431,1,0.18348,1,0
,,2.8496,,-0.2657,,,,
313.53,0,3.5862,0,0.07772,0,0.33693,0,0
274.2,0,-1.4183,13.649,0.66073,0,68.523,0,1
,,3.0174,,-0.26677,,,,
359.29,0,2.5284,0,0.52334,0,0.068792,0,0
155.72,0,0.37444,10.74,0.88521,0,73.971,0,1
228.71,0,3.3513,5.8963,0.66879,0,67.433,0,1
273.89,0,1.2671,1.5382,0.48541,0,42.846,0,0
150.65,0,0.28084,8.3799,0.63568,0,77.735,0,1
182.83,0,0.017152,2.7118,0.68402,0,11.299,0,1
219.32,0,-0.7251,0,0.068702,0,0.78619,0,0
176.17,,1.372,,0.062977,0,60.673,0,
270.5,0,3.5547,0,0.41029,0,5.4506,0,0
107.95,1,2.4518,44.263,0.083384,1,85.368,0,0
,,2.7845,,-0.31034,,,,
198.69,0,3.9285,0.0060151,-0.0064968,0,1.2458,0,0
142.96,0,3.267,0,0.055595,0,0.74709,0,0
209.26,0,3.7848,2.3975,0.19476,0,68.217,0,0
314.36,,3.3139,,0.36241,0,87.917,0,
,,-1.1987,,0.37371,,,,
89.274,0,3.2592,0.0053365,0.50958,0,3.4616,0,0
,,-0.4293,,0.16198,,,,
359.27,0,1.7327,1.1939,0.063878,0,16.001,0,0
8.7574,0,-1.4153,0,0.62642,0,0.97638,0,0
155.79,0,3.4642,0,0.39637,0,3.5402,0,0
179.29,1,3.5734,13.02,0.12821,1,0.36116,1,0
164.83,1,-0.31447,30.423,0.27088,1,4.0955,1,0
228.88,0,2.6277,0.082555,0.16091,0,1.7018,0,0
269.28,1,0.65713,4.3168,0.15444,1,49.861,0,0
187.71,0,3.4043,6.6941,0.40038,0,37.216,0,1
,,3.1149,,-0.31727,,,,
190.34,0,3.8372,0.0094221,0.16883,0,20.261,0,0
36.213,0,6.3008,0,0.21746,0,2.6583,0,0
184.4,0,-0.29033,0,0.32383,0,1.3524,0,0
,,3.0827,,0.23182,,,,
13.615,0,0.40157,0,0.26616,0,0.32541,0,0
309.54,1,-0.84956,18.35,0.25431,1,9.3102,1,0
142.73,0,4.2713,0,0.054759,0,1.9193,0,0
137.11,0,2.3539,5.3403,0.46256,0,26.161,0,1
78.402,0,4.2814,0.0060234,0.17342,0,1.3343,0,0
20.152,,2.4808,,0.014896,0,24.306,0,
233.03,0,1.7205,8.1207,0.47872,0,75.16,0,1
,,2.137,,-0.070336,,,,
266.56,0,4.7581,0.00033951,0.12057,0,0.12083,0,0
112.15,0,5.9108,0,0.043846,0,3.2277,0,0
,,2.8637,,-0.42755,,,,
89.278,0,1.1661,8.8656,0.86673,0,75.863,0,1
336.96,0,2.5489,0.0086777,0.29973,0,21.129,0,0
252.78,0,3.5053,3.0602,0.34661,0,0.2218,0,0
,,2.6803,,-0.29134,,,,
89.284,0,0.52228,4.8737,0.77951,0,62.549,0,1
79.641,1,-0.95848,14.274,0.16421,0,79.059,0,0
125.9,0,-0.93608,2.3594,0.50022,0,67.99,0,0
210.65,0,-1.2229,1.0448,0.1899,0,64.956,0,0
358.46,0,-1.2024,0,0.5149,0,0.40133,0,0
329.42,0,3.4878,1.2334,0.41065,0,57.139,0,0
119.68,0,-1.2406,1.0754,0.65212,0,12.398,0,0
,,2.6726,,-0.38318,,,,
113.86,0,4.8118,0,0.042271,0,59.056,0,0
264.66,0,-1.2547,11.313,0.36579,0,70.057,0,0
89.847,1,-1.105,14.564,0.15213,1,23.711,0,0
353.88,0,-1.042,0,0.32436,0,1.2839,0,0
232.74,0,3.0833,0.40588,0.61984,0,17.004,0,0
223.22,0,2.2339,0,0.069695,0,47.049,0,0
120.18,0,3.5356,1.4532,0.25158,0,54.699,0,0
347.78,0,0.36883,0.0038733,0.14155,0,1.4682,0,0
182.1,0,3.0435,1.2699,0.43111,0,34.607,0,0
205.54,0,0.35264,0.0075625,0.11604,0,1.1695,0,0
359.28,1,0.2731,25.422,0.049917,1,41.778,0,0
129.72,0,-1.8565,0.023224,0.20947,0,3.3192,0,0
65.875,0,2.6314,0.0048251,0.41704,0,1.384,0,0
324.85,0,1.1398,0,0.2944,0,1.7166,0,0
351.18,1,-1.1912,12.543,0.18846,1,65.588,0,0
,,2.8992,,-0.2605,,,,
174.94,0,-0.20125,0.005149,0.024778,0,1.0635,0,0
,,3.2429,,-0.44102,,,,
202.1,0,3.1978,0.058756,0.050309,0,0.19278,0,0
253,1,-0.47743,31.125,0.099134,1,39.985,0,0
65.941,0,-0.9418,12.181,0.35444,0,0.23162,0,0
,,,,-0.31606,,,,
359.28,0,-0.99255,0.003952,0.34171,0,0.14332,0,0
232.11,0,-0.9023,0.049503,0.72741,0,37.403,0,0
209.09,0,3.9246,0.027165,0.39112,0,0.46248,0,0
359.27,0,2.8473,0.002377,0.16935,0,1.748,0,0
138.26,0,3.5027,0,0.28487,0,1.0942,0,0
,,3.2587,,-0.30783,,,,
137.93,1,-0.11396,52.227,0.12532,1,2.9904,1,0
179.64,0,4.7561,0.031916,0.20211,0,2.6925,0,0
,,0.081499,,0.081939,,,,
214.81,0,-2.185,0,0.78821,0,5.8199,0,0
,,,,-0.33987,,,,
39.585,0,3.8133,0.0054939,0.068197,0,1.022,0,0
,,2.363,,-0.25645,,,,
359.51,1,0.51148,16.329,0.134,1,10.182,0,0
113.2,0,2.4987,3.9249,0.45778,0,31.73,0,1
,,2.2413,,-0.22606,,,,
,,2.6949,,-0.26423,,,,
,,2.7884,,0.15951,,,,
89.287,1,3.0914,23.476,0.054968,1,43.101,0,0
32.098,0,5.1668,0,0.24291,0,0.66836,0,0
89.287,0,4.1892,0.0072351,0.18103,0,1.1723,0,0
311.97,0,2.9825,0.0019143,0.075725,0,0.41437,0,0
293.9,0,3.5253,0,0.077773,0,43.87,0,0
75.793,1,-1.0057,11.776,0.2835,1,1.0815,1,0
7.4464,1,2.0263,11.751,0.026515,1,0.24323,1,0
174.08,0,3.5975,14.872,0.87183,0,62.44,0,1
1.6254,0,1.3797,0.36021,0.07303,0,2.0991,0,0
1.718,0,3.4474,0.011417,0.17091,0,20.115,0,0
350.74,0,0.79885,0.0066499,0.48012,0,0.92749,0,0
96.993,1,3.0146,17.1,0.148,1,3.464,1,0
308.49,0,3.7721,0,0.13303,0,0.081589,0,0
,,3.2994,,-0.17783,,,,
242.81,1,3.2746,41.151,0.076133,1,86.351,0,0
160.19,0,3.9285,0,0.11487,0,1.571,0,0
58.392,0,3.552,0.012686,0.082321,0,0.80373,0,0
27.266,0,0.43117,0.015626,0.39368,0,0.9801,0,0
,,2.7058,,-0.18625,,,,
,,3.3233,,-0.036745,,,,
179.29,0,3.5233,10.153,0.35078,0,0.49871,0,0
121.59,0,3.0609,0.085671,0.21242,0,3.2469,0,0
152.07,1,3.2889,6.2551,0.060068,1,15.111,1,0
270.18,0,3.8301,0.0033076,0.064255,0,1.8388,0,0
284.62,0,3.6971,0.020093,0.17252,0,0.64964,0,0
185.25,1,-1.1481,21.552,0.18436,1,0.38623,1,0
,,2.7964,,-0.29791,,,,
179.27,0,-1.4037,0.010731,0.71206,0,0.028669,0,0
259.23,1,3.8773,21.395,0.18145,1,1.2489,1,0
,,2.8671,,-0.3045,,,,
113.03,0,3.949,0.151,0.37405,0,0.2135,0,0
,,3.2745,,-0.31987,,,,
272.34,1,-0.098429,12.642,0.24986,1,30.492,0,0
324.92,0,1.0632,0,0.25778,0,1.7913,0,0
179.29,0,1.6675,0.0016067,0.091603,0,0.097454,0,0
,,2.2349,,0.067628,,,,
350.11,0,3.7188,1.5124,0.62605,0,67.216,0,0
26.921,0,3.0281,3.0614,0.43677,0,63.96,0,1
,,2.9867,,-0.21757,,,,
140.97,0,4.6904,0.0006876,0.19794,0,0.48217,0,0
346.98,1,3.5873,9.566,0.03044,0,86.232,0,0
,,0.88345,,-0.34707,,,,
,,2.4765,,-0.33233,,,,
157.67,0,2.8522,0.21644,0.1635,0,53.839,0,0
189.44,0,-1.4927,0.029156,0.29869,0,1.4325,0,0
266.05,1,-0.2055,24.064,0.10917,0,86.754,0,0
88.828,0,3.2139,0.025793,0.21997,0,48.044,0,0
269.28,,-2.0991,,0.7303,0,0.98561,0,
15.676,1,0.35399,24.557,0.17464,1,22.873,0,0
89.271,0,-1.5361,0,0.48801,0,0.05173,0,0
155.09,1,-1.1333,9.4362,0.20246,1,33.616,1,0
75.032,0,-1.3751,0,0.24086,0,0.32615,0,0
269.27,1,-1.1177,3.7875,0.10556,1,0.50576,1,0
269.29,0,3.696,0,0.13404,0,0.12644,0,0
52.487,0,4.3216,0,0.28948,0,0.51681,0,0
10.235,0,2.1803,0.5271,0.15062,0,21.405,0,0
214.86,1,4.0733,5.9281,0.26316,1,34.462,1,0
,,2.87,,-0.41667,,,,
90.639,0,4.2635,0.68469,0.034988,0,0.97727,0,0
,,2.8711,,-0.35862,,,,
,,,,-0.34058,,,,
,,3.3234,,0.36017,,,,
,,2.6056,,-0.24921,,,,
,,2.4675,,-0.046252,0,,,
346.3,1,-0.092951,20.126,0.037706,1,0.94709,1,0
316.07,0,2.842,0.39417,0.055681,0,8.4733,0,0
,,0.96741,,-0.33777,,,,
339.13,0,6.781,2.445,0.86729,0,43.23,0,0
285.36,0,0.66863,0,0.63211,0,6.6159,0,0
,,2.5796,,-0.20466,,,,
339.33,0,3.1631,12.279,0.51099,0,0.95132,0,1
310.83,0,4.5322,0.00984,0.10944,0,0.76041,0,0
115.5,0,0.31792,0.022281,0.2362,0,2.075,0,0
,,3.0622,,-0.35974,,,,
335.47,1,-0.64723,23.422,0.18227,1,0.15669,1,0
,,-1.7006,,0.66655,,,,
312.88,1,-1.1258,15.627,0.28326,1,0.43647,1,0
,,,,-0.3777,,,,
149.53,1,-0.99956,28.033,0.19813,1,5.8757,1,0
31.501,0,4.166,0,0.40781,0,2.1669,0,0
257.41,0,2.0919,0.010469,0.27285,0,1.421,0,0
,,2.6779,,-0.31087,,,,
269.53,1,-1.1312,13.642,0.10948,1,48.632,0,0
294.09,0,3.4713,0.023877,0.26229,0,3.2506,0,0
72.755,0,0.86887,0.0040291,0.31456,0,2.1934,0,0
267.71,0,3.372,0.0011213,0.35291,0,0.20698,0,0
142.01,0,2.5457,0.0081754,0.19036,0,2.1245,0,0
,,2.117,,-0.27346,,,,
,,3.2883,,-0.33467,,,,
,,3.3201,,0.29791,,,,
320.1,1,1.8241,13.519,0.29799,1,20.488,0,0
228.57,1,2.8945,7.1387,0.00070572,1,51.118,0,0
274.37,1,2.7242,13.029,-0.00096805,1,0.84238,1,0
81.005,1,-0.86075,16.45,0.10448,0,20.192,0,0
,,2.7696,,-0.31523,,,,
235.8,0,-0.052585,0.44209,0.08145,0,60.202,0,0
,,2.3312,,0.13368,,,,
237.03,1,-1.0252,3.4492,0.11969,1,0.79505,1,0
,,3.887,,-0.076577,,,,
77.968,0,3.223,0.014306,0.23006,0,1.7813,0,0
278.38,0,3.4704,0,0.040853,0,0.47147,0,0
167.23,0,-0.36185,0,0.11916,0,0.90854,0,0
269.27,1,3.6446,13.269,0.14977,1,0.62649,1,0
,,3.318,,-0.28544,,,,
,,2.7655,,-0.2254,,,,
262.75,0,3.9632,0.0024238,0.19567,0,0.50329,0,0
239.81,0,-0.89167,2.0451,0.45187,0,67.337,0,0
,,3.297,,0.061303,,,,
236.55,0,3.9248,0,0.37164,0,2.9557,0,0
290.59,0,3.5775,0.0025492,0.066121,0,0.42571,0,0
199.34,1,0.35329,36.541,0.068976,1,8.8985,1,0
217.92,0,3.7184,0.077835,0.12619,0,4.7952,0,0
115.39,1,-1.1793,31.303,0.27184,1,0.37761,1,0
122.6,0,2.5123,0.0080328,0.046532,0,2.6185,0,0
30.16,0,3.827,0,0.3455,0,1.1755,0,0
130.88,0,4.1142,3.7514,0.39549,0,78.645,0,0
,,2.5183,,0.38862,,,,
88.724,0,0.98603,10.311,0.80895,0,74.837,0,1
,,,,-0.35075,,,,
251.06,1,3.5457,13.398,-0.077381,1,14.727,0,0
,,0.75065,,-0.25155,,,,
77.861,0,-1.1826,14.886,0.58431,0,25.692,0,1
89.788,0,-0.14558,2.9868,0.43968,0,16.263,0,1
157.35,0,5.1661,0.0096865,0.032768,0,1.8907,0,0
121.01,0,0.13676,0.78984,0.73848,0,60.342,0,0
121.81,,2.6474,,-0.28521,0,39.979,0,
267.13,0,2.715,13.318,0.64838,0,47.376,0,1
359.29,0,3.6083,3.8695,0.35951,0,69.641,0,0
,,2.8579,,-0.43599,,,,
33.98,1,1.1108,16.996,0.1736,1,0.76718,1,0
62.386,0,2.186,3.5374,0.72789,0,41.594,0,1
135.55,1,1.9923,16.04,0.19876,1,19.092,1,0
261.13,1,0.11884,20.438,0.27608,1,6.3895,1,0
,,2.0361,,0.30973,,,,
,,3.1783,,-0.15352,,,,
,,2.8246,,-0.24699,,,,
263.15,0,1.1363,1.9122,-0.15016,0,16.042,0,0
201.36,0,3.6785,0.0086026,0.049708,0,0.29073,0,0
139.71,1,0.32107,14.253,0.12166,1,0.55031,1,0
,,2.5164,,0.15217,,,,
152.9,1,-0.26018,19.913,0.051592,1,13.756,1,0
260.04,1,-0.15779,24.362,-0.015982,1,13.895,0,0
253.03,1,0.42504,23.811,0.17416,1,1.1672,1,0
89.28,1,-0.91134,11.903,0.16688,0,41.723,0,0
54.518,1,3.9004,22.84,0.15672,1,0.8044,1,0
174.43,0,-2.0579,0,0.62494,0,1.0873,0,0
,,1.2362,,-0.23732,,,,
321.44,1,0.63978,8.0948,0.22308,1,4.7582,1,0
271.84,,3.9316,,0.014218,0,37.872,0,
,,2.2864,,-0.33441,,,,
,,2.7405,,-0.30373,,,,
243.05,0,0.81932,1.7241,0.23768,0,61.148,0,0
97.342,0,1.3537,9.4726,0.6624,0,40.207,0,1
325.7,0,0.59754,0.0017611,0.57298,0,0.50919,0,0
,,2.3623,,-0.27493,,,,
151.93,0,-0.94822,0,0.41394,0,4.0083,0,0
188.08,1,3.4199,13.081,0.082969,1,2.2554,1,0
355.93,1,-0.55261,11.635,0.1119,0,3.6416,0,0
284.85,1,-0.7982,14.179,0.28447,1,6.3581,1,0
177.01,0,-1.0051,0.4541,0.32147,0,35.567,0,0
,,-0.51774,,0.71797,,,,
,,2.5908,,-0.41935,,,,
,,3.2897,,-0.43446,,,,
258.04,0,0.20655,0.0019521,0.12071,0,5.451,0,0
234.22,1,1.1303,9.2367,0.065224,1,25.334,0,0
,,2.8405,,-0.25567,,,,
,,3.2874,,-0.21868,,,,
,,1.5264,,-0.36471,,,,
274.4,0,-1.2132,0,0.47826,0,1.8632,0,0
,,2.8873,,-0.4296,,,,
,,2.3609,,-0.30719,,,,
26.948,0,3.4362,0.010143,0.12175,0,0.28479,0,0
11.162,,1.0687,,0.77354,0,9.2426,0,
266.52,0,-1.2323,0,0.53218,0,49.714,0,0
267.73,0,-1.1635,12.948,0.51427,0,22.815,0,1
320.17,0,3.5555,0.016084,0.54067,0,7.065,0,0
,,3.2762,,0.01726,,,,
56.352,0,-1.2637,0,0.81901,0,0.91749,0,0
359.28,1,-0.25662,21.8,0.028513,1,19.718,0,0
,,,,-0.37011,,,,
318.83,0,3.1561,0.0023234,0.38272,0,1.1073,0,0
208.19,0,-0.86411,0,0.40459,0,1.0936,0,0
359.27,0,2.4847,0,0.16504,0,2.5037,0,0
199.87,0,5.3927,0,0.072776,0,2.8757,0,0
327.08,0,1.3584,0,0.069924,0,0.58256,0,0
179.29,1,2.9852,26.663,0.087685,1,0.2293,1,0
37.245,0,3.0535,2.8907,0.61441,0,38.058,0,1
,,3.3298,,-0.38742,,,,
67.25,0,1.2531,1.2845,0.84967,0,55.422,0,0
30.627,0,2.9238,2.2808,-0.05378,0,0.37583,0,0
,,1.0475,,0.2996,,,,
129.65,0,-1.1111,0.016538,0.25603,0,1.1768,0,0
,,-0.72461,,0.030494,,,,
86.29,0,-1.0082,0,0.11294,0,4.171,0,0
145.01,0,3.5462,0,0.15649,0,1.082,0,0
151.76,0,-0.58833,0,0.27614,0,0.65931,0,0
250.43,0,3.8662,0.030863,0.070007,0,2.8523,0,0
,,2.8211,,-0.30706,,,,
269.28,0,2.3188,18.517,0.84499,0,59.089,0,1
17.606,0,6.2831,0.0059438,0.04821,0,1.8653,0,0
314.21,0,3.9652,0,0.10636,0,0.45459,0,0
,,1.7868,,-0.29855,,,,
,,2.3726,,-0.074543,,,,
,,3.2952,,-0.29545,,,,
275.32,1,3.5856,3.5214,0.26346,0,68.61,0,0
,,1.635,,-0.27362,,,,
144.59,0,1.0932,0,0.42245,0,5.2769,0,0
236.17,0,0.40871,0.0071905,0.11604,0,2.2767,0,0
168.65,0,0.50606,0,0.72673,0,11.341,0,0
,,,,-0.33992,,,,
89.275,0,-1.3076,6.2351,0.79884,0,28.931,0,1
53.227,1,2.2409,5.1695,0.27728,1,0.9739,1,0
325.1,0,-1.049,11.691,0.82741,0,29.605,0,1
98.223,0,2.6501,1.4253,0.098052,0,38.176,0,0
265.36,0,3.9605,0,0.15972,0,0.92169,0,0
67.944,1,-1.1391,14.43,0.11041,1,18.701,0,0
354.05,1,3.1697,3.1001,0.25,0,81.199,0,0
134.7,0,3.8041,0.0055442,0.10349,0,0.483,0,0
87.245,0,3.1388,0,0.45946,0,32.016,0,0
359.28,0,-0.80242,0.011024,0.21012,0,0.26371,0,0
323.17,0,1.5836,0.022008,0.053841,0,1.3552,0,0
,,2.4759,,-0.21693,,,,
349.91,1,-1.0104,40.112,0.089953,1,0.03502,1,0
205.04,0,0.27489,0,0.11955,0,1.6798,0,0
97.936,1,-0.91739,16.624,0.12238,1,81.439,0,0
333.17,1,0.14174,4.6802,0.18883,1,81.819,0,0
111.75,0,0.26504,0.30076,0.36721,0,7.3672,0,0
269.43,0,-1.0299,0.070494,0.13421,0,75.539,0,0
176.93,0,3.8361,7.1131,0.48684,0,79.055,0,1
300.59,0,3.4574,0.14681,0.61851,0,11.912,0,0
250.79,1,3.4938,53.147,0.067029,1,84.783,0,0
63.572,0,-1.1412,0,0.60525,0,16.343,0,0
,,2.8186,,-0.36552,,,,
,,2.4486,,-0.31707,,,,
301.15,1,0.83886,20.331,0.04668,1,0.8797,1,0
268.16,0,2.4034,0,0.49087,0,0.57771,0,0
37.293,0,0.14065,0.017849,0.42961,0,0.92397,0,0
21.258,1,-1.1093,12.27,0.26392,1,0.47603,1,0
143.05,1,-0.10004,20.123,0.037706,1,0.3695,1,0
,,3.2964,,-0.28653,,,,
159.09,1,0.82521,4.3428,0.045031,1,47.779,1,0
152.16,0,1.1966,14.636,0.32779,0,1.7644,0,0
0.10892,0,1.1587,0.027444,0.85075,0,26.157,0,0
177.83,1,-1.0953,13.385,0.25161,1,0.45305,1,0
170.28,0,0.93948,0,0.76663,0,0.99243,0,0
347.35,1,4.092,17.034,0.19727,1,18.138,0,0
101.51,0,2.7866,0.010085,0.12,0,1.3817,0,0
311.92,0,-0.8769,12.552,0.34732,0,10.681,0,0
247.33,0,2.0785,0.0040402,0.1242,0,0.58252,0,0
179.53,1,3.6623,17.486,0.28299,1,44.029,1,0
270.41,1,3.4115,11.391,0.080274,1,34.488,0,0
198.72,0,0.60612,0,0.3469,0,1.6409,0,0
,,2.8571,,-0.079434,,,,
134.89,0,2.1677,0.018124,0.33253,0,6.0579,0,0
27.209,0,-1.1926,0.0092725,0.62341,0,1.5828,0,0
190.84,0,-0.9608,0,0.11632,0,0.60268,0,0
181,0,2.6636,0.020133,0.35123,0,2.8482,0,0
179.28,0,1.4398,4.9778,0.87704,0,49.979,0,1
281.18,0,3.4809,0,0.22565,0,14.336,0,0
,,1.4043,,-0.38462,,,,
263.14,0,3.5439,14.864,0.46811,0,41.98,0,1
110.45,1,3.599,18.653,0.11679,0,50.259,0,0
319.28,0,3.8202,16.457,0.42318,0,84.709,0,1
,,,,-0.48148,,,,
,,0.28173,,0.78399,,,,
276.02,0,0.42195,1.0446,0.38438,0,52.065,0,0
334.62,1,0.2346,16.823,0.16206,1,37.522,0,0
,,3.264,,-0.32294,,,,
,,3.3236,,-0.40855,,,,
76.468,0,4.2327,0.011247,0.040741,0,0.5423,0,0
359.3,0,2.7034,0,0.21957,0,1.6449,0,0
,,2.7577,,-0.2514,,,,
69.586,0,2.6894,0,0.080813,0,7.7905,0,0
,,2.5795,,-0.29883,,,,
143.37,0,-0.28471,0,0.059105,0,0.2548,0,0
133.23,0,2.6383,0,0.46768,0,25.551,0,0
158.77,0,2.8733,1.1291,0.35441,0,14.717,0,0
269.29,0,6.069,0.0050616,0.033203,0,0.33334,0,0
268.45,0,2.8393,0.041599,0.10105,0,1.1667,0,0
,,2.5235,,-0.32765,,,,
183.03,1,-1.226,15.528,0.12526,1,0.70085,1,0
178.18,0,3.4962,7.429,0.53492,0,57.875,0,1
170.08,0,3.0108,0,0.072295,0,83.985,0,0
131.01,0,3.4718,0,0.044634,0,0.50823,0,0
89.279,0,-1.1115,0.0077449,0.10233,0,2.1256,0,0
236.82,0,-1.4609,0.0039232,0.6626,0,0.47,0,0
310.02,0,1.0239,0.0059659,0.39754,0,1.5017,0,0
,,2.8492,,-0.36562,,,,
,,0.17716,,0.61706,,,,
20.843,0,-1.0533,0.84882,0.47321,0,21.241,0,0
180.07,,3.7895,,0.33509,0,2.5783,0,
,,2.386,,-0.2791,,,,
226.64,0,3.0542,0.0035162,0.1347,0,0.50782,0,0
308.62,0,3.0523,0.88969,0.12308,0,37.586,0,0
,,,,-0.25466,,,,
289.74,0,1.3258,9.9808,0.49709,0,82.515,0,1
316.83,0,3.4652,0,0.27949,0,2.5781,0,0
18.187,0,-0.99671,0.019011,0.43339,0,60.391,0,0
181.39,1,2.8835,15.009,0.21451,1,0.15494,1,0
,,2.7095,,-0.30841,,,,
,,2.7384,,-0.22397,,,,
,,3.5262,,-0.19231,,,,
80.38,1,-1.0181,8.2408,0.21384,1,0.70389,1,0
,,1.8263,,-0.29297,,,,
,,-0.45629,,0.31649,,,,
144.41,0,3.3106,0.0018821,0.31411,0,0.41223,0,0
14.687,1,3.5055,6.0057,0.20938,0,0.54109,0,0
171.9,0,-1.8613,2.6025,0.66756,0,64.533,0,1
,,0.24867,,0.016129,,,,
,,2.3861,,-0.34069,,,,
272.96,1,0.6001,16.386,0.16739,1,0.71411,1,0
,,2.7791,,-0.46641,,,,
8.1931,0,-1.1726,0.069957,0.23159,0,1.8157,0,0
123.52,1,0.32918,15.795,0.20872,1,0.59094,1,0
,,2.3522,,-0.32329,,,,
329.77,0,3.54,0.0073938,0.14065,0,0.35576,0,0
189.9,0,3.2456,0,-0.018911,0,1.0906,0,0
208.1,0,-0.37939,0.00039032,0.06476,0,0.53653,0,0
,,3.2535,,-0.18625,,,,
,,-1.1768,,0.30194,,,,
325.3,0,2.9338,25.612,0.31694,0,0.40103,0,0
179.99,1,3.2568,74.499,0.12935,1,10.505,1,0
145.86,0,3.6726,0.21802,0.27916,0,4.5407,0,0
218.73,0,-1.1398,0.0052037,0.47967,0,5.0875,0,0
314.6,0,4.3865,0,0.40852,0,1.1445,0,0
,,3.6486,,0.2285,,,,
106.68,1,0.51081,19.187,0.12247,1,28.976,0,0
351.28,1,2.4178,6.3657,0.022534,1,0.65997,1,0
331.67,1,2.9333,25.096,0.24957,1,73.167,0,0
,,1.7774,,-0.27003,,,,
339.07,0,2.7402,0,0.30493,0,16.937,0,0
146.27,0,2.5094,0.0012479,0.59364,0,2.9097,0,0
315.43,1,-1.2742,9.9769,0.1474,0,85.792,0,0
159.42,1,-0.071027,15.58,-0.017647,1,3.7008,1,0
121.03,1,-0.94736,59.725,0.11634,1,0.72986,1,0
,,2.4202,,-0.30844,,,,
,,,,-0.37627,,,,
179.24,,2.6753,,0.096683,0,85.912,0,
10.437,1,-0.95213,8.9908,0.14098,1,0.71287,1,0
339.58,0,4.0568,0,0.21889,0,1.8567,0,0
189.7,0,-2.0188,0,0.37962,0,1.2705,0,0
172.34,1,-0.33673,29.031,0.19204,1,21.819,1,0
13.337,1,3.5797,26.311,0.29026,0,67.405,0,0
,,,,-0.36782,,,,
306.41,0,3.7363,0,0.052388,0,0.83602,0,0
31.874,0,1.1626,0.0061641,0.74324,0,1.1632,0,0
297.92,0,-0.75466,18.339,0.33577,0,4.06,0,0
105.04,0,-1.5518,0,0.37995,0,0.31653,0,0
328.82,0,0.96674,0.43216,0.07941,0,2.2936,0,0
347.96,0,0.77274,0.26526,0.55048,0,9.3412,0,0
331.05,1,-1.0648,6.9721,0.10134,0,66.135,0,0
79.881,0,-0.75683,7.5628,0.38519,0,36.427,0,0
63.009,0,-1.0197,12.631,0.31023,0,0.62169,0,0
76.788,0,3.2421,0,0.38028,0,0.47683,0,0
204.99,0,-0.10127,1.4856,0.54247,0,16.77,0,0
324.44,0,3.3624,0,0.20534,0,0.50294,0,0
95.927,1,2.6932,4.8279,-0.1532,1,3.2196,1,0
,,0.92181,,-0.15948,,,,
310.6,0,-0.93986,3.675,0.50488,0,1.9355,0,1
264.29,0,-1.2944,0.0098741,0.51966,0,8.0639,0,0
109.38,0,0.68009,0,0.52028,0,5.1757,0,0
,,2.6624,,-0.33635,,,,
261.45,0,2.9414,0.00030971,0.20078,0,1.427,0,0
,,,,-0.43811,,,,
,,3.2823,,0.046713,,,,
359.29,1,3.6471,32.317,0.01891,1,6.5638,1,0
43.293,1,3.3877,70.152,0.28216,1,0.86032,1,0
336.74,0,2.733,0.0036695,0.32493,0,16.532,0,0
269.28,0,0.99643,0.005867,0.76972,0,0.546,0,0
258.82,0,-1.1366,3.8052,0.77981,0,41.252,0,1
269.28,1,2.941,16.423,0.11366,1,0.20697,1,0
179.3,1,3.8167,45.462,0.09729,1,17.798,1,0
212.29,0,-0.29162,0,0.043062,0,1.0868,0,0
168.58,0,0.41254,6.6955,0.88772,0,59.901,0,1
15.965,0,0.72029,10.159,0.77454,0,57.93,0,1
166.41,1,3.1343,8.8316,0.061004,1,13.021,1,0
110.41,0,3.3097,5.7586,0.35007,0,67.79,0,0
19.354,0,3.3048,0.026386,0.11696,0,0.78727,0,0
,,1.9406,,-0.020113,0,,,
270.8,0,3.5999,0,0.59847,0,0.43696,0,0
86.215,1,-1.0696,24.242,0.0074392,1,6.0896,1,0
271.5,0,3.9559,0.021311,0.58653,0,59.841,0,0
350.07,1,-0.09169,13.832,0.18474,1,0.39496,1,0
316.69,0,-1.3386,0,0.19819,0,0.46716,0,0
43.474,0,1.5316,0.50159,0.18677,0,82.469,0,0
170.75,0,-0.028369,0.0043689,0.44186,0,1.4721,0,0
128.51,0,4.1126,0.0032315,0.56096,0,2.3285,0,0
203.36,0,2.6785,0,0.1541,0,1.3374,0,0
123.79,0,2.0591,1.0765,0.34396,0,12.08,0,0
356.77,1,0.36588,14.229,0.1593,1,78.508,0,0
151.04,0,-1.3189,0.016921,0.18363,0,1.4573,0,0
179.28,0,3.3659,0.00067329,0.26898,0,0.44715,0,0
16.845,0,3.1425,1.0333,0.02276,0,1.0101,0,0
,,3.2837,,-0.35867,,,,
,,,,-0.32174,,,,
229.11,1,-0.91352,12.567,0.29322,0,0.19554,0,0
237.74,0,-0.92639,0.0083878,0.56872,0,0.35068,0,0
249.95,0,3.5592,0.014134,0.18948,0,0.77956,0,0
89.273,0,2.3136,0,0.17689,0,1.8329,0,0
323.46,0,2.0684,0,0.10351,0,0.17676,0,0
,,2.5449,,0.037396,,,,
285.65,0,3.9309,0.011207,0.55006,0,0.71275,0,0
,,3.2928,,-0.036339,,,,
311.26,0,2.5709,0,0.15955,0,1.9626,0,0
114.1,0,3.803,0,0.045226,0,0.861,0,0
224.35,1,-1.3547,7.0457,0.123,0,0.064954,0,0
355.08,1,3.2064,15.495,0.090037,1,72.019,0,0
,,3.2869,,-0.15139,,,,
,,2.8466,,-0.37452,,,,
179.01,0,5.5516,0,0.23938,0,49.963,0,0
213.89,0,-0.42906,0.0069627,0.058719,0,1.9218,0,0
315.21,0,3.9895,0.0045063,0.17431,0,0.94169,0,0
281.75,0,-1.1944,0,0.079615,0,1.936,0,0
,,-1.8516,,0.39244,,,,
123.17,0,2.5269,3.5625,0.30032,0,49.199,0,0
89.014,1,1.0108,28.995,0.12081,1,63.079,0,0
226.83,,2.5268,,0.080506,1,69.272,0,
0.71718,0,3.2644,0.012835,0.027265,0,80.456,0,0
269.28,1,-0.0407,16.668,-0.073684,1,0.85064,1,0
234.03,0,2.7666,13.027,0.46912,0,71.091,0,1
177.32,0,2.4839,0,0.26895,0,2.1616,0,0
51.061,0,4.7368,0.0035009,0.1065,0,0.87068,0,0
112.73,0,-1.9116,1.0608,0.742,0,57.343,0,0
291.11,0,-1.2327,3.4364,0.77862,0,39.758,0,1
86.361,0,3.2841,0,0.71429,0,1.1278,0,0
89.287,0,3.101,0.02655,0.10537,0,0.49428,0,0
,,3.2556,,-0.30769,,,,
218.86,0,1.1846,0.24343,0.12034,0,28.617,0,0
347.78,1,0.6782,24.846,0.098097,1,56.751,0,0
18.493,1,2.8749,17.385,0.099206,1,18.73,0,0
,,1.3144,,-0.35294,,,,
175.13,1,0.34446,11.058,0.13997,1,2.2176,1,0
131.67,0,5.5724,0,0.052415,0,0.36572,0,0
,,2.8352,,-0.13537,,,,
49.798,0,2.3643,0,0.092849,0,0.72995,0,0
224.51,0,-0.94639,12.184,0.46733,0,85.522,0,1
,,1.1425,,-0.19598,,,,
359.3,0,2.9943,0,0.15071,0,1.3126,0,0
230.98,1,-0.59729,5.6041,0.27614,1,0.52727,1,0
123.18,,4.011,,0.20671,1,13.22,0,
245.04,0,3.7513,1.2715,0.031378,0,13.937,0,0
345.66,1,5.4033,3.2461,0.043248,1,1.9989,1,0
80.954,0,3.5721,5.9823,0.42064,0,0.98745,0,1
,,1.1124,,0.075061,,,,
5.2166,0,0.11882,0,0.77402,0,3.0519,0,0
,,0.96926,,0.12618,,,,
270.22,,3.2425,,0.22663,0,25.222,0,
,,3.2274,,-0.44203,,,,
89.797,1,0.12423,5.6183,0.21167,0,43.925,0,0
332.63,1,3.2874,11.733,0.24561,1,0.03848,1,0
355.32,0,3.3852,0,0.2024,0,1.4938,0,0
96.579,0,-1.2716,0.023774,0.13396,0,41.897,0,0
89.274,,-1.2271,,0.23783,1,0.20692,1,
60.541,0,0.3396,0,0.13349,0,0.13111,0,0
329.18,0,3.3846,0,0.5542,0,1.3979,0,0
322.06,1,2.2823,3.6333,0.052712,1,0.89281,1,0
171.95,0,-1.1558,0.0091908,0.41894,0,1.8489,0,0
,,2.0948,,-0.20233,,,,
,,-0.55258,,0.26276,,,,
289.01,0,3.3869,4.5339,0.39264,0,72.404,0,0
269.3,0,1.0932,0,0.16007,0,64.654,0,0
120.17,0,-1.3041,0.0080583,0.19281,0,0.20095,0,0
289.21,1,1.1002,12.685,0.012635,1,1.4974,1,0
,,2.9725,,-0.22818,,,,
141.97,1,3.7681,22.578,0.11974,1,78.203,0,0
146.11,0,3.3073,0.069117,0.23239,0,14.321,0,0
183.62,0,6.2541,0.04366,0.10955,0,4.2638,0,0
85.891,1,-0.080562,12.125,0.15789,1,1.1629,1,0
,,2.2876,,-0.072917,0,,,
237.46,,2.4013,,0.062712,0,4.9869,0,
,,2.8224,,-0.45228,,,,
,,2.6378,,-0.35202,,,,
,,2.7107,,-0.25106,,,,
121.02,0,0.63431,11.019,0.87315,0,30.466,0,1
71.947,0,2.6304,0,0.2457,0,4.8897,0,0
327.71,0,-0.0038662,0.0081662,0.368,0,22.083,0,0
134.2,0,2.9191,0,0.068354,0,1.1769,0,0
313.06,0,3.71,0,0.11158,0,1.0027,0,0
89.284,0,0.11621,0.021991,0.084919,0,0.040234,0,0
276.02,0,-0.84659,2.8789,0.54443,0,8.4403,0,1
121.29,0,3.7394,0,0.12727,0,1.0708,0,0
,,2.665,,-0.26882,,,,
313.54,0,0.61667,0.0048336,0.073429,0,81.046,0,0
186.04,0,3.4237,3.7769,0.63716,0,58.687,0,1
253.48,0,0.11629,0.16271,-0.018337,0,42.908,0,0
269.25,0,1.4509,14.557,0.35589,0,75.457,0,0
,,2.6496,,-0.34181,,,,
266.96,0,3.8492,0.00063229,0.34889,0,0.98355,0,0
,,2.7908,,-0.46112,,,,
68.976,1,4.0117,45.038,0.13694,1,1.4523,1,0
,,2.3836,,-0.29302,,,,
167.37,,2.2933,,0.17393,0,28.796,0,
325.45,0,3.9644,0,0.46691,0,2.1456,0,0
74.929,1,-1.0136,20.674,0.051198,1,2.0578,1,0
166.46,1,3.0531,14.535,0.077278,1,38.565,1,0
293.65,0,0.81649,0.13911,0.38039,0,44.736,0,0
91.542,0,1.9613,0.2521,0.13961,0,2.1962,0,0
95.353,,2.486,,0.58532,0,68.836,0,
230.87,0,2.8773,0,0.18274,0,2.3974,0,0
162.33,0,2.7881,0,0.039952,0,2.9523,0,0
139.34,0,1.8527,7.7502,0.37384,0,30.682,0,0
,,2.6941,,-0.3301,,,,
,,2.2217,,-0.41445,,,,
,,2.7746,,-0.23655,,,,
,,2.9565,,-0.24655,,,,
,,2.6225,,0.093023,0,,,
101.18,0,3.1197,5.807,0.85804,0,49,0,1
309.23,0,2.8977,0,0.48016,0,0.98205,0,0
77.439,0,0.21472,0,0.14653,0,2.5119,0,0
,,1.5524,,-0.24871,,,,
174.34,0,3.0748,7.1737,0.50619,0,8.9045,0,1
327.37,0,-2.0686,8.1886,0.76791,0,68.311,0,1
336.97,1,2.473,14.466,0.12997,0,82.838,0,0
95.3,0,3.8809,0,0.056637,0,1.6986,0,0
220.29,,0.35687,,0.2391,0,77.86,0,
,,,,-0.27536,,,,
79.76,1,-1.3899,4.901,0.12399,1,2.1145,1,0
342.17,0,0.44835,20.277,0.33668,0,4.9485,0,0
344.82,1,4.0621,15.154,0.19778,0,87.23,0,0
323.26,0,3.4964,0.0022554,0.014925,0,1.0845,0,0
11.457,0,2.0033,0.027531,0.1075,0,0.70955,0,0
188.54,1,3.4352,38.83,0.12764,1,77.96,0,0
317.04,0,-1.5236,0,0.51685,0,7.0789,0,0
222.78,0,-0.2241,0.015203,0.19571,0,2.3536,0,0
167.45,0,3.0012,0.069864,0.39142,0,16.604,0,0
,,,,-0.42857,,,,
51.835,0,1.6697,3.8629,0.76753,0,36.336,0,1
223.5,0,-0.0067834,7.2735,0.66026,0,54.138,0,1
249.75,0,3.777,0,0.27159,0,13.232,0,0
304.67,0,2.8649,0.012738,0.18495,0,1.2969,0,0
,,3.3352,,-0.35357,,,,
,,2.6935,,-0.2846,,,,
338.95,1,3.6072,14.502,0.16929,1,0.28128,1,0
87.759,0,-0.83119,0,0.22543,0,1.9426,0,0
347.08,0,4.1458,0.0038056,0.11084,0,2.4209,0,0
,,3.1107,,-0.16129,,,,
359.3,1,3.032,13.186,0.19726,1,0.034444,1,0
,,2.3656,,-0.32523,,,,
274.61,0,3.9953,0,0.069735,0,6.1641,0,0
359.28,0,-2.0407,0.005729,0.43279,0,0.12613,0,0
247.09,1,-0.25315,22.593,0.023684,1,1.2598,1,0
56.853,1,3.5376,21.887,0.10834,1,21.299,0,0
314.39,0,2.7657,1.621,0.20886,0,66.335,0,0
234.98,0,1.3571,1.3629,0.65974,0,46.05,0,0
24.836,0,-1.0705,0.066138,0.43729,0,59.945,0,0
68.314,1,-0.96574,25.585,0.13686,1,2.9456,1,0
89.279,0,-0.62579,16.78,0.3175,0,2.338,0,0
89.278,1,-0.58297,38.373,0.17671,0,1.0459,0,0
290.22,0,-1.4586,0.027955,0.11014,0,3.5711,0,0
89.285,0,1.1321,1.6887,0.062409,0,32.517,0,0
57.402,0,3.8568,0.037117,0.23923,0,2.1584,0,0
269.29,1,0.42254,11.834,0.076173,0,0.39081,0,0
172.65,0,2.1125,15.664,0.4566,0,51.075,0,1
302.35,0,3.9348,11.517,0.7551,0,32.918,0,1
354.26,0,-0.14659,4.0648,0.53741,0,70.032,0,1
169.56,0,3.5343,0.0010898,0.14098,0,0.68049,0,0
144.3,0,4.2065,0,0.39843,0,0.30084,0,0
,,2.9582,,-0.27002,,,,
305.92,,3.0421,,0.062902,0,47.53,0,
,,3.5055,,-0.26562,,,,
,,3.3042,,-0.21417,,,,
254.8,1,1.1255,12.731,0.024261,1,1.9228,1,0
62.79,0,3.4622,0.062901,0.68404,0,0.26975,0,0
128.16,0,-0.22823,0,0.48818,0,0.88589,0,0
187.05,0,0.29911,14.067,0.37837,0,61.877,0,0
89.992,0,-1.0787,0,0.31499,0,2.7512,0,0
,,2.7154,,-0.2052,,,,
174.58,1,3.1049,42.214,0.062327,1,5.2372,1,0
356.08,0,1.2482,0,0.072271,0,2.6623,0,0
150.64,1,2.9595,22.711,0.10993,1,59.091,1,0
,,,,-0.37563,,,,
311.22,1,1.8532,14.745,0.19923,1,12.257,0,0
111.43,0,2.5988,0.022282,0.23705,0,1.6128,0,0
179.3,1,3.0374,9.5802,0.15391,1,0.08026,1,0
31.772,0,-1.1534,0.049991,0.10303,0,0.57772,0,0
,,2.4629,,-0.28227,,,,
76.642,0,1.1295,7.7408,0.844,0,55.482,0,1
34.245,1,2.6904,15.229,0,1,77.186,0,0
80.637,0,-1.4034,0.0035914,0.28792,0,0.61041,0,0
355.39,0,3.3968,0.028867,0.77092,0,3.5523,0,0
,,3.6007,,-0.054795,,,,
345.25,0,0.50149,0.0085091,0.48102,0,9.9502,0,0
359.28,0,0.38665,1.8568,0.79075,0,1.0117,0,0
,,3.2774,,-0.26887,,,,
245.72,0,3.6031,0.002934,0.076367,0,0.20067,0,0
359.58,1,-0.054729,36.831,0.15616,1,1.1408,1,0
24.16,0,2.1518,0.75722,0.17788,0,39.742,0,0
251.46,0,3.4888,0.018732,0.078183,0,4.6147,0,0
186.43,0,-0.64318,0,0.31746,0,0.13867,0,0
242.24,0,-1.7234,0.00424,0.15737,0,0.55492,0,0
,,2.7407,,-0.29432,,,,
11.565,0,4.1532,0,0.068702,0,1.0413,0,0
243.13,0,3.8869,5.3323,0.57941,0,15.515,0,1
298.72,0,-1.2959,12.306,0.38053,0,78.227,0,0
296.73,,1.6512,,-0.059659,0,1.1817,0,
195.49,0,-0.063048,3.9395,0.83823,0,63.986,0,1
,,1.009,,-0.28685,,,,
186.43,0,2.0236,0.010254,0.39233,0,0.4622,0,0
89.274,1,0.19615,14.608,0.12636,1,0.37936,1,0
,,2.5777,,-0.43973,,,,
176.36,0,6.0904,1.8864,0.18023,0,2.7991,0,0
,,2.9588,,0.045056,,,,
,,,,-0.27848,,,,
197.2,0,3.585,3.8475,0.85245,0,35.825,0,1
210.65,0,1.4024,0.011816,0.66207,0,0.49684,0,0
87.275,1,2.7895,15.052,0.19566,0,86.006,0,0
173.5,0,6.5906,0,0.6077,0,5.1606,0,0
128.44,0,-1.3803,0,0.47453,0,1.5788,0,0
,,1.2072,,-0.21553,,,,
266.69,1,-0.70792,4.2902,0.14866,1,0.37972,1,0
89.281,0,-1.0018,4.848,0.70842,0,77.33,0,1
54.886,0,-1.1024,0.0018365,0.11289,0,1.4206,0,0
,,2.5236,,-0.3042,,,,
139.46,1,-1.7692,15.785,0.18353,1,66.593,0,0
257.27,0,2.0277,0,0.081736,0,0.96362,0,0
190.63,0,3.6382,0.00050592,0.056284,0,0.35082,0,0
164.45,1,-2.0631,10.273,0.070819,1,0.31429,1,0
22.114,0,-0.28346,0.0023648,0.026581,0,0.31102,0,0
13.139,0,0.71524,0.11316,0.34127,0,7.4505,0,0
299.47,1,-0.44343,15.529,0.19018,1,0.399,1,0
,,2.7382,,-0.21605,,,,
,,2.9854,,-0.2524,,,,
121.84,1,1.3992,25.861,0.12584,1,0.51135,1,0
151.28,1,2.6471,17.134,0.10969,1,0.31817,1,0
298.38,1,0.82806,16.716,0.058824,1,1.5323,1,0
154,0,4.1898,0.014787,0.44957,0,5.1916,0,0
,,2.3938,,-0.24339,,,,
179.28,0,-0.73051,0,0.44998,0,2.229,0,0
351.54,1,3.8991,47.706,0.080153,1,2.8501,1,0
125.39,0,4.0819,2.6209,0.34811,0,85.08,0,0
20.749,0,4.5433,0,0.33067,0,3.2797,0,0
359.27,0,-1.2733,0,0.13362,0,2.3949,0,0
131.72,1,5.2594,2.896,0.068266,0,85.123,0,0
352.38,0,-1.1852,0.021168,0.11093,0,3.3455,0,0
19.884,0,3.5938,0,0.70498,0,0.68592,0,0
172.42,1,3.3939,46.851,0.23392,1,41.807,1,0
47.178,0,-1.4483,9.5998,0.52727,0,43.926,0,1
,,,,-0.38246,,,,
338.57,0,2.3133,0.094114,0.11095,0,3.1474,0,0
134.65,0,3.3014,0,0.11236,0,61.966,0,0
321.45,0,3.9635,0.020322,0.059205,0,0.58078,0,0
148.56,0,4.6516,0.0012035,0.27045,0,0.18003,0,0
158.32,0,-1.453,0,0.59171,0,0.54635,0,0
218.24,0,-0.1087,0.2587,0.66649,0,1.791,0,0
,,2.6005,,0.010204,,,,
224.03,1,-1.927,18.161,0.12051,1,84.235,0,0
289.2,0,3.7568,0.041491,0.51545,0,4.0339,0,0
273.84,1,3.8835,8.4675,0.23908,0,62.412,0,0
239.57,1,-1.0068,5.749,0.17862,1,4.1222,1,0
,,,,-0.37931,,,,
156.42,1,2.657,5.2811,0.11433,1,23.794,1,0
,,1.1456,,-0.37984,,,,
316.05,0,4.8567,0,0.23733,0,1.1409,0,0
141.31,0,3.4764,0.0052226,0.27995,0,1.0181,0,0
199.07,,3.3113,,0.029737,0,10.122,0,
282.33,0,-1.2494,0,0.70048,0,0.58406,0,0
,,2.5978,,-0.29969,,,,
179.29,1,3.5846,32.954,0.13061,1,46.181,1,0
307.1,0,1.814,0,0.062029,0,0.45827,0,0
89.289,0,3.5804,2.357,0.64644,0,24.647,0,0
,,3.3066,,-0.20446,,,,
232.68,1,3.3142,14.013,0.0022338,1,7.6444,1,0
,,2.8504,,-0.34646,,,,
198.81,1,4.5909,14.525,0.13306,1,0.60218,1,0
58.709,,0.92966,,0.78325,0,63.619,0,
96.397,0,0.21764,0,0.28903,0,0.32435,0,0
163.92,0,4.3506,0.0075021,0.055762,0,1.5812,0,0
,,3.2726,,-0.038798,0,,,
319.58,0,3.3356,0,0.51387,0,0.47686,0,0
138.97,1,2.7675,16.326,0.17041,1,0.19549,1,0
199.33,0,2.911,0,0.19315,0,30.91,0,0
189.77,0,3.733,0.0053756,0.56586,0,1.0434,0,0
89.425,0,3.8626,4.0518,0.5772,0,51.831,0,1
92.017,0,7.6786,8.2452,0.71344,0,69.69,0,1
351.19,0,4.8964,0,0.087458,0,1.0596,0,0
243.09,0,4.4573,0.0015035,0.23899,0,1.3768,0,0
145.17,1,-0.1501,108.92,0.012392,1,30.827,1,0
291.43,0,-1.081,0.017279,0.54596,0,1.0487,0,0
68.872,1,3.3743,20.387,0.17822,1,0.77268,1,0
,,2.7231,,-0.21221,,,,
6.7252,0,3.2427,1.1947,-0.23442,0,0.71105,0,0
,,2.0459,,-0.23605,,,,
,,0.90138,,-0.18022,,,,
70.553,0,6.2635,0.010482,0.024866,0,0.30343,0,0
0,0,-1.5132,0.0079181,0.46379,0,0,0,0
224.78,0,-0.73057,2.2809,0.15412,0,32.571,0,0
134.44,0,3.8834,0,0.045006,0,1.0836,0,0
,,2.7159,,-0.41693,,,,
,,2.3969,,-0.16792,,,,
,,2.7833,,-0.27645,,,,
56.387,0,3.6973,0.019794,0.29374,0,0.8968,0,0
,,2.9801,,-0.083691,,,,
178.03,0,0.1222,0.0036984,0.098662,0,1.055,0,0
,,2.7586,,-0.34235,,,,
199.01,0,0.81194,14.205,0.42936,0,0.91951,0,1
220.68,0,2.0526,0.015326,0.15429,0,1.5734,0,0
,,3.2872,,0.29854,,,,
130.23,0,3.278,0,0.16198,0,1.1108,0,0
33.785,1,3.0754,20.485,0.080607,1,84.067,0,0
359.27,0,-1.1935,0.01388,0.17081,0,0.37263,0,0
66.883,1,0.72477,18.111,0.076923,1,49.184,0,0
292.09,0,0.44218,6.5111,0.72857,0,62.757,0,1
163.75,0,-1.4976,0,0.78615,0,21.672,0,0
196.76,1,-1.1809,16.358,0.22809,1,0.84144,1,0
212.84,0,4.5195,0.00049543,0.078947,0,2.4951,0,0
223,0,-0.59736,0,0.38462,0,0.51559,0,0
279.51,1,5.4634,6.1876,0.23905,1,1.4539,1,0
330.87,0,0.43993,12.795,0.82173,0,65.178,0,1
265.59,1,1.895,20.918,0.016641,1,9.8037,1,0
349.29,0,0.082743,0,0.11788,0,1.0593,0,0
154.35,0,3.915,0.022246,0.48701,0,3.7693,0,0
,,3.1832,,-0.2963,,,,
122.52,0,3.9494,0,0.26786,0,0.46034,0,0
345.08,1,5.6212,7.0451,0.22251,0,17.464,0,0
267.67,,3.8229,,0.1492,0,30.52,0,
,,2.7068,,-0.38436,,,,
,,2.6815,,-0.27332,,,,
14.888,0,2.6653,0,0.25844,0,0.98208,0,0
259.05,0,-1.0582,0,0.38206,0,0.54897,0,0
1.5876,1,-0.30543,20.096,0.011414,1,1.1417,1,0
,,,,-0.29932,,,,
211.82,0,2.4336,0,0.31115,0,4.6482,0,0
207.79,0,4.4002,0.34003,0.043411,0,2.2037,0,0
213.32,0,-1.1404,4.1311,0.59921,0,0.97538,0,1
66.534,1,2.6497,21.08,0.069959,1,0.54848,1,0
54.959,0,-1.3378,0,0.29268,0,3.7666,0,0
157.85,0,3.0109,8.5119,0.31364,0,0.45577,0,0
146.77,1,3.7052,22.872,0.13409,1,0.22449,1,0
92.129,0,3.9738,0.014688,0.149,0,13.051,0,0
48.247,0,7.5032,0,0.1759,0,3.7665,0,0
359.27,1,-1.2018,12.742,0.063631,0,0.14904,0,0
287.58,0,1.4483,0,0.14144,0,1.0411,0,0
244.72,1,-1.1101,11.808,0.16737,1,0.82777,1,0
247.78,0,1.0389,0.10363,0.31008,0,5.9037,0,0
59.076,1,-1.2383,12.577,0.1893,1,0.15956,1,0
267.3,0,-2.188,0.905,0.3664,0,55.504,0,0
76.193,0,2.2347,5.8291,0.33797,0,0.17705,0,0
146.41,0,4.0199,0.0099535,0.085981,0,1.556,0,0
90.32,1,-0.90717,13.175,0.17876,1,9.1142,1,0
163.42,0,-0.50989,0.0011933,0.52638,0,0.71512,0,0
56.788,0,3.0153,0,0.0086806,0,5.4151,0,0
,,3.286,,-0.2,,,,
,,2.5457,,-0.26243,,,,
,,2.5689,,-0.32137,,,,
148.38,1,2.8813,13.782,0.10366,1,16.382,1,0
134.2,1,-0.3185,4.2649,0.090965,1,7.0991,1,0
,,2.4622,,-0.41304,,,,
285.11,1,-0.031179,17.34,-0.039648,1,1.2604,1,0
186.48,0,2.5552,0,0.13116,0,1.785,0,0
328.62,0,2.5004,0,0.45455,0,3.1231,0,0
,,2.8579,,-0.29412,,,,
22.357,1,1.1817,16.259,0.14211,1,46.713,0,0
237.29,0,3.5562,2.0357,0.55628,0,70.7,0,0
254.78,0,-1.0265,6.9037,0.39352,0,16.392,0,0
184.6,0,2.2423,0.78005,-0.21116,0,38.663,0,0
195.43,0,3.3308,3.1951,0.54361,0,0.31032,0,1
188.55,0,2.2356,0.046085,0.10127,0,3.9899,0,0
242.77,0,-1.2294,0,0.26885,0,0.82205,0,0
21.41,0,2.0577,0.01367,0.26211,0,0.68687,0,0
55.955,0,2.9943,0.9696,0.43677,0,43.275,0,0
221.49,1,3.0473,14.944,0.14007,1,39.177,1,0
69.89,0,0.12251,0.0096904,0.2691,0,2.0708,0,0
300.01,1,3.3689,17.784,0.22706,1,2.0648,1,0
5.1885,0,-2.2681,0.0036972,0.78614,0,39.024,0,0
290.83,0,3.2757,2.2374,0.11806,0,85.438,0,0
251.01,0,3.8442,0,0.20172,0,9.0335,0,0
,,3.2731,,-0.25683,,,,
,,2.7708,,-0.28902,,,,
244.07,0,-1.0883,0.0073936,0.41751,0,80.423,0,0
,,3.5639,,-0.23953,,,,
323.76,0,3.9348,0,0.62574,0,0.51426,0,0
,,2.692,,0.043636,,,,
,,2.5927,,0.071719,,,,
295.44,0,3.8861,0.018866,0.18632,0,2.0288,0,0
,,1.4158,,-0.41392,,,,
315.06,,3.3899,,0.060357,0,88.271,0,
172.25,0,2.4376,0.012902,0.23194,0,2.1536,0,0
269.28,0,0.25959,4.9662,0.52102,0,33.866,0,1
298.59,0,3.8664,0,0.42733,0,1.206,0,0
45.307,0,4.3504,0,0.56979,0,29.046,0,0
31.27,0,3.3432,0.012193,0.24514,0,4.5386,0,0
147.67,0,3.2818,0,0.016575,0,1.2386,0,0
,,3.6277,,-0.10345,,,,
152.45,0,-1.1476,7.1543,0.61608,0,75.473,0,1
88.666,0,-1.0396,1.4458,0.70842,0,50.488,0,0
336.68,0,3.1603,0,0.46383,0,1.3598,0,0
31.175,0,0.043289,0,0.23148,0,0.7291,0,0
226.6,0,7.3767,0,0.68288,0,41.159,0,0
195.36,0,3.4108,0.35878,0.54234,0,54.306,0,0
177.32,0,3.3776,8.7261e-05,0.85902,0,0.6711,0,0
239.06,0,0.46201,0.015193,0.092741,0,1.4232,0,0
58.566,1,0.40368,16.556,0.26726,1,1.8512,1,0
63.316,0,-1.8539,0.08071,0.62588,0,4.3388,0,0
259.44,0,-1.2214,0.027374,0.408,0,41.096,0,0
269.27,0,-1.2605,0,0.14411,0,3.868,0,0
229.1,0,0.15789,0,0.38569,0,4.7593,0,0
160.74,1,-0.9989,35.02,0.29047,1,86.971,0,0
176.63,0,3.5527,7.8041,0.81615,0,42.409,0,1
205.14,1,0.015635,11.594,0.16746,1,0.76442,1,0
15.777,0,2.1545,0,0.10478,0,1.0939,0,0
269.08,0,4.472,0.032013,0.081257,0,1.5572,0,0
,,2.8665,,-0.31522,,,,
343.1,0,-1.6243,0.25807,0.49458,0,48.023,0,0
,,2.6891,,-0.39629,,,,
263.61,0,3.325,0,0.45893,0,3.2483,0,0
177.6,0,3.6763,6.691,0.38885,0,0.19499,0,0
217.71,0,0.89744,18.477,0.39263,0,0.49018,0,0
285.34,0,3.1012,0.0014114,0.22525,0,1.9698,0,0
100.06,0,3.8858,1.7875,0.2944,0,41.313,0,0
,,3.2434,,-0.36465,,,,
103.09,,0.41961,,0.13053,1,1.8135,1,
313,0,5.2969,0,0.47277,0,2.4711,0,0
153.13,0,3.2474,0.0038123,0.36401,0,1.5516,0,0
135.35,0,0.14265,0.00035135,0.082789,0,0.81186,0,0
319.43,0,4.7459,0,0.10965,0,1.5155,0,0
43.1,0,-0.2061,0.023903,0.095193,0,1.4896,0,0
327.05,1,-1.1121,4.6231,0.10556,1,37.689,0,0
72.458,0,-1.1015,0.021108,0.097584,0,2.8498,0,0
263.67,1,-1.2286,12.924,0.10011,1,24.849,0,0
265.53,0,-1.9599,0,0.52967,0,12.35,0,0
,,1.0591,,-0.40187,,,,
44.358,0,0.40919,0.0028117,0.10026,0,0.99029,0,0
54.058,1,-1.1313,6.9784,0.14935,1,24.03,0,0
21.075,0,0.15562,6.48,0.6687,0,28.96,0,1
177.04,1,2.7788,27.053,0.076326,1,0.87778,1,0
236.31,0,3.9218,10.965,0.40336,0,44.798,0,1
,,3.0105,,0.23493,,,,
160.45,1,-1.0278,38.579,0.1393,1,85.654,0,0
89.276,1,-1.2313,14.49,0.18616,1,0.70694,1,0
179.22,,1.7597,,0.16273,0,85.759,0,
359.57,1,0.7432,16.906,0.20426,1,15.043,0,0
315.86,0,3.8354,0.013147,0.092039,0,0.7024,0,0
111.18,1,1.8935,32.918,0.12673,1,0.508,1,0
259.32,0,-1.1626,13.615,0.53626,0,0.72938,0,1
359.29,0,3.5362,5.6499,0.60204,0,53.907,0,1
246.04,0,3.4613,16.139,0.30262,0,26.843,0,0
133.28,0,3.5396,0.58836,0.16252,0,1.9965,0,0
332.5,1,3.5978,19.165,0.010702,1,83.285,0,0
85.846,0,-1.2591,0.00081575,0.31873,0,1.629,0,0
292.32,0,4.2043,3.8749,0.85861,0,56.994,0,1
33.843,0,3.1378,0.012649,0.088258,0,1.0439,0,0
327.16,0,1.4459,0.0022768,0.50775,0,0.94068,0,0
359.27,0,2.6945,0,0.08175,0,0.65352,0,0
235.65,0,-1.1396,11.531,0.43009,0,0.12421,0,1
,,2.4817,,-0.11316,,,,
344.7,0,4.8732,0,0.16763,0,4.8517,0,0
277.78,0,-0.10589,10.448,0.51141,0,72.953,0,1
105.34,0,-1.6364,8.5962,0.51195,0,24.799,0,1
7.6683,0,3.2492,0.0030746,0.45623,0,0.98502,0,0
127.43,,1.7168,,0.14965,0,3.4265,0,
152.97,0,2.597,0.01901,0.26437,0,0.99774,0,0
,,2.9734,,-0.39865,,,,
,,2.8985,,0.23899,,,,
350.38,0,3.5404,0.0052989,0.44556,0,1.4098,0,0
,,4.5126,,-0.16646,,,,
160.27,0,3.5818,0,0.26029,0,0.56397,0,0
323.48,1,2.8378,35.392,-0.024187,1,1.5617,1,0
,,0.93203,,-0.26211,,,,
108.27,1,0.55718,15.566,0.099851,1,75.841,0,0
212.61,0,-0.49654,0,0.13509,0,0.63808,0,0
335.33,0,3.5433,12.882,0.40439,0,0.60858,0,1
35.324,0,3.8376,0.034621,-0.024762,0,5.2909,0,0
134.53,0,3.4677,4.0118,0.87394,0,78.24,0,1
134.58,,-0.95924,,0.33471,0,83.314,0,
26.438,0,5.2575,0,0.059524,0,0.56692,0,0
278.24,,-0.89489,,0.16777,1,1.1229,1,
302.5,1,3.645,79.69,0.065821,1,67.099,0,0
88.93,0,2.4773,0,0.53118,0,47.393,0,0
311.68,0,1.0579,0.021406,0.22083,0,3.2108,0,0
314.93,0,-1.0599,0.025294,0.62231,0,2.2355,0,0
105.91,0,3.2069,8.4411,0.85033,0,61.308,0,1
223.67,0,3.8314,0.014693,0.26814,0,3.9635,0,0
359.18,1,-0.96752,16.28,0.063529,1,86.196,0,0
44.844,0,3.6602,0.16212,0.099792,0,28.582,0,0
333.57,1,-0.60714,28.005,0.11854,1,77.639,0,0
337.42,0,0.12211,0.010294,0.10341,0,0.6794,0,0
64.487,0,5.423,0.012597,0.21178,0,4.4736,0,0
,,2.6027,,-0.41261,,,,
,,0.93928,,-0.15948,,,,
18.873,0,1.9983,4.1185,0.72789,0,31.393,0,1
89.275,0,0.35536,0.06324,0.84416,0,25.196,0,0
,,2.261,,-0.0018622,,,,
198.35,0,-0.74454,0.024745,0.25672,0,0.35181,0,0
236.92,0,-1.6368,0.066539,0.50397,0,77.935,0,0
,,,,-0.39416,,,,
109.58,0,-1.1386,0.008201,0.072555,0,0.92528,0,0
182.81,1,-1.2842,28.846,0.17166,1,22.696,1,0
311.58,0,1.2153,10.704,0.48891,0,82.729,0,1
359.28,0,-0.19721,0.0065104,0.33333,0,0.65925,0,0
,,3.0091,,-0.23252,,,,
187.62,0,3.341,0.2911,0.55418,0,1.4656,0,0
359.89,1,3.8352,12.619,0.22815,1,2.744,1,0
44.357,0,3.4611,0.033718,0.059423,0,1.4366,0,0
285.49,1,-1.1204,4.2022,0.090546,1,2.5243,1,0
39.33,0,4.1717,0,0.48508,0,1.3848,0,0
218.1,0,4.9802,0.087401,0.2065,0,0.63271,0,0
82.565,0,3.7147,2.9349,0.77736,0,69.552,0,1
315.33,0,1.7581,0.77655,0.37422,0,53.458,0,0
215.6,1,-1.6209,4.8951,0.1221,1,0.21346,1,0
50.396,1,-0.89372,20.014,0.1039,1,1.8896,1,0
62.217,0,-1.4693,0.036447,0.52289,0,7.0955,0,0
,,3.2421,,-0.44102,,,,
132.72,1,-0.21738,12.123,0.18688,1,9.0521,1,0
46.197,0,-1.0612,12.484,0.31941,0,1.7621,0,0
81.782,0,-0.99126,0.026861,0.13029,0,3.0291,0,0
164.58,1,2.6644,9.4018,0.15242,1,2.3636,1,0
359.28,0,-0.22655,0.002352,0.00271,0,0.26371,0,0
201.88,0,4.1462,0,0.25284,0,82.059,0,0
91.207,0,-1.4335,2.3298,0.77403,0,16.192,0,0
114.63,0,3.9596,3.4961,0.56565,0,65.242,0,1
100.59,0,4.3034,0,0.093467,0,0.17582,0,0
137.29,0,3.0799,0.0075629,0.063655,0,0.83312,0,0
,,1.434,,-0.15019,,,,
167.63,0,-1.1571,0,0.36974,0,57.824,0,0
343.59,0,3.4221,0,0.50679,0,2.3568,0,0
16.185,1,-0.90608,15.086,0.0058294,1,16.904,0,0
308.22,1,3.568,15.46,0.18352,1,42.865,0,0
231.49,1,-0.71204,13.021,0.1697,1,0.065481,1,0
200.87,0,0.12124,0,0.40416,0,1.5779,0,0
206.06,1,4.1078,18.139,0.19727,1,16.492,1,0
,,2.2496,,-0.24234,,,,
257.71,0,0.090608,0.85479,0.47588,0,64.685,0,0
,,2.8337,,-0.28363,,,,
,,2.515,,-0.19664,,,,
57.074,0,-1.077,0,0.18648,0,0.90339,0,0
252.63,0,2.8361,0.0112,0.17637,0,0.059989,0,0
315.65,0,5.2794,0,0.225,0,0.816,0,0
89.234,1,-0.91589,30.169,0.083958,1,74.146,0,0
178.44,1,2.7037,9.9017,0.21774,0,42.472,0,0
308.75,0,3.5867,0.014087,0.21667,0,1.9569,0,0
64.687,1,1.3874,23.173,0.12842,1,26.313,0,0
92.258,0,2.7936,0.012853,0.10746,0,2.5536,0,0
134.21,0,-1.33,0.0025944,0.63035,0,0.75492,0,0
,,2.7081,,-0.27858,,,,
343.48,0,3.4162,0,0.14167,0,0.69701,0,0
37.452,0,3.4486,0,0.13459,0,1.6182,0,0
335.36,1,3.852,9.0715,0.1182,1,1.1476,1,0
,,1.4963,,-0.26813,,,,
,,1.3552,,-0.28184,,,,
27.137,1,0.80526,4.6448,0.10712,1,0.95954,1,0
192.91,0,1.1237,0.0067483,0.42053,0,0.90246,0,0
304.07,0,2.7563,0.081666,0.52818,0,39.545,0,0
78.887,1,3.9273,21.573,0.13624,1,79.412,0,0
231.25,1,3.12,17.781,0.034056,1,26.099,0,0
,,2.1373,,-0.17679,,,,
,,1.1066,,-0.35606,,,,
12.266,0,3.802,2.1532,0.725,0,25.895,0,0
,,-0.37735,,0.19838,,,,
281.91,0,0.47924,0.80216,0.2053,0,36.9,0,0
18.963,0,1.8123,0.00199,0.13412,0,2.2335,0,0
270.56,0,3.5353,0,0.47754,0,1.9252,0,0
,,3.3147,,-0.067558,,,,
108.86,0,3.6801,0,0.25632,0,0.97584,0,0
,,2.9484,,-0.37643,,,,
77.489,1,-1.1906,12.938,0.26098,1,0.25247,1,0
,,3.2655,,-0.33007,,,,
,,2.2604,,0.059787,,,,
64.045,1,4.8471,14.945,0.12322,1,0.69892,1,0
,,2.8722,,-0.41844,,,,
35.622,0,4.5339,0,0.76874,0,1.7605,0,0
149.47,0,-0.31536,0,0.090766,0,0.13875,0,0
232.38,0,2.3937,0,-0.0072058,0,0.55354,0,0
89.274,0,-1.2597,0,0.79449,0,3.908,0,0
279.86,0,-1.0082,0.014171,0.29873,0,1.9988,0,0
6.4149,0,1.5326,0,0.063878,0,2.6328,0,0
228,0,3.5749,0,0.49176,0,0.89484,0,0
163.92,0,0.18611,0.00089385,0.40728,0,1.4325,0,0
12.404,0,3.9072,0,0.18025,0,1.9005,0,0
224.65,,0.43163,,0.46206,0,88.176,0,
311.81,0,2.5144,6.8076,0.32842,0,1.2553,0,0
43.646,1,-1.2219,20.873,0.12964,1,1.323,1,0
42.738,0,-0.63061,30.788,0.36306,0,72.53,0,0
193.39,1,-1.2857,12.14,0.19545,1,20.976,1,0
,,2.2045,,-0.37323,,,,
73.422,1,3.7278,23.888,0.11762,1,27.311,0,0
104.28,0,4.1468,0.062999,0.49803,0,0.73179,0,0
,,2.9683,,-0.15581,,,,
215.42,0,0.25901,0,0.20205,0,1.4619,0,0
,,3.0093,,-0.20826,,,,
,,1.7123,,-0.34194,,,,
117.88,1,3.4734,12.975,0.11765,1,20.126,0,0
217.65,0,0.42789,0.010206,0.087889,0,0.13892,0,0
64.261,0,-1.9272,0.0023518,0.49595,0,1.3824,0,0
,,3.2787,,-0.39806,,,,
286.57,0,-1.2337,0,0.29858,0,2.4303,0,0
351.47,0,4.1969,0.94512,0.7174,0,26.474,0,0
71.861,0,2.4086,0,0.40475,0,1.6261,0,0
314.87,1,3.0221,18.229,0.095284,1,82.934,0,0
177.65,0,1.6605,0,0.014028,0,2.6192,0,0
,,3.9064,,0.063717,,,,
229.69,0,0.30421,0.0050885,0.49273,0,0.65645,0,0
234.63,0,3.2616,0.0031443,0.45949,0,1.5926,0,0
353.2,0,1.2193,17.182,0.89497,0,71.533,0,1
45.32,0,-1.1575,0.031037,0.082963,0,2.8881,0,0
34.043,1,-0.27486,4.2888,0.1245,1,0.63503,1,0
,,2.0986,,-0.33181,,,,
266.22,1,2.7782,11.155,-0.026095,1,1.3926,1,0
,,1.2839,,-0.29922,,,,
,,2.6969,,-0.26989,,,,
319.71,0,3.9598,0.030796,0.3207,0,2.1189,0,0
165.62,0,-0.38287,0,0.10087,0,1.5808,0,0
,,2.7289,,-0.34585,,,,
120.91,0,2.4988,0,0.21406,0,1.9025,0,0
42.758,1,3.6895,8.9,0.2301,0,74.355,0,0
274.59,1,3.9569,14.553,0.1709,1,1.9271,1,0
228.53,1,1.5143,18.342,-0.0088004,1,15.698,0,0
,,1.3942,,0.083089,,,,
41.046,0,4.0727,0,0.23734,0,1.3291,0,0
57.077,0,4.2821,0,0.067407,0,0.77433,0,0
,,3.2915,,-0.30645,,,,
,,2.624,,-0.23297,,,,
95.041,0,0.52791,19.864,0.89621,0,77.127,0,1
,,0.22387,,0.76414,,,,
,,-0.10441,,0.735,,,,
,,2.8992,,-0.32861,,,,
53.576,1,4.0884,13.32,0.21745,1,34.868,0,0
247.1,0,-1.0185,0.0078182,0.25217,0,0.71374,0,0
,,2.933,,-0.38158,,,,
,,1.2087,,-0.4201,,,,
168.65,0,3.5624,0,0.091829,0,0.93324,0,0
40.133,1,3.2089,13.909,0.085859,1,3.4222,1,0
316.07,0,2.6789,0.23964,0.33354,0,10.57,0,0
152.89,0,5.1143,0,0.30952,0,0.68487,0,0
156.72,1,0.017284,15.508,-0.0055696,1,3.1133,1,0
,,2.3309,,-0.2337,,,,
60.431,0,-1.5308,8.7166,0.32975,0,77.252,0,0
359.99,0,-1.8682,12.109,0.31068,0,71.906,0,0
226.33,1,3.3627,15.14,0.072837,1,43.193,0,0
104.68,1,4.191,6.4414,0.25683,0,7.3511,0,0
261.4,0,-1.2391,0,0.33724,0,22.012,0,0
213.04,1,-0.63431,4.1551,0.056243,1,0.08276,1,0
166.03,1,-1.0194,7.979,0.197,1,78.543,0,0
204.64,0,3.5484,6.6752,0.7023,0,58.994,0,1
,,2.782,,-0.32088,,,,
155.34,0,0.070709,0.36079,0.55793,0,24.227,0,0
267.78,0,2.745,0,0.30015,0,11.944,0,0
36.244,0,3.9342,6.6936,0.64892,0,81.894,0,1
144.48,0,0.21266,8.3784,0.44087,0,0.61435,0,1
110.99,0,-1.2555,0.099345,0.47453,0,6.2792,0,0
182.61,0,-1.179,0.015647,0.32167,0,8.909,0,0
121.92,0,2.4074,0.014721,0.43353,0,6.6909,0,0
180.27,0,-0.48886,0.37016,0.40103,0,18.822,0,0
125.52,0,3.896,0,0.41322,0,2.0653,0,0
0.43898,1,0.079165,31.89,0.2564,1,2.5442,1,0
345.03,0,-0.033812,0,0.32556,0,0.86353,0,0
315.45,1,-1.0188,17.978,0.21706,1,0.37345,1,0
264.3,1,-0.97536,4.0481,0.20359,0,75.069,0,0
290.15,0,-1.2922,0,0.15581,0,0.62742,0,0
305.41,0,3.0996,12.83,0.3154,0,80.558,0,0
325.05,0,0.73508,0,0.27746,0,2.4397,0,0
102.18,,0.098997,,0.73589,0,57.648,0,
337.07,0,3.4336,6.6095,0.42665,0,1.6098,0,1
178.23,0,0.08341,4.7679,0.48007,0,40.185,0,1
297.95,0,-0.079687,0,0.61503,0,2.5202,0,0
269.28,0,-1.1873,6.427,0.32685,0,83.635,0,0
281.99,0,-1.2405,0.0088098,0.42024,0,0.49492,0,0
160.56,1,2.7246,2.8798,0.12058,1,0.80509,1,0
38.032,0,3.5551,0,0.56154,0,3.1202,0,0
142.5,0,-0.34437,0.0072709,0.19246,0,1.6028,0,0
159.92,0,-0.50251,0,0.077941,0,1.0572,0,0
,,2.4823,,-0.2777,,,,
150.87,0,4.0495,0.050084,0.31828,0,18.977,0,0
292.9,0,-0.43507,5.1076,0.57266,0,34.923,0,1
,,3.3454,,-0.15789,,,,
251.58,0,-1.0129,0.0022399,0.80638,0,0.75412,0,0
333.23,0,-0.85523,0.039329,0.23961,0,11.255,0,0
351.27,1,1.9487,15.189,0.13057,1,0.78157,1,0
,,2.5116,,-0.35763,,,,
235.9,0,3.2626,0.00046492,0.15066,0,1.4588,0,0
186.89,0,4.0242,0,0.045455,0,1.0872,0,0
,,1.6866,,-0.40037,,,,
,,2.1046,,-0.38567,,,,
126.89,1,3.1341,4.583,0.0084535,1,1.8129,1,0
61.554,0,1.1605,7.5243,0.76395,0,46.795,0,1
227.18,0,3.2073,0.0057724,0.13861,0,1.0688,0,0
190.99,0,3.5651,0,0.38323,0,0.90736,0,0
178.87,1,-0.95516,12.409,0.10751,1,44.931,1,0
74.469,0,1.8717,0,0.36555,0,0.29132,0,0
258.89,1,-0.13863,22.467,0.006865,1,12.094,0,0
247.6,1,-0.12708,8.0681,0.067194,1,11.472,0,0
30.942,0,-0.031443,7.4076,0.44495,0,73.363,0,1
,,1.3439,,-0.3381,,,,
,,2.592,,-0.26984,,,,
215.08,1,-1.0297,8.8125,0.23592,0,76.724,0,0
58.69,1,-0.43211,32.503,0.16253,1,0.90125,1,0
,,2.7095,,-0.24105,,,,
,,2.6784,,-0.2838,,,,
,,2.7403,,-0.17108,,,,
115.88,0,2.8583,0.033161,0.1466,0,1.7798,0,0
347.61,0,-0.84495,0.011349,0.32358,0,2.1006,0,0
134.73,1,4.1534,5.3309,0.20222,1,85.536,0,0
,,3.3452,,-0.28183,,,,
,,2.7228,,-0.168,,,,
,,0.16926,,0.74419,,,,
255.08,0,4.1581,0.01368,0.049637,0,0.74702,0,0
21.732,0,1.0047,12.948,0.69841,0,31.227,0,1
159.27,1,-1.019,3.9949,0.28252,1,20.456,1,0
178.65,0,0.6937,4.9014,0.49696,0,63.461,0,1
25.063,0,-1.3583,0,0.59007,0,1.4132,0,0
187.81,0,2.3464,0.18718,0.40177,0,5.0303,0,0
44.717,1,1.6084,16.581,0.14174,1,39.138,0,0
345.9,1,3.9327,26.647,0.18274,1,0.59516,1,0
11.869,0,3.7051,4.1364,0.39956,0,40.453,0,0
,,2.9511,,-0.401,,,,
141.68,0,-1.2003,4.5141,0.65212,0,51.59,0,1
135.03,,1.9835,,0.013592,0,28.428,0,
238.94,0,-1.4407,0.00040531,0.66519,0,1.4183,0,0
235.47,1,4.2923,20.954,0.2008,1,71.793,0,0
354.12,0,-1.6939,1.6436,0.56716,0,78.173,0,0
268.87,0,2.7235,6.2765,0.68489,0,58.542,0,1
171.52,0,4.2,0,0.024931,0,1.9954,0,0
227.71,0,1.0818,8.5393,0.86842,0,41.093,0,1
,,2.6925,,-0.45848,,,,
,,1.921,,-0.18012,,,,
77.93,0,3.5289,0.22447,0.098485,0,2.0977,0,0
,,3.26,,-0.41067,,,,
314.2,0,4.057,0.042644,0.35273,0,0.6494,0,0
148.26,1,0.37073,13.938,0.11604,1,0.20073,1,0
,,2.8779,,-0.38007,,,,
349.34,0,-0.14336,0,0.39192,0,0.59946,0,0
253.52,0,0.01483,0.05817,0.42042,0,3.0369,0,0
,,3.1092,,-0.068493,,,,
154.06,0,3.3259,0,0.27456,0,0.74145,0,0
359.06,1,3.989,7.1004,0.21799,1,0.73947,1,0
136.47,0,-1.098,0.0056416,0.22016,0,2.0463,0,0
91.822,1,4.2114,76.767,0.096979,0,26.872,0,0
279.07,1,3.1447,7.5235,0.17771,1,53.491,0,0
321.89,0,4.2954,0,0.1829,0,38.353,0,0
134.21,1,-1.1311,10.086,0.1576,0,54.161,0,0
8.0697,0,-1.3149,0.27686,0.6799,0,21.135,0,0
315.83,,-0.76952,,0.077477,1,84.106,0,
5.9889,0,0.47696,14.275,0.66966,0,47.091,0,1
87.096,0,2.4655,0.69638,0.065826,0,59.397,0,0
11.724,0,3.0461,0,0.058741,0,1.6258,0,0
292.08,0,-1.0007,0.050159,0.091384,0,3.3101,0,0
179.3,0,1.8924,0.0091404,0.12867,0,0.98596,0,0
298.43,0,2.8005,0,0.31712,0,0.67115,0,0
252.68,0,-1.4398,0.003791,0.50071,0,1.0435,0,0
257.57,0,3.8757,1.1739,0.19744,0,79.937,0,0
45.507,0,5.8493,0.001791,0.41571,0,3.0705,0,0
168.23,0,2.8589,0.0002296,0.05326,0,0.71847,0,0
124.94,0,4.2598,0.0053411,0.36557,0,0.5801,0,0
,,2.6641,,-0.27376,,,,
89.285,1,2.9896,4.7211,0.12309,1,0.62071,1,0
347.16,1,4.837,8.5411,-0.065421,0,6.3595,0,0
157.1,0,1.8014,0.0082226,0.59352,0,2.8146,0,0
,,2.6613,,-0.15871,,,,
,,2.7102,,-0.31759,,,,
176.75,0,3.7173,0.005574,0.061758,0,1.0328,0,0
319.51,0,1.1106,8.8067,0.87393,0,75.383,0,1
227.64,0,3.3859,2.1777,0.5096,0,14.026,0,0
281.26,0,-0.29078,0.017978,0.093313,0,0.27615,0,0
34.343,1,-0.65175,11.211,0.12661,1,1.1905,1,0
90.845,0,4.6937,0.044703,0.066263,0,11,0,0
,,3.148,,-0.28594,,,,
335.21,1,3.8916,27.188,0.24098,1,64.207,0,0
215.91,1,3.3849,12.564,0.05103,0,82.819,0,0
355.5,0,3.2781,0.0053775,0.23569,0,1.7403,0,0
187.89,0,-1.8573,2.1915,0.31419,0,3.2204,0,0
141.33,0,2.7536,2.0979,0.33059,0,57.294,0,0
83.126,0,-1.4443,0,0.14487,0,2.034,0,0
245.97,0,3.445,0.029698,0.18534,0,6.2591,0,0
,,2.9651,,-0.34537,,,,
,,1.0308,,-0.38519,,,,
293.7,0,-1.2968,0,0.17548,0,0.77639,0,0
,,0.93202,,-0.31749,,,,
,,2.5802,,-0.35928,,,,
,,2.3869,,-0.22494,,,,
6.0478,0,1.1346,0.033624,0.77154,0,4.5741,0,0
,,3.1708,,-0.34975,,,,
19.701,,3.8007,,-0.00096494,0,70.961,0,
149,0,0.32872,8.6391,0.75987,0,15.891,0,1
323.15,0,-1.0781,0.0092757,0.32936,0,1.3839,0,0
,,,,-0.31241,,,,
107.85,0,3.6225,0.0062425,0.22288,0,1.1155,0,0
275.29,1,2.1751,4.989,0.23583,0,16.316,0,0
,,2.1879,,-0.29642,,,,
131.32,0,4.2882,3.6098,0.31758,0,68.071,0,0
,,,,-0.39889,,,,
264.98,,3.3422,,0.28289,0,5.5391,0,
173.25,1,-0.60215,16.514,0.18695,1,1.8038,1,0
359.77,0,3.9971,0,0.16169,0,0.67647,0,0
138.45,0,2.6228,0,0.0071174,0,1.4321,0,0
150.04,0,4.6902,0.061538,0.32327,0,16.757,0,0
221.46,,1.7425,,-0.021356,0,33.435,0,
256.41,0,0.47513,0,0.074701,0,2.3394,0,0
164.11,0,-1.3061,0.74487,0.43487,0,53.65,0,0
23.132,0,3.4712,0,0.33514,0,5.4862,0,0
89.271,0,-1.9465,4.8788,0.7609,0,54.885,0,1
268.59,0,-1.0552,0.01947,0.47321,0,1.1839,0,0
339.8,0,3.4589,0.80476,0.1644,0,30.237,0,0
112.33,0,4.3534,0,0.36557,0,1.9607,0,0
359.28,1,0.35952,27.194,0.1315,1,41.023,0,0
144,,3.04,,-0.0075394,0,1.7204,0,
4.741,0,2.6687,5.4632,0.30145,0,82.169,0,0
31.835,0,3.8425,0.011912,0.040214,0,2.2429,0,0
,,2.4947,,-0.21693,,,,
,,2.9577,,-0.38004,,,,
44.678,1,-0.16522,15.346,-0.0012615,1,86.643,0,0
226.22,0,3.4977,6.4835,0.31318,0,41.525,0,0
167.06,1,4.5736,6.2431,0.11317,1,21.231,1,0
164.88,1,3.5708,55.065,0.12478,1,0.89976,1,0
109.85,0,4.3545,7.4281,0.89013,0,59.807,0,1
4.4575,0,1.3468,14.078,0.88136,0,78.918,0,1
356.89,1,-0.29828,21.336,0.24787,1,49.94,0,0
293.35,0,3.9649,0,0.012776,0,1.7996,0,0
170.62,1,3.0719,16.019,0.033049,1,37.511,1,0
298.63,0,3.5267,0.02507,0.192,0,1.8717,0,0
319.65,0,3.8552,0.046537,0.41838,0,12.313,0,0
129.36,0,2.0386,0.0068619,0.37384,0,1.0063,0,0
103.29,1,0.92863,17.196,0.19787,0,0.2132,0,0
,,1.3169,,-0.21852,,,,
,,2.0753,,-0.16253,,,,
88.392,0,-0.45066,0.026456,0.22913,0,21.787,0,0
144.06,0,3.8522,0,0.093717,0,0.61763,0,0
,,3.2511,,-0.36516,,,,
,,2.9229,,-0.21791,,,,
137.4,0,0.30792,6.5667,0.74516,0,68.12,0,1
217.25,0,2.2802,1.3364,0.19605,0,11.144,0,0
179.29,0,3.5413,0.012065,0.81585,0,1.2438,0,0
,,3.3608,,-0.08291,,,,
,,,,-0.36508,,,,
9.0779,0,-1.4382,0.0040518,0.39432,0,0.50614,0,0
348.4,0,4.915,0.99559,0.43618,0,48.395,0,0
250.89,0,0.65177,0,0.47985,0,0.59961,0,0
71.087,1,-0.90779,15.135,0.087744,1,13.078,0,0
124.11,0,3.1215,0,0.15605,0,1.6866,0,0
19.311,0,-1.1638,2.5921,0.34398,0,0.06712,0,0
97.162,0,2.6418,0,0.24072,0,33.471,0,0
82.549,0,3.6702,0,0.20872,0,1.273,0,0
269.02,1,-0.10406,2.8125,0.050571,0,7.5769,0,0
359.29,1,3.4583,4.2048,0.085903,1,0.52167,1,0
235.89,0,-1.066,0,0.2,0,1.5415,0,0
38.252,0,0.082895,2.8626,0.7494,0,46.98,0,1
109.7,0,1.4298,0.00063574,0.66735,0,3.577,0,0
118.97,0,0.4096,0,0.47093,0,0.46308,0,0
,,1.1064,,-0.0625,,,,
250.89,0,1.3705,0,0.085077,0,0.94479,0,0
229.77,0,0.16135,0.025546,0.10369,0,3.3037,0,0
338.12,0,0.46819,0.021508,0.22141,0,13.804,0,0
179.43,1,4.079,32.568,0.13666,0,72.792,0,0
,,3.3212,,0.087515,,,,
182.79,0,3.5853,0.22432,0.084934,0,13.163,0,0
199.07,0,1.4328,0.021409,0.17342,0,1.681,0,0
9.8547,0,2.0371,0,0.10661,0,0.50151,0,0
359.27,0,3.8824,0.0062239,0.17741,0,0.022935,0,0
233.42,1,-1.0489,22.251,0.10081,1,0.56742,1,0
249.22,0,-0.8863,0.1309,0.42903,0,40.31,0,0
354.92,0,3.4996,0,0.007215,0,2.1838,0,0
22.388,,,,0.01967,,5.0414,,
177.24,0,3.8286,0.0038483,0.10364,0,1.6001,0,0
,,0.039066,,0.77397,,,,
,,3.0395,,-0.25305,,,,
,,1.0225,,-0.41786,,,,
242.2,0,2.024,1.6197,0.20299,0,63.809,0,0
189.94,1,-1.127,10.899,0.074425,1,1.1491,1,0
,,2.671,,-0.25301,,,,
224.35,0,-0.25417,0,0.52,0,0.51142,0,0
,,1.2553,,-0.41653,,,,
304.13,1,4.4049,12.307,0.039911,1,8.4393,1,0
,,2.9919,,-0.29412,,,,
343.28,0,3.1211,1.2402,0.33773,0,59.547,0,0
154.4,0,0.39145,0.0072538,0.32326,0,0.34129,0,0
177.43,0,-0.44894,0,0.29205,0,0.35562,0,0
32.82,0,2.6618,0.11003,0.23773,0,0.77014,0,0
,,2.7342,,-0.27306,,,,
50.601,1,-1.1433,9.3545,0.24795,0,86.585,0,0
260.79,0,4.1483,0.0097914,0.1,0,0.58112,0,0
327.92,0,-0.080063,0,0.15616,0,0.83919,0,0
302.41,0,0.45222,0.0084806,0.10188,0,0.91267,0,0
21.855,0,-0.83216,20.08,0.31931,0,0.50908,0,0
303.29,1,-1.2276,14.845,0.1441,1,84.023,0,0
0.2386,0,5.2471,0.0080228,0.05595,0,1.731,0,0
227.95,0,-1.1821,0,0.14787,0,2.6542,0,0
95.948,0,3.7456,0,0.042254,0,0.44555,0,0
89.292,0,3.6307,0.63778,0.54059,0,40.503,0,0
295.24,1,-0.24656,6.1042,0.21241,1,12.14,0,0
277.93,1,1.9263,28.821,0.082637,1,49.694,0,0
359.29,0,1.7038,0.015663,0.091603,0,1.2037,0,0
321.33,0,0.13936,1.2238,0.7181,0,0.91591,0,0
,,3.2838,,-0.2334,,,,
66.537,0,0.6273,0,0.40394,0,10.465,0,0
354.73,1,-1.1053,8.3759,0.16531,1,12.046,0,0
290.22,0,3.636,0.0088456,0.15482,0,4.1468,0,0
152.3,0,0.61225,3.2735,0.84513,0,81.549,0,1
328.31,0,1.2082,0,0.17741,0,1.9315,0,0
198.45,0,0.99693,0,0.40676,0,2.711,0,0
314.22,0,2.7673,0,0.35441,0,2.3124,0,0
,,2.4734,,-0.28505,,,,
10.79,0,4.2641,0,0.41048,0,1.0939,0,0
282.5,0,-1.2196,0.1607,0.11544,0,1.6291,0,0
175.78,1,-1.0465,9.5155,0.05694,1,32.569,1,0
246.87,1,3.2182,19.949,0.27238,1,86.65,0,0
,,2.0585,,-0.27528,,,,
179.28,0,-0.51767,0.001969,0.41174,0,2.9155,0,0
259.2,1,3.7016,8.1416,0.21642,1,19.746,0,0
193.23,,,,-0.047109,,0.60847,,
,,2.9709,,-0.33681,,,,
97.488,0,-0.91396,0.006659,0.10027,0,0.24099,0,0
,,2.7284,,-0.30634,,,,
327.31,0,4.2871,0.064019,0.51696,0,0.96623,0,0
323.24,0,3.6204,35.806,0.31822,0,68.647,0,0
38.617,0,4.1146,0.00047255,0.21365,0,3.4787,0,0
0.64064,0,3.8176,3.8077,0.42285,0,70.995,0,1
231.34,1,0.83986,4.0532,0.25958,0,0.56855,0,0
89.279,1,-0.6016,20.642,0.095863,1,1.385,1,0
,,3.257,,-0.33102,,,,
,,1.4911,,-0.29794,,,,
75.097,0,-1.3737,11.263,0.85388,0,76.808,0,1
,,2.0969,,-0.31392,,,,
47.785,0,4.0543,1.5605,0.56584,0,62.073,0,0
14.264,1,2.393,47.874,0.12322,1,0.53399,1,0
,,2.3749,,-0.25128,,,,
191.8,0,3.9556,0.36208,0.15832,0,1.3005,0,0
64.317,0,3.3904,0.01503,0.16911,0,7.2576,0,0
351.71,0,-1.2248,1.1521,0.47671,0,72.251,0,0
66.311,0,-0.065921,1.6661,0.62391,0,70.957,0,0
193.03,0,3.0547,0,0.081333,0,42.331,0,0
274.44,0,3.2935,0,0.34889,0,1.2117,0,0
261.51,1,1.3382,19.884,0.058755,1,0.42353,1,0
,,0.78853,,-0.0098522,,,,
97.355,0,3.7171,0,0.48366,0,6.6174,0,0
276.53,1,0.45944,47.052,0.13428,0,75.585,0,0
321.93,0,3.0194,0,0.33681,0,1.932,0,0
65.087,1,3.145,17.168,0.03179,0,82.9,0,0
,,1.8024,,-0.29256,,,,
2.7109,1,0.74762,9.3249,0.065224,1,15.752,0,0
134.22,0,0.053033,5.2988,0.60907,0,28.292,0,1
10.964,0,3.3362,13.611,0.34809,0,80.554,0,0
348.71,1,-1.1077,22.042,0.16707,1,0.34405,1,0
9.246,0,0.53283,0.00057459,0.7929,0,7.3632,0,0
223.44,0,-1.2932,0.50629,0.29688,0,76.488,0,0
153.4,0,-0.44845,1.3161,0.29205,0,0.19753,0,0
225.8,0,1.718,0.0018727,0.38676,0,0.64153,0,0
,,3.2598,,-0.2607,,,,
326.42,0,-0.88111,0.15671,0.49141,0,9.5203,0,0
,,2.7653,,-0.25507,,,,
179.28,0,-0.33515,0,0.19214,0,0.43569,0,0
,,2.8346,,-0.27368,,,,
269.91,0,2.4497,0,-0.043132,0,21.954,0,0
,,2.8393,,-0.46332,,,,
174.13,,-0.25244,,0.10602,1,4.4091,1,
66.729,1,0.30104,17.327,0.18723,0,1.4343,0,0
333.43,1,-1.1016,12.681,0.11222,1,0.75163,1,0
169.15,0,-0.21108,0,0.33618,0,2.0258,0,0
80.564,0,-1.1173,6.7148,0.67683,0,57.597,0,1
215.86,0,0.23954,0.016857,0.48876,0,0.35691,0,0
135.28,0,4.1871,0.015912,0.39591,0,1.2907,0,0
,,2.8928,,-0.30146,,,,
42.986,0,2.5635,11.129,0.64973,0,63.008,0,1
126.11,0,-1.0835,0.57661,0.46629,0,19.364,0,0
201.13,1,-1.1423,9.5322,0.21011,1,0.49408,1,0
91.007,0,3.525,7.194,0.3544,0,62.399,0,0
179.28,0,-0.70566,11.472,0.75337,0,50.843,0,1
238.38,1,-1.0682,5.3938,0.084337,1,0.16746,1,0
359.15,1,3.295,7.1238,0.10435,0,49.45,0,0
166.6,0,3.2906,0.014128,0.47573,0,0.81089,0,0
109.79,1,-2.3243,9.6823,0.12408,1,0.44184,1,0
275.24,1,-0.65512,7.8784,0.22954,0,1.3809,0,0
237.35,1,3.967,10.949,0.27116,1,0.27089,1,0
,,3.3283,,-0.32605,,,,
265.08,0,-1.6205,0.087165,0.25293,0,24.19,0,0
334.81,0,-1.2498,0.017841,0.16195,0,0.68016,0,0
305.36,0,1.7269,0.0073254,0.55317,0,0.92453,0,0
155.29,1,3.5957,40.07,0.019797,1,3.8097,1,0
279.86,1,3.5731,14.512,0.23226,1,0.093565,1,0
148.34,0,-0.31079,12.439,0.78847,0,45.554,0,1
,,1.9455,,-0.32915,,,,
354.94,1,2.2318,10.133,-0.02087,1,13.078,0,0
105.94,1,0.84839,11.727,0.28036,1,0.11998,1,0
191.99,1,4.4623,26.479,0.17903,1,0.28794,1,0
273.5,1,5.3273,11.188,0.050663,1,27.972,0,0
,,2.3915,,-0.049123,,,,
297.2,0,0.22527,0,0.11759,0,1.0406,0,0
41.754,0,3.2109,0.94624,0.84151,0,54.089,0,0
73.273,0,0.63001,3.8246,0.84986,0,2.7007,0,1
307.1,0,-0.96916,0.033662,0.44328,0,85.452,0,0
81.176,0,3.1927,0.015251,0.6571,0,19.025,0,0
,,2.3833,,-0.34734,,,,
,,2.1146,,-0.30109,,,,
323.43,1,-0.65551,12.19,0.064449,0,86.086,0,0
233.36,0,3.5222,0.76762,0.31761,0,38.256,0,0
264.2,0,-1.4318,14.625,0.38179,0,14.902,0,0
355.78,1,0.37593,4.0199,0.14074,1,67.782,0,0
,,3.2753,,-0.30582,,,,
89.291,0,3.9231,0.051913,0.16055,0,86.005,0,0
341.66,0,4.0745,0,0.66455,0,0.49327,0,0
60.756,0,0.2098,0.011798,0.34808,0,1.3801,0,0
15.105,0,0.58837,0.015132,0.045977,0,7.9392,0,0
,,3.3209,,-0.17568,,,,
182.4,1,4.3284,3.3198,0.15205,0,29.95,0,0
,,2.907,,-0.33101,,,,
203.14,1,3.2777,16.468,0.10435,1,67.004,0,0
0.19193,0,3.7436,0.146,0.18387,0,19.021,0,0
,,3.3241,,-0.18337,,,,
76.714,0,-1.9654,1.7782,0.74774,0,7.1872,0,0
226.81,1,3.0949,12.419,0.046494,1,61.899,0,0
,,3.3298,,-0.073087,,,,
241.86,0,-1.2661,0.0081525,0.53347,0,0.64744,0,0
31.982,1,3.0227,8.5207,0.23244,0,0.17032,0,0
269.29,0,3.6011,6.6775,0.60221,0,29.155,0,1
359.3,0,3.5812,0,0.027295,0,0.16052,0,0
,,-0.42187,,0.24181,,,,
,,2.9843,,-0.19896,,,,
,,2.8808,,-0.40448,,,,
359.36,1,0.16887,4.5314,0.1918,1,77.409,0,0
99.282,0,6.207,0.023668,0.029668,0,3.2007,0,0
204.03,1,-0.96404,31.087,0.10907,1,1.5779,1,0
262.19,0,0.3815,0,0.27573,0,0.13901,0,0
180.68,1,3.1273,17.645,0.074468,1,0.71103,1,0
183.3,1,4.0651,21.417,0.19788,1,20.082,1,0
61.36,0,-0.06096,0,0.22717,0,2.6424,0,0
198.19,0,3.3273,0,0.37049,0,2.785,0,0
222.34,0,0.099323,0.077277,0.61735,0,9.1246,0,0
43.78,0,0.50966,0,0.13051,0,0.79552,0,0
263.28,0,2.7121,1.1751,0.31621,0,38.29,0,0
,,2.5743,,-0.40753,,,,
179.27,,-0.26411,,0.23005,1,85.611,0,
26.476,0,4.0444,0.0034461,0.20761,0,0.79263,0,0
339.65,0,3.4261,0.70619,0.056706,0,44.118,0,0
317.39,0,-1.0381,0.028219,0.16659,0,0.87789,0,0
236.45,0,-0.61796,0,0.15811,0,1.1421,0,0
,,2.1697,,-0.054902,,,,
214.53,0,-1.0342,0.0033722,0.57976,0,0.42822,0,0
242.67,0,3.1506,1.659,0.64347,0,23.571,0,0
259.11,0,-1.2413,0.022346,0.30052,0,2.9229,0,0
38.438,1,-0.44908,14.508,0.13627,1,62.022,0,0
334.29,0,-1.7736,0.00084209,0.7425,0,1.4418,0,0
292.49,0,0.37037,0.57753,0.13814,0,85.763,0,0
293.19,1,-1.2563,8.5566,0.15566,1,0.22632,1,0
,,,,-0.32268,,,,
355.18,0,2.0074,0,0.46312,0,0.9655,0,0
,,2.6909,,-0.32394,,,,
,,2.3805,,-0.28221,,,,
,,2.6015,,-0.28109,,,,
331.69,0,5.1232,0.0057659,0.12834,0,0.75682,0,0
142.59,,-0.23575,,0.18086,1,0.66849,1,
349.46,0,-1.1341,11.497,0.30859,0,0.33745,0,0
76.794,1,-1.1735,12.047,0.095922,0,64.678,0,0
322.09,0,3.3432,0.0097475,-0.022617,0,1.2737,0,0
103.32,0,-0.4248,0.2692,0.37052,0,73.364,0,0
,,3.32,,-0.27622,,,,
,,2.6969,,-0.26989,,,,
340.93,0,-0.14954,0.014036,0.072182,0,0.80327,0,0
300.01,0,3.3515,0,0.37004,0,70.623,0,0
269.28,1,3.2697,15.381,0.24659,1,0.75868,1,0
278.81,0,-0.66203,0.060027,0.62943,0,2.7313,0,0
259.16,0,-0.48968,0.0096813,0.14716,0,82.012,0,0
166.43,1,-1.1555,40.235,0.20809,1,1.4992,1,0
36.668,1,2.3364,20.847,0.006932,1,47.794,0,0
138.23,0,4.6257,0,0.22507,0,0.75257,0,0
143.56,1,3.5094,39.452,0.27065,1,87.755,0,0
301.24,1,3.4346,8.3268,0.18451,1,0.75852,1,0
135.58,0,0.018791,5.242,0.73333,0,18.573,0,1
63.806,1,-1.3191,10.572,0.23838,1,71.092,0,0
266.39,1,-1.0502,6.991,0.16165,1,44.928,0,0
333.22,1,-0.47725,12.593,0.2381,1,26.04,0,0
147.97,0,0.24693,0,0.33039,0,6.2026,0,0
40.17,0,3.5106,0.83944,0.10302,0,3.1057,0,0
269.29,0,5.4026,0,0.10326,0,0.080466,0,0
66.637,0,2.3102,1.1165,0.11349,0,29.528,0,0
222.63,1,4.8345,40.563,0.10942,1,20.133,1,0
290.05,0,5.1836,0,0.13874,0,2.5061,0,0
105.72,0,0.060538,0,0.20969,0,1.4797,0,0
36.512,0,2.533,6.2552,0.58532,0,33.697,0,1
155.7,1,3.6358,19.672,0.1494,1,19.781,1,0
,,,,-0.39502,,,,
130.54,1,-1.1375,9.3146,0.1073,1,43.238,0,0
118.45,1,2.7619,10.455,0.14381,1,13.376,0,0
320.89,0,4.0788,0,0.16761,0,1.5358,0,0
,,1.5631,,0.14241,,,,
147.69,1,4.2996,12.123,0.061708,1,0.67989,1,0
91.575,1,1.4897,3.5388,0.019344,1,1.2998,1,0
74.539,0,2.0008,0,-0.041847,0,0.98049,0,0
44.352,0,0.45001,8.4786,0.65613,0,51.927,0,1
43.738,0,4.1041,0,0.066409,0,0.36937,0,0
,,1.0142,,-0.30612,,,,
291.25,0,0.40521,0.0048895,0.085823,0,1.7471,0,0
300.55,0,4.7386,0.0079412,0.12263,0,1.2035,0,0
43.841,0,-1.1234,0,0.20611,0,0.45866,0,0
357.16,1,-1.1771,8.3765,0.14787,1,1.1644,1,0
336.78,0,4.5787,0.00099659,0.064112,0,1.0361,0,0
121.68,0,3.0047,0.81571,0.046786,0,1.0276,0,0
174.01,0,3.6124,0,0.11158,0,77.867,0,0
,,1.5311,,-0.3168,,,,
152.49,,3.0555,,0.12439,0,86.132,0,
179.28,1,-1.3482,15.256,0.1311,1,9.4472,1,0
59.909,1,0.74398,14.189,0.16585,1,0.66607,1,0
135.24,0,-0.92272,0.0057231,0.33269,0,1.1243,0,0
,,2.6555,,0.02398,,,,
347.17,0,3.5532,0,0.12409,0,3.4728,0,0
271.8,1,-1.5756,6.9029,0.10649,1,10.568,0,0
,,1.8105,,-0.30076,,,,
65.205,0,-0.82451,0,0.093525,0,2.5288,0,0
,,2.7499,,-0.10145,,,,
196.78,0,0.42,0.015903,0.084523,0,0.42074,0,0
178.78,0,1.2674,0.005928,0.3675,0,1.2955,0,0
234.43,0,3.5639,0.0095398,0.13196,0,1.5752,0,0
259,0,-0.29812,0,0.079567,0,0.25702,0,0
82.179,0,2.7763,0.55528,0.84199,0,72.085,0,0
,,0.059943,,-0.060194,,,,
319.54,0,-0.94653,0.011834,0.58617,0,5.0933,0,0
46.937,0,3.4133,0,0.2073,0,2.2622,0,0
59.015,0,3.0671,3.8658,0.84854,0,27.873,0,1
185.01,0,1.885,2.0844,0.5264,0,64.269,0,0
283.69,0,4.4306,0,0.074719,0,1.8448,0,0
164,0,3.3635,0,0.050171,0,1.6993,0,0
,,1.7398,,-0.34649,,,,
,,2.9122,,-0.28571,,,,
329.29,0,-1.1079,0,0.49626,0,1.0921,0,0
251.06,0,-1.056,0.0023371,0.12659,0,1.7965,0,0
51.598,1,-1.0525,12.947,0.10526,0,86.326,0,0
,,2.4917,,-0.39016,,,,
53.45,0,3.4123,0,0.1911,0,0.53872,0,0
,,2.631,,-0.079514,,,,
,,-0.37162,,0.11837,,,,
81.97,0,0.55674,10.477,0.70943,0,58.234,0,1
244.51,1,-1.0045,18.654,0.21279,1,0.34181,1,0
,,2.6221,,-0.2731,,,,
248.02,0,-0.91482,6.2852,0.43222,0,77.221,0,1
26.221,0,2.2543,0.30205,0.21951,0,16.83,0,0
,,2.6034,,-0.34251,,,,
6.7971,0,-1.1415,0.010537,0.46629,0,2.1501,0,0
,,2.7797,,-0.37786,,,,
47.932,1,3.4656,11.135,0.042636,1,14.542,0,0
142.36,0,1.9918,0,0.26435,0,0.51642,0,0
299.16,0,2.6193,0,0.34798,0,1.5642,0,0
141.9,0,3.9465,0.0081649,0.12427,0,1.003,0,0
,,3.2956,,-0.37676,,,,
60.148,0,4.2083,0.016478,0.49277,0,7.6457,0,0
,,2.866,,-0.46154,,,,
,,2.6926,,-0.28221,,,,
52.15,0,2.7256,0.53178,-0.049743,0,24.288,0,0
,,2.5584,,-0.28828,,,,
304.08,0,-1.0493,0.51911,0.49206,0,13.704,0,0
,,2.8179,,-0.23494,,,,
,,2.5814,,-0.12655,,,,
11.336,0,3.7959,0,0.7671,0,78.191,0,0
7.7541,0,0.9092,0.013601,0.20061,0,47.584,0,0
177.99,0,-1.2977,0.0098357,0.064044,0,2.052,0,0
65.887,0,-0.20764,0,0.66488,0,5.6987,0,0
233.88,1,0.45482,4.8512,0.084099,1,35.728,0,0
108.63,1,4.318,40.617,0.059815,1,0.55416,1,0
341.81,1,-1.4678,13.62,0.23684,1,0.82334,1,0
87.424,0,-0.22591,0.0028123,0.17122,0,1.4201,0,0
314.2,0,-1.3001,0.0004462,0.059846,0,1.2824,0,0
223.72,0,0.37816,0,0.082649,0,1.0918,0,0
,,,,-0.37955,,,,
67.53,1,-0.34307,25.618,0.1533,0,87.164,0,0
,,3.2711,,-0.38308,,,,
,,2.3966,,0.094505,,,,
205,1,4.1704,35.084,0.084317,1,0.79527,1,0
239.05,0,-0.44438,3.3567,0.37437,0,76.724,0,0
,,2.0735,,-0.27273,,,,
,,2.8407,,-0.12672,,,,
314.2,0,-1.5204,8.2054,0.6703,0,66.036,0,1
,,2.2042,,-0.18539,,,,
345.12,1,0.034306,5.2211,0.16569,1,0.94,1,0
282.95,0,2.5647,0,0.043142,0,0.46135,0,0
272.91,0,3.6029,0,0.067621,0,0.90985,0,0
281.43,1,3.4304,20.865,0.025532,0,86.161,0,0
300.65,0,-1.0654,0,0.40233,0,0.12117,0,0
222.03,0,0.31192,1.4978,0.46983,0,70.996,0,0
,,2.8611,,-0.31944,,,,
190.75,1,-1.181,4.2615,0.18674,0,64.747,0,0
274.56,0,0.43904,0.012861,0.34037,0,6.6369,0,0
134.21,1,0.37719,12.334,0.053635,1,1.1201,1,0
128.94,0,3.3299,0.027517,0.52511,0,1.0151,0,0
147.13,0,-1.1973,0,0.52946,0,1.0155,0,0
4.9473,0,0.94835,0,-0.44485,0,21.959,0,0
47.152,1,3.8236,15.92,0.10031,1,45.238,0,0
269.47,0,1.0548,0.0056269,0.465,0,79.79,0,0
314.25,,-0.16642,,0.12676,1,88.638,0,
164.47,0,3.5403,0,0.18147,0,1.1681,0,0
16.95,1,4.0898,17.11,0.29758,1,67.02,0,0
113.41,0,2.8031,0,-0.04118,0,0.30858,0,0
,,1.4595,,-0.38462,,,,
,,3.2446,,-0.44,,,,
,,1.9961,,-0.30794,,,,
76.845,0,3.8422,0.0094507,0.87526,0,3.1105,0,0
28.643,0,2.7475,0,0.31635,0,2.5179,0,0
,,3.2591,,-0.44758,,,,
,,2.851,,-0.26531,,,,
,,0.83153,,-0.21639,,,,
204.46,0,0.72892,0,0.22116,0,4.8404,0,0
269.28,0,-1.0451,16.136,0.41974,0,0.2471,0,1
,,2.6211,,0.079365,,,,
21.651,0,0.19148,0.021622,0.2973,0,1.8652,0,0
238.89,0,1.1294,6.926,0.30261,0,0.22663,0,0
,,2.866,,-0.42435,,,,
68.777,0,3.3643,0.023199,0.72067,0,71.589,0,0
179.27,0,3.53,0,0.076136,0,1.7652,0,0
223.19,0,0.11779,0.0030133,0.071469,0,1.5828,0,0
156.32,0,5.2798,1.3179,0.11505,0,33.575,0,0
177.31,0,0.34247,6.5746,0.82992,0,77.425,0,1
337.04,0,2.9989,0.015219,0.19678,0,1.9875,0,0
359.29,1,2.0859,2.5186,0.27116,0,42.174,0,0
221.54,1,-0.89737,9.0387,0.17665,1,1.7345,1,0
89.276,1,-0.2651,25.843,0.040121,1,0.068955,1,0
332.91,0,1.3235,0.015288,0.68924,0,0.56944,0,0
353.04,1,3.5095,28.115,0.14286,1,0.31724,1,0
170.86,0,3.2489,0,0.54519,0,2.8606,0,0
206.69,0,3.3672,0.011879,0.079219,0,0.18727,0,0
97.282,0,-1.2412,0.19315,0.47368,0,50.408,0,0
258.74,1,-0.69645,9.7403,0.041073,1,3.2878,1,0
98.291,0,-1.8163,0,0.25416,0,2.7446,0,0
,,2.6075,,0.20366,,,,
32,0,3.4909,0.014695,0.51673,0,0.77658,0,0
256.73,1,3.6514,34.132,0.094031,1,0.76543,1,0
177.46,1,0.33298,27.119,0.11172,1,2.7053,1,0
213.97,0,0.45548,4.9332,0.55542,0,66.762,0,1
127.36,0,3.6002,0.016294,0.32388,0,0.61338,0,0
,,3.3186,,-0.35263,,,,
,,2.9007,,0.10067,,,,
288.21,0,-1.1294,0.015139,0.32595,0,57.326,0,0
308.02,0,4.2038,5.3405,0.88817,0,74.379,0,1
168.6,0,4.674,0,0.21409,0,0.58922,0,0
,,2.9718,,-0.11132,,,,
188.68,1,-1.2435,11.546,0.15228,1,0.70311,1,0
310.74,0,2.0559,0,0.10522,0,2.7351,0,0
,,2.6404,,-0.33544,,,,
28.897,0,0.9475,0.019003,0.63044,0,74.729,0,0
93.323,0,-1.2176,0,0.16269,0,6.5514,0,0
,,3.2754,,-0.30182,,,,
341.38,0,2.6673,2.0817,0.27388,0,3.3402,0,0
89.283,1,3.9311,11.047,0.14188,1,0.028777,1,0
150.11,0,-1.8607,0,0.76712,0,0.63681,0,0
264.22,0,1.1422,0.65017,0.026513,0,1.3672,0,0
,,2.6423,,-0.32075,,,,
,,2.8388,,-0.44569,,,,
,,2.5198,,-0.27711,,,,
137.07,0,4.0491,0.076906,0.63974,0,1.7021,0,0
41.486,0,5.1779,0.024565,0.044164,0,2.0188,0,0
,,0.93144,,-0.39219,,,,
73.779,0,-0.99456,0.086261,0.60844,0,48.813,0,0
135.99,0,-1.3268,2.7374,0.57968,0,47.214,0,1
89.284,0,3.964,0,0.2492,0,0.22414,0,0
241.37,0,4.0352,0.019876,0.36111,0,0.93015,0,0
274.47,0,2.9934,30.879,0.34528,0,0.31745,0,0
106.76,1,-0.88331,4.8704,0.059819,1,0.11449,1,0
322.13,1,-1.0918,16.908,0.096721,1,0.94217,1,0
,,3.0628,,-0.06015,,,,
,,1.8203,,-0.27016,,,,
317.33,1,2.8909,9.4913,0.064586,1,0.82496,1,0
,,2.9936,,-0.29542,,,,
322.79,0,3.8845,18.46,0.53209,0,20.421,0,1
,,1.5624,,0.34062,,,,
340.23,0,2.6985,0,0.20879,0,5.3343,0,0
43.092,0,3.6728,0,0.16656,0,0.55616,0,0
304.76,0,3.3538,0.46025,0.16626,0,25.635,0,0
260.81,0,7.6313,0.016438,0.38007,0,1.8647,0,0
,,2.2863,,-0.16112,,,,
332.78,0,0.0066009,0.069599,0.21552,0,9.2957,0,0
187.49,0,-1.3478,1.7836,0.16892,0,52.151,0,0
24.684,0,3.5874,0.023431,0.79741,0,0.12058,0,0
,,1.6692,,0.017828,,,,
,,,,-0.26543,,,,
108.24,1,-0.24092,19.843,0.037515,1,77.246,0,0
,,2.7245,,-0.27519,,,,
179.27,1,-0.71877,12.835,0.1475,1,0.1433,1,0
,,1.8047,,-0.29256,,,,
269.28,0,-0.5634,0.020302,0.16075,0,44.143,0,0
,,3.3191,,-0.13458,,,,
164.41,0,-0.66994,0.0097387,0.21012,0,1.0082,0,0
36.778,0,3.6068,0.016151,0.44823,0,1.8128,0,0
62.581,1,3.496,4.7636,0.096858,0,70.552,0,0
187.96,0,3.9908,0,0.052787,0,0.45811,0,0
9.0045,0,3.4445,0,0.21233,0,0.47693,0,0
144.75,0,-1.1238,0.48678,0.5526,0,25.243,0,0
,,2.9662,,-0.38633,,,,
,,2.3721,,-0.3312,,,,
348.62,1,-1.1525,17.574,0.19807,1,10.204,0,0
89.297,0,3.8464,0.0006752,0.074747,0,54.141,0,0
234.81,0,-4.9046,0.029709,0.29217,0,5.3937,0,0
112.14,0,2.8544,0.3165,0.39385,0,52.682,0,0
42.232,0,-0.72437,10.455,0.78438,0,48.065,0,1
,,,,-0.27326,,,,
,,2.7321,,0.075852,,,,
169.05,0,3.5012,0,0.13865,0,22.252,0,0
89.414,1,-1.2928,9.6632,0.10696,1,59.407,0,0
318.89,0,0.99347,0.014829,0.089755,0,0.54964,0,0
20.693,0,-4.3833,9.0236,0.49739,0,82.952,0,1
,,2.6948,,-0.30872,,,,
,,2.2003,,-0.27977,,,,
275.99,0,2.8554,0.36275,0.21498,0,16.496,0,0
259.14,1,-0.7199,49.578,0.086087,1,1.2375,1,0
183.52,0,-1.1213,0.029777,0.14748,0,1.3219,0,0
,,2.7987,,-0.24881,,,,
44.748,1,2.7559,12.548,-0.0072102,1,11.31,0,0
,,3.3322,,-0.22506,,,,
292.74,1,2.6752,13.882,0.014126,1,1.9727,1,0
,,3.2759,,-0.30642,,,,
188.51,0,3.4558,0.0030205,0.39468,0,4.7228,0,0
99.069,1,2.8722,8.4069,0.12773,0,82.992,0,0
98.499,0,-1.2134,10.26,0.32619,0,82.75,0,0
359.29,0,3.8824,0.002984,0.50497,0,0.28091,0,0
,,2.9656,,-0.35099,,,,
359.28,1,0.29791,27.574,0.17987,1,0.022963,1,0
,,3.2887,,-0.27896,,,,
355.17,1,-0.15456,27.703,0.065981,1,1.8444,1,0
91.214,1,-1.2997,16.059,0.13422,1,1.6903,1,0
179.28,0,-1.2489,12.429,0.36237,0,0.29239,0,0
89.29,0,2.7303,0.061157,0.19614,0,4.1025,0,0
49.118,0,0.34551,1.3215,0.70701,0,72.611,0,0
,,1.3267,,-0.1556,,,,
,,2.3423,,-0.31473,,,,
,,2.6957,,-0.25832,,,,
,,,,-0.374,,,,
97.611,1,0.52932,6.1283,0.14796,1,0.43566,1,0
101.07,0,-1.2406,14.429,0.49285,0,55.034,0,1
252.78,1,-2.4486,19.814,0.075697,1,30.943,0,0
,,2.8729,,-0.4,,,,
126.98,0,4.1376,2.7798,0.32369,0,82.516,0,0
,,0.12276,,0.69979,0,,,
,,3.2851,,-0.38605,,,,
89.292,0,2.6852,0.0054965,0.4,0,0.72415,0,0
126.45,0,3.5429,0.0057037,0.1518,0,0.36062,0,0
329.08,0,2.4059,1.3498,0.13919,0,1.6112,0,0
52.985,0,0.82411,0,0.49499,0,0.94859,0,0
299.62,0,0.17053,7.5425,0.77632,0,81.126,0,1
148.3,1,-0.017422,19.777,0.048017,1,0.98278,1,0
,,,,-0.37631,,,,
314.2,0,0.023636,6.0665,0.83156,0,25.417,0,1
,,1.0943,,-0.30131,,,,
356.42,0,1.3962,0.017828,0.39643,0,1.0388,0,0
324.22,,3.334,,0.085421,1,82.925,0,
,,2.7157,,-0.37439,,,,
170.26,,1.4028,,0.31398,0,62.099,0,
351.84,1,3.5918,14.469,0.16776,1,65.721,0,0
335.23,0,3.4273,0,0.5558,0,18.563,0,0
262.44,1,0.47296,24.983,0.026564,1,34.19,0,0
,,2.6156,,-0.36494,,,,
207.77,0,3.1033,8.7746,0.898,0,52.816,0,1
128.65,1,3.6757,48.066,0.10407,1,0.58739,1,0
25.077,0,-1.349,0,0.24531,0,5.6992,0,0
252.42,0,2.6793,0.011626,0.085277,0,2.0532,0,0
347.27,1,-0.15974,11.938,0.11603,1,0.85568,1,0
,,2.5844,,-0.32587,,,,
307.74,1,3.6351,30.886,0.12567,1,1.189,1,0
141.05,0,-0.96476,0,0.29175,0,0.81731,0,0
,,,,-0.29097,,,,
306.79,1,2.5528,19.996,0.20064,1,0.37667,1,0
,,2.6939,,-0.29753,,,,
212.58,0,0.09949,0.26641,0.083212,0,1.1933,0,0
306.32,0,0.8849,0,0.39701,0,0.79927,0,0
11.661,0,3.6599,10.104,0.87144,0,33.52,0,1
,,2.8596,,-0.30081,,,,
21.594,0,2.9914,0,0.57428,0,1.9078,0,0
1.7123,0,0.21087,6.4148,0.7585,0,61.236,0,1
280.56,0,-1.845,0,0.60012,0,0.64466,0,0
165.86,1,-0.23302,16.189,0.047771,1,1.2139,1,0
,,3.244,,-0.36562,,,,
266.57,0,3.3372,0,0.15628,0,0.85153,0,0
,,1.0463,,-0.30645,,,,
,,2.9806,,-0.15625,,,,
132.23,0,-0.30512,1.6426,0.14698,0,70.59,0,0
167.46,0,3.3528,1.3167,-0.015475,0,7.0285,0,0
,,2.5299,,-0.37357,,,,
65.035,1,3.6532,46.45,0.13882,1,0.65577,1,0
179.28,0,0.048515,2.8926,0.53277,0,61.488,0,1
230.14,0,4.8011,0.31599,0.17734,0,12.536,0,0
285.45,0,2.5221,0.18815,0.55731,0,69.474,0,0
254.13,1,3.5188,48.479,0.10617,0,16.511,0,0
,,2.4508,,-0.26123,,,,
214.69,0,-1.396,6.4401,0.56061,0,49.134,0,1
359.55,0,-1.0836,0,0.24238,0,1.198,0,0
269.92,1,-0.59983,10.351,0.14516,1,29.536,0,0
,,,,-0.35032,,,,
,,2.7572,,-0.24626,,,,
,,2.3377,,-0.42241,,,,
329.25,0,0.35925,0.011953,0.084523,0,2.1347,0,0
,,3.2743,,-0.29181,,,,
7.4605,0,3.2297,0.16794,0.21252,0,31.126,0,0
171.49,0,-1.8637,0.0038302,0.50078,0,0.1273,0,0
,,2.1803,,-0.27445,,,,
257.69,0,-1.1296,4.9715,0.69921,0,51.57,0,1
190.34,1,3.442,12.552,0.033708,1,2.4577,1,0
344.93,0,4.0024,0,0.63729,0,1.1124,0,0
83.276,0,4.3804,0,0.041335,0,0.71083,0,0
259.66,0,3.2365,0,0.066406,0,0.54799,0,0
142.83,0,-0.97967,0,0.22471,0,0.13542,0,0
23.977,0,3.1922,0,0.17472,0,9.2253,0,0
43.155,1,5.5364,7.028,0.1401,0,71.64,0,0
155.63,0,-1.3225,0,0.27153,0,1.6767,0,0
89.295,0,3.619,8.4937,0.84525,0,72.755,0,1
,,,,-0.25186,,,,
304.69,0,-1.2321,0.03814,0.39961,0,1.4243,0,0
19.368,0,6.7129,0.053841,0.067826,0,0.65305,0,0
315.88,0,4.0298,0.042779,0.27203,0,3.176,0,0
101.24,1,-1.1749,5.1296,0.1546,1,0.74613,1,0
,,2.828,,-0.48195,,,,
251.18,1,4.092,12.133,0.095689,1,1.5297,1,0
282.83,1,2.1651,5.1061,0.23583,1,3.6428,1,0
,,,,-0.40448,,,,
,,2.8637,,-0.41085,,,,
249.09,0,3.8506,0.021095,0.149,0,1.0961,0,0
357.15,0,-1.8539,0,0.16699,0,0.1549,0,0
,,1.8357,,0.01487,,,,
64.561,0,3.3783,1.0737,0.31014,0,16.652,0,0
341.36,0,-1.4015,0.010654,0.15937,0,2.0356,0,0
,,0.98721,,-0.22207,,,,
,,1.3051,,-0.26372,,,,
32.684,0,1.7034,7.6353,0.82379,0,52.716,0,1
102.58,0,3.3013,0.76616,0.068266,0,18.647,0,0
355.85,0,4.7129,0,0.089029,0,1.2461,0,0
,,2.4863,,0.15047,,,,
149.45,0,3.4464,1.2308,0.050791,0,5.9271,0,0
88.708,1,0.29899,33.825,0.10875,1,23.154,0,0
28.632,0,4.4397,0.0043621,0.33537,0,1.0323,0,0
179.29,1,3.3886,12.502,0.10965,1,2.9784,1,0
,,3.2297,,-0.3578,,,,
,,1.3554,,-0.31034,,,,
,,3.179,,-0.27328,,,,
78.659,1,-0.61083,128.5,0.049026,1,45.207,0,0
256.27,0,0.013923,0,0.56273,0,8.1498,0,0
156.64,0,3.0888,0,0.20884,0,1.9685,0,0
,,2.1954,,-0.38164,,,,
153.69,1,1.1459,91.739,0.08289,1,36.014,1,0
188.16,0,-0.32773,0.001127,0.045649,0,1.4155,0,0
216.97,0,0.044622,0.0055777,0.057018,0,1.3908,0,0
83.916,0,-0.60286,1.3241,0.39109,0,67.457,0,0
,,-0.31302,,0.060811,1,,,
,,2.6614,,-0.3189,,,,
359.29,0,5.2328,3.4792,0.42877,0,6.2186,0,1
315.8,1,4.002,36.316,0.058531,1,57.903,0,0
,,3.2272,,-0.32701,,,,
215.75,0,2.1564,0,0.20852,0,0.40625,0,0
259.35,0,3.6504,0.011861,0.28645,0,5.4224,0,0
335.25,0,4.142,0,0.55783,0,1.3682,0,0
179.3,0,3.3843,32.96,0.42942,0,0.61341,0,1
118.27,0,2.6501,0.37784,0.87441,0,55.607,0,0
264.7,0,-1.2602,2.2819,0.52835,0,79.351,0,0
259.03,1,5.1071,4.0391,0.053812,1,1.7693,1,0
156.07,0,-0.30037,0,0.059701,0,5.3798,0,0
344.08,0,1.518,2.5807,0.47349,0,37.224,0,1
227.46,1,-1.0578,12.399,0.077313,1,1.0488,1,0
156.03,0,3.107,0.29168,0.58752,0,54.168,0,0
176.53,1,3.7281,37.041,0.026983,1,32.51,1,0
,,1.1241,,-0.29837,,,,
314.93,0,2.2271,1.6199,-0.015873,0,14.148,0,0
173.05,0,-0.9844,0.3932,0.12043,0,0.84767,0,0
151.82,0,-0.93413,0.009131,0.27721,0,1.5825,0,0
96.625,0,5.3162,0.94803,0.3116,0,0.17964,0,0
246.13,0,0.85825,0.001354,0.19074,0,0.087509,0,0
135.04,0,3.9474,1.4129,0.50999,0,41.991,0,0
207.21,0,3.4934,0,0.33789,0,56.034,0,0
,,2.3491,,-0.34681,,,,
46.413,1,3.807,14.457,0.10377,1,0.68236,1,0
,,3.3206,,-0.3466,,,,
167.85,0,4.3731,0.1832,0.2,0,5.3769,0,0
266.14,0,3.5553,5.1378,0.75538,0,70.334,0,1
66.365,0,-1.0527,9.3994,0.5352,0,76.171,0,1
,,2.9515,,-0.054482,,,,
235.98,1,-0.073169,12.57,0.036399,1,37.253,0,0
,,3.2895,,-0.42905,,,,
173.32,0,-0.98411,0.0024064,0.48594,0,2.3217,0,0
,,2.7647,,-0.25217,,,,
89.294,0,3.6464,0,0.057299,0,0.46553,0,0
73.169,1,1.7009,30.423,0.051421,1,13.068,0,0
129.13,0,4.1429,0.16356,0.22316,0,2.2814,0,0
107.55,1,2.4483,9.5561,0.056375,1,2.2503,1,0
268.45,0,3.889,0.012755,0.30325,0,41.627,0,0
288.76,1,3.3468,5.1986,0.092805,1,1.548,1,0
97.919,1,0.60213,13.216,0.26123,0,78.787,0,0
179.29,0,4.1976,0.011549,0.7174,0,1.0261,0,0
,,0.8201,,-0.29542,,,,
136.34,0,3.0317,0.72383,0.1213,0,45.58,0,0
,,2.402,,-0.27711,,,,
333.87,1,3.409,7.0767,0.10676,1,80.587,0,0
99.15,0,-1.0492,0.01718,0.32947,0,1.0033,0,0
65.119,0,3.174,0.01489,0.25868,0,2.0845,0,0
139.68,1,0.33496,26.329,0.11579,1,1.5324,1,0
327.4,1,-0.0033565,31.546,0.080986,0,88.449,0,0
,,2.8665,,-0.3267,,,,
266.77,0,0.65157,0,0.6598,0,19.03,0,0
179.29,0,0.57625,4.5466,0.48382,0,0.5618,0,1
199.81,1,0.35668,26.172,0.11092,1,12.476,1,0
,,2.8523,,-0.3181,,,,
2.5187,1,4.136,8.4733,0.13576,1,0.51106,1,0
142.6,0,4.0438,0,0.10948,0,2.6148,0,0
90.623,1,0.14781,11.3,0.060588,1,44.96,0,0
161.38,0,4.3567,0.10682,0.059147,0,7.8782,0,0
95.046,1,1.8016,19.301,0.28244,0,84.167,0,0
198.97,0,-0.089439,0,0.082821,0,0.25575,0,0
58.039,0,3.4561,14.179,0.32715,0,4.4886,0,0
255.47,0,3.5955,0,0.091759,0,0.45576,0,0
,,2.3656,,-0.29721,,,,
90.731,1,2.6211,6.5482,-0.10455,0,58.261,0,0
249.21,0,5.5618,10.523,0.89785,0,72.177,0,1
160.15,1,6.8372,8.8729,0.054073,1,1.4197,1,0
276.81,0,3.9514,0,0.26928,0,1.0956,0,0
135.8,0,3.493,0.054668,0.27908,0,36.224,0,0
122.9,0,3.287,0.051144,0.3321,0,1.1801,0,0
87.23,0,1.0914,0.386,0.84724,0,2.0868,0,0
,,2.9027,,-0.24064,,,,
,,1.2855,,-0.3069,,,,
212.23,0,4.009,0.0066004,0.087203,0,1.2156,0,0
179.28,0,-1.0066,0,0.47893,0,1.3355,0,0
282.02,1,-1.3959,13.675,0.21571,0,80.074,0,0
89.28,0,-0.93468,1.0137,0.32679,0,43.879,0,0
80.882,0,-4.7393,7.8009,0.47602,0,56.475,0,1
,,3.2882,,-0.26904,,,,
94.596,0,3.826,0,0.30613,0,0.2482,0,0
36.72,0,1.7302,2.5086,0.42857,0,3.8344,0,1
269.27,1,-1.2955,13.225,0.18066,1,25.51,0,0
2.5746,0,3.7186,0,0.080399,0,1.5041,0,0
336.34,1,0.46085,48.296,0.043643,1,9.4923,1,0
359.27,0,2.8076,0,0.14104,0,1.9484,0,0
348.24,0,-1.1963,0,0.26272,0,0.21027,0,0
244.4,1,1.632,70.073,0.18957,1,53.65,0,0
,,3.5078,,-0.21406,,,,
269.3,0,3.2827,2.1782,0.53854,0,54.018,0,0
89.288,0,3.8714,12.812,0.36585,0,84.031,0,0
,,2.9578,,-0.36752,,,,
88.607,0,-1.0191,0,0.55556,0,0.48856,0,0
316.22,0,3.3784,0,0.55369,0,14.124,0,0
128.18,1,-0.85427,3.9249,0.23131,1,1.3144,1,0
234.09,0,3.3868,4.9198,0.70998,0,29.227,0,1
,,2.854,,-0.44158,,,,
335.39,0,2.7924,17.028,0.37208,0,1.8302,0,0
61.862,1,-0.28008,10.655,0.12031,1,58.49,0,0
198.18,0,5.5675,0.047498,0.39819,0,7.0778,0,0
,,2.8211,,-0.37415,,,,
,,2.8889,,-0.24964,,,,
,,2.5442,,0.42022,,,,
292.55,0,-1.2313,0.016848,0.49846,0,1.001,0,0
,,,,-0.33133,,,,
279.6,0,-1.2442,0.019463,0.23319,0,2.5572,0,0
,,3.132,,-0.33788,,,,
212.95,0,1.0445,0,0.41148,0,6.0198,0,0
99.781,0,2.5577,0,-0.24953,0,0.56697,0,0
338.25,1,-0.47025,16.484,0.14258,1,0.8168,1,0
359.3,0,3.9674,0,0.28444,0,0.28091,0,0
244.38,0,4.5373,0.0014124,0.43027,0,0.9252,0,0
7.8741,0,-0.0064871,0,0.15531,0,2.0748,0,0
323.79,0,3.3903,0.01109,0.044235,0,1.4644,0,0
,,2.1506,,-0.27387,,,,
154.03,0,3.2749,0,0.065109,0,0.21553,0,0
313.55,0,0.026905,0,0.46375,0,0.35316,0,0
359.3,0,2.2286,0.031427,0.12672,0,4.7816,0,0
359.28,0,-0.66443,0,0.069388,0,0.097458,0,0
124.49,0,3.5483,0,0.2048,0,0.57678,0,0
,,2.6395,,-0.32964,,,,
231.4,1,2.633,103.65,0.056507,1,3.2734,1,0
303.54,0,0.81372,0,0.41723,0,15.925,0,0
280.85,0,5.384,0,0.11525,0,0.2288,0,0
269.3,1,5.6064,14.657,0.14783,0,0.49999,0,0
26.892,1,2.7955,7.2661,0.11331,1,74.599,0,0
,,2.7179,,-0.281,,,,
167.43,0,3.0433,0.0078435,0.12496,0,1.903,0,0
118.06,0,1.6484,0.012297,0.016882,0,1.4291,0,0
332.84,0,5.343,0.099862,0.65461,0,14.53,0,0
260.33,1,-0.99595,9.3654,0.19726,1,0.22107,1,0
,,0.9024,,-0.40037,,,,
342.54,0,3.298,0,0.52009,0,2.692,0,0
359.29,0,0.2223,3.8827,0.69591,0,26.486,0,1
,,2.7617,,-0.28594,,,,
110.1,0,2.9788,0.011343,0.096721,0,0.38735,0,0
,,2.8491,,-0.35811,,,,
27.504,0,3.8216,0,0.081571,0,1.0213,0,0
89.271,0,-1.6388,1.235,0.5584,0,6.4501,0,0
210.67,0,-1.0746,2.5716,0.48746,0,0.4634,0,1
108.63,0,-1.9523,8.7458,0.85614,0,25.529,0,1
,,2.7856,,-0.23077,,,,
75.281,0,1.105,0.0085081,0.71447,0,0.094771,0,0
164.7,0,2.9674,0,0.52336,0,1.3682,0,0
14.327,1,-0.99241,62.715,0.036952,1,0.24321,1,0
222.87,1,2.1946,7.6752,0.04026,1,1.8588,1,0
,,1.7747,,-0.38208,,,,
344.35,0,-1.4897,8.6038,0.56829,0,45.091,0,1
315.13,1,-1.0198,13.194,0.24319,1,0.50333,1,0
89.279,0,-0.40183,0,0.067692,0,0.546,0,0
172.33,0,-1.0693,0.035518,0.080808,0,0.61793,0,0
316.49,0,-1.0301,3.0234,0.44342,0,0.10156,0,1
55.618,0,-1.2836,2.8628,0.81048,0,59.977,0,1
161.13,1,2.6864,13.685,0.11287,1,0.68186,1,0
89.295,0,-0.22261,0.019915,0.47336,0,4.6054,0,0
262.4,0,6.5975,0.22304,0.026359,0,2.1988,0,0
179.27,1,3.7854,21.466,0.12755,1,0.12039,1,0
,,3.408,,-0.37063,,,,
178,1,-4.7243,7.6678,-0.0035486,0,70.974,0,0
258,1,-0.91044,13.287,0.11703,1,46.537,0,0
322.15,1,1.2852,2.918,0.24465,0,51.63,0,0
224.37,0,4.229,0.018753,0.24813,0,2.2799,0,0
107.25,0,0.1938,0.0062989,0.50169,0,7.2532,0,0
154.3,0,4.6618,0.01099,0.32052,0,0.62609,0,0
236.86,0,-0.33068,0.033882,0.56139,0,53.21,0,0
167.49,0,0.25315,0,0.34946,0,33.388,0,0
,,,,-0.35793,,,,
,,2.8195,,-0.20446,,,,
95.985,0,3.692,0,0.21169,0,0.49188,0,0
76.716,1,-0.10008,50.577,0.062893,0,81.914,0,0
245.4,1,1.0483,15.77,0.039959,1,5.0282,1,0
179.37,,0.64796,,0.17438,0,82.881,0,
145.82,0,3.3781,0.042444,0.31442,0,6.3847,0,0
,,1.215,,-0.35256,,,,
134.22,1,3.0075,3.7258,0.029765,1,2.1259,1,0
,,2.3832,,-0.29356,,,,
,,1.4044,,-0.42308,,,,
,,3.3169,,-0.28363,,,,
127.49,1,2.9862,12.351,0.1649,1,64.999,0,0
,,-2.2647,,0.40645,,,,
173.95,1,3.639,30.884,0.1217,1,3.8863,1,0
320.18,0,3.7559,0,0.067678,0,0.85674,0,0
,,,,-0.38061,,,,
18.194,0,5.1007,0,0.018039,0,9.7516,0,0
302.48,0,3.6717,0.0047662,0.22356,0,0.85851,0,0
274.59,0,4.6679,0,0.077513,0,1.8003,0,0
180.89,1,3.6675,21.738,0.12782,0,53.965,0,0
89.758,0,1.0115,0.0034571,0.60103,0,42.549,0,0
,,2.847,,-0.36187,,,,
,,2.3984,,-0.36842,,,,
292.08,0,3.7201,0.13089,0.12243,0,2.5731,0,0
182.38,1,4.0942,11.031,0.18049,0,28.32,0,0
28.092,,4.1904,,0.13287,0,73.217,0,
,,3.2824,,-0.36275,,,,
155.7,0,3.4251,0,0.15857,0,1.1634,0,0
164.96,1,3.1796,7.3276,0.082314,1,13.602,1,0
319.96,1,-0.90171,18.027,0.10131,1,5.0482,1,0
150.61,0,-0.59416,0.0054551,0.22655,0,0.2875,0,0
238.76,1,3.8566,11.473,0.1484,1,0.6206,1,0
198.59,0,0.72905,14.677,0.31519,0,1.0173,0,0
47.563,0,0.29728,0.022723,0.46194,0,1.309,0,0
142.11,0,3.1741,0.15762,-0.062569,0,0.82741,0,0
40.696,0,3.6667,0,0.62911,0,2.6577,0,0
,,2.4511,,-0.44154,,,,
268.02,1,2.8337,35.118,0.16303,1,47.849,0,0
94.71,0,2.8044,0,0.38343,0,1.0911,0,0
,,0.21945,,0.78132,,,,
291.82,1,3.5233,10.406,0.076339,1,0.6284,1,0
328.45,0,-1.0557,0.0080441,0.11712,0,0.2804,0,0
359.28,1,-0.86088,20.037,0.15467,1,0.84267,1,0
,,2.9022,,-0.41455,,,,
147.77,0,3.6287,0,0.447,0,3.7874,0,0
169.67,0,-1.9545,0.097293,0.65256,0,3.577,0,0
17.208,1,1.1076,3.5234,0.27117,0,77.436,0,0
262.4,1,-1.0788,11.563,0.10649,1,35.121,0,0
255.95,1,-0.13625,21.438,-0.01118,1,15.247,0,0
,,0.61163,,0.19899,,,,
136.27,0,2.6935,0,0.011591,0,4.6056,0,0
321.63,1,3.4791,23.694,0.27536,1,40.299,0,0
,,1.4821,,-0.24176,,,,
156.94,0,4.1209,0,0.033557,0,2.5214,0,0
46.114,0,2.5242,0.17403,0.13639,0,24.559,0,0
80.561,0,-1.2129,9.9116,0.68866,0,29.049,0,1
86.317,0,-1.1528,0.0028841,0.70674,0,1.7778,0,0
32.292,0,-1.5629,0.030648,0.37114,0,0.36919,0,0
121.23,0,-0.81913,0.013628,0.30018,0,6.087,0,0
310.79,0,3.4812,0,0.36165,0,0.40669,0,0
,,2.3975,,0.097967,,,,
242.36,0,-1.5723,0,0.70919,0,6.3428,0,0
334.38,0,2.4415,9.0767,0.8861,0,52.025,0,1
,,3.0373,,-0.27564,,,,
86.757,1,-1.1681,7.2566,0.14972,0,84.589,0,0
,,2.5141,,-0.11269,,,,
,,3.3064,,-0.2335,,,,
8.3486,0,5.3328,0.023065,0.067194,0,1.277,0,0
249.24,0,0.089921,0,0.18303,0,0.88699,0,0
152.98,0,0.095245,6.6985,0.78129,0,44.413,0,1
,,2.8436,,0.051954,,,,
292.39,0,4.0073,0.042289,0.52872,0,8.3267,0,0
134.15,1,3.8817,14.071,0.17472,1,86.12,0,0
299.63,0,0.38936,2.6452,0.87799,0,76.534,0,1
,,2.7639,,-0.22164,,,,
,,1.5389,,-0.19002,,,,
156.86,0,1.9431,0,0.073274,0,0.6326,0,0
133.95,0,4.2715,0,0.40592,0,11.929,0,0
42.142,0,0.26402,0,0.22506,0,0.52393,0,0
,,,,-0.38791,,,,
53.866,0,-0.14358,0.020783,0.069388,0,1.7698,0,0
150.04,0,3.2092,0,0.15483,0,2.1407,0,0
155.19,0,5.275,0,0.075534,0,0.40822,0,0
,,1.1598,,-0.3985,,,,
,,2.8035,,-0.44422,,,,
,,2.7244,,0.065637,,,,
311.51,0,3.8346,0,0.14148,0,2.1407,0,0
,,2.9678,,-0.1875,,,,
,,3.2562,,-0.21504,,,,
34.867,0,-1.9589,0,0.5249,0,19.348,0,0
,,,,-0.35649,,,,
47.075,0,4.2253,0.022202,0.15299,0,1.1175,0,0
306.76,0,-0.13482,0.013316,0.30038,0,1.2528,0,0
,,2.7263,,-0.11842,,,,
312.77,0,-1.2827,0.96073,0.5378,0,40.355,0,0
329.7,1,-0.77028,60.8,0.061972,1,1.7924,1,0
90.102,0,0.8107,0.069103,0.18126,0,0.81044,0,0
189.82,0,2.7388,0,-0.049743,0,1.1952,0,0
20.759,0,-0.46594,0,0.3302,0,0.65918,0,0
61.627,0,-1.2181,0,0.097584,0,1.7903,0,0
149.09,1,-0.6023,44.827,0.1989,1,0.53713,1,0
297.97,0,3.9704,0,0.056578,0,8.4926,0,0
275.76,0,3.6229,8.7696,0.33978,0,0.45693,0,0
,,3.318,,-0.18552,,,,
168.59,1,0.51006,19.608,0.16824,1,44.156,1,0
261.98,0,3.0871,0.96824,0.88241,0,55.925,0,0
,,2.2801,,0.10927,,,,
60.783,1,1.7446,8.3053,0.14557,1,0.87645,1,0
224.62,1,0.53761,2.7902,0.25134,1,83.552,0,0
59.613,1,0.35644,37.873,0.018342,1,47.955,0,0
47.088,0,9.4064,0.073845,0.63312,0,2.1407,0,0
166.37,0,3.3493,0,0.063519,0,1.4643,0,0
151.26,0,-1.0128,8.971,0.30482,0,81.654,0,0
,,2.4754,,-0.29879,,,,
160.97,0,-1.1965,0,0.13504,0,3.0707,0,0
179.3,0,1.7963,0,0.13133,0,0.23505,0,0
89.283,1,-1.0749,20.39,0.13241,1,0.43104,1,0
299.61,1,-1.5918,4.5906,0.19177,1,0.69248,1,0
231.99,,3.301,,0.2201,0,1.5747,0,
,,2.4917,,-0.35875,,,,
53.569,0,0.93077,0.0095314,0.53055,0,2.2285,0,0
336.55,1,0.38649,6.2718,0.1534,0,84.067,0,0
227.99,1,0.39482,14.986,0.21039,1,0.32132,1,0
334.71,0,-0.88384,0,0.03155,0,3.8646,0,0
118.44,0,9.3861,3.3222,0.74672,0,21.73,0,1
,,2.4162,,-0.32874,,,,
264.95,0,3.4375,0,0.039659,0,0.68014,0,0
90.88,0,-1.0969,9.0338,0.87008,0,57.777,0,1
,,3.2435,,-0.34101,,,,
311.55,0,3.8167,0.17648,0.48656,0,39.354,0,0
,,1.4331,,-0.4085,,,,
269.27,1,1.0755,4.0829,0.25092,1,84.178,0,0
173.35,0,0.91925,5.6946,0.89079,0,65.162,0,1
179.3,1,3.4422,3.1929,0.12387,1,1.0146,1,0
,,2.1713,,-0.23625,,,,
240.09,1,0.33156,4.0182,0.10801,1,1.1982,1,0
,,,,-0.34505,,,,
314.49,,-1.8048,,0.73057,0,76.56,0,
66.45,0,3.3739,0.003557,0.090076,0,1.1971,0,0
289.81,0,-0.56894,0,0.14643,0,5.8012,0,0
,,3.2435,,-0.33636,,,,
,,0.064374,,0.41658,,,,
89.273,1,-1.2152,13.015,0.14841,1,0.3736,1,0
79.695,0,-1.0893,0,0.21768,0,5.6992,0,0
140.75,0,1.065,0.26815,0.77734,0,61.026,0,0
,,3.2677,,-0.36691,,,,
254.06,1,0.49686,26.99,0.16095,1,47.234,0,0
,,1.8051,,-0.35644,,,,
205.9,0,-1.7358,5.1023,0.50308,0,0.42325,0,1
331.95,0,-0.95507,0,0.58767,0,1.4517,0,0
,,2.3327,,-0.31002,,,,
73.28,1,-1.3079,13.43,0.19687,1,12.986,0,0
327.96,1,3.3143,9.4236,0.10814,1,1.6574,1,0
251.07,1,0.95035,19.196,0.068161,1,0.58695,1,0
,,3.0333,,0.038961,,,,
,,0.84032,,-0.34731,,,,
330.82,0,3.0924,0,0.59988,0,1.1933,0,0
179.26,,-1.0873,,0.041022,0,87.398,0,
,,3.1892,,-0.39232,,,,
332.36,1,-0.7285,14.841,0.236,0,2.2524,0,0
78.113,1,2.6685,8.8535,0.045924,1,1.2125,1,0
,,,,-0.50598,,,,
24.351,0,-0.73124,0,0.18886,0,0.94931,0,0
317.72,0,3.3936,0.0073462,0.060489,0,0.59766,0,0
356.95,0,3.4525,0.03027,0.17578,0,0.56227,0,0
179.29,1,2.5341,21.848,0.066716,1,6.6488,1,0
159.62,0,2.509,3.6437,0.86252,0,69.43,0,1
,,3.4463,,-0.29932,,,,
,,,,-0.3064,,,,
250.26,1,3.4444,6.5431,0.14862,0,82.341,0,0
,,1.648,,-0.36957,,,,
334.8,0,3.0131,11.597,0.88664,0,61.489,0,1
359.97,1,2.9936,3.9875,0.047859,0,28.557,0,0
348.31,0,-1.272,0,0.20178,0,1.9788,0,0
89.278,1,-1.1523,29.8,0.034949,1,28.882,0,0
359.27,0,2.9239,0,0.11145,0,1.9312,0,0
293.52,0,3.6398,5.447,0.53339,0,0.96414,0,1
323.35,0,3.3572,0.011625,0.085346,0,0.46024,0,0
301.1,0,4.0565,0.0032492,0.52273,0,0.25022,0,0
,,-0.4276,,0.17689,,,,
359.27,0,0.14349,17.859,0.53506,0,0.54453,0,1
84.737,0,3.3621,3.8612,0.5393,0,52.891,0,1
9.5463,0,3.4458,0.014217,0.087466,0,2.4861,0,0
337.84,0,-1.3278,0.0060785,0.26612,0,1.7609,0,0
244.48,0,3.994,0.0027375,0.070529,0,2.2659,0,0
,,2.7072,,0.0085616,,,,
315.29,1,-0.096983,13.766,0.1506,0,1.0838,0,0
,,2.5879,,-0.34495,,,,
,,2.7883,,-0.2943,,,,
72.4,1,-0.59135,20.961,0.21994,1,86.304,0,0
,,2.894,,-0.25212,,,,
,,2.4752,,-0.34043,,,,
228.3,0,2.4777,5.9709,0.81631,0,67.727,0,1
141.71,0,3.3377,0,0.16368,0,2.3641,0,0
268.03,1,-1.1078,7.5393,0.17597,1,31.686,0,0
,,2.8722,,-0.38908,,,,
299.71,0,-0.98605,16.988,0.31907,0,1.9123,0,0
105.73,1,0.17692,12.369,0.053045,1,0.64726,1,0
278.24,0,-1.4212,0.12809,0.50802,0,3.6724,0,0
14.916,0,1.7765,0.11341,0.29745,0,0.76789,0,0
,,3.3174,,-0.44487,,,,
,,2.834,,-0.2868,,,,
,,2.2244,,-0.09299,0,,,
329.81,0,-1.1256,0.0067723,0.34095,0,3.151,0,0
123.04,0,4.3798,0.0082698,0.21905,0,1.3202,0,0
277.01,1,3.4073,26.258,0.10099,1,0.46983,1,0
70.18,0,-0.7549,0,0.69231,0,4.5642,0,0
275.17,0,1.2575,1.9609,0.19143,0,8.5565,0,0
53.194,1,3.3159,17.443,0.1685,1,3.8774,1,0
341.75,0,-1.045,0.0030516,0.14868,0,75.703,0,0
314.2,0,0.33449,11.359,0.85252,0,29.943,0,1
,,2.2451,,-0.30707,,,,
159.08,1,0.37077,26.187,0.062816,1,39.918,1,0
322.29,0,2.0806,4.1187,0.47643,0,78.308,0,1
307.81,0,3.6689,0,0.26018,0,1.4174,0,0
37.476,0,5.2225,0,0.068666,0,0.84599,0,0
227.61,0,3.0936,0,0.10862,0,1.8616,0,0
229.29,0,-0.87902,0.60302,0.19455,0,1.9796,0,0
313.4,,3.3239,,0.36109,0,2.9547,0,
,,2.7633,,-0.22503,,,,
41.542,0,3.2769,0,0.075758,0,0.24787,0,0
120.7,0,3.3265,0.76707,0.41234,0,8.3652,0,0
,,1.8599,,0.035948,,,,
354.97,1,3.83,11.941,0.18967,1,0.83931,1,0
358.42,0,-0.1937,44.307,0.39894,0,1.1466,0,0
,,,,-0.40221,,,,
334.73,0,4.7614,0,0.070502,0,1.3549,0,0
,,3.2118,,-0.26769,,,,
177.62,0,-1.2754,0.084322,0.64667,0,0.39573,0,0
82.35,1,-0.55353,19.628,0.12187,1,0.23732,1,0
,,3.1714,,-0.39232,,,,
352.93,1,-0.73641,3.8231,0.24138,1,0.41531,1,0
103,1,5.4138,53.542,0.068359,0,83.636,0,0
78.658,0,0.45229,0,0.079164,0,1.0876,0,0
,,2.2155,,-0.32707,,,,
359.28,0,-0.36597,1.2243,0.19818,0,23.178,0,0
265.1,0,-0.058027,15.546,0.8852,0,60.739,0,1
,,2.0455,,-0.18681,,,,
,,2.8927,,-0.49206,,,,
,,3.5868,,-0.23519,,,,
21.393,0,4.2666,0,0.06627,0,2.702,0,0
97.309,0,-1.3233,0.013816,0.33753,0,5.9686,0,0
316.4,0,-1.1551,0.0059575,0.25179,0,0.4224,0,0
179.29,0,3.7174,7.2743,0.80281,0,0.40129,0,1
57.782,0,4.3521,2.4354,0.78188,0,60.369,0,0
125.54,1,3.1302,9.8491,0.23242,0,35.603,0,0
56.771,0,0.82287,0.020129,0.3923,0,5.9294,0,0
344.61,0,0.65741,0.006487,0.18001,0,5.5235,0,0
201.79,0,5.2055,0.059384,0.7687,0,4.976,0,0
42.363,0,2.4624,5.8301,0.36162,0,54.887,0,0
138.32,1,2.4764,14.216,0.2268,1,0.73634,1,0
87.734,0,0.86346,1.4979,0.56022,0,52.801,0,0
,,2.5419,,-0.00038835,,,,
,,2.8173,,-0.33974,,,,
273.6,0,3.6043,0,0.4839,0,0.30548,0,0
63.294,0,-1.4846,0,0.45948,0,4.1549,0,0
105.78,0,1.8178,1.2635,0.8133,0,10.149,0,0
325.41,0,3.4468,0.014677,0.12806,0,3.8404,0,0
223.3,0,3.232,0,0.57084,0,11.389,0,0
359.29,1,0.95931,8.0112,0.021752,1,4.6392,1,0
,,1.7464,,-0.26891,,,,
358.51,0,2.9943,3.7822,0.5031,0,12.956,0,1
9.971,,2.6604,,0.12432,1,0.5892,1,
83.517,0,0.74066,6.7313,0.33735,0,0.45637,0,0
252.19,0,-0.65258,10.418,0.43527,0,13.462,0,1
,,2.8174,,-0.27212,,,,
,,3.514,,0.22637,,,,
111.96,0,-0.11083,0.014529,0.077849,0,1.308,0,0
321.85,0,3.3669,0.26293,0.49245,0,54.724,0,0
36.342,0,1.7396,0.39122,0.62792,0,36.386,0,0
233.63,0,-1.297,5.4442,0.30594,0,54.367,0,0
179.28,,-1.2554,,0.538,0,1.8368,0,
,,2.7268,,-0.12167,,,,
204,1,0.6285,6.422,0.09427,1,16.117,1,0
269.68,0,-2.2066,3.0361,0.68709,0,53.981,0,1
269.81,0,3.3777,0,0.69523,0,13.483,0,0
359.27,0,-1.3396,0,0.14621,0,0.068792,0,0
62.167,1,3.6009,13.279,0.12903,1,2.1366,1,0
,,3.2593,,-0.045296,,,,
355.48,1,0.29306,2.627,0.26083,0,55.922,0,0
,,,,-0.31183,,,,
353.17,0,-0.030835,0,0.54247,0,19.54,0,0
,,2.3812,,-0.26547,,,,
81.6,0,3.7878,0.0058992,0.031161,0,1.3279,0,0
78.21,0,-0.22717,19.612,0.45216,0,61.112,0,1
76.579,1,-1.2378,13.054,0.19574,1,0.73049,1,0
140.38,0,3.5827,0.040081,0.67771,0,73.965,0,0
334.63,0,0.69377,0.27213,0.72226,0,35.59,0,0
,,2.8513,,-0.41532,,,,
287.87,0,-1.2229,0.012247,0.31371,0,0.52149,0,0
326.62,0,4.9717,0,0.2003,0,0.66043,0,0
308.14,0,3.9487,0,0.047535,0,1.3798,0,0
251.53,0,2.2345,5.8338,0.33797,0,0.16899,0,0
,,2.395,,-0.28055,,,,
147.37,1,-1.3575,17.262,0.088919,1,35.456,1,0
332.85,0,-0.94047,0,0.063492,0,1.5361,0,0
269.29,1,3.5891,35.96,0.026596,1,11.896,0,0
160.03,1,0.10885,15.904,0.010848,1,3.2572,1,0
152.02,1,2.2523,4.7588,0.066116,0,1.7055,0,0
45.321,0,3.2336,0.018992,0.41228,0,2.6491,0,0
237.71,0,-5.91,1.9478,0.56563,0,77.913,0,0
302.57,1,3.8756,2.9056,0.16467,1,3.6523,1,0
,,1.9637,,-0.32955,,,,
269.28,0,3.7783,0.034287,0.33073,0,3.9709,0,0
,,2.648,,-0.22727,,,,
183.65,0,-1.0096,0,0.26706,0,0.71579,0,0
58.569,0,3.7851,4.4446,0.44822,0,82.315,0,1
,,3.3332,,-0.38318,,,,
,,3.3522,,-0.0072202,,,,
119.87,1,3.7731,13.842,0.18849,0,85.875,0,0
98.743,1,-0.93434,13.214,0.11111,1,21.948,0,0
163.95,1,3.6024,38.715,0.027004,1,10.716,1,0
89.853,0,-0.93291,0,0.19495,0,16.258,0,0
341.9,0,-0.016419,11.405,0.71807,0,53.829,0,1
89.272,0,-1.247,0.080509,0.16747,0,4.6225,0,0
,,2.974,,-0.11005,,,,
,,,,-0.34158,,,,
259.76,0,3.9334,0,0.12572,0,2.7313,0,0
47.416,0,4.1761,0,0.30384,0,0.76423,0,0
,,2.7151,,-0.26968,,,,
171.28,0,-0.99424,0.0017371,0.30328,0,0.61942,0,0
,,2.5295,,-0.12775,,,,
220.63,1,3.9984,54.449,0.1491,1,1.1223,1,0
144.28,1,-1.2223,4.0026,0.26828,0,73.149,0,0
96.717,0,3.9599,0,0.24989,0,1.7268,0,0
145.08,1,-0.92821,8.0566,0.099083,1,0.62378,1,0
334.31,0,4.3304,0,0.13946,0,0.44902,0,0
89.292,0,0.39248,0.0066177,0.10481,0,52.093,0,0
341.54,1,-0.72912,13.203,0.13049,1,22.187,0,0
88.188,1,4.1388,6.1757,0.15683,0,55.994,0,0
83.793,0,3.7781,0.031364,0.34923,0,7.0888,0,0
131.82,1,-0.92935,8.7701,0.079618,1,0.39004,1,0
76.383,1,5.0741,6.3531,0.10102,0,5.6305,0,0
28.918,,3.0106,,0.017878,0,15.801,0,
33.798,0,0.48912,0,0.41982,0,0.73044,0,0
,,2.6942,,-0.33333,,,,
172.93,0,4.2203,0.017028,0.09192,0,0.10384,0,0
314.54,0,2.6544,0,0.13353,0,3.0009,0,0
43.467,0,3.8067,0,0.72889,0,0.79152,0,0
259.8,,4.8325,,-0.088183,0,11.814,0,
322.84,1,2.1669,5.8808,0.25421,1,0.13541,1,0
,,3.3543,,-0.11817,,,,
174,0,-1.1125,5.6318,0.75086,0,65.945,0,1
,,3.51,,-0.32988,,,,
190.84,1,-0.24993,16.161,0.062591,1,2.5497,1,0
185.24,0,4.3706,0,0.14997,0,1.3831,0,0
,,2.9255,,-0.27141,,,,
,,2.4406,,-0.34899,,,,
134.39,0,3.2788,0.26102,0.1039,0,39.125,0,0
310.71,0,4.3209,0.030762,0.51165,0,4.2991,0,0
15.433,,-1.105,,0.17627,1,46.551,0,
62.631,1,3.5535,13.683,-0.038494,1,5.3156,1,0
156.29,1,3.0191,4.9837,0.044418,0,80.221,0,0
151.23,0,3.1715,0.018902,0.30748,0,2.759,0,0
,,2.7098,,-0.34138,,,,
284.88,0,2.9785,0.015609,0.14602,0,2.0041,0,0
95.783,1,-1.2715,11.754,0.22236,1,0.20247,1,0
183.82,0,3.6575,0,0.18538,0,14.054,0,0
295.51,0,-0.61215,0,0.070848,0,1.0763,0,0
179.3,0,5.7967,0,0.34426,0,1.2897,0,0
19.53,1,0.88985,17.341,0.10267,1,29.132,0,0
226.14,1,3.3826,13.958,0.03438,1,8.208,1,0
229.23,0,1.1473,2.7971,0.62342,0,77.54,0,1
355.27,1,-1.0209,18.803,0.075676,1,15.217,0,0
,,1.5489,,-0.39755,,,,
190.73,0,4.5072,0,0.08286,0,2.7819,0,0
55.893,1,2.6181,15.25,0.083231,1,46.035,0,0
153.34,1,2.7092,9.4545,0.027853,1,3.4895,1,0
77.947,1,-0.54356,92.396,0.081814,1,25.246,0,0
,,3.2714,,-0.10309,,,,
47.671,0,2.0424,0,-0.24953,0,8.7392,0,0
140.73,0,-0.85438,0,0.642,0,6.6477,0,0
191.25,,-1.0712,,0.18739,1,58.372,1,
,,2.3974,,-0.24962,,,,
355.91,0,3.8061,0.43641,0.039555,0,12.982,0,0
337.45,0,1.2288,0.0068368,0.30212,0,1.8524,0,0
185.59,0,0.33913,1.5986,0.87679,0,62.192,0,0
274.5,0,1.6985,4.6982,0.4209,0,59.883,0,1
,,2.7342,,-0.2513,,,,
347.74,1,-1.0736,14.267,0.13333,1,1.8951,1,0
156.03,1,-0.22281,16.098,0.048521,1,0.56778,1,0
198.5,0,2.4948,0,0.28618,0,2.1662,0,0
320.69,0,3.1268,0,-0.096774,0,0.35938,0,0
,,1.6057,,-0.27059,,,,
59.848,0,-1.0606,0,0.77873,0,5.5589,0,0
162.64,0,3.4617,0,0.11419,0,2.1053,0,0
199.58,1,-0.040851,16.572,-0.020524,1,0.62967,1,0
,,1.945,,-0.28155,,,,
259.28,0,0.57403,0.00057489,0.6039,0,12.291,0,0
9.2394,0,-1.9296,0.0028025,0.82642,0,2.0248,0,0
,,2.7027,,-0.27162,,,,
127.14,0,4.3381,0.094435,0.20593,0,10.395,0,0
0.33334,0,-0.90214,0.014143,0.24528,0,0.93453,0,0
359.29,0,4.054,0.021255,0.010166,0,3.3613,0,0
212.64,0,-0.8274,0.022095,0.17131,0,1.8596,0,0
319.35,0,2.748,7.7331,0.63914,0,82.267,0,1
136.83,0,-0.46396,2.0413,0.18894,0,74.309,0,0
272.31,1,0.81925,3.4211,0.18487,0,81.925,0,0
244.64,0,0.83004,14.557,0.6148,0,83.601,0,1
,,2.9659,,-0.30132,,,,
159.07,0,-1.0426,0,0.5361,0,0.48258,0,0
50.475,0,3.2523,0.0015812,0.53545,0,1.2167,0,0
246.27,1,-0.69525,3.8078,0.24138,1,0.33722,1,0
167.62,0,-0.73525,0,0.15357,0,0.39805,0,0
55.537,1,3.5257,11.814,0.099541,0,82.319,0,0
269.28,0,3.3271,2.1745,0.85202,0,73.827,0,0
265.86,0,1.9036,0,0.31209,0,1.1514,0,0
,,2.54,,-0.30723,,,,
,,2.4574,,-0.072254,,,,
199.96,1,-1.2999,13.867,0.16949,1,7.5367,1,0
,,2.7661,,-0.25414,,,,
118.76,0,2.2913,0.012901,0.090604,0,0.59416,0,0
332.74,1,-1.1104,13.435,0.2279,1,2.7439,1,0
179.28,0,0.95815,1.9948,0.68522,0,68.027,0,0
178.39,0,3.8806,0,0.060719,0,1.095,0,0
134.21,1,3.7133,12.042,0.19692,1,4.4155,1,0
291.05,0,3.3346,0.54492,0.025754,0,1.1756,0,0
4.9847,1,2.7231,14.688,0.088158,1,1.6818,1,0
,,3.3523,,-0.014423,,,,
,,3.2839,,-0.033732,,,,
220.92,0,3.3284,0,0.12152,0,0.74397,0,0
73.483,0,3.2094,10.076,0.40963,0,19.276,0,1
67.526,0,-0.23543,30.429,0.37763,0,0.40223,0,0
167.39,0,-1.2212,6.9511,0.8295,0,71.703,0,1
,,3.7241,,-0.016863,0,,,
160.52,1,3.6261,8.9203,0.18787,1,44.863,1,0
68.957,0,-1.2473,1.4951,0.30346,0,51.257,0,0
149.23,0,4.5109,0,0.19349,0,2.6607,0,0
179.27,1,2.9116,93.055,0.25037,1,0.28692,1,0
233.82,0,0.80505,0.0031456,0.2293,0,0.83974,0,0
143.15,0,0.33936,0.0059421,0.57194,0,0.65302,0,0
183.44,1,3.2679,11.796,0.1242,1,1.3505,1,0
185.31,0,0.35609,0.0022055,0.25063,0,0.21906,0,0
,,,,-0.29657,,,,
7.0192,,-0.19198,,0.42607,0,0.34135,0,
159.22,1,2.5972,10.322,0.2549,1,1.1717,1,0
,,,,-0.29849,,,,
,,3.3212,,-0.19734,,,,
0,1,3.8198,6.6712,0.076357,1,0,1,0
88.847,0,1.7277,0.015693,0.13412,0,0.77015,0,0
,,2.5008,,0.068215,,,,
135.56,0,-1.3307,0,0.45077,0,0.85657,0,0
,,2.8734,,-0.43396,,,,
149.07,0,-1.1592,4.1288,0.48511,0,71.489,0,1
285.68,0,3.2916,0,0.11334,0,1.8685,0,0
136.57,0,0.39501,3.4057,0.46895,0,73.91,0,1
110.47,0,-0.29799,0,0.16157,0,0.22193,0,0
34.968,0,0.77406,0.0010393,0.56756,0,0.52226,0,0
208.18,1,-0.848,24.149,0.10825,1,0.13089,1,0
179.28,1,-0.92155,14.437,0.12687,1,2.7039,1,0
327.46,,2.4039,,-0.0015835,0,8.1172,0,
,,3.2147,,-0.4084,,,,
254.07,0,0.10521,0.0075907,0.25975,0,0.52415,0,0
89.298,0,4.0431,0,0.61271,0,1.4768,0,0
351.08,0,-1.7025,0,0.61978,0,2.2172,0,0
,,2.8498,,-0.43191,,,,
269.29,1,2.7787,3.8902,-0.19476,0,7.4921,0,0
,,2.788,,-0.28411,,,,
178.03,0,4.2042,0.65548,0.82157,0,66.831,0,0
75.842,0,3.044,3.9882,0.4887,0,52.005,0,1
248.39,0,0.33217,6.7459,0.53815,0,18.56,0,1
52.681,1,-0.48758,17.985,0.16534,0,87.05,0,0
205.18,0,0.77466,0.055041,0.57276,0,3.9953,0,0
84.153,0,0.0009373,0.33306,0.83823,0,46.181,0,0
,,3.5055,,-0.32075,,,,
135.46,1,4.4504,86.189,0.17139,1,0.75539,1,0
280.89,0,-1.2575,0,0.27731,0,0.56917,0,0
195.59,0,2.2443,0.28273,0.45756,0,3.7454,0,0
60.643,0,1.5967,1.6192,0.70308,0,69.833,0,0
178.19,0,3.587,0,0.084618,0,1.4905,0,0
57.426,0,3.573,0.12461,0.63763,0,49.388,0,0
240.51,,0.94992,,0.33606,0,11.948,0,
90.389,0,5.3869,0,0.11525,0,0.29892,0,0
44.27,0,-0.48059,0.28809,0.29886,0,24.237,0,0
,,3.2577,,0.050505,,,,
326.92,0,-0.84253,0.013633,0.17687,0,1.825,0,0
174.32,0,-1.2709,1.483,0.41318,0,46.499,0,0
180.24,0,-1.1905,10.578,0.82299,0,42.213,0,1
,,3.3264,,-0.028953,,,,
269.08,0,-1.1689,0,0.17457,0,70.473,0,0
,,3.1727,,-0.39925,,,,
251.9,0,0.32559,0,0.21572,0,0.51795,0,0
,,1.8601,,-0.32322,,,,
,,3.2424,,-0.17686,0,,,
143.51,0,4.1392,0,0.032947,0,7.2542,0,0
212.25,0,-0.48774,0,0.46514,0,4.8674,0,0
346.26,1,-1.0924,9.094,0.13913,0,83.711,0,0
295.11,0,3.4326,0.023441,0.26695,0,0.21068,0,0
,,3.3075,,-0.36014,,,,
288.84,0,3.6722,0.040764,0.7452,0,45.327,0,0
89.726,0,5.4543,0,0.079233,0,61.032,0,0
,,2.9758,,-0.2736,,,,
61.373,0,5.3156,1.9324,0.46526,0,57.841,0,0
,,2.728,,-0.30205,,,,
222.21,0,-1.102,0.014461,0.33333,0,0.75944,0,0
38.28,1,0.82949,7.7472,0.070209,1,2.0721,1,0
174.77,1,0.21837,14.232,0.11688,1,0.21855,1,0
,,,,-0.31228,,,,
171.48,1,-1.1685,10.797,0.16971,1,0.12731,1,0
169.49,1,-1.1115,14.329,0.14023,1,48.528,1,0
110.64,1,2.6272,71.686,0.080685,1,0.48775,1,0
156.16,1,-0.080336,14.226,-0.011518,1,3.6849,1,0
158.01,0,-1.0517,0,0.37247,0,0.52289,0,0
247.95,,-1.8327,,0.42366,0,67.117,0,
321.16,1,2.6766,16.267,0.2567,1,0.43737,1,0
50.814,0,-0.47763,6.481,0.51608,0,39.801,0,1
319.14,1,0.63584,55.741,0.039158,1,0.98983,1,0
84.287,0,2.8725,0,0.080838,0,2.9657,0,0
,,0.92383,,-0.36396,,,,
131.01,1,3.7084,20.159,0.10423,1,1.7396,1,0
,,3.4868,,-0.32348,,,,
34.584,0,3.9131,0,0.077012,0,1.0744,0,0
,,2.3528,,-0.37477,,,,
,,3.2583,,-0.31835,,,,
264.09,0,3.8894,0,0.14091,0,1.0099,0,0
221.94,0,3.3221,23.52,0.38525,0,88.825,0,0
,,3.3235,,-0.31288,,,,
,,1.5563,,0.13219,,,,
,,2.7096,,-0.1615,,,,
,,2.5658,,-0.26003,,,,
171.58,1,-1.0161,3.1519,0.090016,0,4.8995,0,0
,,3.3516,,-0.121,,,,
93.521,0,2.9732,0,0.11968,0,0.6224,0,0
230.08,0,3.5866,0.0070417,0.054529,0,1.1607,0,0
115.65,0,3.1128,0,0.05762,0,1.9492,0,0
156.02,0,-0.14568,0.032582,0.11279,0,1.572,0,0
247.58,0,0.012337,0.039163,0.14722,0,2.2319,0,0
262.29,0,-0.9394,0,0.32013,0,1.7424,0,0
299.95,0,3.8037,0.010499,0.034164,0,0.46099,0,0
,,2.263,,-0.26597,,,,
46.687,1,3.8171,18.062,0.015025,1,44.368,0,0
,,3.2901,,0.14629,,,,
,,3.2435,,-0.3561,,,,
,,,,-0.46341,,,,
174.6,1,-0.94638,26.162,0.23374,0,5.8923,0,0
237.09,0,3.5422,0,0.4079,0,2.0228,0,0
359.27,1,-0.42703,52.551,0.07541,1,0.41857,1,0
176.02,1,-0.86264,41.465,0.29178,1,0.30447,1,0
78.77,0,-1.2621,0,0.093415,0,1.8232,0,0
269.28,0,-0.43428,0.12078,0.084323,0,1.2643,0,0
186.16,0,4.1619,0.0094457,0.2064,0,0.14436,0,0
69.147,0,-1.6027,0,0.72164,0,15.035,0,0
,,3.3297,,0.095269,,,,
240.23,,3.3461,,0.069001,0,2.0639,0,
176.41,0,3.192,0.15472,0.19036,0,15.077,0,0
,,2.534,,-0.25085,,,,
120.33,0,-0.91587,0.0039721,0.31013,0,0.35559,0,0
359.28,1,-0.47719,11.707,0.068908,1,0.24078,1,0
,,3.2901,,-0.23853,,,,
103.06,0,0.13718,0.013621,0.59779,0,2.6255,0,0
86.566,0,6.6957,0.0093708,0.068635,0,1.8062,0,0
133.85,0,0.26143,0.53877,0.24734,0,50.591,0,0
125.31,0,-0.26316,0.021357,0.094793,0,3.3295,0,0
,,3.1952,,-0.25051,,,,
129.54,0,3.526,0,0.070414,0,1.987,0,0
267.01,0,1.6292,0.013314,0.10036,0,2.179,0,0
43.255,0,3.5861,0.8146,0.86713,0,44.183,0,0
179.3,0,2.9945,0,0.11513,0,0.39555,0,0
301.01,0,5.3171,0.022158,0.3736,0,1.9183,0,0
,,0.94824,,0.67442,,,,
0,0,4.1842,5.1898,0.5498,0,0,0,1
,,2.4125,,-0.38182,,,,
32.406,0,-1.2278,0,0.17522,0,2.9207,0,0
41.333,0,3.5324,0,0.16758,0,0.4633,0,0
323.33,0,1.1471,0.0040818,0.18966,0,0.33284,0,0
67.71,0,3.1615,0.015659,0.65692,0,0.68601,0,0
263.47,0,-1.1015,0.020079,0.15116,0,0.28308,0,0
359.28,0,-0.86828,4.2454,0.66141,0,10.06,0,1
329.1,0,4.7178,0,0.34605,0,2.4789,0,0
295.66,1,5.4082,3.0893,0.02451,1,4.5327,1,0
229.85,0,-1.4339,1.345,0.57659,0,36.722,0,0
67.247,0,-2.0072,0.0071228,0.43229,0,1.0849,0,0
179.29,0,3.5379,0.032136,0.16233,0,0.81974,0,0
314.14,1,3.8207,20.646,0.28937,1,77.283,0,0
115.8,0,3.5504,3.9932,0.30513,0,0.60373,0,0
,,2.9915,,-0.31284,,,,
50.391,0,-0.034673,4.9522,0.36252,0,23.637,0,0
319.26,0,2.584,6.2495,0.56661,0,79.013,0,1
,,2.6503,,-0.42222,,,,
87.876,1,-1.1698,13.036,0.11989,1,4.6924,1,0
224.61,1,3.8314,15.361,0.091409,0,88.688,0,0
12.928,1,-0.070559,4.1012,0.26054,1,0.1947,1,0
,,2.4867,,-0.27946,,,,
324.5,0,1.6024,1.0871,0.72956,0,63.687,0,0
104.15,0,2.8542,0.017346,-0.03638,0,1.5873,0,0
170.38,1,-1.1709,14.872,0.1593,1,25.098,1,0
138.25,0,3.5801,2.7498,0.80427,0,67.973,0,1
98.478,0,-1.5826,3.5083,0.68489,0,29.48,0,1
346.59,0,3.6936,0.028593,0.12483,0,4.51,0,0
,,2.3017,,-0.003701,,,,
146.79,1,3.6454,10.741,0.15714,1,1.1553,1,0
89.925,1,2.5401,14.354,0.17591,1,27.981,0,0
64.717,0,-2.0605,7.4808,0.84027,0,73.431,0,1
270.12,0,2.4052,3.7209,0.77862,0,42.657,0,1
27.943,0,3.1988,0.0062447,0.41055,0,0.94711,0,0
351.74,1,3.6711,7.6226,0.1828,1,0.30647,1,0
275.51,1,-1.0179,20.523,0.16269,1,0.42203,1,0
172.76,,0.32203,,0.096725,0,3.3804,0,
265.3,1,-1.2309,11.584,0.22433,1,1.4056,1,0
,,2.9179,,-0.40531,,,,
210.41,0,3.9638,0.0095451,0.61864,0,1.2788,0,0
238.8,1,-1.2989,16.608,0.16428,1,48.925,0,0
271.44,0,-0.73665,0.18815,0.3385,0,21.793,0,0
,,,,-0.38642,,,,
,,2.5217,,0.0069071,,,,
70.103,0,4.5555,1.765,0.25411,0,55.695,0,0
,,3.3839,,-0.27536,,,,
,,3.1888,,-0.23445,,,,
324.47,1,3.5767,5.3583,0.038858,0,0.68435,0,0
183.93,0,-1.1766,0,0.086236,0,0.70745,0,0
65.367,0,0.50877,0.0020269,0.16628,0,0.45266,0,0
129.77,0,2.9073,0,0.25215,0,0.73293,0,0
,,3.2927,,-0.2321,,,,
130.54,0,2.5434,1.0626,0.02502,0,52.246,0,0
,,-1.9564,,0.46875,,,,
45.079,0,7.4322,0.50274,0.033816,0,2.5881,0,0
269.3,0,3.4674,0,0.62123,0,0.040233,0,0
74.028,0,3.3343,0.017997,0.16439,0,1.0664,0,0
,,1.2924,,-0.21543,,,,
,,3.2597,,-0.33333,,,,
303.99,0,4.4647,0,0.098571,0,0.66427,0,0
260.5,0,-0.37462,1.7597,0.59689,0,65.487,0,0
182.19,1,-1.1372,14.891,0.17782,1,21.177,1,0
,,2.7098,,-0.2871,,,,
24.811,0,-0.21005,0,0.34595,0,2.6918,0,0
92.232,0,-1.0655,0,0.42582,0,5.6562,0,0
,,2.9723,,-0.3198,,,,
356.99,0,-1.9362,0.38315,0.76747,0,11.231,0,0
168.74,0,2.4758,8.0708,0.38406,0,44.246,0,0
,,3.3197,,-0.30282,,,,
310.72,1,0.19058,4.5577,0.249,0,0.19929,0,0
322.22,0,4.1608,0.010881,0.18934,0,2.506,0,0
86.848,0,-1.5389,0,0.61206,0,0.27037,0,0
235.81,0,-1.1288,12.328,0.34681,0,76.251,0,0
72.637,0,3.9304,0.0064313,0.10421,0,0.35996,0,0
246.87,0,-1.397,0,0.10559,0,1.9699,0,0
26.957,1,1.0736,3.599,0.091971,1,0.42077,1,0
,,2.9813,,-0.3441,,,,
0.035154,1,2.1577,4.4712,0.14082,0,83.734,0,0
,,0.16816,,0.41658,,,,
24.616,0,4.52,0,0.4803,0,1.4647,0,0
194.23,0,0.088438,0.017062,0.20837,0,1.2043,0,0
167.15,1,-0.10241,10.964,0.13958,1,47.492,1,0
,,3.4912,,-0.18857,,,,
359.28,1,-1.2331,15.231,0.11043,1,0.29807,1,0
,,2.9922,,-0.34432,,,,
125.24,1,0.010503,9.258,0.23632,1,1.455,1,0
314.67,0,2.6917,0.22558,0.12599,0,4.6132,0,0
148.94,0,1.8846,0.071362,0.24782,0,6.4107,0,0
,,2.5595,,0.34046,0,,,
344.41,0,4.1831,0.10258,0.3854,0,2.7975,0,0
134.76,0,2.3631,0.10468,0.11682,0,47.86,0,0
,,2.7299,,-0.27596,,,,
13.853,1,3.5041,88.435,0.10758,1,89.031,0,0
171.34,1,4.3657,10.992,0.22347,1,0.4573,1,0
239.58,1,2.8893,4.1773,0.079038,1,4.2143,1,0
235.15,0,4.8299,0,0.18721,0,0.17362,0,0
10.449,0,3.6193,0.0018368,0.06577,0,0.68361,0,0
304.22,0,2.2921,0,-0.014015,0,7.5248,0,0
,,0.90574,,-0.29535,,,,
245.56,0,-0.84973,20.066,0.4719,0,0.8411,0,1
,,2.9723,,-0.3198,,,,
163.04,1,-0.31989,150.23,0.03233,1,46.967,1,0
,,3.345,,-0.044355,,,,
152.71,,2.8664,,0.31364,0,79.111,0,
179.28,0,1.4418,0.38055,0.5297,0,2.6867,0,0
211.86,1,3.5973,40.234,0.024555,1,0.39468,1,0
,,3.0731,,-0.14074,,,,
272.11,0,-1.7014,10.015,0.7977,0,41.02,0,1
125.03,0,-1.1654,0,0.22016,0,6.0892,0,0
120.18,0,3.0639,0.015879,0.15315,0,0.6363,0,0
167.81,1,3.3677,48.976,0.017838,1,61.681,0,0
,,3.0546,,-0.37786,,,,
,,2.8549,,-0.30556,,,,
228.57,0,0.71459,0,0.57504,0,0.60652,0,0
351.26,0,2.8067,0.45005,-0.0039032,0,1.233,0,0
,,-1.7474,,0.34152,,,,
,,2.6832,,-0.30736,,,,
135.84,0,3.3223,0.026711,0.054966,0,11.18,0,0
45.664,0,2.7397,0.010037,0.14934,0,1.0799,0,0
183.17,0,2.8051,0.0064702,0.43814,0,1.017,0,0
,,-0.74548,,0.07113,,,,
,,2.5087,,0.14151,,,,
15.359,0,-1.1484,2.6439,0.42485,0,66.192,0,1
346.51,0,1.8798,0,0.075934,0,1.5575,0,0
,,2.7559,,-0.31588,,,,
247.13,0,3.2372,0,0.59023,0,0.77562,0,0
179.28,0,-0.040973,0.0069725,0.076559,0,0.76816,0,0
32.427,0,4.9655,0.036249,0.4534,0,4.5021,0,0
103.56,1,-0.78429,14.655,0.11854,1,14.163,0,0
70.923,0,-0.25899,19.555,0.34098,0,0.10903,0,0
85.149,0,4.408,1.7212,0.38141,0,12.476,0,0
,,1.8825,,-0.25054,,,,
133.81,0,-1.2433,5.2933,0.59927,0,50.626,0,1
342.55,0,0.55053,0.030775,0.071354,0,1.3766,0,0
127.32,0,-1.5205,0.2281,0.38807,0,49.454,0,0
164.47,1,3.5952,28.413,0.05612,1,64.262,0,0
,,2.4547,,-0.42143,,,,
,,1.1292,,-0.25683,,,,
,,2.8787,,-0.37944,,,,
359.29,1,1.0497,14.219,0.18028,1,66.376,0,0
299.28,0,3.0775,1.9689,0.63064,0,68.649,0,0
181.16,1,3.3685,145.41,0.028633,1,18.576,1,0
,,2.8134,,-0.26367,,,,
359.3,1,2.7094,16.407,0.15748,1,0.55601,1,0
212.33,1,4.0091,23.316,0.17152,1,33.102,1,0
146.36,1,3.6514,7.7501,0.28539,1,0.6556,1,0
336.47,1,3.4951,15.173,0.18911,1,1.2439,1,0
,,3.5255,,0.3281,,,,
88.895,1,-0.84261,33.328,0.0022252,1,57.645,0,0
84.193,1,0.26083,21.52,0.11936,1,0.51639,1,0
69.14,1,-0.67274,22.149,0.12696,1,46.392,0,0
267.61,0,4.0109,0.015504,-0.0071942,0,0.19549,0,0
52.664,0,1.7763,1.0036,0.82622,0,42.879,0,0
10.52,0,-1.1524,0,0.52455,0,4.5611,0,0
28.254,0,3.322,19.511,0.36241,0,22.485,0,0
359.28,1,-1.1423,12.678,0.17396,1,0.04013,1,0
176.48,1,3.3713,25.747,0.11269,1,0.70598,1,0
239.18,0,-1.4572,0.0078645,0.12551,0,7.2881,0,0
226.46,0,-0.046585,3.0973,0.39484,0,2.5452,0,0
,,2.4917,,-0.39016,,,,
350,0,3.4044,0,0.057413,0,3.1628,0,0
156.64,0,-1.1608,0.0076517,0.22363,0,5.8924,0,0
,,-0.89881,,0.21029,,,,
296.19,0,0.95602,0.01408,0.091971,0,6.2019,0,0
116.52,0,0.81643,0,0.37963,0,0.2004,0,0
233.34,1,1.6872,42.725,0.17449,1,0.90842,1,0
95.79,0,1.4816,0.076026,0.62069,0,6.8454,0,0
306.09,1,3.1103,3.5151,0.19726,0,0.43066,0,0
78.282,0,-0.73198,0.00047672,0.3617,0,0.45083,0,0
,,0.95127,,-0.34783,,,,
,,2.788,,-0.29085,,,,
288.82,1,0.30767,16.94,0.11075,1,0.54888,1,0
45.297,0,-0.86532,0,0.74337,0,0.75099,0,0
197.84,1,3.8839,2.9297,0.25442,0,72.225,0,0
151.63,1,-0.97678,16.645,0.090411,1,1.4365,1,0
351.79,0,3.4862,10.11,0.84558,0,59.379,0,1
60.098,0,2.7599,0,0.37698,0,0.98742,0,0
,,2.8688,,-0.31148,,,,
,,2.4584,,-0.27934,,,,
,,2.7265,,-0.32496,,,,
309.39,1,2.5143,4.2498,0.030675,1,1.3972,1,0
347.06,0,0.13909,0,0.74028,0,7.7739,0,0
89.292,0,4.2578,0,0.12934,0,0.10919,0,0
269.29,1,0.45569,7.4104,0.11338,1,10.413,0,0
,,2.8797,,-0.21563,,,,
,,2.73,,-0.30449,,,,
179.29,0,2.3574,0,0.14855,0,0.17773,0,0
247.95,0,-1.183,4.9864,0.36466,0,51.414,0,0
111.69,0,3.8001,0,0.11357,0,2.1063,0,0
,,2.7577,,-0.23481,,,,
62.152,1,2.8468,12.664,0.12548,1,0.465,1,0
,,2.489,,-0.33758,,,,
,,2.7419,,-0.26613,,,,
,,3.2596,,-0.37193,,,,
269.3,0,3.0665,0.52745,0.44286,0,5.0049,0,0
80.911,,3.3167,,0.26009,1,12.065,0,
81.071,0,0.86063,0.34277,0.2293,0,57.978,0,0
,,2.8677,,-0.29514,,,,
145.28,1,3.2076,6.5228,0.20864,1,1.4072,1,0
76.18,0,-0.51709,0.012189,0.21918,0,1.6695,0,0
215.35,,3.3508,,0.29244,0,3.3504,0,
230.38,1,-1.0976,12.624,0.099502,1,2.664,1,0
250.43,0,6.9667,0.006372,0.096296,0,0.44336,0,0
129.03,0,4.1792,0,0.58807,0,0.98644,0,0
104.84,0,2.3489,0,0.046989,0,0.25653,0,0
,,2.8547,,-0.3945,,,,
317.01,0,-1.6248,0,0.69094,0,0.82886,0,0
33.993,1,3.5943,35.984,0.026596,1,7.2895,1,0
0,1,-0.56098,18.23,0.14519,1,0,1,0
54.841,0,1.7393,10.982,0.33897,0,0.55753,0,0
266.14,1,-1.3116,13.471,0.25465,1,54.063,0,0
151.54,,3.7012,,0.079737,0,66.849,0,
294.76,1,-1.14,16.279,0.11814,1,2.4563,1,0
6.6591,0,-1.2148,0.010536,0.14731,0,4.5974,0,0
252.3,1,-1.2457,11.662,0.12011,1,1.1777,1,0
,,3.3206,,-0.28428,,,,
66.552,0,-0.35563,0.0083262,0.069536,0,4.4279,0,0
284.07,0,-1.3865,0.6687,0.50397,0,50.162,0,0
,,3.0042,,-0.126,,,,
335.49,0,3.9111,0.079747,0.14654,0,1.779,0,0
64.005,1,-1.0597,6.2433,0.16247,0,76.831,0,0
314.91,0,-1.1024,15.205,0.30814,0,9.1993,0,0
156.88,0,-1.2215,13.651,0.43721,0,1.116,0,1
,,2.8994,,-0.45946,,,,
240.86,0,1.5789,0.010621,0.21676,0,1.3004,0,0
65.003,0,0.28936,0.0086432,0.15789,0,0.26483,0,0
42.052,1,2.7873,13.056,0.27044,1,27.215,0,0
269.27,1,3.9193,12.656,-0.07808,1,2.3551,1,0
265.2,0,3.6922,0.19559,0.65597,0,60.953,0,0
,,3.1451,,-0.43915,,,,
66.186,0,3.7308,0,0.083214,0,1.2996,0,0
121.25,1,-0.19845,27.148,0.14595,1,0.10842,1,0
103.99,1,-0.99229,19.383,0.11186,1,0.56453,1,0
272.25,0,4.0167,0.0048056,0.14572,0,1.6686,0,0
171.6,0,4.2416,0.74743,0.21569,0,72.257,0,0
154.56,0,-0.81665,2.2062,0.11111,0,83.935,0,0
131.09,1,2.7004,14.57,0.096596,1,74.143,0,0
,,2.341,,-0.26087,,,,
212.48,0,3.6326,0,0.32877,0,2.854,0,0
103.04,0,-1.3641,0,0.19936,0,1.0118,0,0
270.61,1,3.5234,8.3489,0.13027,1,4.8807,1,0
70.742,0,3.1998,0.020416,0.10763,0,1.4788,0,0
,,2.8135,,-0.31785,,,,
304.9,0,3.5799,7.5222,0.85974,0,26.803,0,1
330.15,0,3.1095,0.28536,0.33281,0,2.9376,0,0
,,1.9465,,0.58467,,,,
150.07,0,3.7888,0,0.067781,0,0.40061,0,0
84.837,0,2.9565,0,0.050325,0,2.0744,0,0
314.21,0,2.467,18.756,0.41687,0,24.812,0,1
272.79,0,4.0042,0,0.62522,0,0.28215,0,0
261.68,0,-1.0594,12.72,0.45875,0,17.881,0,1
312.99,0,1.3669,0.79212,0.79545,0,32.87,0,0
10.432,0,2.2424,7.237,0.76278,0,56.267,0,1
,,3.3115,,-0.20076,,,,
302.67,1,-1.0463,8.3902,0.26895,1,3.2729,1,0
224.47,1,0.17505,33.993,0.088732,1,84.476,0,0
,,0.87612,,-0.32308,,,,
87.382,0,-0.47328,0.019182,0.25022,0,1.5638,0,0
134.21,0,1.2756,5.1148,0.71175,0,67.985,0,1
242.75,0,4.6534,0.03548,0.21031,0,8.3616,0,0
131.39,0,0.020621,0,0.13922,0,2.64,0,0
179.28,0,-0.99295,0.052651,0.55919,0,0.78535,0,0
340.1,0,3.7116,0,0.20112,0,0.43705,0,0
,,2.9143,,-0.34733,,,,
36.895,0,-0.28549,16.694,0.86865,0,78.011,0,1
269.3,0,3.8333,5.2267,0.71291,0,52.418,0,1
195.39,0,3.5942,0,0.20808,0,0.82932,0,0
156.13,1,3.47,4.465,0.27962,1,2.0008,1,0
180.38,0,-1.1279,12.912,0.35339,0,45.298,0,0
174.94,0,-1.3044,0.69884,0.15602,0,1.7473,0,0
78.778,1,2.9519,23.292,0.27496,1,24.718,0,0
175.91,0,3.4631,0.0079761,0.12796,0,0.58575,0,0
,,2.6672,,-0.32438,,,,
,,1.6537,,-0.30076,,,,
,,1.7374,,-0.1606,,,,
79.019,0,4.787,0.59162,0.14412,0,1.8977,0,0
348.55,0,1.0346,0,0.40066,0,0.77021,0,0
,,3.3229,,-0.049873,,,,
189.48,0,3.603,0.6606,0.35537,0,46.928,0,0
256.6,1,2.028,10.562,0.009611,1,3.8297,1,0
30.998,0,4.1161,0,0.044037,0,0.66708,0,0
44.354,1,-1.2329,5.5731,0.082742,1,0.80363,1,0
,,3.1617,,-0.053803,,,,
354.12,1,0.39796,26.997,0.066356,1,11.952,0,0
312.37,0,0.47752,0.017479,0.093065,0,8.3833,0,0
,,2.853,,-0.46351,,,,
176.24,0,2.0928,0,0.3554,0,7.619,0,0
354.76,0,3.3104,0,0.22727,0,0.58081,0,0
350.48,0,5.2646,0,0.030817,0,1.537,0,0
319.48,1,3.5741,14.467,0.22248,1,1.373,1,0
249.3,0,0.18567,0,0.15789,0,0.51985,0,0
267.67,0,0.71661,5.9244,0.3604,0,22.605,0,0
321.21,0,-0.81161,0.0031097,0.063492,0,10.857,0,0
,,1.9582,,-0.23202,,,,
275.74,0,0.51844,3.3809,0.59246,0,0.25451,0,1
258.81,0,2.5852,0,0.3399,0,1.6391,0,0
,,2.8206,,-0.38966,,,,
122.32,0,1.1346,0,0.84315,0,0.3154,0,0
,,2.8512,,-0.41985,,,,
322.44,0,-0.58513,0.00033277,0.30579,0,1.9261,0,0
297.25,0,5.3391,0.014399,0.030744,0,0.30581,0,0
359.28,0,-0.97829,0,0.29175,0,0.22931,0,0
354.77,0,2.2478,0.023356,0.050221,0,1.8913,0,0
35.796,0,4.0762,0.062522,0.77471,0,62.697,0,0
,,-0.046279,,0.61227,0,,,
,,1.6017,,-0.29818,,,,
5.3443,0,3.8954,0,0.66501,0,0.49001,0,0
,,2.5222,,-0.27387,,,,
,,3.1438,,-0.35109,,,,
,,3.283,,-0.25902,,,,
286.28,0,4.1896,0,0.028238,0,0.96148,0,0
132.44,0,-1.3823,0.0055139,0.15872,0,0.52795,0,0
44.526,0,2.6373,3.9916,0.4566,0,65.463,0,1
247.83,1,-1.094,10.743,0.23894,1,71.512,0,0
212.53,0,3.4779,6.7327,0.7248,0,60.815,0,1
19.903,0,-1.0831,12.392,0.383,0,0.049013,0,0
179.91,0,3.0542,0,0.082221,0,42.635,0,0
152.37,1,-1.2215,2.7481,0.19163,1,29.333,1,0
,,,,-0.34364,,,,
,,1.8384,,-0.31615,,,,
256,0,-1.3165,0,0.22558,0,1.3226,0,0
314.22,1,2.906,22.083,0.12182,1,64.113,0,0
179.98,1,3.8909,17.647,0.13561,1,0.94593,1,0
129.74,0,4.0053,0.036478,0.52351,0,3.38,0,0
141.34,0,-0.8617,11.829,0.33647,0,64.24,0,0
,,3.2196,,-0.16331,,,,
59.159,1,3.4475,13.48,0.19612,1,0.36554,1,0
331.87,1,3.5907,25.815,0.20275,1,78.288,0,0
178.66,0,3.7086,0.0068057,0.093642,0,0.52172,0,0
,,2.8759,,-0.36842,,,,
158.06,0,1.4368,0,0.45299,0,2.1269,0,0
71.1,0,-1.6914,8.8885,0.59642,0,26.198,0,1
,,-1.1557,,0.60329,,,,
338.74,0,5.3838,0.0053558,0.054212,0,0.65506,0,0
269.28,0,-0.20221,0,0.21617,0,0.87356,0,0
330.83,1,3.3515,10.109,0.039952,1,0.48251,1,0
,,2.9741,,-0.27842,,,,
,,-0.34905,,-0.10462,,,,
,,3.2374,,-0.41294,,,,
359.28,1,-0.93454,19.388,0.090909,1,1.4157,1,0
264.32,0,4.3228,0.072062,0.33841,0,1.857,0,0
322.14,1,3.9354,11.729,0.075113,0,87.609,0,0
,,,,-0.30435,,,,
179.28,0,-1.3693,0,0.43858,0,1.3871,0,0
134.2,0,3.1317,0.015175,0.10902,0,1.5826,0,0
269.27,0,-1.1822,0.0092212,0.14743,0,41.301,0,0
,,2.4165,,-0.34426,,,,
121.8,,4.8235,,-0.069145,0,36.156,0,
72.676,1,-0.12079,55.759,0.072062,1,61.69,0,0
,,2.795,,-0.29235,,,,
,,3.3318,,-0.28508,,,,
,,,,-0.43571,,,,
77.555,1,2.2737,5.7774,0.1982,1,0.56352,1,0
,,2.8059,,-0.34122,,,,
148.29,0,3.4363,1.3481,0.79208,0,74.146,0,0
,,3.2634,,-0.38351,,,,
165.53,1,2.9527,13.819,0.23095,1,53.708,1,0
269.29,1,1.7335,9.2494,0.21157,0,28.732,0,0
154.05,1,3.2848,102.46,0.023016,1,86.036,0,0
,,2.5331,,-0.30736,,,,
,,2.7277,,-0.27795,,,,
233.74,0,-1.3142,0,0.041551,0,0.57208,0,0
2.6853,1,3.5239,13.026,0.1085,1,66.866,0,0
276.45,0,1.4797,0,0.0484,0,1.3784,0,0
,,2.1649,,-0.34007,,,,
144.3,0,2.3236,0.12272,0.12941,0,0.81172,0,0
155.44,0,2.8769,0,0.07772,0,5.3399,0,0
141.79,0,3.9518,0.064688,0.2896,0,6.4605,0,0
247.34,0,-1.2098,0.0092039,0.47672,0,1.6725,0,0
,,2.3191,,-0.30492,,,,
153.07,0,0.17407,0,0.25239,0,7.685,0,0
171.76,0,-0.62563,0,0.037188,0,0.96562,0,0
,,1.9809,,-0.30909,,,,
,,1.1207,,-0.34082,,,,
138.54,0,2.1624,3.5076,0.73401,0,51.282,0,1
135.67,0,2.7163,0.77854,0.10065,0,65.721,0,0
256.75,1,2.7314,29.077,0.10423,1,66.604,0,0
106.49,1,-1.0599,5.4046,0.075676,1,0.39711,1,0
,,3.3401,,-0.15803,,,,
179.3,0,3.7568,0,0.17236,0,0.18345,0,0
149.45,0,2.7155,0.00090718,0.10454,0,1.2357,0,0
,,3.28,,-0.38783,,,,
218.17,1,3.5413,97.255,0.12,1,1.6935,1,0
,,2.636,,-0.17123,,,,
80.9,1,2.6716,15.115,0.13449,0,0.31371,0,0
228.97,0,4.0236,0.0069594,0.3012,0,0.35431,0,0
269.28,0,1.2227,0.0059252,0.28856,0,0.48853,0,0
,,3.3464,,-0.12453,,,,
,,,,-0.34443,,,,
,,3.2813,,-0.19489,,,,
62.407,0,-1.5151,2.5252,0.74683,0,75.748,0,1
189.05,0,3.5866,0,0.13683,0,0.20359,0,0
269.27,0,3.8043,0.0038562,0.060156,0,0.26439,0,0
186.12,1,5.247,5.469,0.053746,1,2.8038,1,0
,,2.4856,,-0.34247,,,,
,,2.8769,,-0.46816,,,,
,,2.38,,-0.30876,,,,
,,2.5748,,-0.4375,,,,
,,2.8179,,-0.24465,,,,
64.834,0,3.5462,0.00048876,0.31323,0,0.35991,0,0
129.03,1,3.8349,50.347,0.074747,1,0.85183,1,0
69.247,0,-1.2588,10.694,0.40631,0,58.845,0,1
264.64,0,4.0502,0.023982,0.56942,0,0.92256,0,0
200.53,0,-0.98927,11.275,0.84749,0,6.1458,0,1
355.13,0,-0.99167,12.821,0.76921,0,47.169,0,1
67.076,0,-1.5367,6.5909,0.47878,0,59.191,0,1
50.202,0,0.22075,0.0072512,0.35657,0,0.5183,0,0
247.39,1,-0.65171,12.214,0.10096,0,52.774,0,0
55.658,1,-0.98082,37.469,0.092205,0,86.989,0,0
161.09,0,3.1332,0.77419,0.13446,0,65.381,0,0
108.42,0,0.13416,1.6708,0.65711,0,34.4,0,0
182.12,0,1.0618,0.033894,0.093776,0,0.35013,0,0
338.04,0,5.4266,0,0.37065,0,1.0148,0,0
133.55,0,2.9662,0,0.15427,0,2.0937,0,0
320.41,0,-0.594,0,0.35417,0,0.37552,0,0
359.28,0,-0.50147,0,0.10327,0,0.26371,0,0
245.3,0,-0.71023,0.015332,0.55109,0,2.5303,0,0
289.22,0,-1.1967,10.492,0.61369,0,82.029,0,1
196.8,0,-0.69721,0.0054139,0.031651,0,0.76346,0,0
269.29,1,3.4871,5.1756,0.25932,1,15.337,0,0
155.81,0,-1.2646,7.2313,0.49161,0,13.883,0,1
10.989,1,2.9729,22.289,0.13978,1,2.5479,1,0
212.73,0,4.8697,0,0.095385,0,1.7101,0,0
52.157,0,2.1769,0.00082946,0.34229,0,0.95889,0,0
269.29,1,3.0144,3.8878,0.15747,1,29.752,0,0
158.71,1,-1.218,6.6217,0.15244,1,69.842,0,0
80.806,0,3.7764,0.27902,0.39986,0,38.423,0,0
290.07,0,0.85739,0.032008,0.46591,0,0.43644,0,0
143.38,0,4.472,1.515,0.055874,0,2.8006,0,0
113.45,1,1.5627,25.914,0.13764,1,0.31497,1,0
85.931,0,3.4382,0,0.086575,0,11.186,0,0
,,1.4527,,-0.29949,,,,
,,,,-0.43701,,,,
342.58,0,-1.2109,0,0.46309,0,3.0377,0,0
,,2.1883,,-0.37241,,,,
,,2.2074,,-0.22182,,,,
80.89,1,-0.20701,17.824,0.21212,1,2.5923,1,0
65.365,0,-1.2797,0.028416,0.086331,0,0.45265,0,0
20.996,0,3.0428,0,0.10503,0,6.5863,0,0
306.85,0,2.6408,0,0.10251,0,1.946,0,0
330.47,0,3.4052,4.9865,0.6476,0,8.8927,0,1
15.349,0,0.47591,0.010293,0.055567,0,0.99625,0,0
264.8,1,3.5886,15.669,0.11264,1,0.7321,1,0
41.051,0,0.80247,0,0.40651,0,4.2727,0,0
202.54,1,0.5758,21.161,0.20748,1,0.9608,1,0
318.57,0,3.7385,0.033599,0.2345,0,1.5503,0,0
,,2.701,,-0.21182,,,,
346.61,0,4.3472,0,0.13946,0,0.86377,0,0
64.881,0,-0.27745,0,0.17241,0,2.0251,0,0
0.40648,0,6.5608,0.029087,0.04607,0,1.479,0,0
269.28,1,-0.54308,92.773,0.044595,1,16.082,0,0
32.647,0,3.0623,0,0.10247,0,1.3587,0,0
313.13,0,3.1658,0,0.06807,0,0.21517,0,0
,,2.2936,,-0.36928,,,,
282.93,1,2.6551,19.094,0.15259,1,34.384,0,0
336.63,0,3.4416,0,0.27979,0,0.89459,0,0
121.23,0,5.6868,0,0.019737,0,0.54182,0,0
,,2.7656,,-0.20382,,,,
172.51,1,3.4136,25.133,0.075653,1,79.716,0,0
246.06,0,-0.94713,0.46043,0.45234,0,4.382,0,0
,,1.8078,,-0.32459,,,,
,,2.7115,,-0.16919,,,,
166.07,0,1.7989,14.436,0.8987,0,54.15,0,1
294.3,0,5.9027,0,0.08545,0,2.2631,0,0
2.2203,0,-1.8718,2.9554,0.6053,0,82.602,0,1
269.28,0,1.0727,0.44147,0.80728,0,66.527,0,0
17.605,1,-0.92904,7.1073,0.03858,1,83.971,0,0
183.71,1,-0.71846,5.8459,0.099112,0,51.42,0,0
240.4,0,3.1514,0.020839,0.14923,0,0.55789,0,0
179.3,1,3.4807,6.594,0.075799,1,4.3372,1,0
170.26,0,4.6484,0,0.12815,0,6.2097,0,0
69.748,0,-0.27695,0,0.21364,0,79.456,0,0
359.99,0,-1.0367,0,0.35757,0,30.091,0,0
89.275,0,3.2211,0.79686,0.83179,0,8.0394,0,0
358.84,0,2.5919,0.066004,0.016667,0,15.121,0,0
242.18,,3.2289,,0.4,0,0.84262,0,
156.52,0,2.6335,0,0.063063,0,0.68377,0,0
256.71,0,0.23561,0.0097934,0.098295,0,0.44755,0,0
,,2.8308,,-0.26445,,,,
,,2.8931,,-0.02381,,,,
322.08,0,-1.0573,12.335,0.32449,0,0.77003,0,0
198.78,0,3.0012,0.0076442,0.40395,0,0.20676,0,0
145.12,0,3.4732,4.7886,0.80064,0,34.271,0,1
179.04,0,3.4839,0.026176,0.2587,0,1.3298,0,0
,,3.3759,,0.10828,,,,
7.097,1,-0.8743,13.636,0.19045,1,10.891,0,0
221.12,0,3.4793,0.0012932,0.066667,0,1.6458,0,0
348.57,0,2.0254,0.0012598,0.097345,0,0.74099,0,0
133.02,1,0.34589,8.6695,0.10903,0,84.441,0,0
335,0,-1.0438,0,0.11712,0,0.25157,0,0
44.361,1,3.6153,5.7222,0.074567,0,70.601,0,0
303.92,1,3.6608,21.953,0.25487,1,70.67,0,0
48.277,1,3.5939,16.628,0.050395,1,0.2971,1,0
95.728,0,-0.24962,0.022021,0.45918,0,0.86756,0,0
170.95,1,3.4489,7.3051,0.18574,0,81.931,0,0
303.79,,3.6045,,0.29161,0,84.741,0,
257.89,0,-0.4632,0,0.45479,0,0.60973,0,0
106.42,1,0.89507,20.148,0.056911,1,0.33072,1,0
,,2.0335,,-0.28435,,,,
177.84,0,3.442,0,0.098841,0,1.1353,0,0
359.27,1,-1.5589,14.264,0.14096,1,13.682,0,0
,,2.8302,,-0.12639,,,,
136.34,0,-1.8089,0.078347,0.53285,0,61.817,0,0
303.53,0,2.4751,8.9443,0.51673,0,51.628,0,1
278.24,1,2.4579,21.405,0.050609,1,0.9948,1,0
137.48,0,-0.36336,0,0.63695,0,5.946,0,0
359.29,1,3.8182,12.306,0.099316,1,18.355,0,0
266.64,0,3.1469,0.012544,0.20884,0,0.49481,0,0
126.25,0,3.1711,0.03081,0.47615,0,7.4683,0,0
188.49,1,4.1935,34.904,0.049934,1,2.0143,1,0
,,1.9542,,-0.32781,,,,
319,1,4.4479,10.439,-0.017857,1,16.595,0,0
358.67,1,4.0509,40.416,0.11654,1,53.387,0,0
92.794,0,4.1931,0.0099649,0.18939,0,2.0606,0,0
,,2.8195,,-0.38462,,,,
,,3.2421,,-0.25405,,,,
,,2.9815,,-0.1018,1,,,
166.41,0,2.259,5.8442,0.8015,0,74.816,0,1
76.277,0,3.6525,0,0.13877,0,0.40705,0,0
,,2.7118,,-0.33228,,,,
252.43,1,-1.2005,4.5147,0.10809,0,80.894,0,0
238.38,0,-1.0043,0.010398,0.11294,0,0.46887,0,0
235.04,0,-0.58578,0.0057769,0.39592,0,0.74384,0,0
,,,,-0.31773,,,,
151.4,0,2.7137,0,0.082315,0,0.57731,0,0
250.19,1,-0.37337,52.493,0.14975,1,0.43802,1,0
48.39,1,2.0486,19.199,-0.0088004,1,28.248,0,0
87.339,0,3.61,0.0020478,0.84141,0,13.609,0,0
,,2.8825,,0.26554,1,,,
89.274,0,-1.2276,0.014205,0.11676,0,0.0057485,0,0
,,2.9475,,0.1,,,,
156.56,0,2.8968,11.885,0.31108,0,7.0744,0,0
,,2.1472,,-0.29647,,,,
,,3.4522,,-0.028796,,,,
162.93,0,4.1486,4.3433,0.32669,0,76.999,0,0
130.93,0,1.5533,14.651,0.88179,0,68.301,0,1
45.134,1,2.4097,10.131,0.20486,1,0.30444,1,0
299.58,0,-1.3703,0,0.47083,0,1.0451,0,0
54.657,0,-1.8654,3.7096,0.78996,0,58.91,0,1
110.86,,,,0.015025,,0.35846,,
,,2.9753,,-0.34722,,,,
42.698,0,3.5625,0,0.52941,0,1.8063,0,0
238,0,1.9565,0,0.084866,0,8.7013,0,0
135.5,1,3.5315,110.82,0.12666,1,88.609,0,0
,,,,-0.26282,,,,
93.665,1,-1.1893,14.553,0.12713,1,0.67445,1,0
,,2.4444,,-0.20768,,,,
20.251,0,-0.41162,0,0.44325,0,0.62622,0,0
220.34,1,0.32256,3.3478,0.16854,0,66.183,0,0
211.31,0,4.0154,0,0.55352,0,4.5005,0,0
179.28,0,3.5739,0,0.5275,0,1.5991,0,0
262.5,0,3.6309,0,0.16129,0,0.5325,0,0
,,2.7334,,-0.28171,,,,
93.67,1,5.1762,21.83,0.041058,1,8.2039,1,0
,,3.2577,,-0.25088,,,,
342.38,0,2.4409,0,0.22855,0,2.6881,0,0
110.2,1,-1.1539,35.63,0.11807,1,1.1076,1,0
194.9,1,-1.2503,12.782,0.22146,1,1.7496,1,0
51.278,0,-0.34721,10.388,0.83881,0,5.7355,0,1
79.151,1,-1.2288,17.027,0.17619,1,49.698,0,0
134.21,0,5.0902,0.026184,0.14903,0,2.1988,0,0
,,3.3667,,0.079268,0,,,
134.22,0,1.9769,0.71991,-0.036299,0,12.788,0,0
179.3,0,2.8668,0.0036395,0.1945,0,6.7421,0,0
11.064,0,3.905,0.013862,0.14227,0,0.45091,0,0
171.06,1,2.0951,5.9696,-0.0019472,1,9.4531,1,0
328.71,1,3.4645,10.709,0.18506,1,85.394,0,0
241.79,0,-0.93388,0.0069779,0.13992,0,1.1984,0,0
,,2.9888,,-0.41002,,,,
,,3.1834,,-0.26375,,,,
212.24,0,-1.1324,0.0057958,0.28839,0,1.8374,0,0
354.74,0,3.522,0,0.16498,0,1.0868,0,0
99.569,1,2.9119,21.803,0.12779,0,81.175,0,0
120.66,0,2.2267,0,0.1274,0,0.60578,0,0
326.26,0,3.6878,0.22624,0.37532,0,1.381,0,0
172.51,0,3.8169,0,0.54347,0,4.6144,0,0
227.86,0,0.38972,4.9261,0.81315,0,70.362,0,1
102.94,1,-0.87616,13.574,0.21534,0,12.858,0,0
126.07,1,0.19105,14.742,0.17874,1,0.20098,1,0
218.38,0,5.2769,0,0.099315,0,1.4033,0,0
339.92,0,-1.4271,3.9748,0.85303,0,61.213,0,1
106.93,0,-1.3102,0.0047488,0.33482,0,5.185,0,0
313.49,0,-1.2608,4.7626,0.78416,0,76.95,0,1
269.28,1,-0.91721,14.731,0.10357,1,2.533,1,0
269.27,0,-1.8156,4.7977,0.73288,0,10.091,0,1
55.089,0,-1.4512,0,0.77778,0,0.47944,0,0
,,2.8043,,-0.24778,,,,
2.3813,0,6.5613,0,0.031142,0,1.1711,0,0
285.31,0,3.0238,5.3232,0.87881,0,34.212,0,1
327.06,0,-0.18089,0,0.33333,0,0.47433,0,0
109.82,0,3.729,12.927,0.70455,0,82.392,0,1
54.217,0,0.65213,17.158,0.8665,0,56.695,0,1
23.434,1,2.639,11.309,0.035117,1,19.519,0,0
230.78,0,0.30255,1.534,0.5056,0,51.772,0,0
159.28,1,-0.88059,11.477,0.18731,1,1.159,1,0
,,2.5364,,-0.30317,,,,
,,2.8339,,-0.3286,,,,
40.18,0,3.7682,0,0.50775,0,12.299,0,0
32.787,0,-0.81925,0.33075,0.3392,0,10.61,0,0
326.01,1,4.3215,3.7633,0.14988,1,22.021,0,0
,,-0.27274,,0.37421,,,,
,,1.702,,-0.23432,,,,
35.45,0,4.0367,0,0.51675,0,0.75975,0,0
146.47,0,3.3559,0,0.23644,0,1.3365,0,0
184.25,0,3.0887,0,0.086437,0,1.26,0,0
,,2.8711,,-0.40441,,,,
111.2,1,2.6512,22.69,0.097762,1,4.7528,1,0
,,3.2951,,0.31847,,,,
,,3.2757,,-0.30994,,,,
179.27,0,2.686,0.052763,0.050243,0,1.0948,0,0
,,0.24816,,-0.097222,,,,
269.28,0,3.9077,1.0118,0.64381,0,21.908,0,0
269.27,0,0.40626,0,0.11461,0,8.5234,0,0
337.44,0,3.588,0.0096326,0.042483,0,0.030882,0,0
77.437,0,3.2941,0,0.078889,0,0.89261,0,0
128.15,0,-2.0229,0,0.81593,0,0.53892,0,0
52.213,0,-1.2949,16.283,0.36408,0,5.2931,0,0
,,3.2936,,-0.34951,,,,
123.81,1,4.7817,27.755,0.093199,1,3.4065,1,0
121.95,0,-0.33671,0.0038053,0.22215,0,0.38234,0,0
106.13,1,0.4092,7.0981,0.16584,1,11.902,0,0
131.04,0,-1.1764,2.1885,0.71241,0,63.547,0,0
322.73,0,-1.1141,13.257,0.34474,0,0.32827,0,0
111.58,0,0.7482,6.2629,0.42934,0,2.8549,0,1
59.889,0,-0.093492,0.024192,0.16236,0,5.5893,0,0
305.97,0,-1.122,2.9489,0.35371,0,2.6075,0,0
,,1.7578,,0.16758,,,,
88.206,0,-0.55078,1.4308,0.40914,0,39.704,0,0
,,3.0095,,-0.22912,,,,
218.73,0,3.1608,0,0.13604,0,2.4329,0,0
111.83,1,6.7111,8.216,0.02593,1,2.7359,1,0
218.23,0,1.1798,1.4072,0.8508,0,59.914,0,0
44.356,0,3.3207,0.020914,0.18099,0,1.039,0,0
,,3.2912,,0.29854,,,,
75.699,1,2.7021,5.9769,0.1133,1,1.1707,1,0
192.83,0,2.667,0.39285,0.14857,0,70.573,0,0
257.33,0,5.4175,0,0.17604,0,0.19385,0,0
,,2.9767,,-0.29272,,,,
,,2.4809,,-0.25116,,,,
,,0.96524,,-0.33951,,,,
,,,,-0.43005,,,,
,,2.8251,,-0.25424,,,,
265.67,0,3.9868,0.0071695,0.090788,0,1.2668,0,0
15.278,1,0.054282,12.429,0.29174,1,0.083496,1,0
118.21,1,-1.1285,12.464,0.27979,1,0.54512,1,0
341.22,0,-1.1216,0,0.25091,0,1.4649,0,0
329.07,0,2.9985,0.034431,0.075391,0,1.7975,0,0
95.776,0,0.23883,0.002473,0.071237,0,0.86185,0,0
253.76,1,-0.16644,23.704,0.0017637,1,13.787,0,0
273.5,0,1.7636,0.025693,0.084218,0,1.0142,0,0
87.499,1,0.30981,3.353,0.18101,0,81.709,0,0
,,2.9562,,-0.40845,,,,
,,,,-0.38791,,,,
171.44,0,1.2986,0.019135,0.60858,0,0.59024,0,0
47.844,0,3.8701,0,0.10508,0,0.66698,0,0
268.1,0,3.6496,1.6199,0.17326,0,84.001,0,0
,,2.57,,-0.32857,,,,
,,0.21327,,0.80553,,,,
,,1.6098,,-0.40876,,,,
,,2.7408,,-0.29518,,,,
146.84,0,-0.29527,18.71,0.85475,0,62.85,0,1
323.54,0,0.3002,0.0040955,0.093818,0,0.27547,0,0
167.84,0,-1.3292,2.9098,0.85192,0,67.415,0,1
,,2.8849,,-0.43327,,,,
4.8881,0,6.7192,0,0.032648,0,1.0022,0,0
,,2.4404,,-0.15373,,,,
297.81,0,-0.82194,6.0314,0.51665,0,66.047,0,1
157.08,,2.4836,,-0.064457,0,46.213,0,
131.82,0,3.323,0,0.38899,0,56.968,0,0
51.02,0,0.47288,0.17752,0.29375,0,64.52,0,0
94.333,0,-1.13,0,0.4557,0,83.394,0,0
116.15,0,4.0313,3.1102,0.3798,0,45.337,0,0
245.91,0,-0.33706,0.00066093,0.11531,0,1.7338,0,0
155.85,0,-2.0227,0.64772,0.38761,0,17.686,0,0
,,0.95434,,-0.39615,,,,
,,0.8643,,-0.28065,,,,
,,3.2853,,0.0040816,,,,
324.32,0,-0.91844,4.8811,0.32195,0,0.76238,0,0
29.281,0,-0.19765,1.4648,0.16535,0,31.417,0,0
278.53,1,-0.089688,13.737,0.12397,1,41.29,0,0
226.73,0,1.8322,0,0.50304,0,1.17,0,0
16.695,0,-1.4378,4.0654,0.64458,0,58.754,0,1
,,2.5856,,-0.34936,,,,
274.07,0,0.85856,0.10614,0.69053,0,67.464,0,0
272.84,0,0.83036,5.8595,0.89323,0,44.61,0,1
248.79,0,2.4399,0,-0.03252,0,36.184,0,0
358.99,1,0.66687,12.212,0.17068,0,79.119,0,0
243.11,0,-1.0059,0.0065471,0.30772,0,0.84519,0,0
,,,,-0.32302,,,,
227.38,1,1.6932,16.817,0.14629,1,48.527,0,0
,,,,-0.33563,,,,
,,,,-0.35689,,,,
179.28,1,-0.5184,34.163,0.061333,1,0.76253,1,0
67.058,0,-0.32907,0,0.14241,0,2.7112,0,0
116.22,0,2.7952,0.017504,0.2649,0,1.0635,0,0
306.28,0,3.3124,0,0.055521,0,0.70511,0,0
329.75,0,-1.2976,0,0.30997,0,1.7718,0,0
89.301,1,3.7314,21.794,0.18849,1,0.25872,1,0
,,2.7274,,-0.28274,,,,
199.67,0,2.9035,0,0.17124,0,0.7584,0,0
,,2.8696,,-0.28571,,,,
359.29,0,3.2893,0,0.029963,0,1.0089,0,0
,,2.7331,,-0.27526,,,,
95.248,0,0.55877,0,0.060954,0,5.9938,0,0
87.185,1,-0.95072,11.062,0.23559,1,35.638,0,0
,,0.41811,,0.073836,,,,
289.56,0,2.2094,0.0072875,0.23223,0,1.2069,0,0
36.819,1,0.38495,4.4735,0.23199,0,1.7922,0,0
88.204,1,-1.0069,7.9786,0.10606,1,1.2185,1,0
,,2.7639,,-0.181,,,,
334.22,0,3.2637,0.06538,0.086691,0,1.0314,0,0
116.67,0,2.9928,0,0.22706,0,0.8478,0,0
79.637,1,-1.1245,15.518,0.10236,1,55.048,0,0
269.28,0,-0.1658,0,0.31591,0,2.8886,0,0
269.56,0,2.8859,2.0418,0.27737,0,40.457,0,0
5.4653,0,-1.8675,0,0.78633,0,0.64005,0,0
51.881,0,3.3744,0.0071783,0.076175,0,0.86818,0,0
64.82,1,2.7585,27.306,0.11446,1,71.202,0,0
70.06,0,-0.31502,44.45,0.48735,0,0.74877,0,1
258.61,0,1.1252,0,0.18453,0,6.5338,0,0
,,3.4515,,-0.36143,,,,
142.21,0,3.4322,0,0.13304,0,1.401,0,0
,,,,-0.35323,,,,
179.29,1,2.3152,6.0552,0.13507,0,63.269,0,0
8.5526,0,4.1041,2.4049,0.56815,0,63.12,0,0
263.62,0,-1.4538,0.0031028,0.10906,0,0.69881,0,0
329.58,0,3.99,45.11,0.31111,0,21.052,0,0
110.47,0,-1.9546,14.47,0.30265,0,0.33288,0,0
,,2.7883,,-0.22671,,,,
149.07,1,1.0697,21.335,0.092066,1,72.887,0,0
272.52,0,-0.23768,9.8375,0.84437,0,21.203,0,1
249.46,,-1.7789,,0.7276,0,3.2771,0,
352.21,0,-0.55118,0,0.1465,0,4.3818,0,0
67.563,1,0.077352,14.108,0.083431,1,12.145,0,0
269.29,0,0.69432,0,0.23197,0,0.83909,0,0
,,2.5529,,-0.30492,,,,
,,,,-0.30044,,,,
,,3.5135,,-0.33557,,,,
202.44,0,-1.3105,0,0.22814,0,1.0226,0,0
203.67,1,3.5399,15.119,0.24659,1,3.2947,1,0
117.21,0,-1.4311,0,0.58722,0,5.5512,0,0
230.44,0,0.66776,0.75624,0.087302,0,19.51,0,0
46.432,1,0.34622,2.6283,0.16188,0,86.018,0,0
143.15,0,3.2357,0.0085621,0.054805,0,2.4832,0,0
208.25,0,0.53006,0.033037,0.51253,0,4.5834,0,0
,,2.8363,,-0.042772,0,,,
248.05,0,2.9132,0.53007,0.088942,0,48.648,0,0
41.779,0,-1.2473,0,0.10415,0,0.99523,0,0
333.66,1,-0.51312,17.169,0.099134,0,85.034,0,0
111.26,0,0.21782,0,0.10126,0,1.1031,0,0
77.737,0,1.7829,0.019011,0.13523,0,0.45759,0,0
,,2.3723,,-0.077426,,,,
154.06,,2.6187,,0.0036684,0,51.441,0,
,,2.3784,,-0.27564,,,,
49.329,0,4.3447,0.025169,0.21535,0,0.18746,0,0
,,2.8807,,-0.33692,,,,
,,2.5391,,-0.32338,,,,
288.97,0,3.1154,0.0059931,0.21805,0,0.64699,0,0
130.19,0,0.37281,2.2954,0.59977,0,56.888,0,0
179.29,,2.4633,,0.095278,0,86.171,0,
359.28,0,-0.57248,0,0.2097,0,0.0057338,0,0
,,2.7823,,-0.056604,,,,
,,3.3522,,-0.093137,,,,
179.28,0,3.4865,0.0046041,0.21306,0,0.2637,0,0
89.285,0,0.40791,0.0097913,0.39784,0,0.24714,0,0
243.28,0,3.0327,0.050189,0.58383,0,12.772,0,0
29.045,0,3.5711,0,0.072356,0,0.75275,0,0
260.81,0,1.5259,0,0.066309,0,1.5976,0,0
314.97,1,2.9808,14.909,0.12877,1,35.858,0,0
125.26,1,1.6016,18.252,0.042146,1,0.65344,1,0
130.87,0,-0.99677,0.020874,0.11722,0,2.2963,0,0
,,2.3792,,-0.41764,,,,
4.9073,0,-0.085638,0.016538,0.71156,0,0.70277,0,0
,,3.5185,,-0.26433,,,,
,,,,-0.50891,,,,
270.77,1,0.4291,4.4158,0.12553,1,1.1153,1,0
342.93,0,3.0454,0.023618,0.083401,0,0.97974,0,0
341.5,0,3.2923,0.0073895,0.065101,0,0.15052,0,0
58.017,0,-1.0358,0.0005163,0.24485,0,0.61858,0,0
53.397,0,0.069994,4.5174,0.86809,0,9.1782,0,1
61.021,0,0.91583,2.7861,0.80188,0,71.46,0,1
,,-0.14424,,0.037706,,,,
13.41,0,3.891,12.404,0.43284,0,0.071032,0,1
43.289,0,2.6963,3.2017,0.52471,0,30.497,0,1
359.29,1,3.2783,9.1753,0.045372,1,0.0057406,1,0
325.53,1,-1.4595,17.743,0.27186,1,0.16556,1,0
,,3.3301,,-0.037567,,,,
,,3.3415,,-0.1652,,,,
123.54,1,-0.51622,14.988,0.052178,1,35.25,0,0
,,,,-0.32526,,,,
179.29,1,0.20656,25.869,0.017318,1,73.365,0,0
,,2.9525,,-0.37457,,,,
43.646,1,-1.2663,8.563,0.14988,1,0.66568,1,0
304.07,0,2.0008,0.17235,0.14189,0,13.202,0,0
63.847,1,-1.1559,29.559,0.27437,1,0.4137,1,0
,,3.2258,,-0.011858,,,,
280.63,0,2.8478,5.9967,0.62359,0,66.268,0,1
247.52,0,4.4492,0,0.31052,0,0.15468,0,0
,,2.3658,,-0.27164,,,,
104,0,-1.1654,0.39373,0.75261,0,16.724,0,0
42.849,0,-1.2965,1.3962,0.14411,0,50.389,0,0
,,1.8038,,-0.30563,,,,
268.61,0,3.9621,8.2133,0.59249,0,47.991,0,1
,,2.6911,,-0.33016,,,,
353.55,1,-1.174,10.832,0.27645,1,41.997,0,0
180.6,,0.72458,,0.40635,0,86.6,0,
,,,,-0.29825,,,,
322.93,1,3.1065,12.51,0.11659,1,34.01,0,0
41.689,1,4.1168,104.68,0.0096,1,1.3045,1,0
340.43,0,3.6171,0,0.017824,0,0.53313,0,0
,,2.3419,,-0.32523,,,,
161.17,1,3.6127,18.336,0.15448,1,6.2834,1,0
,,2.5369,,0.0041322,,,,
,,2.9734,,-0.28333,,,,
,,2.7655,,-0.24051,,,,
107.23,0,0.62627,4.9491,0.77559,0,70.952,0,1
246.67,0,2.2459,0.018298,0.076586,0,17.707,0,0
121.19,1,0.394,6.7012,0.20464,1,13.103,0,0
36.924,0,4.358,0,0.13429,0,0.28232,0,0
,,2.688,,-0.35499,,,,
287.16,1,3.8128,20.377,0.14214,1,0.39252,1,0
,,2.4871,,-0.29972,,,,
271.46,0,3.7572,0.01537,0.55398,0,1.3686,0,0
287.26,0,-1.205,0.034585,0.093259,0,3.8918,0,0
140.77,0,-1.0317,0.19213,0.17511,0,2.3432,0,0
98.152,1,-0.98526,9.761,0.26001,0,83.298,0,0
70.817,0,3.3054,7.8953,0.77826,0,69.153,0,1
44.316,0,-1.1133,0,0.71543,0,60.902,0,0
,,3.2606,,-0.37232,,,,
99.334,0,3.509,0.013977,0.31305,0,0.36187,0,0
222.84,0,2.2538,0.081565,0.5397,0,1.3761,0,0
94.503,0,2.7054,22.04,0.4621,0,3.5017,0,1
179.3,0,1.121,0.93645,0.10019,0,7.0387,0,0
44.351,0,-0.27251,0.010411,0.31892,0,2.4744,0,0
234.8,0,-0.95848,0,0.19155,0,0.42531,0,0
7.0694,0,3.935,0.005105,0.71204,0,1.5272,0,0
29.722,0,-0.29625,0,0.069426,0,0.19284,0,0
341.22,0,-1.8848,1.592,0.8226,0,34.403,0,0
,,3.279,,-0.15824,,,,
299.22,0,3.4994,0.0092239,0.062736,0,1.3327,0,0
179.27,1,-1.2172,15.489,0.086272,1,0.5618,1,0
68.502,1,4.0711,24.293,0.16411,1,48.599,0,0
338.8,0,1.8963,0,0.19266,0,1.2972,0,0
193.23,0,-1.903,0,0.51225,0,0.71475,0,0
315.34,1,-0.3311,12.576,0.14358,1,0.62108,1,0
163.67,0,3.7448,0.0013006,0.21951,0,1.3867,0,0
181.25,1,3.2926,14.113,0.15994,1,15.747,1,0
275.84,0,1.936,8.1832,0.76772,0,78.103,0,1
,,,,-0.26543,,,,
122.5,0,-1.0673,6.1541,0.34347,0,45.514,0,0
,,2.4685,,-0.33042,,,,
,,1.3827,,-0.28289,,,,
127.48,0,3.1042,0.013251,0.070573,0,1.0016,0,0
176.06,0,-0.85103,16.468,0.3532,0,2.1981,0,0
40.49,0,-0.45689,0.010888,0.12217,0,1.9882,0,0
342.93,0,-0.63463,0,0.081614,0,0.5915,0,0
164.7,0,-1.0139,0.0091951,0.0071893,0,2.031,0,0
56.796,0,3.5346,0.037042,0.61763,0,1.2807,0,0
94.067,0,4.9367,0,0.28565,0,0.68632,0,0
0.89895,0,0.32567,1.5134,0.19194,0,72.288,0,0
16.46,0,-1.1778,0.00010526,0.48821,0,0.72002,0,0
,,3.1427,,0.030303,,,,
,,2.3904,,-0.23434,,,,
72.581,0,1.1865,0.025598,0.29993,0,1.0379,0,0
270.37,1,1.5654,5.7712,-0.13133,0,73.82,0,0
319.65,0,4.0701,0,0.049539,0,0.17121,0,0
162.22,1,3.3979,16.642,0.21799,1,36.527,1,0
237.75,0,2.2882,0.44338,0.035519,0,4.8771,0,0
338.13,0,1.2562,0.0057317,0.065109,0,0.43026,0,0
,,2.7439,,-0.25874,,,,
323.7,1,0.40335,11.864,0.064452,1,3.6888,1,0
,,2.613,,-0.011223,1,,,
297.29,0,3.7583,0.090889,0.24121,0,2.7707,0,0
52.772,0,4.4262,27.21,0.40852,0,83.404,0,1
140.12,0,-0.36853,2.5849,0.4217,0,12.346,0,1
326.32,0,2.9545,0.042263,0.19898,0,0.11617,0,0
160.01,0,2.9066,1.1362,0.075912,0,3.0277,0,0
148.14,0,3.8846,0.006813,0.13104,0,0.5224,0,0
354.23,0,3.2684,3.3235,0.628,0,50.021,0,1
269.29,0,2.9803,0.44951,0.31234,0,23.638,0,0
326.22,1,3.1959,10.953,0.24308,1,1.8532,1,0
89.286,0,2.6697,0.13322,0.71463,0,31.455,0,0
253.24,1,0.89448,28.966,0.13285,1,0.35282,1,0
47.712,1,3.5785,12.515,0.022677,1,23.471,0,0
80.477,0,2.9698,2.5846,0.69144,0,41.583,0,1
319.44,0,-1.2325,0.0092791,0.2299,0,1.8657,0,0
171.69,0,-1.464,0.00015986,0.49762,0,0.74024,0,0
49.372,0,3.6061,0,0.27328,0,0.65202,0,0
317.54,0,4.545,1.4864,0.0055866,0,61.928,0,0
162.54,0,-1.143,0,0.36488,0,0.1796,0,0
322.09,0,-0.2127,0.026404,0.33082,0,1.331,0,0
261.05,1,3.04,13.007,0.29823,1,1.6779,1,0
,,2.2791,,-0.36482,,,,
67.421,0,3.3181,0,0.62467,0,2.1851,0,0
,,2.7458,,-0.28061,,,,
267.02,0,3.2321,0.73292,0.4501,0,31.688,0,0
357.83,0,-1.2221,1.335,0.44572,0,37.664,0,0
105.43,0,-1.0036,0,0.68583,0,4.443,0,0
336.09,0,1.007,4.4395,0.84724,0,49.095,0,1
326.67,0,1.9137,1.5693,0.72862,0,15.691,0,0
89.3,0,3.5163,0.062091,0.41454,0,7.4581,0,0
179.28,0,1.0124,0.0067264,0.81277,0,0.26944,0,0
,,,,-0.30986,,,,
330.41,1,3.3074,24.91,0.098454,1,52.524,0,0
266.93,0,3.8948,0,0.10353,0,3.7395,0,0
,,0.81089,,-0.31002,,,,
234.12,0,2.9386,1.4665,0.48137,0,14.294,0,0
89.283,0,-1.01,0.01652,0.27901,0,0.80461,0,0
,,,,-0.40102,,,,
44.118,0,-1.2163,0.60881,0.060712,0,25.626,0,0
344.65,0,3.3612,0.0037758,0.24632,0,1.7059,0,0
,,2.8345,,-0.21415,,,,
145.86,1,-0.99539,12.613,0.2582,0,0.80352,0,0
253.72,1,-1.0787,13.305,0.12167,1,0.7696,1,0
,,1.2908,,-0.30624,,,,
356.58,0,3.4075,0,0.37287,0,5.5838,0,0
123,0,3.7327,0.032277,0.49231,0,0.98109,0,0
354.82,0,3.2926,0.028977,0.37083,0,1.3281,0,0
,,2.713,,-0.24855,,,,
238.25,0,3.8334,4.8345,0.3467,0,73.43,0,0
16.848,0,-0.073872,0.0085717,0.067424,0,0.22851,0,0
35.313,0,0.59059,8.4386,0.87139,0,65.863,0,1
,,2.8665,,-0.28082,,,,
,,3.4909,,-0.32446,,,,
,,3.2295,,-0.26476,,,,
,,0.99823,,-0.19448,,,,
251.11,0,-1.886,0.15405,0.56456,0,55.575,0,0
188.27,1,2.963,14.728,0.046478,1,0.11026,1,0
250.91,0,3.1358,0.031766,0.38839,0,0.83579,0,0
89.277,0,-0.34016,0.078056,0.20322,0,0.0057485,0,0
249.33,0,1.4791,5.5355,0.52605,0,38.548,0,1
158.83,0,-1.0113,1.4346,0.10085,0,76.321,0,0
175.17,0,1.9072,0,0.10218,0,1.1207,0,0
179.01,1,-1.1342,15.188,0.13283,0,49.648,0,0
116.49,0,-1.5608,0.015838,0.56053,0,0.41364,0,0
85.197,0,0.79558,0,0.11364,0,0.24201,0,0
147.33,0,-0.90694,0,0.2269,0,1.162,0,0
,,2.1503,,-0.2327,,,,
89.3,0,1.4326,0.028091,0.29066,0,0.50577,0,0
,,0.62629,,0.75263,,,,
40.876,1,-1.5968,11.268,0.13346,1,15.658,0,0
288.14,0,1.7355,0.49794,0.72379,0,71.662,0,0
359.28,0,2.7709,0,0.10223,0,0.88852,0,0
209.62,0,1.9883,6.1347,0.77351,0,62.563,0,1
290,0,2.5927,0,0.093496,0,1.2963,0,0
169.79,0,0.99629,0.25001,0.89561,0,10.039,0,0
43.015,1,3.6566,16.255,0.20786,1,0.7774,1,0
169.7,0,2.0524,0.056519,0.2239,0,1.7959,0,0
167.82,1,-0.92644,11.728,0.20102,1,0.52057,1,0
50.02,0,1.1983,0,0.64182,0,1.232,0,0
151.34,1,3.8675,21.898,0.13462,1,10.761,1,0
4.8734,0,-1.2864,0.27276,0.27618,0,1.5031,0,0
59.462,0,4.2486,0,0.44754,0,7.7816,0,0
,,2.892,,-0.37105,,,,
89.286,0,3.2051,0.065503,0.47003,0,0.53451,0,0
,,,,-0.38336,,,,
269.31,0,-1.0884,0.011297,0.10625,0,83.191,0,0
60.801,0,-2.0044,0,0.57877,0,0.74537,0,0
136.29,1,0.28998,39.886,0.27733,1,1.5673,1,0
50.824,0,2.9344,0,0.08186,0,1.1154,0,0
29.723,0,-1.2958,0.0042459,0.10657,0,0.5785,0,0
171.56,1,-1.064,12.385,0.20376,1,0.42813,1,0
268.9,1,-1.203,12.713,0.14213,1,0.86786,1,0
132.65,1,0.30222,16.343,0.17107,1,0.45068,1,0
,,2.8687,,-0.2766,,,,
262.07,0,1.8438,0,0.65074,0,11.193,0,0
286.94,0,5.6833,0.96267,0.042186,0,1.6641,0,0
101.39,1,-1.0665,14.928,0.15011,1,7.1463,1,0
160.55,0,1.4205,0,0.48055,0,0.78696,0,0
182.94,0,-0.14098,0,0.060629,0,0.26999,0,0
66.157,1,-0.50449,5.3871,0.19212,0,86.465,0,0
,,2.7181,,-0.27655,,,,
215.31,1,4.5513,23.095,0.074529,1,73.15,0,0
,,3.1585,,0.020134,0,,,
,,2.7256,,-0.13858,,,,
273.39,0,0.14605,0.67655,0.84142,0,73.494,0,0
64.262,0,0.96771,0,0.35882,0,1.0844,0,0
285.33,0,3.8448,0,0.045006,0,1.7218,0,0
302,0,0.24369,0,0.31001,0,2.3215,0,0
,,3.3205,,-0.30031,,,,
,,2.0693,,-0.23789,,,,
,,2.6506,,-0.41667,,,,
,,2.9022,,-0.41219,,,,
186.36,0,4.1655,0.0016899,0.18775,0,0.51412,0,0
87.214,0,0.25663,0.52917,0.13673,0,48.087,0,0
89.276,0,1.0517,16.474,0.313,0,1.6721,0,0
308.27,,-1.1895,,0.22713,1,0.76532,1,
179.29,0,3.3784,0,0.20164,0,2.3377,0,0
,,1.037,,-0.29524,,,,
,,2.6237,,-0.14393,,,,
89.299,0,1.0778,1.3226,0.334,0,4.9849,0,0
141.1,1,1.9582,14.64,0.059937,1,0.94817,1,0
279.76,1,0.42141,7.0243,0.20515,0,86.03,0,0
,,0.95575,,-0.27835,,,,
269.27,0,4.3399,0.0018539,0.33448,0,0.42531,0,0
,,2.1382,,-0.2399,,,,
290.03,0,3.6064,0.0091443,0.21519,0,1.0201,0,0
,,,,-0.25926,,,,
179.28,0,-1.7076,14.286,0.40499,0,0.85699,0,1
,,,,-0.52282,,,,
,,2.1136,,-0.2549,,,,
113.64,0,3.9968,6.2159,0.45132,0,51.394,0,1
243.46,0,0.88835,0,0.59762,0,3.0238,0,0
344.75,0,4.1098,0,0.094398,0,1.1666,0,0
226.35,0,2.8313,0,0.45252,0,2.4478,0,0
,,2.9161,,-0.03212,,,,
,,2.1352,,-0.35922,,,,
3.7511,0,2.0212,0.0077276,0.10927,0,0.51751,0,0
359.28,1,-1.1876,29.629,0.10973,1,0.24646,1,0
,,2.4757,,-0.24026,,,,
193.31,0,-1.3282,0.23723,0.28279,0,13.149,0,0
73.372,0,-1.1987,0,0.74993,0,2.2161,0,0
216.17,0,4.279,0.014935,0.77265,0,32.914,0,0
9.2278,0,0.61437,18.715,0.3837,0,3.9517,0,0
271.1,0,-0.36118,1.5481,0.19302,0,0.54053,0,0
78.535,0,1.8286,0.055754,0.7428,0,24.508,0,0
233.34,1,-1.3646,11.27,0.21295,0,33.079,0,0
59.911,0,3.4534,0,0.29298,0,2.9321,0,0
144.44,0,2.4985,1.0208,0.1051,0,44.798,0,0
201.37,1,0.36894,16.554,0.13385,1,40.302,1,0
179.12,1,-0.44243,12.306,0.079503,0,85.318,0,0
,,2.6827,,-0.28223,,,,
32.644,0,9.4622,0.036822,0.6161,0,1.5575,0,0
225.59,0,0.45402,0,0.41914,0,3.0341,0,0
289.95,0,4.1253,0.014544,0.029692,0,3.5214,0,0
,,2.0861,,-0.1634,,,,
89.296,,1.5315,,0.0726,0,9.9568,0,
269.29,1,3.4176,145.8,-0.0030832,1,7.5655,1,0
330.29,0,5.2005,0.037323,0.61017,0,9.7189,0,0
67.431,0,-0.98979,0.028189,0.35904,0,14.268,0,0
,,2.5359,,-0.35963,,,,
349.59,0,3.4228,0,0.50935,0,14.023,0,0
148.92,0,3.4893,0.0065684,0.30994,0,0.78411,0,0
208.75,0,4.3747,0.014487,0.13946,0,1.0401,0,0
,,1.5333,,-0.32957,,,,
179.3,0,3.5893,0,0.36,0,0.69364,0,0
137.28,0,3.0241,3.2704,0.59169,0,62.417,0,1
89.858,1,3.0153,18.528,0.089701,1,28.245,0,0
346.25,0,3.4031,0,0.12649,0,3.1041,0,0
59.207,0,1.2529,0.80203,0.61955,0,58.757,0,0
,,1.2195,,-0.18547,,,,
245.1,0,-1.0482,3.7059,0.62968,0,65.625,0,1
,,0.15665,,-0.12311,,,,
99.368,1,2.9261,20.792,0.097074,1,0.58966,1,0
63.19,1,2.8501,14.917,0.16313,1,0.35194,1,0
,,-0.3394,,-0.096774,,,,
88.383,1,1.8014,13.16,0.10526,0,13.394,0,0
38.07,1,-1.971,14.042,0.29188,1,51.451,0,0
163.77,0,-1.3335,0.0015208,0.69215,0,1.16,0,0
,,2.7549,,-0.34538,,,,
230.48,1,4.1517,7.1294,0.10814,0,77.828,0,0
,,2.3921,,0.11777,,,,
288.9,0,-0.79452,0.014016,0.66885,0,0.25625,0,0
138.63,0,-0.92475,0,0.51011,0,1.526,0,0
26.752,0,2.9798,6.1282,0.89278,0,71.505,0,1
135.45,1,-0.28916,11.418,0.11856,1,0.56427,1,0
0.86671,0,0.3246,0,0.17751,0,2.5103,0,0
180.38,,2.2108,,0.32823,0,10.675,0,
12.939,0,-0.21159,0,0.017895,0,0.19469,0,0
181.66,1,0.56772,33.772,0.15209,1,0.13767,1,0
,,-1.2616,,0.44966,,,,
63.716,0,-2.5757,0,0.13846,0,2.9472,0,0
,,2.6952,,-0.28349,,,,
225.91,0,-1.1945,0.01588,0.42769,0,1.1937,0,0
,,2.2247,,-0.28251,,,,
78.302,1,2.9182,3.0876,0.10287,1,51.14,0,0
257.01,0,3.0411,0,0.5358,0,36.97,0,0
,,,,-0.3311,,,,
,,2.382,,-0.26547,,,,
110.15,1,-1.1327,26.956,0.10829,1,3.9367,1,0
314.22,0,0.21491,0,0.19115,0,0.19483,0,0
104.15,1,3.0674,13.358,0.16297,1,0.089145,1,0
317.42,0,5.6517,0.56973,0.27031,0,22.324,0,0
260.73,0,3.3815,0.29937,0.66448,0,5.988,0,0
15.706,0,2.3665,0.24139,0.21736,0,55.754,0,0
58.616,0,0.37869,0.010015,0.0837,0,3.4239,0,0
66.916,1,2.9436,12.409,0.11663,1,69.921,0,0
8.5158,0,-1.1393,4.9612,0.77981,0,44.388,0,1
166.85,0,-1.0264,0,0.63388,0,2.7746,0,0
219.41,0,2.7931,12,0.45651,0,56.398,0,1
,,-0.7216,,0.092643,,,,
,,1.5166,,-0.4026,,,,
,,3.5386,,0.057592,,,,
357.35,0,-1.0894,0,0.04266,0,2.5623,0,0
356.53,0,1.4678,0,0.27519,0,1.1994,0,0
,,1.2865,,-0.34505,,,,
,,0.17916,,0.75986,0,,,
105.65,0,-1.1252,6.9407,0.62998,0,6.8029,0,1
,,2.6925,,-0.34944,,,,
205.56,1,0.28727,17.587,0.22899,1,68.56,0,0
164.14,0,-1.1362,0.40391,0.58052,0,5.1588,0,0
209.47,0,1.9703,0.0072222,0.31209,0,1.2002,0,0
280.56,0,3.8133,7.9244,0.82125,0,52.748,0,1
351.41,0,-1.9255,11.381,0.742,0,46.872,0,1
2.4135,0,3.1513,0.012096,0.25532,0,7.1142,0,0
343.8,0,-1.0508,0,0.25413,0,0.4521,0,0
,,2.697,,-0.27925,,,,
7.4594,1,-0.79006,9.0923,-0.0042845,1,2.905,1,0
358.28,0,1.9534,0,0.40219,0,1.9545,0,0
330.78,0,-1.1962,0,0.56783,0,43.639,0,0
,,2.2887,,-0.23726,,,,
251.2,,2.7986,,0.089389,1,58.281,0,
359.3,1,2.3296,2.7966,0.15608,1,0.53313,1,0
256.2,0,4.4186,0.0004034,0.38788,0,1.3686,0,0
,,3.2807,,-0.25125,,,,
,,2.3793,,-0.34251,,,,
353.87,0,-1.1866,0,0.32304,0,3.9556,0,0
253.39,0,3.4962,0.041712,0.22322,0,0.25101,0,0
,,2.7478,,-0.24779,,,,
,,3.2881,,-0.2017,,,,
,,1.6664,,-0.32509,,,,
,,1.237,,-0.36648,,,,
69.076,1,3.4638,27.413,0.20335,1,2.155,1,0
48.696,0,-1.075,0,0.20057,0,2.5186,0,0
,,3.3066,,0.058621,,,,
8.216,1,0.35096,10.379,0.10772,0,84.228,0,0
251.42,1,-1.8431,19.08,0.075697,1,30.558,0,0
,,2.2118,,0.015873,,,,
43.755,0,4.101,0,0.4988,0,27.147,0,0
50.737,0,3.4689,0.019239,0.41705,0,2.6658,0,0
,,2.7019,,-0.4103,,,,
,,2.8459,,-0.34272,,,,
92.859,0,0.16893,4.5551,0.68651,0,0.55283,0,1
45.154,1,3.3029,25.985,0.082437,1,77.308,0,0
269.27,0,-1.5433,0.0059733,0.55198,0,1.7754,0,0
116.44,1,-2.0081,7.8859,0.111,1,1.3434,1,0
,,2.2838,,-0.056856,,,,
,,3.2126,,-0.32701,,,,
359.29,0,3.9159,0,0.28236,0,0.64778,0,0
216.84,1,-0.0053404,35.06,0.075243,1,86.747,0,0
278.14,1,3.303,13.122,0.25618,1,1.7125,1,0
110.77,0,-1.8626,0,0.19582,0,0.46944,0,0
359.3,1,4.0586,7.8643,0.095689,0,81.446,0,0
281.52,1,-1.1913,14.225,0.18528,1,54.727,0,0
123.26,0,0.047454,4.4276,0.7562,0,50.899,0,1
268.52,0,-1.1216,0.0088154,0.16547,0,2.6021,0,0
359.28,1,-1.2764,12.983,0.1819,1,13.243,0,0
334.32,0,4.1129,0,0.12864,0,2.4081,0,0
,,2.5014,,-0.2865,,,,
91.092,0,3.0863,1.4436,0.096037,0,16.066,0,0
,,2.3866,,-0.20541,,,,
,,2.9709,,-0.27626,,,,
299.71,0,1.7553,0.0091032,0.072445,0,3.2689,0,0
261.85,1,1.5536,25.36,0.14501,1,73.173,0,0
309.46,0,0.95598,0.070024,0.073524,0,2.1052,0,0
315.17,0,5.4572,0,0.12431,0,1.7166,0,0
,,,,-0.37908,,,,
73.173,0,-1.1259,0,0.098643,0,2.8094,0,0
160.62,0,1.6242,0.018617,0.14226,0,2.4429,0,0
183.91,1,3.1946,26.387,0.20993,1,23.527,1,0
,,2.9493,,-0.4,,,,
,,2.4683,,-0.28571,,,,
180.13,0,2.7474,0.03279,0.21381,0,18.836,0,0
332.78,0,3.7667,0,0.036182,0,1.3003,0,0
246.39,0,3.5067,0.13794,0.062835,0,0.1622,0,0
67.376,0,0.9439,5.3016,0.35797,0,78.454,0,0
242.19,0,3.0698,0.0037348,0.12165,0,74.152,0,0
,,0.87293,,-0.29909,,,,
359.29,0,-0.6484,0,0.11594,0,0.85413,0,0
,,3.278,,0.020191,,,,
,,-0.7333,,0.10938,,,,
353.36,0,5.663,0.01114,0.17871,0,1.1698,0,0
,,1.3126,,-0.45455,,,,
89.579,0,2.4097,0.080634,0.44813,0,47.031,0,0
,,2.7584,,-0.25691,,,,
247.43,0,1.633,0,0.4553,0,2.0615,0,0
314.04,,5.1289,,0.075725,0,79.068,0,
302.76,0,0.60731,0.0018942,0.34295,0,1.7977,0,0
,,2.5807,,-0.30933,,,,
354.4,0,-0.18415,0,0.17627,0,0.54083,0,0
251.24,0,3.595,6.47,0.3151,0,6.6381,0,0
328.04,0,3.3181,0,0.35632,0,2.6339,0,0
66.452,1,3.2906,3.4468,0.028497,1,1.1224,1,0
186.86,1,0.30162,19.454,0.23122,1,31.583,1,0
242.06,0,0.20727,3.466,0.73271,0,65.198,0,1
26.595,0,-1.0963,0.0030634,0.45533,0,4.6485,0,0
3.7485,1,-1.1366,12.999,0.23319,0,0.44282,0,0
,,2.7096,,-0.1437,,,,
119.85,0,4.1133,0,0.14736,0,0.32704,0,0
72.883,0,3.4222,1.6844,0.2204,0,71.168,0,0
162.44,0,-2.504,0,0.048093,0,74.965,0,0
23.314,0,0.52951,18.715,0.42247,0,27.248,0,1
331.66,0,-0.94582,5.2181,0.37983,0,63.509,0,0
,,2.6743,,-0.38351,,,,
,,0.84255,,-0.33219,,,,
249.7,0,-1.3412,0.012983,0.59535,0,7.8026,0,0
36.368,0,4.9326,0.011995,0.19479,0,6.9355,0,0
134.22,0,4.2911,0,0.031259,0,4.359,0,0
,,2.925,,0.090007,,,,
144.9,0,-0.19811,44.274,0.42239,0,0.43769,0,1
220.21,0,2.9778,0.011049,0.13077,0,1.6231,0,0
341.89,0,0.14221,0.98749,0.76446,0,24.369,0,0
165.59,0,-1.2486,0.027929,0.27425,0,0.84963,0,0
,,2.4607,,-0.010945,,,,
349.11,0,-1.1011,0.0017768,0.61038,0,0.5533,0,0
187,1,-1.2457,13.525,0.16774,1,43.249,1,0
,,,,-0.37627,,,,
148.24,0,4.1223,0.004415,0.44957,0,5.2986,0,0
84.498,0,4.9322,0.0145,0.15123,0,0.61714,0,0
321.78,0,-1.8025,13.644,0.73288,0,33.726,0,1
345.48,1,-1.4295,14.524,0.14322,1,24.957,0,0
,,2.8815,,-0.44045,,,,
247.91,0,3.0813,1.5207,0.72249,0,58.352,0,0
134.96,0,2.9691,0,0.33223,0,2.7864,0,0
134.22,0,3.749,0.019878,0.028194,0,1.323,0,0
89.649,0,4.7358,0,0.42655,0,1.8272,0,0
,,2.5977,,-0.22099,,,,
69.41,0,-1.8362,0,0.68094,0,7.5464,0,0
,,1.4442,,-0.31439,,,,
319.88,0,0.85165,0,0.47246,0,2.9132,0,0
262.05,0,4.4058,0,0.044329,0,0.86323,0,0
344.24,0,0.3408,0,0.34007,0,1.3058,0,0
85.568,0,-1.2614,2.4715,0.28361,0,57.093,0,0
,,2.7316,,-0.1885,,,,
136.17,1,3.035,14.946,0.13081,1,32.02,1,0
,,2.7844,,-0.15215,,,,
30.724,0,3.1847,0,0.041562,0,1.0684,0,0
211.35,1,-0.50269,14.353,0.09773,1,0.48704,1,0
122.52,1,2.753,8.6422,0.17927,0,84.196,0,0
33.042,0,-0.11549,0.022187,0.48342,0,0.72399,0,0
,,3.296,,-0.25612,,,,
,,2.656,,-0.33884,,,,
22.695,0,-0.37177,0,0.23129,0,1.2868,0,0
208.17,0,3.7997,0.019327,0.39159,0,2.2965,0,0
,,2.9769,,-0.24437,,,,
314.2,0,2.3775,0,0.28659,0,1.5745,0,0
310.24,0,3.524,0,0.053552,0,1.1108,0,0
89.195,1,2.9975,18.216,0.2748,0,83.279,0,0
147.5,0,4.0361,0.019912,0.060194,0,0.74186,0,0
359.48,0,-1.1662,0,0.18674,0,1.6621,0,0
347.52,0,3.9073,3.204,0.45699,0,4.2203,0,1
,,3.3335,,-0.1683,,,,
248.1,1,3.9559,3.044,0.17492,0,35.502,0,0
247.6,0,0.43769,0.0077115,0.26879,0,1.8611,0,0
102,0,0.61738,0,0.55303,0,2.7083,0,0
,,3.2428,,-0.21094,,,,
,,,,-0.33333,,,,
222.78,0,-0.52569,18.374,0.35361,0,5.0217,0,0
25.878,0,1.3189,0.022623,0.36423,0,3.2338,0,0
153.13,1,4.121,39.778,0.15462,1,2.1318,1,0
327.25,0,3.1392,1.8195,0.18932,0,33.856,0,0
320.56,0,2.7384,0.014216,0.061394,0,33.393,0,0
,,,,-0.3468,,,,
32.353,,3.5521,,0.25839,1,72.668,0,
,,2.8464,,-0.06015,,,,
154.33,0,2.7936,0.30895,0.11141,0,9.1891,0,0
127.49,0,0.088227,0.052873,0.41097,0,1.214,0,0
331.78,0,3.4851,0.02576,0.094543,0,0.99533,0,0
174.89,1,-0.25781,21.349,0.028513,1,10.906,1,0
217.79,0,-1.6471,0.119,0.48034,0,68.51,0,0
356.98,0,1.4972,0.0067571,0.30694,0,1.4283,0,0
71.088,1,0.73963,15.943,0.025806,1,4.8527,1,0
355.85,0,3.2254,0,0.090012,0,36.093,0,0
60.426,0,3.4964,2.1113,0.6044,0,48.486,0,0
,,3.283,,-0.35587,,,,
170.27,0,0.34083,0.03187,0.11741,0,0.58626,0,0
40.936,0,0.50149,0,0.10059,0,0.95126,0,0
200.95,0,-0.094517,0.0047168,0.57667,0,2.2565,0,0
141.82,0,-0.72925,0.045347,0.09434,0,1.011,0,0
254.32,0,3.4751,0.0096476,0.11658,0,0.91018,0,0
,,2.7255,,-0.28384,,,,
6.4198,1,-1.0724,13.353,0.19781,1,0.41595,1,0
152.65,0,-1.1997,0.00078142,0.10023,0,0.69255,0,0
269.27,0,3.9175,0,0.075691,0,1.023,0,0
272.53,0,-1.0229,0,0.4672,0,7.7359,0,0
201.9,0,3.3527,0,0.57939,0,0.4782,0,0
359.41,0,3.3107,0.0097692,0.24078,0,1.4673,0,0
269.3,0,4.0784,0.1474,0.43928,0,0.46554,0,0
170.48,0,-1.8535,6.1554,0.8789,0,34.763,0,1
138.18,0,3.721,0.013491,0.24324,0,6.1031,0,0
151.83,0,3.2066,1.0199,-0.25125,0,5.7758,0,0
233.6,0,3.2859,0.0064728,0.082399,0,7.6269,0,0
,,2.8753,,0.02267,0,,,
155.78,0,2.9971,0.046192,0.13328,0,0.99397,0,0
192.43,1,3.4348,12.76,0.0016826,1,3.1816,1,0
35.159,1,4.081,31.569,0.23498,1,50.114,0,0
249.06,0,3.3552,0.0018871,0.2281,0,0.67987,0,0
354.06,0,0.42184,0.0053591,0.16324,0,1.6402,0,0
,,3.3061,,-0.078968,,,,
58.874,,2.8776,,0.058027,0,9.6316,0,
25.904,0,-0.57633,0,0.44162,0,0.38477,0,0
269.29,0,3.3186,13.345,0.51097,0,0.086166,0,1
,,0.87275,,-0.3389,,,,
259.36,1,-0.89556,14.243,0.16777,1,3.7872,1,0
,,3.244,,-0.31469,,,,
,,,,-0.38717,,,,
179.27,0,-1.6372,0,0.58114,0,35.83,0,0
,,2.6969,,-0.26176,,,,
261.57,1,0.66549,21.002,0.052705,1,33.84,0,0
,,3.1945,,-0.21767,,,,
,,1.9295,,0.069025,,,,
,,2.9214,,-0.091172,,,,
,,1.4524,,-0.33645,,,,
,,1.2752,,-0.24298,,,,
282.04,1,-1.2165,4.6564,0.12737,1,79.805,0,0
77.462,0,3.9041,9.9753,0.56296,0,83.215,0,1
310.4,0,0.30301,0,0.47549,0,0.73232,0,0
224.48,0,3.8479,0,0.65428,0,8.7871,0,0
65.857,0,-0.36653,0,0.30627,0,21.906,0,0
179.28,1,-1.0879,12.921,0.29335,1,47.939,1,0
,,3.5103,,-0.23435,,,,
,,1.2199,,-0.31515,,,,
,,2.6952,,-0.2439,,,,
,,3.3207,,-0.35739,,,,
,,1.2534,,-0.34281,,,,
,,3.332,,-0.036745,,,,
305.37,1,-0.2543,111.92,0.041339,1,5.7704,1,0
109.49,0,-1.2907,0,0.15691,0,1.2523,0,0
210.7,0,2.8061,0.0051091,0.11917,0,2.6448,0,0
179.28,0,-0.97253,5.1653,0.44307,0,0.2121,0,1
108.16,0,3.7533,0.0012333,0.43236,0,2.0035,0,0
224.41,1,0.34876,6.9033,0.019154,1,32.388,1,0
154.03,0,0.38586,0.018139,0.12554,0,0.53879,0,0
20.965,0,-0.8751,0.064998,0.39294,0,11.628,0,0
62.126,0,3.1278,1.0714,0.5964,0,76.71,0,0
269.3,0,3.6257,0.22826,0.013347,0,0.23564,0,0
74.548,1,-0.69484,12.411,0.18066,1,44.679,0,0
,,2.9103,,-0.178,,,,
,,3.2881,,-0.2017,,,,
100.15,1,-1.132,11.105,0.089663,0,76.188,0,0
36.737,0,4.0441,8.6056,0.36628,0,0.51986,0,0
,,2.9773,,-0.34343,,,,
,,2.6501,,-0.23885,,,,
263.12,1,3.1046,13.005,0.14554,1,2.2938,1,0
,,1.254,,-0.32639,,,,
,,2.9922,,-0.40183,,,,
,,,,-0.38648,,,,
192.6,0,2.4829,22.561,0.63788,0,69.353,0,1
182.2,1,2.9064,6.7119,-0.067591,1,58.967,1,0
,,1.0653,,-0.43494,,,,
,,2.6058,,-0.27885,,,,
38.66,0,-2.0475,0,0.79871,0,1.2681,0,0
20.314,0,4.0301,0.55565,0.11237,0,84.29,0,0
,,1.915,,-0.38356,,,,
,,2.8969,,-0.38716,,,,
,,2.4149,,-0.18735,,,,
226.76,0,3.2483,0,0.23618,0,2.0428,0,0
234.85,0,1.9839,0.0055797,0.17384,0,59.899,0,0
320.82,0,3.2751,0.011114,0.41681,0,1.6907,0,0
331.87,0,2.9044,0,0.13291,0,1.6594,0,0
,,0.22469,,0.036313,,,,
84.503,0,3.3896,0.75791,0.41738,0,29.651,0,0
224.74,1,3.0623,42.83,0.062327,1,44.814,1,0
72.79,0,0.4309,0.016604,0.24347,0,1.1507,0,0
201.33,1,-0.25456,11.312,0.093369,1,2.1885,1,0
124.28,0,3.0643,5.9137,0.3661,0,51.985,0,0
335.87,0,3.3043,0.0092096,0.094136,0,0.50605,0,0
301.42,0,-0.23981,2.0298,0.66786,0,37.354,0,0
,,2.7461,,-0.24205,,,,
,,2.6958,,-0.29577,,,,
172.6,0,3.4533,0.16223,0.44504,0,0.54256,0,0
355.33,0,-1.3302,0,0.10253,0,1.3387,0,0
,,,,-0.39085,,,,
,,3.454,,-0.29022,,,,
,,3.2575,,-0.30403,,,,
11.043,1,-1.3084,13.488,0.21304,1,1.3525,1,0
145.81,0,0.37366,0.02714,0.097199,0,1.9581,0,0
53.684,0,4.1031,0.79218,0.17981,0,23.274,0,0
26.703,1,2.2877,27.484,0.14749,1,0.93628,1,0
358.57,0,1.1063,0.021351,0.30731,0,0.45866,0,0
,,,,-0.34499,,,,
116.08,0,6.4444,5.2163,0.83412,0,70.705,0,1
,,,,-0.43068,,,,
,,2.4307,,-0.41176,,,,
351.77,0,1.0651,9.9257,0.81881,0,73.551,0,1
,,2.704,,-0.29412,,,,
352.16,1,-1.326,16.406,0.11744,1,4.0317,1,0
89.271,0,-1.7974,3.8414,0.57294,0,3.8623,0,1
,,2.8782,,0.10067,,,,
44.094,0,0.20505,0,0.51565,0,11.609,0,0
150.51,0,-1.9319,0.050997,0.56435,0,1.1704,0,0
46.236,1,-0.093476,52.545,0.13102,1,79.319,0,0
224.35,0,2.7247,0.13248,0.86968,0,42.849,0,0
,,3.0904,,0.062022,,,,
251.27,0,3.3024,1.822,0.23484,0,61.059,0,0
,,,,-0.39799,,,,
,,2.809,,-0.3381,,,,
,,2.9826,,-0.36332,,,,
181.65,1,3.5672,10.029,0.22135,1,3.2155,1,0
,,3.2583,,-0.3193,,,,
325.6,0,-1.9807,5.4921,0.52736,0,56.728,0,1
319.82,0,0.37659,7.8361,0.34032,0,0.20792,0,0
89.275,0,-0.158,0,0.25767,0,0.68393,0,0
269.29,0,5.9239,0.014088,0.12316,0,2.1888,0,0
,,,,-0.38023,,,,
138.14,0,2.7106,0,0.30858,0,0.29695,0,0
,,3.2561,,-0.2389,,,,
,,1.6765,,0.079184,,,,
176.41,1,3.0084,14.104,0.16189,1,7.5332,1,0
,,3.2858,,-0.36869,,,,
,,2.6902,,-0.34198,,,,
251.32,0,3.5826,0.024803,0.073323,0,1.2445,0,0
,,0.21397,,0.70934,,,,
108.84,0,3.881,7.1166,0.31969,0,79.818,0,0
59.913,0,1.9341,0,0.66992,0,10.045,0,0
71.76,0,0.48116,0,0.71919,0,2.7403,0,0
,,2.9395,,-0.3322,,,,
343.94,0,-0.20243,0.0073327,0.19518,0,2.5841,0,0
,,,,-0.33977,,,,
8.1113,1,0.36097,3.8549,0.20819,1,0.48731,1,0
80.811,0,0.9838,0,0.82529,0,0.38932,0,0
43.076,1,3.6035,30.711,0.064782,1,1.2867,1,0
,,2.9592,,0.049919,,,,
333.53,0,3.5056,0,0.02503,0,1.1902,0,0
,,3.506,,-0.18156,,,,
,,2.8933,,-0.31579,,,,
331.18,0,3.5367,0.031247,0.57973,0,71.938,0,0
,,,,-0.50884,,,,
,,3.1481,,0.12619,,,,
270.96,0,0.4805,0.026204,0.38379,0,6.4642,0,0
338.53,0,3.0981,13.282,0.41966,0,0.22688,0,1
223.49,1,3.462,11.85,0.1391,0,0.79962,0,0
274.09,0,0.67882,0,0.72479,0,19.399,0,0
118.23,1,3.6582,16.329,-0.023977,1,54.561,0,0
135.34,1,3.0133,15.664,0.12582,1,34.201,1,0
358.11,1,-0.72097,25.189,0.1247,1,8.6272,1,0
143.82,0,3.4014,0.0074072,0.048721,0,1.1684,0,0
189.04,0,3.4418,0.014472,0.10239,0,0.40718,0,0
,,1.2364,,-0.33227,,,,
,,2.2458,,-0.319,,,,
275.47,1,3.3761,17.908,0.076061,1,5.1545,1,0
291.31,0,3.4736,0.01484,0.033054,0,1.1468,0,0
,,2.2989,,-0.27059,,,,
131.66,1,4.1629,11.783,0.092221,1,5.066,1,0
317.57,0,-1.7072,3.2582,0.46249,0,0.13822,0,1
,,3.2784,,-0.2407,,,,
251.7,0,0.31592,0.00058389,0.12398,0,0.64511,0,0
347.56,1,-0.62514,40.61,0.069401,1,89.027,0,0
269.28,1,-1.0908,8.4389,0.062753,1,0.10919,1,0
334.67,1,4.0314,37.007,0.19778,1,1.4344,1,0
214.16,0,1.0381,0,0.33515,0,0.48226,0,0
134.88,0,3.2053,0,0.10751,0,61.085,0,0
260.49,1,0.37647,5.3494,0.092437,1,15.073,0,0
301.86,0,3.4616,7.5498,0.35927,0,72.775,0,0
323.42,0,4.1738,0.00043249,0.090392,0,0.99043,0,0
104.8,0,3.1547,0.78631,0.6957,0,45.811,0,0
358.82,0,1.1462,0,0.13881,0,52.607,0,0
115.47,1,0.41983,10.678,0.28345,1,50.071,0,0
,,1.7669,,-0.25128,,,,
196.81,1,-1.1198,28.566,0.087764,1,0.32463,1,0
146.53,1,-1.0877,20.435,0.1386,1,0.91347,1,0
,,2.3819,,-0.34985,,,,
115.99,0,0.85948,10.784,0.81637,0,66.784,0,1
134.54,0,0.28073,2.075,0.1836,0,31.987,0,0
269.62,0,3.5378,0,0.45428,0,21.462,0,0
87.154,0,-1.247,0,0.2763,0,4.3284,0,0
,,2.9797,,-0.4247,,,,
224.36,1,-0.50567,52.78,0.027668,1,2.0207,1,0
252.96,0,1.1457,3.6724,0.408,0,40.354,0,1
348.24,0,1.2302,5.0749,0.86426,0,77.336,0,1
224.35,0,4.193,0.0056772,0.30883,0,0.47085,0,0
,,3.2568,,-0.31449,,,,
221.57,0,-0.39258,12.73,0.30362,0,0.6278,0,0
4.6324,0,4.0572,10.152,0.75108,0,39.8,0,1
170.22,1,-0.41475,7.5484,-0.029586,1,75.727,0,0
113.55,0,3.6733,2.6148,0.31194,0,19.558,0,0
261.42,0,4.6552,0,0.28909,0,0.37712,0,0
181.26,1,-0.30939,20.741,0.042324,1,0.33272,1,0
,,3.2984,,-0.1392,,,,
101.23,1,-0.24842,29.923,0.032086,1,58.388,0,0
,,,,-0.37905,,,,
299.61,1,2.4616,6.2077,-0.00045475,1,1.1583,1,0
303.11,0,3.6017,0.00083041,0.13208,0,0.42209,0,0
83.758,0,3.7012,0.57923,0.2658,0,4.2881,0,0
235.39,0,3.248,0.67091,0.31419,0,28.44,0,0
,,,,-0.30348,,,,
313.53,1,2.6247,27.314,0.14749,1,22.283,0,0
212.59,0,4.1338,0.0036235,0.45367,0,0.97378,0,0
314.22,0,3.3153,0.0096505,0.023536,0,1.2946,0,0
126,1,5.4402,33.397,0.027391,1,0.70969,1,0
6.4813,0,3.6144,1.9854,0.29161,0,69.176,0,0
351.35,0,3.924,0.011424,0.069226,0,0.83344,0,0
142.51,0,3.9838,1.4346,0.45444,0,57.052,0,0
,,2.4815,,-0.28158,,,,
,,1.2599,,-0.2972,,,,
164.58,0,4.3161,0,0.071293,0,1.8546,0,0
44.374,1,1.345,13.086,0.14857,1,34.743,0,0
337.82,0,-0.25709,0,0.4936,0,0.76992,0,0
145.9,0,-1.3721,0.64437,0.73246,0,16.005,0,0
148.65,1,2.5285,6.7697,0.26571,1,0.43973,1,0
328.24,1,0.79711,13.98,0.14157,0,87.554,0,0
353.98,0,-0.23094,0.0063377,0.3854,0,0.62179,0,0
350.4,0,-0.71207,0,0.57207,0,22.702,0,0
293.45,1,-0.34403,32.502,0.28224,1,1.8895,1,0
,,2.3845,,-0.29624,,,,
211.53,0,-1.3514,0,0.23001,0,0.96926,0,0
150.94,1,1.7387,4.1522,0.27816,1,76.871,0,0
269.27,0,1.1757,4.2157,0.48075,0,21.967,0,1
182.29,0,3.8272,0,0.36069,0,2.2033,0,0
203.73,1,-0.32348,26.619,0.036789,1,0.5416,1,0
,,2.5484,,-0.3743,,,,
90.356,0,-0.98421,0,0.15506,0,3.6569,0,0
,,1.6546,,-0.37043,,,,
97.073,0,-0.99477,0,0.049233,0,1.0557,0,0
238.63,0,3.5601,0,0.3226,0,0.24725,0,0
,,3.2585,,-0.19039,,,,
,,2.4476,,-0.25358,,,,
188.2,1,3.4872,32.904,0.08608,1,0.18572,1,0
353.06,0,3.347,0,0.0075282,0,0.84767,0,0
,,3.3364,,-0.15445,,,,
303.94,0,4.3535,0,0.2215,0,1.1596,0,0
,,3.3041,,-0.26205,,,,
,,3.3178,,-0.26489,,,,
332.25,0,1.1183,0.0087634,0.7834,0,46.865,0,0
,,2.38,,-0.27838,,,,
180.93,1,-1.2314,5.6913,0.13544,0,77.34,0,0
70.898,0,0.35735,0,0.52028,0,0.50877,0,0
337.38,0,3.0293,0.024871,0.21708,0,4.8393,0,0
,,3.2433,,-0.39953,,,,
193.87,1,4.6878,22.809,0.05298,1,11.336,1,0
250.14,1,-0.15431,15.144,0.0047059,1,13.609,0,0
269.27,0,2.6085,0,0.085878,0,0.17818,0,0
222.84,0,-1.2217,5.995,0.37539,0,69.647,0,0
288.75,1,0.73196,13.216,0.1056,1,31.523,0,0
300.37,1,4.8058,4.1475,0.12266,1,1.6101,1,0
84.731,0,3.1227,0.26867,0.074553,0,3.972,0,0
295.51,1,3.1661,20.541,0.081178,1,2.0493,1,0
36.819,0,-0.21353,0.00043143,0.1033,0,0.77352,0,0
,,2.8047,,-0.18868,,,,
122.83,0,3.2512,0.011031,0.27063,0,1.3791,0,0
,,3.3279,,-0.27911,,,,
,,2.0841,,-0.29091,,,,
,,0.18803,,-0.077465,,,,
290.67,0,3.9172,0.036174,0.13594,0,0.66041,0,0
1.5418,0,-0.49266,0.05806,0.48202,0,21.739,0,0
158.04,1,2.7091,8.5182,0.038774,1,2.4406,1,0
75.283,0,2.8872,0,0.058027,0,0.79371,0,0
327.47,0,-0.93343,0.27403,0.36275,0,31.265,0,0
,,,,-0.36315,,,,
,,2.9614,,-0.22561,,,,
,,3.3206,,-0.34884,,,,
63.419,0,3.2101,0,0.090247,0,1.4051,0,0
,,3.3276,,-0.41925,,,,
,,3.3283,,-0.40333,,,,
333.03,0,-0.025226,2.0946,0.46961,0,66.804,0,0
,,,,-0.46293,,,,
202.32,1,3.0672,15.45,0.12867,1,26.004,1,0
125.99,0,-3.4773,0,0.66805,0,64.038,0,0
47.036,0,4.5972,0.043931,0.3657,0,2.5301,0,0
359.65,0,1.3703,0.0038983,0.31301,0,1.8397,0,0
238.26,,2.7013,,0.030207,0,6.1373,0,
70.614,0,5.2957,0,0.27511,0,0.35796,0,0
325.29,0,3.3671,0.029045,0.23569,0,4.5542,0,0
,,2.8519,,-0.35266,,,,
352.18,0,3.5924,0.13114,0.18387,0,20.854,0,0
269.29,0,3.2093,0.0010023,0.40312,0,0.97699,0,0
186.81,0,2.78,0,0.20097,0,1.3587,0,0
355.85,0,-1.052,0.0015153,0.20518,0,0.76953,0,0
179.28,0,-1.2089,0,0.71414,0,0.41849,0,0
67.462,0,-2.0014,0,0.68094,0,4.6024,0,0
75.972,,3.8497,,0.088757,1,0.41052,1,
128.73,0,-1.1021,0.007244,0.21423,0,1.7858,0,0
0,1,3.6001,13.19,0.2038,1,0,1,0
52.086,1,2.933,3.4598,0.22452,0,0.96692,0,0
19.537,0,3.6453,0.013624,0.05314,0,0.94698,0,0
248.05,1,-1.0701,2.9956,0.023675,0,80.891,0,0
223.33,0,-1.7197,6.2528,0.7201,0,81.361,0,1
338.67,0,0.47522,10.519,0.78082,0,61.343,0,1
225.1,0,0.63051,0,0.81118,0,0.93764,0,0
,,2.4353,,-0.087523,,,,
,,3.0844,,-0.24895,,,,
262.54,1,-0.89215,9.5665,0.12644,1,0.43984,1,0
135.07,0,2.9658,0.96041,0.19713,0,21.366,0,0
163.48,1,-1.0767,11.911,0.084136,1,0.4647,1,0
345.37,1,2.1444,18.202,0.032721,1,65.891,0,0
,,1.9572,,-0.32704,,,,
,,2.9188,,-0.20588,,,,
133.25,1,0.66337,8.2519,0.037271,1,0.2395,1,0
177.5,0,0.26518,1.4066,0.14932,0,32.478,0,0
,,2.8749,,-0.16773,,,,
313.42,0,5.1118,0.011635,0.12834,0,1.1771,0,0
21.943,1,0.23201,2.8124,0.080572,0,0.67098,0,0
33.942,0,-0.77201,0.60961,0.37894,0,58.066,0,0
89.294,0,6.1635,0.4379,0.19281,0,2.5158,0,0
179.27,1,-1.1588,11.491,0.25179,1,0.12039,1,0
42.097,0,0.35969,0.018807,0.15034,0,0.71889,0,0
5.8771,0,3.5915,0.0099227,0.70309,0,0.15005,0,0
,,,,-0.50495,,,,
232.44,1,3.4401,17.946,0.10249,1,0.057413,1,0
,,3.3489,,-0.12676,,,,
120.19,0,3.6755,11.705,0.33509,0,81.159,0,0
291.88,0,0.53145,0,0.063117,0,1.0146,0,0
146.44,1,3.3376,27.605,0.19678,1,1.9916,1,0
252.88,0,3.4121,3.4974,0.52414,0,0.79088,0,1
262.72,0,3.9844,0.032033,0.12572,0,1.6022,0,0
177.83,1,2.6051,12.423,0.20852,0,80.069,0,0
152.12,0,3.8278,0.011518,0.23274,0,15.65,0,0
146.81,0,3.7889,6.0862,0.83687,0,79.657,0,1
347.65,0,-1.3248,0,0.068473,0,1.3693,0,0
347.61,0,2.1079,0.014031,0.35706,0,1.1355,0,0
303.41,0,4.6014,0,0.18729,0,1.9712,0,0
,,1.8188,,-0.2577,,,,
,,3.1776,,-0.16556,,,,
240.68,0,1.5406,0.0097158,0.73099,0,1.6884,0,0
317.3,1,2.6324,21.074,0.084211,1,0.97945,1,0
299.89,1,-0.3994,27.208,0.10999,1,0.96821,1,0
266.43,1,-0.7419,3.4151,0.21508,0,19.948,0,0
342.65,0,4.0934,0.0025611,0.10907,0,1.645,0,0
62.748,1,4.043,36.981,0.13302,1,0.15416,1,0
,,,,-0.27623,,,,
148.34,0,0.62875,0,0.13354,0,1.3968,0,0
9.1492,1,2.6932,27.254,0.011897,1,1.8612,1,0
163.64,1,1.7485,5.18,0.11555,1,0.25598,1,0
298.47,0,4.3163,0.0020432,0.16624,0,0.49373,0,0
91.525,1,3.0989,14.66,0.11513,1,0.88572,1,0
140.8,0,3.7505,0.027047,0.16902,0,1.3987,0,0
134.18,,0.30752,,0.13563,1,86.524,0,
,,2.1944,,-0.28485,,,,
206.12,0,4.0326,0,0.044575,0,1.49,0,0
,,3.6813,,-0.022792,,,,
179.28,0,-0.58564,0.010538,0.21423,0,0.034396,0,0
344.67,0,3.6019,0,0.3571,0,2.2976,0,0
7.1237,0,2.6486,0,0.071628,0,1.0936,0,0
88.697,0,0.17134,0.0076647,0.2289,0,1.6779,0,0
179.28,0,3.6114,0,0.0625,0,1.2381,0,0
133.3,0,-1.1534,0,0.21186,0,85.234,0,0
211.04,0,-1.9138,6.4275,0.79663,0,54.472,0,1
15.047,0,0.70649,10.433,0.89722,0,22.536,0,1
355.73,0,3.1363,4.9531,0.6859,0,73.154,0,1
274.49,0,0.36504,2.5745,0.50874,0,4.2859,0,1
352.76,0,-0.85578,3.3244,0.64365,0,35.983,0,1
89.287,0,2.2835,0.014969,0.058824,0,0.30462,0,0
233.21,0,-0.75509,0.023889,0.32543,0,39.185,0,0
112.52,1,2.7164,21.931,0.10209,1,0.53788,1,0
293.74,0,-0.28613,0,0.10061,0,0.35992,0,0
,,,,-0.37218,,,,
,,2.5229,,0.055928,0,,,
283.67,0,2.3152,0,0.19219,0,0.20767,0,0
136.3,0,-0.80407,3.1131,0.36333,0,67.178,0,0
41.794,0,2.2092,3.4468,0.4917,0,52.706,0,1
201.81,0,0.69766,7.6573,0.87157,0,44.225,0,1
25.207,0,3.5916,0,0.34802,0,0.61821,0,0
92.19,0,3.6826,6.1289,0.79109,0,5.9749,0,1
,,1.0542,,-0.34448,,,,
14.312,0,-1.2405,0.0037031,0.22068,0,2.3909,0,0
133.65,0,2.9416,0,-0.02593,0,3.1772,0,0
160.46,0,1.2545,0.16136,0.76697,0,69.686,0,0
209.18,1,5.272,26.249,0.057416,1,1.2166,1,0
59.563,0,-1.0643,0,0.19459,0,2.1036,0,0
,,3.3131,,-0.18172,,,,
182.65,0,-0.085809,0.0020088,0.2196,0,4.995,0,0
,,3.282,,-0.32566,,,,
,,2.879,,-0.43284,,,,
88.876,1,-1.0228,14.326,0.25107,0,86.151,0,0
,,3.8254,,0.028777,,,,
,,2.7645,,-0.25696,,,,
301.69,0,1.1525,7.9982,0.87147,0,41.632,0,1
216.62,0,-1.2248,0.0034784,0.23446,0,3.7658,0,0
105.35,1,3.4216,13.592,0.2022,1,1.74,1,0
259.45,0,-0.57243,0,0.2153,0,1.1082,0,0
91.491,1,-1.5662,2.5152,0.12097,0,20.946,0,0
44.324,1,2.1526,13.404,0.28268,1,58.641,0,0
179.3,1,3.5171,3.0351,0.14835,1,0.4529,1,0
,,2.701,,-0.27925,,,,
79.813,1,-0.32769,149.62,0.13195,1,1.2179,1,0
338.48,1,4.1259,8.4704,0.10665,1,0.71145,1,0
194.28,0,3.6253,9.8109,0.35235,0,71.181,0,0
,,3.2348,,-0.34307,,,,
158.43,0,0.83535,0.018548,0.34606,0,0.4846,0,0
220.19,0,-0.94937,5.1573,0.44307,0,0.44756,0,1
,,1.096,,-0.33216,,,,
82.784,0,-1.38,3.3453,0.78871,0,66.795,0,1
,,1.7777,,-0.27547,,,,
293.33,1,3.8466,3.0285,0.19618,1,3.0369,1,0
,,0.9696,,-0.39616,,,,
345.82,0,3.4251,0.0066357,0.031464,0,0.78987,0,0
232.09,0,-0.36313,0.078728,0.090139,0,7.4684,0,0
265.75,0,3.2134,3.6946,0.54115,0,25.595,0,1
33.402,0,3.9936,0,0.14062,0,1.8341,0,0
,,2.3514,,-0.28994,,,,
,,2.1622,,-0.199,,,,
,,3.1964,,-0.33102,,,,
56.904,0,2.3299,0,0.61955,0,1.456,0,0
,,3.3025,,-0.37676,,,,
,,2.9836,,-0.14858,,,,
327.96,0,0.34798,0.025817,0.21731,0,0.93951,0,0
350.74,0,3.7005,0.036532,0.051034,0,0.46377,0,0
103.75,1,0.20198,34.393,0.096287,1,3.5746,1,0
36.579,1,0.95001,3.4485,0.26999,1,4.2147,1,0
268.26,0,-1.1015,1.2599,0.50887,0,8.9964,0,0
70.514,0,0.54011,0.013092,0.59437,0,1.3172,0,0
,,,,-0.36503,,,,
197.06,0,4.4781,0.00060701,0.020312,0,1.1677,0,0
95.205,1,2.8389,21.778,0.12593,1,0.16763,1,0
94.149,0,3.903,1.0653,0.37223,0,16.779,0,0
22.716,0,3.5717,16.087,0.70322,0,10.635,0,1
,,2.6115,,0.29522,,,,
63.52,1,-1.3135,3.6334,0.125,0,83.142,0,0
203.49,0,3.5584,0,0.27205,0,0.72904,0,0
88.656,1,3.3718,6.7548,0.10505,1,60.61,0,0
,,1.7902,,-0.30067,,,,
89.293,0,0.35878,1.3749,0.46706,0,52.612,0,0
84.745,1,3.6591,18.781,0.10065,0,87.698,0,0
,,,,-0.30201,,,,
,,3.2894,,-0.27581,,,,
345.06,0,1.6254,0.0012599,0.82402,0,1.6141,0,0
184.84,0,3.4059,0.0017989,0.174,0,1.6641,0,0
333.45,0,-1.9079,0.068546,0.83603,0,53.343,0,0
,,3.2879,,-0.0088496,,,,
315.52,1,-1.3741,13.863,0.29322,1,37.82,0,0
29.003,0,3.5806,0,0.095627,0,0.52153,0,0
284.42,0,3.5878,0,0.19496,0,1.2739,0,0
281.13,0,4.4269,0.023208,0.41146,0,0.55791,0,0
,,3.0582,,-0.15285,,,,
218.64,1,-1.0865,13.37,0.19704,1,1.9567,1,0
144.85,0,3.7735,4.9993,0.70536,0,38.3,0,1
87.797,1,-0.78907,10.628,0.16494,1,0.66688,1,0
314.2,1,0.23678,53.509,0.027778,1,0.80355,1,0
264.61,0,-0.57143,0.01893,0.22319,0,0.63431,0,0
161.14,0,5.3284,0.016258,0.13084,0,4.0895,0,0
100.82,1,3.2333,21.13,0.075408,1,0.25812,1,0
203.9,0,-0.17146,0,0.13469,0,0.44143,0,0
209.05,1,-0.13169,12.636,0.0034286,1,12.65,1,0
,,3.0785,,-0.38408,,,,
227.61,0,-0.0094197,14.273,0.3884,0,41.207,0,0
227.1,0,-1.2506,3.1637,0.79449,0,42.855,0,1
359.3,1,3.8856,26.338,0.23293,1,1.0605,1,0
357.4,0,0.9551,2.6082,0.49925,0,41.669,0,1
286.36,1,5.1993,6.7022,0.087624,1,0.70337,1,0
,,2.6466,,-0.26257,,,,
,,2.4175,,-0.24814,,,,
291.81,0,0.39185,0,0.19958,0,0.55375,0,0
233.83,1,-1.1083,18.529,0.082963,1,0.14817,1,0
,,2.9583,,-0.34694,,,,
179.27,,-0.44238,,0.22462,0,85.785,0,
64.802,0,0.092015,0.0094851,0.070652,0,1.1619,0,0
161.78,1,3.8054,28.535,0.22667,1,0.85945,1,0
149.44,0,3.7265,0,0.37742,0,0.86585,0,0
,,2.8899,,-0.12159,,,,
318.23,0,-0.040129,0.029629,0.29595,0,3.8873,0,0
334.25,1,-0.34692,4.666,0.11467,1,11.249,0,0
316.89,1,2.9392,14.465,0.22452,1,14.103,0,0
,,2.8505,,-0.34646,,,,
258.88,1,3.7908,28.862,0.15108,0,86.486,0,0
191.41,1,3.6172,6.5409,0.2716,1,9.1341,1,0
,,2.9734,,-0.36996,,,,
,,0.99268,,-0.060179,,,,
,,3.1799,,-0.20588,,,,
146.31,0,-1.0604,3.7828,0.48252,0,1.2777,0,1
,,2.7773,,-0.34039,,,,
151.88,0,5.0803,0.0060863,0.074257,0,0.92348,0,0
258.17,0,0.53334,0,0.17537,0,4.9256,0,0
,,2.4408,,0.3968,,,,
83.081,0,2.9175,0,0.68981,0,3.0266,0,0
165.57,0,-0.092523,0.0032232,0.36411,0,0.21833,0,0
269.3,0,3.9731,1.1315,0.3683,0,60.668,0,0
107.79,1,1.0094,9.5544,0.29019,1,0.97568,1,0
357.11,1,-0.28968,30.455,0.17479,1,4.0179,1,0
288.43,0,3.3455,0,0.059985,0,1.1192,0,0
276.21,1,3.2179,24.453,0.18946,1,24.247,0,0
261.77,1,1.8738,16.384,0.014658,1,72.463,0,0
49.68,,3.0451,,-0.042842,1,3.9813,1,
221.06,0,-1.2817,0,0.20298,0,0.70729,0,0
252.92,0,-1.1435,3.6463,0.31063,0,51.247,0,0
317.86,0,-0.56848,0.0083839,0.093514,0,0.19113,0,0
316.17,0,2.9803,5.7402,0.3973,0,76.074,0,0
253.29,1,-0.64052,14.194,0.17106,0,30.515,0,0
89.294,1,0.41718,24.847,0.14574,1,0.89086,1,0
145.31,1,-0.98183,9.1579,0.11189,1,7.2132,1,0
,,2.7159,,-0.38961,,,,
9.5011,0,3.7469,0.0058026,0.16535,0,0.90861,0,0
61.748,1,3.4492,11.408,0.28242,1,30.404,0,0
356.4,1,0.34622,11.833,0.11546,0,85.75,0,0
195.73,1,-0.52128,36.308,0.03355,1,2.0077,1,0
,,3.2883,,-0.23207,,,,
222.72,0,3.6205,0.041341,0.4874,0,3.7059,0,0
67.525,1,-0.073159,4.3836,0.16798,1,0.061879,1,0
302.91,0,3.8971,0,0.57004,0,0.55907,0,0
102.54,1,-0.9719,14.892,0.14037,1,2.8969,1,0
76.471,0,-0.57814,0.030141,0.43638,0,5.5175,0,0
,,2.4067,,-0.4067,,,,
,,2.4058,,-0.14048,,,,
281.06,0,2.7945,0.42457,0.11174,0,0.87176,0,0
225.39,0,1.9396,0.033624,0.33442,0,5.2105,0,0
169.21,0,0.36988,0.0010178,0.6968,0,0.9199,0,0
346.56,0,2.7173,0.19823,0.10568,0,4.9714,0,0
96.795,0,6.0599,3.3692,0.62753,0,20.055,0,1
86.675,0,1.9811,0,0.060778,0,4.8787,0,0
267.65,0,3.3872,0.0013406,0.38685,0,1.6095,0,0
324.87,0,-1.3084,0.99042,0.12791,0,13.547,0,0
214.87,0,-0.96038,0,0.49141,0,50.83,0,0
59.102,0,3.3205,0.010411,0.25122,0,0.039891,0,0
359.3,0,3.681,3.2665,0.56594,0,55.552,0,1
87.214,0,-1.0565,0,0.31917,0,7.1234,0,0
235.66,0,-0.17991,0,0.52266,0,0.47625,0,0
,,2.203,,-0.25895,,,,
314.2,0,0.39247,0.0072256,0.67421,0,0.90101,0,0
210.18,1,5.2554,6.4939,0.069277,1,1.1755,1,0
240.82,0,1.234,0.0001055,0.10551,0,1.6472,0,0
71.703,0,0.32269,0.0022147,0.08977,0,0.51247,0,0
327.29,0,0.89652,5.7268,0.83863,0,38.083,0,1
,,,,-0.37255,,,,
179.29,1,2.577,92.294,0.059163,1,76.898,0,0
89.275,0,2.6104,7.2851,0.84457,0,46.271,0,1
296.2,1,3.4032,14.821,0.22426,1,11.361,0,0
196.64,0,-2.0581,0.21425,0.61477,0,43.806,0,0
315.69,1,1.4305,25.022,0.096875,1,0.475,1,0
248.89,1,3.3676,145.05,0.028633,1,0.77284,1,0
,,2.7252,,-0.14632,,,,
333.83,0,-1.2441,0.17527,0.41951,0,12.096,0,0
324.52,0,-1.0663,0.001353,0.27302,0,3.0117,0,0
,,,,-0.42629,,,,
,,1.0118,,-0.28255,,,,
,,2.4469,,-0.4927,,,,
0,1,3.0582,10.762,0.072502,1,0,1,0
89.284,1,3.9453,13.767,0.16199,1,0.086166,1,0
269.29,0,4.1695,0,0.069173,0,5.3355,0,0
336.34,0,2.0559,0.0044136,0.66455,0,79.671,0,0
,,3.3289,,-0.3068,,,,
,,2.7062,,-0.4081,,,,
,,2.8684,,-0.26101,,,,
183.69,1,3.5829,8.8063,0.048638,1,17.756,1,0
140.7,,-1.2165,,0.29988,1,83.627,0,
40.168,0,4.4175,0.01152,0.074719,0,1.2734,0,0
126.77,0,-0.9144,0,0.14182,0,2.3531,0,0
269.27,1,-1.0988,11.116,0.16809,1,0.10343,1,0
152.74,0,3.5665,0.017852,0.33333,0,1.5695,0,0
74.573,1,-1.0146,8.2845,0.27221,1,9.3756,1,0
345.45,0,0.40039,0.0072056,0.088977,0,1.2986,0,0
,,2.9544,,-0.409,,,,
14.981,1,3.8805,6.849,0.25683,1,0.89311,1,0
359.28,0,3.5784,0,0.7128,0,0.057324,0,0
234.12,1,-1.2693,11.54,0.24587,1,0.71698,1,0
189.68,0,-1.0831,0.010041,0.2316,0,1.911,0,0
177.9,1,-1.2516,11.302,0.1254,1,0.476,1,0
314.22,0,4.5197,5.5808,0.59898,0,21.259,0,1
0.067745,0,3.9937,0.0077071,0.73155,0,62.319,0,0
,,3.5259,,-0.24887,,,,
128.47,1,1.0662,20.134,0.13749,1,3.5252,1,0
344.37,0,1.7522,0,0.40059,0,0.84833,0,0
290.04,0,4.3335,0.00089693,0.21535,0,1.1001,0,0
,,2.8227,,-0.31658,,,,
184.06,0,-0.50807,0,0.3736,0,0.27614,0,0
323.19,0,3.5485,0,0.20752,0,0.54631,0,0
,,,,-0.35543,,,,
292.72,1,1.4034,25.876,0.12584,1,0.43226,1,0
156.21,1,0.025707,16.757,0.14375,1,86.241,0,0
,,1.901,,-0.33214,,,,
,,3.337,,-0.33837,,,,
89.272,0,-1.3516,0.00494,0.35893,0,2.2691,0,0
149.45,1,-0.029552,16.473,-0.021378,1,19.398,1,0
89.676,0,2.9468,0.0065382,0.12591,0,0.84485,0,0
,,2.879,,-0.4104,,,,
221.09,0,6.5747,0,0.40538,0,0.63818,0,0
353.38,0,0.23694,3.6628,0.58989,0,69.407,0,1
248.22,0,-0.88871,19.618,0.31172,0,74.012,0,0
207.08,0,-0.56376,0,0.43353,0,1.5032,0,0
359.3,0,3.6769,0,0.24736,0,13.194,0,0
164.23,0,1.2692,4.3808,0.80955,0,2.6991,0,1
298.41,0,-0.1879,44.257,0.38462,0,0.22366,0,0
,,1.375,,-0.15385,,,,
78.941,1,3.718,13.483,0.088817,1,33.134,0,0
317.71,0,-2.4114,7.6407,0.76604,0,62.064,0,1
,,2.4828,,-0.36202,,,,
269.27,0,3.0429,0,0.091992,0,0.20691,0,0
,,2.507,,-0.22508,,,,
40.118,0,0.42753,0,0.082317,0,7.2052,0,0
145.85,0,-1.3835,0.048579,0.78151,0,3.8958,0,0
169.8,1,2.7011,11.669,0.036827,1,0.6626,1,0
167.67,1,1.7108,8.57,-0.018315,1,9.6236,1,0
,,2.7321,,-0.24907,,,,
,,3.4053,,-0.29776,,,,
164.56,0,3.0047,16.804,0.37208,0,0.24895,0,0
132.59,0,2.4172,0.15505,0.0935,0,1.7213,0,0
243.17,0,3.3715,0.014341,0.10499,0,4.2493,0,0
,,2.7102,,-0.32155,,,,
75.282,0,3.4163,0.0093386,0.07858,0,1.4214,0,0
,,2.9777,,-0.1114,,,,
,,2.9145,,-0.269,,,,
145.89,1,2.7087,8.3393,-0.020446,1,1.8055,1,0
179.29,0,3.9868,0.0060744,0.10948,0,1.5189,0,0
66.375,0,1.0753,14.513,0.744,0,17.925,0,1
167.75,0,-0.24435,33.618,0.33824,0,44.398,0,0
72.842,1,-0.7517,13.185,0.089153,1,30.921,0,0
89.276,1,-1.1125,35.124,0.16206,1,0.18965,1,0
,,2.9196,,-0.36934,,,,
359.27,1,2.1803,17.543,0.0021377,1,0.68786,1,0
76.047,1,-0.96288,22.3,-0.0070232,1,5.4685,1,0
214.98,0,3.9508,0.0060399,0.43878,0,1.0444,0,0
260.05,0,0.59195,0.0092485,0.63174,0,0.53571,0,0
,,1.7416,,0.0025316,,,,
,,2.5938,,-0.23077,,,,
,,3.1637,,-0.26289,,,,
115.46,0,4.3952,0.010016,0.14086,0,6.9664,0,0
359.27,0,-1.1072,0.14423,0.45896,0,1.5532,0,0
161.78,1,3.8895,59.06,-0.0061668,1,0.42076,1,0
58.832,1,-1.109,11.784,0.18151,1,63.009,0,0
23.042,1,0.55724,11.969,0.13642,1,66.885,0,0
57.22,0,-1.7422,0.011099,0.782,0,1.8033,0,0
269.27,0,-1.1984,0.026463,0.17671,0,1.5917,0,0
164.48,0,3.2991,0,0.089686,0,1.2807,0,0
29.803,0,3.4463,0,0.20465,0,0.22629,0,0
,,3.3141,,-0.20076,,,,
122.11,0,0.71318,8.0552,0.62461,0,45.846,0,1
,,0.15378,,0.69709,,,,
11.689,0,0.98018,0.016316,0.47808,0,0.48133,0,0
,,2.3532,,-0.072437,,,,
201.89,0,-0.91743,0.0077266,0.21192,0,8.2093,0,0
243.84,1,2.8459,14.932,0.1265,1,0.97381,1,0
82.336,0,3.2575,0.0054104,0.20145,0,2.6038,0,0
,,3.481,,0.13636,,,,
47.175,1,0.78511,3.0863,0.13672,1,0.24792,1,0
,,3.2571,,-0.22222,,,,
233.01,0,3.4729,0.0021217,0.2979,0,1.7533,0,0
71.798,1,3.2089,6.1571,0.066995,1,38.205,0,0
98.435,0,2.3102,0.026139,0.17689,0,1.3679,0,0
340.08,1,1.1939,16.533,0.18009,1,6.6118,1,0
,,3.0946,,-0.32389,,,,
325.19,0,3.1334,0.031833,0.016575,0,1.5782,0,0
,,3.3017,,-0.40271,,,,
37.355,0,0.25969,0,0.49456,0,1.0628,0,0
219.75,1,3.4458,107.21,0.019429,1,79.788,0,0
264.96,0,-0.94417,0.85367,0.56992,0,26.532,0,0
359.88,0,-1.7892,2.2309,0.73236,0,17.045,0,0
111.57,0,3.6268,1.2571,0.25088,0,18.753,0,0
173.41,0,-1.7673,5.7379,0.60579,0,66.515,0,1
134.21,0,4.0618,0.56931,0.50999,0,1.3879,0,0
359.69,1,3.8309,26.645,0.16136,1,27.848,0,0
,,2.7341,,-0.27526,,,,
261.81,0,1.6389,0.0072148,0.22392,0,0.22028,0,0
176.41,1,-0.90461,16.768,0.22135,1,65.702,0,0
165.93,0,0.33635,1.1352,0.21084,0,73.835,0,0
,,2.8862,,0.0018018,,,,
161.11,0,0.062723,0.019677,0.44152,0,1.6588,0,0
286.64,1,-1.1179,12.464,0.14341,1,0.80683,1,0
,,1.306,,-0.28704,,,,
259.17,0,2.4218,0.13639,0.069054,0,0.55463,0,0
62.824,0,2.4716,0.011052,0.2239,0,12.575,0,0
44.134,0,0.99672,10.687,0.82467,0,59.574,0,1
,,2.7363,,-0.49434,,,,
233.15,1,2.9872,16.594,0.14264,1,22.095,0,0
189.47,0,4.0578,0,0.23476,0,1.6595,0,0
137.48,1,2.0497,3.9204,0.027523,0,26.399,0,0
,,2.8512,,-0.31239,,,,
162.31,1,3.1801,39.539,0.03301,1,0.41364,1,0
206.86,1,-0.15747,9.4359,-0.015038,1,12.187,1,0
263.63,1,3.5981,28.473,0.040214,1,0.8722,1,0
95.98,0,1.5584,0.011786,0.18252,0,1.2267,0,0
339.56,0,0.34246,2.9185,0.43868,0,50.833,0,1
11.983,0,5.6902,0.51314,0.34269,0,2.7188,0,0
93.575,0,3.6158,0,0.238,0,0.30548,0,0
,,3.2978,,-0.17007,,,,
111.49,0,3.2994,0,-0.0039032,0,0.13657,0,0
327.79,1,1.338,7.0207,0.0055866,0,77.186,0,0
30.409,0,4.3608,0,0.066869,0,1.0448,0,0
274.91,0,3.9984,0.011763,0.36785,0,0.41004,0,0
,,2.7411,,-0.22127,,,,
173.79,1,-0.38051,4.73,-0.074459,1,12.771,1,0
140.68,1,1.9015,20.182,0.10924,0,50.384,0,0
118.35,,3.1461,,0.10345,1,82.007,0,
108.58,0,-1.4454,0.70599,0.76082,0,75.003,0,0
82.85,0,3.098,0.015325,0.21598,0,1.9427,0,0
89.285,1,3.6545,28.57,0.067505,1,25.28,0,0
,,2.7113,,-0.21557,,,,
73.857,0,-1.5506,0.0090523,0.66747,0,0.56044,0,0
,,3.4097,,-0.367,,,,
,,2.5426,,-0.27508,,,,
85.549,0,3.0731,0,0.23994,0,8.5863,0,0
348.98,0,-0.99165,0.0077489,0.19419,0,1.8639,0,0
179.29,1,3.4572,21.914,0.055269,1,0.89995,1,0
,,2.9948,,0.12484,,,,
215.31,0,-1.0222,0.0039721,0.25708,0,0.72303,0,0
337,1,3.0462,8.4924,0.18568,0,0.27264,0,0
31.855,0,3.0266,0.051651,0.16206,0,0.69387,0,0
,,2.6794,,-0.07411,,,,
,,,,-0.43019,,,,
348.83,0,-1.8677,14.839,0.32174,0,44.119,0,0
207.56,0,0.37502,11.613,0.88816,0,64.532,0,1
,,1.4797,,-0.30979,,,,
143.69,0,3.6268,0,0.13969,0,0.49358,0,0
159.17,0,4.1738,0.020368,0.066847,0,2.4042,0,0
,,2.6748,,-0.23874,,,,
87.611,1,-1.0671,15.316,0.062527,1,33.149,0,0
358.26,0,-1.1498,1.1632,0.47836,0,59.982,0,0
81.415,1,3.3173,41.084,0.12367,1,56.723,0,0
240.54,1,3.8145,59.327,0.17472,1,0.26233,1,0
,,2.4883,,0.3687,,,,
145.54,0,3.2956,0.063574,0.035587,0,7.4995,0,0
346.67,,0.4108,,0.33749,0,54.669,0,
20.8,0,1.0013,0.0042808,0.25757,0,2.8018,0,0
172.59,0,-0.50872,0.0086204,0.27821,0,0.54257,0,0
111.96,0,3.1653,5.5096,0.43662,0,32.672,0,1
227.41,0,2.707,0.001488,0.13822,0,0.45531,0,0
219.84,0,-1.7784,1.6721,0.54216,0,73.937,0,0
,,2.878,,-0.27838,,,,
14.503,0,3.7196,0.0092137,0.075851,0,2.4521,0,0
342.92,0,4.1042,0.0053864,0.1691,0,1.9172,0,0
84.791,0,-2.8363,0.060596,0.39272,0,58.425,0,0
148.57,0,-1.3241,0,0.408,0,1.0467,0,0
,,2.6679,,-0.29191,,,,
,,2.8352,,-0.32371,,,,
52.051,1,3.5092,13.545,0.024318,1,13.634,0,0
152.98,1,-0.10255,13.357,0.052149,0,86.277,0,0
340.16,0,-0.93967,11.097,0.40206,0,44.294,0,1
,,2.0195,,-0.38535,,,,
337.85,0,2.0631,0,0.28646,0,1.4778,0,0
10.099,1,3.5397,144.83,0.059691,1,0.61268,1,0
1.5698,0,2.4677,0.00036407,0.15168,0,0.28688,0,0
10.482,0,-0.032878,0.24278,0.46996,0,34.125,0,0
352.31,0,-1.3946,0.26096,0.59723,0,52.981,0,0
,,2.605,,-0.4059,,,,
,,1.5716,,-0.39098,,,,
234.83,0,3.7384,0,0.045619,0,0.33452,0,0
304.28,1,2.738,50.737,0.089141,1,0.76457,1,0
,,2.7139,,-0.29909,,,,
,,3.264,,-0.33333,,,,
359.28,1,1.5884,46.764,0.086544,1,0.66501,1,0
81.786,0,4.1292,0.004077,0.12867,0,0.70145,0,0
354.13,0,0.26335,0.0018547,0.49062,0,1.0878,0,0
,,3.074,,-0.061116,,,,
337.04,0,1.8831,0,0.19227,0,3.0632,0,0
18.982,1,-1.4323,15.183,0.1337,1,54.947,0,0
271.93,0,6.0883,0,0.18197,0,12.973,0,0
,,1.9379,,0.10374,,,,
339.97,0,0.11563,1.3813,0.52993,0,50.972,0,0
,,3.2036,,-0.32423,,,,
86.253,0,-1.4206,2.8896,0.55896,0,9.7022,0,1
228.11,0,-0.21099,0,0.13911,0,0.55735,0,0
251.35,1,2.9727,11.36,0.18308,1,19.657,0,0
269.28,0,1.4829,7.5842,0.83785,0,22.386,0,1
334.75,0,0.9225,6.0378,0.79724,0,32.872,0,1
9.0982,0,3.8452,0,0.12134,0,1.0122,0,0
,,2.8151,,-0.26367,,,,
4.5385,1,-1.0041,9.3476,0.23717,1,0.56417,1,0
238.55,0,6.0868,0.94288,0.16861,0,4.2113,0,0
245.22,1,2.8202,5.4317,-0.046092,1,30.974,0,0
,,2.7754,,-0.15031,,,,
179.73,0,1.5439,3.4889,0.66456,0,43.881,0,1
161.86,1,3.3175,16.739,0.11339,1,2.5102,1,0
,,3.1378,,-0.22871,,,,
,,,,-0.44056,,,,
,,2.4237,,-0.29268,,,,
126.64,0,2.6016,0,0.043364,0,5.2915,0,0
,,2.8742,,-0.4685,,,,
197.01,0,2.99,0.0068967,0.12129,0,1.2638,0,0
71.259,1,-0.27457,4.3248,0.1245,1,0.27802,1,0
216.83,0,3.7132,7.3786,0.47323,0,9.9784,0,1
289.45,0,-0.94299,0.003392,0.28202,0,4.546,0,0
283.48,0,3.2112,0,0.11844,0,1.1441,0,0
179.27,0,2.9339,0.014415,0.10887,0,0.091727,0,0
,,1.3643,,-0.14602,,,,
145.67,0,0.70685,0.045749,0.20619,0,8.1648,0,0
290.13,0,-0.54475,12.47,0.37645,0,1.8508,0,0
18.6,1,4.0414,6.8665,0.25475,1,19.024,0,0
,,1.7933,,-0.30464,,,,
73.456,0,-0.18228,0.0085768,0.12661,0,19.774,0,0
209.78,0,1.1623,0,0.3541,0,0.64539,0,0
326.93,0,1.8911,0,0.18778,0,2.4147,0,0
179.08,0,3.3328,0.052224,0.12305,0,83.492,0,0
,,2.4034,,-0.18408,,,,
173.66,1,2.9149,19.727,0.073101,0,86.128,0,0
184.26,0,0.98544,0.015756,0.71072,0,0.13235,0,0
218.29,0,-0.77414,0.0031422,0.17687,0,0.92215,0,0
359.3,1,1.5334,16.109,0.12687,1,2.4636,1,0
359.3,0,2.3679,0,0.11383,0,0.71944,0,0
179.28,0,0.44585,0.01305,0.11366,0,0.39556,0,0
89.287,0,3.4564,0,0.32855,0,0.18967,0,0
65.519,1,-1.0159,23.191,0.033928,1,5.391,1,0
,,2.7489,,-0.31066,,,,
333.6,0,4.0105,0,0.22684,0,2.2128,0,0
269.28,0,-0.41221,0,0.20805,0,0.27013,0,0
230.39,0,-0.0018263,0,0.12256,0,0.50215,0,0
,,3.2763,,-0.24345,,,,
317.15,0,2.7325,12.639,0.47619,0,76.631,0,1
247.47,0,3.0226,0,0.097572,0,2.1904,0,0
348.7,0,6.1392,0.011134,0.022823,0,0.68815,0,0
28.19,1,-0.98981,13.046,0.2397,0,1.4143,0,0
89.277,0,0.35109,0.0057085,0.41694,0,0.58623,0,0
,,2.3793,,-0.41764,,,,
31.362,0,2.5747,0,0.093278,0,0.48709,0,0
258.82,0,3.4802,5.0031,0.62261,0,12.147,0,1
148.87,0,-1.1544,0,0.3422,0,0.27253,0,0
161.24,0,0.18384,11.324,0.37366,0,21.572,0,0
265.48,0,0.36571,15.441,0.49934,0,52.624,0,1
,,1.3274,,-0.27973,,,,
185.34,1,-0.68935,4.1387,0.13091,1,2.8858,1,0
180.08,0,0.28818,0.0080191,0.4242,0,0.41853,0,0
269.29,0,3.5431,2.2089,0.46483,0,29.212,0,0
,,3.3032,,-0.31132,,,,
118.33,0,3.4779,0.0082879,0.27992,0,0.57854,0,0
159.75,0,-0.60816,6.4731e-05,0.13584,0,4.7339,0,0
,,1.5714,,-0.22485,,,,
240.11,0,-1.0422,14.199,0.30079,0,0.55287,0,0
150.19,1,-1.2643,17.768,0.11771,1,28.979,1,0
359.3,1,2.3823,15.396,0.13449,1,0.028649,1,0
314.21,0,3.5508,0.084244,0.78951,0,68.113,0,0
114.62,0,5.3403,0,0.19257,0,3.4803,0,0
91.969,0,-0.20359,0,0.32846,0,0.60989,0,0
37.738,0,3.5024,0.0062282,0.26617,0,0.87823,0,0
5.2553,0,-1.4297,4.0223,0.51578,0,0.38619,0,1
331.82,,0.6348,,0.13175,1,2.7148,1,
179.28,0,4.0304,0.42171,0.31965,0,0.097454,0,0
102.21,0,3.6903,0,0.42613,0,1.2559,0,0
147.68,0,3.8358,0.007998,0.35492,0,0.97596,0,0
,,2.8967,,-0.32379,,,,
246.9,0,3.2942,9.9897e-05,0.43641,0,2.4973,0,0
329.59,1,2.7769,7.6164,0.15659,1,34.396,0,0
180.92,1,-1.0531,12.299,0.24603,0,75.651,0,0
282.07,1,4.1266,9.5971,0.15391,1,5.2246,1,0
288.56,1,2.6183,21.58,0.11802,1,48.35,0,0
239.31,0,0.23443,0,0.75615,0,9.557,0,0
,,0.86994,,-0.45455,,,,
,,3.2634,,-0.38351,,,,
283.51,0,-1.2085,0.0047323,0.47352,0,2.0508,0,0
89.28,0,-1.0879,0,0.13648,0,0.49428,0,0
89.275,0,-1.1559,0,0.14205,0,48.722,0,0
205.33,0,4.5392,0.0015769,0.078947,0,4.2224,0,0
137.22,0,2.8097,20.781,0.42232,0,0.30889,0,1
331.98,0,-1.0889,0,0.32272,0,0.87729,0,0
304.62,1,-1.5837,16.261,0.13831,1,35.899,0,0
339.99,1,3.5853,38.899,0.0066964,1,12.511,0,0
110.42,0,-1.4155,0,0.30246,0,0.60391,0,0
296.12,0,3.7869,0,0.43558,0,0.45728,0,0
,,2.8663,,-0.35747,,,,
33.432,1,-1.0192,2.6244,0.27849,0,44.238,0,0
293.13,0,3.5425,0,0.095519,0,0.36136,0,0
,,0.98457,,-0.30568,,,,
44.177,0,-1.322,0,0.54328,0,1.3514,0,0
346.77,0,-1.0119,0,0.47204,0,1.4325,0,0
91.87,1,-1.0719,7.3699,0.12858,1,0.50629,1,0
34.732,0,3.5669,0,0.34677,0,0.21811,0,0
297.38,0,1.8238,8.4275,0.34204,0,0.28013,0,0
,,2.6683,,0.14019,,,,
269.29,0,0.37194,9.284,0.32773,0,15.561,0,0
,,1.1082,,-0.40901,,,,
,,3.2274,,-0.43796,,,,
90.692,0,2.6571,2.7424,0.88728,0,72.182,0,1
,,2.3204,,-0.19468,,,,
137.43,0,-0.23736,0.032757,0.17064,0,0.36176,0,0
195.05,0,-1.0734,0,0.42485,0,0.65527,0,0
167.81,0,-0.9833,0.007403,0.10076,0,3.8957,0,0
304.2,0,-1.1723,0.031274,0.38659,0,1.1214,0,0
,,,,-0.4428,,,,
,,3.3507,,-0.047447,,,,
,,,,-0.45383,,,,
47.914,0,-1.1714,10.343,0.39862,0,2.2807,0,0
293.62,0,0.095947,6.7729,0.7915,0,53.386,0,1
264.6,1,4.0464,16.644,0.020681,1,19.839,0,0
121.12,1,-0.53071,52.835,0.07203,1,1.0214,1,0
179.27,1,-1.2548,5.9937,0.175,0,78.023,0,0
,,2.3638,,-0.30794,,,,
156.69,1,0.37811,26.912,0.14149,1,0.32901,1,0
47.34,0,2.1216,0,0.85706,0,1.1665,0,0
138.4,0,-0.10945,0.033052,0.14888,0,1.2734,0,0
181.45,0,0.49766,0.24364,0.49867,0,67.86,0,0
224.55,1,0.48858,20.266,0.1375,1,86.815,0,0
,,1.4979,,-0.14286,,,,
,,2.3886,,-0.28796,,,,
16.114,0,0.83936,10.651,0.79029,0,71.459,0,1
171.25,1,2.4073,12.229,0.28046,0,20.332,0,0
60.617,0,3.5089,0,0.070452,0,8.1982,0,0
91.096,0,-1.2561,0.15631,0.22638,0,4.136,0,0
,,1.2194,,-0.21671,,,,
4.7624,0,-1.319,0.026207,0.11014,0,2.222,0,0
44.349,0,-1.1048,0,0.17216,0,2.1989,0,0
,,2.3611,,-0.3,,,,
,,,,-0.25466,,,,
132.99,1,0.70976,15.143,0.15083,1,0.57246,1,0
,,-0.98415,,0.089634,,,,
331.85,1,-1.5954,17.6,0.13788,1,0.54905,1,0
347.04,0,-1.2548,0,0.35242,0,25.42,0,0
42.942,0,-0.44393,8.9514,0.57182,0,66.316,0,1
304.69,1,3.0234,10.963,0.14648,1,0.46532,1,0
232.57,0,1.4159,0.0013177,0.14695,0,2.1283,0,0
155.56,1,-0.98288,13.995,0.072776,1,26.402,1,0
204.06,0,3.0675,0,0.11315,0,0.9597,0,0
139.07,0,3.4921,0.057552,0.28226,0,0.90814,0,0
,,3.3192,,-0.23179,,,,
345.04,0,3.473,0.094588,0.42802,0,23.793,0,0
,,2.4446,,-0.24723,,,,
60.331,0,2.4757,0,0.047047,0,0.93583,0,0
160.72,0,3.2454,10.512,0.78591,0,30.545,0,1
342.32,1,-0.93156,18.119,0.18506,1,59.527,0,0
88.953,1,-0.81757,9.5158,0.24036,0,66.88,0,0
227.63,0,-1.1306,2.4576,0.65163,0,66.934,0,0
318.57,0,-0.16596,0,0.066531,0,1.3307,0,0
120.18,1,-1.0989,12.832,0.11097,1,0.16744,1,0
65.605,0,2.3333,0.18849,0.066047,0,1.0417,0,0
,,,,-0.30619,,,,
253.56,0,3.6641,0,0.56951,0,2.1366,0,0
60.156,0,-1.7535,2.5399,0.42101,0,10.188,0,1
294.43,0,4.8564,0.034737,0.22851,0,0.21587,0,0
166.26,1,-4.4253,37.61,0.05768,1,20.305,1,0
56.728,1,3.5068,18.004,0.13023,1,20.605,0,0
127.83,0,3.5055,0.0014982,0.34409,0,1.3153,0,0
85.305,0,-1.0056,0,0.14286,0,0.66253,0,0
207.06,0,3.1332,0.0057845,0.37385,0,0.88768,0,0
,,,,-0.34237,,,,
150.58,0,3.5946,0.02222,0.093886,0,2.3911,0,0
5.7479,0,3.343,0.0089025,0.045534,0,0.71537,0,0
166.69,0,-0.88011,0.56251,0.11148,0,25.263,0,0
,,1.1738,,-0.27273,,,,
240.02,0,-1.3942,0,0.33679,0,0.85634,0,0
328.73,1,3.7641,24.74,0.1437,1,85.204,0,0
224.31,0,-0.94994,17.559,0.42716,0,80.848,0,1
252.4,1,0.90136,15.444,-0.00070538,1,8.2498,1,0
170.96,0,-0.011706,10.737,0.86547,0,31.213,0,1
,,3.2429,,-0.43165,,,,
159.02,0,3.4418,0.0098515,0.57499,0,3.1809,0,0
316.66,1,3.1568,11.87,0.24561,1,0.95044,1,0
,,3.2722,,-0.12814,,,,
,,3.454,,-0.28716,,,,
280.85,0,1.1608,0.16274,0.13843,0,3.1414,0,0
164.8,0,-0.72257,0,0.082721,0,2.3434,0,0
119.39,0,3.5896,3.8169,0.71565,0,22.505,0,1
,,2.7655,,-0.28783,,,,
46.223,1,3.6556,12.533,0.11726,0,87.759,0,0
201.26,0,3.8067,0.01328,0.18705,0,1.4278,0,0
265.99,1,-1.2177,28.092,0.15736,1,3.0425,1,0
156.03,0,-0.18895,0.022049,0.51383,0,0.043677,0,0
,,1.9893,,-0.30364,,,,
,,2.5495,,-0.34247,,,,
,,2.3313,,-0.41115,,,,
,,3.2589,,-0.24896,,,,
251.71,1,-0.79026,20.225,0.080992,1,15.898,0,0
67.367,0,4.3598,0,0.068862,0,6.025,0,0
48.018,0,1.6098,13.374,0.81375,0,62.247,0,1
44.966,0,-0.23474,0.01054,0.24228,0,1.534,0,0
89.287,1,2.0583,25.11,0.15547,1,0.011511,1,0
331.73,0,3.5256,0.0096469,0.50361,0,19.351,0,0
62.415,0,1.4645,0,0.34248,0,15.072,0,0
269.27,0,-1.27,1.8994,0.11178,0,0.14369,0,0
351.29,0,3.2472,0,0.25357,0,1.528,0,0
263.03,1,-1.2392,4.6027,0.074031,1,1.0002,1,0
165.95,0,0.19627,2.8238e-05,0.14512,0,2.8375,0,0
37.506,0,-0.20534,0,0.047701,0,0.10217,0,0
53.757,0,3.4227,0,0.50797,0,2.8089,0,0
7.0579,0,3.681,0,0.19109,0,0.38189,0,0
359.3,0,3.6526,0.0069911,0.27437,0,0.017208,0,0
,,2.8998,,-0.42914,,,,
,,3.2824,,-0.36275,,,,
244.9,0,2.6204,0.011736,0.14177,0,76.13,0,0
,,3.0388,,-0.11475,,,,
35.361,0,1.2976,0.012874,0.070035,0,2.049,0,0
207.54,0,-1.6559,7.2733,0.53198,0,45.97,0,1
173.15,1,3.6121,23.805,0.13553,1,51.788,1,0
,,2.7346,,-0.29073,,,,
34.635,0,3.8755,0.018751,0.20508,0,0.98374,0,0
54.912,0,-1.8882,3.5442,0.69017,0,32.763,0,1
15.325,0,-1.2167,0.010068,0.54913,0,2.0989,0,0
166.01,0,-2.1045,4.8101,0.69798,0,66.263,0,1
349.95,0,0.8674,0.011405,0.53728,0,3.198,0,0
82.508,0,3.7609,0.020058,0.10521,0,7.0432,0,0
204.12,0,0.1978,0.025998,0.71151,0,70.248,0,0
249.69,0,-0.71785,0.38225,0.31768,0,48.818,0,0
266.02,1,3.7672,158.29,-0.028118,1,0.99605,1,0
,,2.8543,,-0.43462,,,,
25.083,0,1.4227,0.008351,0.119,0,2.2973,0,0
51.944,0,3.0842,0,0.28705,0,0.83145,0,0
22.008,0,3.158,0,0.12643,0,5.6374,0,0
,,3.0874,,-0.053803,,,,
359.27,1,3.7013,12.302,0.10668,1,0.40703,1,0
237.83,0,2.6269,0,0.2028,0,2.7,0,0
297.39,0,-1.0815,0.0054816,0.2018,0,3.8517,0,0
233.69,0,4.1326,0.0030651,0.12628,0,0.32509,0,0
,,2.547,,-0.40845,,,,
,,1.5883,,-0.39012,,,,
,,2.2226,,-0.095073,,,,
179.3,0,3.5643,4.8116,0.39437,0,35.398,0,0
110.59,0,3.5455,0.5224,0.37554,0,45.433,0,0
182.15,1,-0.85658,4.0626,0.22851,0,14.409,0,0
128.9,0,-1.1,0.01,0.59008,0,1.4472,0,0
,,3.277,,-0.27455,,,,
127.69,1,3.2408,18.768,0.038251,1,14.531,0,0
150.84,0,4.1348,3.8484,0.85538,0,20.661,0,1
208.12,0,0.2686,0,0.085663,0,0.66745,0,0
359.29,1,3.542,27.891,0.29718,1,75.033,0,0
,,3.2587,,-0.31907,,,,
32.809,0,3.2507,0.047159,0.066499,0,1.6433,0,0
189.55,0,2.3598,0.0059161,0.067259,0,0.41947,0,0
340.7,0,2.1328,1.5736,0.67086,0,34.326,0,0
333.97,1,-1.2476,18.612,0.1101,1,5.5882,1,0
220.42,1,-1.0115,10.308,0.10568,1,4.1945,1,0
314.23,0,2.5649,14.467,0.34,0,87.193,0,0
,,0.84759,,-0.33026,,,,
256.55,0,1.5533,24.858,0.55956,0,87.066,0,1
343.25,1,-0.95919,6.717,0.20926,0,84.193,0,0
,,3.2832,,0.051677,,,,
79.578,0,2.3914,1.8908,0.046989,0,75.168,0,0
340.02,0,3.7729,0.030031,0.26172,0,2.731,0,0
254.73,1,-0.25874,17.403,0.045759,1,13.934,0,0
213.06,,2.6917,,-0.18389,1,8.509,1,
303.15,0,1.4941,0,0.066309,0,0.71992,0,0
246.64,0,4.8054,0.48011,0.51657,0,28.482,0,0
237.39,0,3.8794,0,0.44241,0,9.0945,0,0
250.95,0,-1.0274,28.834,0.47738,0,1.6767,0,1
,,3.2743,,-0.37886,,,,
218.55,0,-1.4002,1.3624,0.12672,0,5.0891,0,0
274.73,1,3.7549,21.823,0.11871,1,0.36372,1,0
,,1.6824,,-0.26829,,,,
30.433,0,1.1057,0.016584,0.73032,0,0.45552,0,0
266.92,1,-1.0233,22.461,0.066465,1,1.9493,1,0
,,,,-0.30584,,,,
142.94,1,3.3055,10.617,0.034483,1,10.817,1,0
271.82,0,-0.13377,1.6239,0.1986,0,30.754,0,0
202.84,0,2.9507,0,0.050453,0,0.28767,0,0
58.94,0,0.43016,0,0.049962,0,5.8011,0,0
,,2.0015,,-0.30689,,,,
329.53,0,0.49171,0,0.39559,0,15.222,0,0
102.7,1,1.2122,19.523,0.11651,1,13.935,0,0
,,3.5124,,-0.11988,,,,
95.375,0,-1.5795,3.1719,0.77518,0,12.541,0,1
118.56,1,2.8985,3.671,0.13182,0,76.091,0,0
,,1.9482,,-0.18012,,,,
,,3.4312,,0.0635,,,,
96.636,0,2.9092,0.0097468,0.11846,0,2.1953,0,0
276.12,1,0.72903,15.516,0.13405,1,86.537,0,0
315.84,1,3.9684,18.919,0.22238,0,85.864,0,0
339.63,0,-0.66092,0,0.15101,0,1.5033,0,0
105.78,0,-1.7543,8.6497,0.64489,0,57.446,0,1
269.53,1,3.374,4.1725,0.13096,1,6.8698,1,0
49.209,0,4.0154,0,0.13822,0,0.24038,0,0
,,,,-0.33099,,,,
187.74,0,3.9311,3.4183,0.68846,0,2.5022,0,1
178.52,0,3.2376,0.00089669,0.14313,0,0.42427,0,0
48.268,0,3.0665,13.441,0.42512,0,0.65517,0,1
278.79,0,-4.1679,0,0.66567,0,76.474,0,0
133.14,0,-1.8258,0.41217,0.086445,0,6.7686,0,0
,,3.1975,,-0.0083102,,,,
150.79,0,3.8061,0.43753,0.79846,0,5.5853,0,0
,,2.6582,,-0.31437,,,,
,,3.4668,,0.69394,,,,
253.45,0,1.4274,0.80302,0.66495,0,13.005,0,0
155.63,1,3.685,9.5675,0.26968,1,1.4328,1,0
344.05,0,0.85421,0.0039927,0.094395,0,1.948,0,0
,,3.2735,,-0.25087,,,,
194.04,0,2.97,0,0.14011,0,4.8905,0,0
,,2.9712,,-0.31478,,,,
317.11,1,-0.88975,21.234,0.097628,1,60.15,0,0
342.96,0,-1.6775,1.7856,0.52926,0,7.3661,0,0
63.515,1,4.7652,50.025,0.043347,1,1.2126,1,0
272.54,1,-1.5238,8.9394,0.23421,1,22.471,0,0
125.15,0,3.6656,0.0091479,0.61719,0,0.28371,0,0
255.51,1,0.4564,22.337,0.13216,1,0.38467,1,0
,,1.4475,,-0.22727,,,,
,,2.6927,,0.13938,0,,,
1.781,0,4.6004,4.8179,0.36389,0,70.17,0,0
60.652,1,-1.311,15.978,0.19231,1,1.113,1,0
147.31,0,-0.13178,0.00268,0.063202,0,0.66221,0,0
285.16,1,-1.7029,15.011,0.16963,1,5.8772,1,0
135.4,0,3.4286,0,0.30152,0,6.7321,0,0
164.16,0,0.88271,6.0625,0.84807,0,38.661,0,1
,,3.5178,,-0.26459,,,,
211.9,0,3.626,0,0.048506,0,12.645,0,0
,,2.6156,,-0.27273,,,,
349.06,1,3.4032,2.7609,0.055556,1,0.29128,1,0
163.29,0,1.1298,0,0.39039,0,0.79308,0,0
142.02,1,-0.22946,20.245,0.11786,1,0.41776,1,0
142.55,1,-0.48783,35.717,0.042795,1,0.61524,1,0
,,2.5101,,-0.31115,,,,
,,2.8787,,-0.47471,,,,
101.8,0,-1.1518,0.041214,0.14308,0,4.7464,0,0
,,3.0214,,0.016803,0,,,
345.79,0,4.2662,0.0064983,0.082394,0,1.503,0,0
277.22,0,-0.36498,0,0.322,0,5.5422,0,0
359.29,,1.2035,,0.28745,1,1.5818,1,
,,,,-0.42759,,,,
331.4,0,0.8294,19.859,0.81118,0,80.002,0,1
50.059,0,-1.2053,0.17885,0.10299,0,44.752,0,0
58.654,1,3.6349,14.114,0.13238,1,0.21368,1,0
339.15,0,0.99084,0.0021555,0.20609,0,0.56782,0,0
,,3.0262,,-0.094156,,,,
168.39,0,0.89963,5.2496,0.8796,0,30.97,0,1
,,3.2735,,-0.2827,,,,
29.279,0,2.5895,0.042905,0.10771,0,1.4363,0,0
105.51,0,-1.2735,0,0.62836,0,3.0739,0,0
346.13,0,3.6273,0,0.051034,0,1.2362,0,0
,,,,-0.47656,,,,
268.45,0,1.5307,0,0.85466,0,3.9485,0,0
340.3,1,3.8029,117.49,0.027909,1,12.563,0,0
,,2.8712,,-0.43191,,,,
340.5,0,3.3276,0,0.29623,0,1.6588,0,0
,,,,-0.33333,,,,
14.962,1,-0.98247,3.9977,0.063681,1,0.44657,1,0
156.33,0,0.037818,0.0077816,0.27911,0,1.5622,0,0
269.28,0,1.4389,11.898,0.83337,0,51.484,0,1
69.357,1,2.4955,21.18,0.071887,1,0.33618,1,0
314.22,0,3.4049,0.0042448,0.038372,0,0.98219,0,0
213.72,0,1.0357,0,0.27726,0,1.1886,0,0
165.6,0,3.799,0.0083022,0.085055,0,0.997,0,0
,,2.8585,,-0.44061,,,,
102.48,0,2.4988,5.7017,0.66278,0,52.017,0,1
17.074,0,3.1751,0,0.04081,0,0.45154,0,0
359.58,,2.0272,,0.10426,0,14.209,0,
27.686,0,-1.4557,5.2106,0.4883,0,64.412,0,1
217.61,1,3.3645,7.5832,0.16192,0,86.453,0,0
,,2.9547,,0.15152,,,,
,,3.3041,,-0.00072202,1,,,
316.98,0,-0.91233,1.1867,0.16961,0,59.293,0,0
260.73,1,0.46439,16.162,0.086792,1,7.2039,1,0
,,2.5708,,-0.38288,,,,
230.67,0,3.4541,1.727,0.0060011,0,1.4049,0,0
329.79,0,3.6774,13.398,0.51591,0,70.107,0,1
313.38,0,-1.13,5.4121,0.7899,0,61.043,0,1
1.1841,1,3.5862,9.4164,0.07195,1,16.083,0,0
218.45,1,-1.068,9.3758,0.19665,1,0.23662,1,0
49.561,1,-0.88428,5.1927,0.17765,1,46.927,0,0
87.508,1,3.02,3.267,0.13819,1,25.122,0,0
203.31,0,3.2753,0.0012548,0.1952,0,1.7505,0,0
138.07,1,-1.0466,17.776,0.076696,1,3.9635,1,0
,,2.1496,,-0.23544,,,,
122.13,0,0.31717,0,0.31577,0,0.34887,0,0
,,2.6749,,-0.25672,,,,
301.69,0,0.33278,0.38332,0.86181,0,81.089,0,0
332.12,0,1.8115,0,0.099768,0,0.54127,0,0
,,3.3766,,-0.18857,,,,
89.693,0,2.7294,0.050609,0.296,0,1.6032,0,0
,,2.9757,,-0.16303,,,,
,,2.9744,,-0.36301,,,,
186.77,0,-1.2977,0.61007,0.24692,0,0.35271,0,0
197.65,1,1.0121,15.038,0.19679,1,26.528,1,0
264.81,0,3.686,0,0.15083,0,1.4641,0,0
,,2.5472,,-0.38715,,,,
335.19,0,3.8531,1.651,0.31726,0,53.118,0,0
359.27,0,-0.67624,30.77,0.33812,0,0.98598,0,0
,,2.9615,,-0.27536,,,,
26.998,1,-0.10554,18.671,0.16379,1,0.136,1,0
148.31,0,3.4984,0,0.1643,0,4.9355,0,0
257.18,0,0.35716,0.014238,0.063232,0,3.4405,0,0
314.32,1,-1.6769,14.527,0.064085,1,49.933,0,0
44.203,0,6.2948,3.1716,0.5414,0,75.266,0,1
331.2,1,2.932,25.762,0.064677,1,6.1047,1,0
58.93,1,3.4936,13.717,-0.014085,1,6.9859,1,0
202.4,0,3.308,0,0.44223,0,0.96609,0,0
61.6,0,3.9313,0,0.045226,0,3.2034,0,0
275.75,0,-1.5898,0,0.30718,0,2.5435,0,0
101.15,0,-0.847,0.1553,0.51492,0,8.5748,0,0
,,2.4527,,-0.39551,,,,
273.64,0,3.8811,0,0.060156,0,1.0547,0,0
136.27,0,4.9733,0.0013738,0.19668,0,0.67414,0,0
71.842,1,2.6627,21.637,0.067895,1,42.643,0,0
273.94,0,3.649,0,0.074413,0,1.4817,0,0
245.57,0,-1.1702,11.56,0.42912,0,0.15696,0,1
,,2.6611,,-0.2057,,,,
249.97,0,-0.49832,30.699,0.41477,0,0.6759,0,1
,,2.8688,,-0.3216,,,,
,,2.237,,0.23577,,,,
,,2.3365,,-0.30568,,,,
,,2.9133,,-0.03212,,,,
137.15,0,2.6355,0,0.11769,0,1.1133,0,0
153.35,1,-1.5534,3.1794,0.29928,1,52.856,1,0
350.23,1,2.4542,4.9295,0.15391,1,1.3872,1,0
334.21,0,-0.87078,0.0013763,0.49919,0,0.28482,0,0
92.354,0,-0.6182,0.029703,0.24739,0,3.9537,0,0
278.65,1,0.22458,23.984,0.044563,1,15.068,0,0
59.347,1,0.29191,26.109,0.16364,1,77.649,0,0
152.62,,3.3641,,-0.1127,0,64.786,0,
141.89,1,-0.85242,8.2741,0.17747,1,0.72876,1,0
195.86,0,-0.96696,31.181,0.3911,0,0.44268,0,0
237.12,1,4.0122,41.002,0.023859,1,0.57039,1,0
,,0.25964,,0.81369,,,,
158.84,0,3.8868,0,0.06995,0,0.6913,0,0
,,3.2727,,-0.12033,,,,
179.29,0,3.1331,0.0055568,0.55739,0,0.24652,0,0
344.71,0,-0.23197,0,0.14773,0,3.5376,0,0
153.34,1,3.5145,13.379,0.11765,1,46.075,1,0
149.39,0,5.4272,0,0.046952,0,14.475,0,0
,,1.3195,,-0.18713,,,,
87.843,0,3.3816,5.185,0.6185,0,41.164,0,1
,,2.7089,,-0.29538,,,,
226.61,1,-1.006,13.182,0.13188,1,1.2348,1,0
191.89,0,3.7109,9.7808,0.73143,0,72.013,0,1
,,3.0243,,-0.26118,,,,
231.74,0,3.5842,3.274,0.39462,0,0.34798,0,0
266.71,0,3.6421,0.011114,0.075282,0,1.2713,0,0
,,3.5099,,-0.35971,,,,
72.963,0,3.569,0,0.13309,0,0.85637,0,0
,,,,-0.33518,,,,
179.27,0,4.0668,8.8395,0.7978,0,62.643,0,1
288.08,0,1.5136,10.055,0.70306,0,25.297,0,1
359.29,,0.31268,,0.15331,1,2.0801,1,
268.98,0,3.8912,0,0.11272,0,1.0287,0,0
155.76,0,0.91701,0,0.44472,0,1.0941,0,0
314.66,0,-0.61752,0.82192,0.19479,0,50.029,0,0
45.695,0,0.54616,9.9749,0.84731,0,11.757,0,1
359.28,0,0.49696,3.6803,0.52924,0,26.944,0,1
,,2.3392,,-0.046187,,,,
205.23,0,0.43456,9.7993,0.88521,0,44.251,0,1
291.42,0,1.0595,0,0.096035,0,0.16751,0,0
33.906,0,-0.01819,1.9523,0.4176,0,34.926,0,0
,,3.1422,,-0.32458,,,,
357.6,0,1.1783,0,0.10179,0,3.8826,0,0
231.77,0,2.6826,0.081416,0.049223,0,0.18836,0,0
230.07,0,3.5791,0,0.2377,0,0.16322,0,0
,,3.2617,,-0.34247,,,,
333.92,0,3.3126,22.405,0.30654,0,24.514,0,0
,,3.3039,,-0.35168,,,,
,,1.2253,,-0.19495,,,,
,,2.4458,,-0.10121,,,,
,,3.2414,,-0.14745,,,,
89.277,0,-1.8827,0.0034955,0.80325,0,0.50002,0,0
,,3.3332,,-0.38789,,,,
,,2.6496,,-0.25096,,,,
157.4,0,3.2704,0,0.18113,0,62.957,0,0
264.96,1,-0.66768,42.207,0.077068,1,1.7516,1,0
63.75,0,0.86161,1.0913,0.849,0,72.389,0,0
340.48,0,-0.24741,0,0.11313,0,0.66005,0,0
336.26,0,3.2087,0,0.49503,0,6.5553,0,0
270.05,1,2.042,13.401,0.1123,1,69.562,0,0
255.43,,0.41516,,0.75263,0,37.959,0,
253.69,0,3.4177,0,0.05045,0,0.44755,0,0
357.82,0,-0.070822,5.9908,0.37809,0,77.299,0,0
76.678,0,-1.1138,0.018274,0.099753,0,0.34158,0,0
,,2.6369,,-0.15808,,,,
140.16,1,0.09867,11.628,0.29535,1,0.93829,1,0
137.95,0,-0.73636,0.27746,0.59527,0,10.358,0,0
302.04,0,2.8237,0,0.14104,0,0.21189,0,0
65.234,0,-1.1201,0.014698,0.089588,0,6.9022,0,0
335.22,0,-1.2102,11.054,0.34545,0,79.78,0,0
51.826,0,1.6665,0,0.10166,0,4.1857,0,0
88.959,1,-1.2774,5.3335,0.11033,1,78.311,0,0
97.177,0,0.24531,7.0384,0.77055,0,3.7489,0,1
186.11,0,-0.1552,0,0.18086,0,1.0623,0,0
179.28,0,-0.30921,0.87281,0.23515,0,38.504,0,0
254.17,0,2.7504,0.064273,0.11917,0,4.8881,0,0
232.27,,2.4689,,0.35261,0,3.8599,0,
328.27,1,0.35701,27.928,0.10024,1,59.343,0,0
34.436,0,-0.060832,0.14363,0.21717,0,3.5088,0,0
254.95,0,-0.018026,9.2538,0.83594,0,75.042,0,1
,,,,-0.3628,,,,
189.01,,7.0174,,0.18923,0,83.222,0,
307.18,1,-0.92387,13.807,0.10364,1,17.4,0,0
287.68,0,3.7195,0.016027,0.31584,0,0.12719,0,0
132.46,0,-0.44284,0.016343,0.72572,0,2.1352,0,0
110.54,1,3.5211,11.047,-0.0217,1,57.834,0,0
206.08,0,5.204,6.2164,0.4994,0,62.909,0,1
267.11,0,2.7025,12.943,0.40772,0,85.672,0,1
,,2.7243,,-0.31138,,,,
,,2.7314,,-0.13333,,,,
,,3.2728,,-0.38104,,,,
,,3.2591,,-0.35284,,,,
99.479,1,3.4646,9.1686,0.020923,0,84.865,0,0
263.59,0,-1.4609,0.0024107,0.3439,0,0.23105,0,0
177.07,0,-0.99634,0,0.22846,0,9.1636,0,0
196.34,0,1.2173,0.0052941,0.64649,0,2.3494,0,0
238.07,0,-1.1864,0.53097,0.3273,0,74.005,0,0
44.359,0,3.2312,0.0071948,0.17634,0,0.89289,0,0
269.28,1,-1.0137,11.463,0.094816,1,0.49429,1,0
208.06,1,2.994,7.3952,0.083401,0,69.199,0,0
63.489,0,4.3868,2.6972,0.48491,0,6.4651,0,1
144.84,0,3.9027,0,0.11487,0,6.1431,0,0
,,1.1043,,-0.15681,,,,
310.03,1,-1.2253,11.679,0.11281,0,2.3433,0,0
137.16,0,2.5436,4.72,0.44128,0,83.236,0,1
134.22,0,3.5532,0,0.44788,0,4.5285,0,0
141.55,1,3.2246,6.4718,0.051095,1,0.98586,1,0
18.942,0,2.1282,0.0086586,0.26672,0,1.3329,0,0
353.84,0,3.251,0,0.046332,0,0.60466,0,0
,,2.4993,,-0.30016,,,,
,,2.8572,,-0.40034,,,,
359.27,1,3.7805,42.634,0.047297,1,1.9428,1,0
2.3936,1,1.1567,19.052,0.094891,1,0.95874,1,0
5.8794,0,-1.0019,0,0.23342,0,0.22507,0,0
170.04,1,2.4463,17.611,0.10972,1,5.8087,1,0
,,0.31428,,0.77397,,,,
163.37,0,-1.497,0.0038416,0.74894,0,0.52454,0,0
309.47,0,2.5734,0,0.15466,0,2.4957,0,0
155.25,0,2.425,0.0016978,0.75114,0,9.5641,0,0
2.7606,0,2.2495,2.0428,0.90819,0,29.799,0,0
359.59,1,3.3063,12.789,0.18826,1,45.222,0,0
12.059,1,3.258,16.025,0.15668,1,3.944,1,0
37.066,0,-1.1762,0.0085547,0.11262,0,1.3129,0,0
359.3,0,3.336,0,0.1407,0,0.28663,0,0
293.19,0,0.22475,0.016949,0.55464,0,0.45266,0,0
330.87,1,-0.88009,8.003,0.091531,1,4.6175,1,0
278.29,0,2.7266,0.0052993,0.12155,0,2.0533,0,0
117.09,0,5.3775,0,0.15363,0,78.358,0,0
199.34,1,2.8452,15.65,0.13782,1,25.465,1,0
75.698,0,3.5641,0.0038061,0.16239,0,0.56168,0,0
78.71,0,3.631,0,0.83413,0,71.183,0,0
,,,,-0.33333,,,,
242.04,0,-0.74274,0.0089434,0.12732,0,1.2151,0,0
,,3.2746,,-0.29597,,,,
,,2.4881,,-0.38961,,,,
226.16,1,-1.2358,15.563,0.2451,1,0.77157,1,0
,,0.94882,,-0.29569,,,,
340.63,1,3.619,20.913,0.10072,1,3.8368,1,0
201.54,0,3.4828,1.6656,0.0044248,0,0.63788,0,0
133.6,0,0.99037,0.0097292,0.14423,0,3.1145,0,0
329.23,0,-0.15575,3.2356,0.36669,0,0.51655,0,0
265.68,0,0.28079,9.9315,0.40294,0,86.636,0,1
222.69,1,4.0283,24.47,0.1072,1,0.27609,1,0
92.241,1,0.28965,16.81,0.11081,1,0.55817,1,0
152.86,0,3.3799,0,0.1869,0,16.138,0,0
315.23,0,4.1725,0,0.42043,0,7.858,0,0
10.121,1,4.129,104.68,0.014899,1,0.49027,1,0
,,3.2322,,-0.32184,,,,
224.69,0,1.7228,0,0.11917,0,1.4204,0,0
175.39,0,-1.1489,12.36,0.40656,0,27.011,0,1
267.43,0,0.21813,0,0.21458,0,0.88552,0,0
210.48,0,1.7891,0.0051321,0.10479,0,0.67686,0,0
106.59,0,0.71454,0.0088567,0.45902,0,0.67424,0,0
,,3.0464,,-0.1873,,,,
,,1.0559,,-0.25729,,,,
223.62,0,4.0652,0.0036211,0.040162,0,0.93758,0,0
287.1,1,-0.33079,4.7585,0.062687,0,3.2565,0,0
47.503,0,2.8333,0,-0.0081596,0,0.73991,0,0
272.63,0,1.5094,12.153,0.88179,0,47.724,0,1
19.463,0,0.24691,0.012892,0.20353,0,0.61681,0,0
299.28,0,-0.68813,0.0080323,0.11158,0,0.25221,0,0
222.62,0,3.1739,27.042,0.36909,0,1.3397,0,0
,,2.8214,,-0.2844,,,,
,,2.5242,,0.026022,,,,
269.27,1,-1.3054,8.4031,0.10496,1,0.5115,1,0
,,2.3386,,-0.24,,,,
236.77,0,1.0581,0,0.06385,0,0.90646,0,0
296.07,0,5.7362,0.010298,0.18125,0,3.2157,0,0
172.25,0,3.8024,0,0.81835,0,12.649,0,0
204.94,0,-0.13272,0.0050228,0.052149,0,0.91577,0,0
,,2.5476,,-0.22535,,,,
61.448,1,0.80287,5.0233,0.095113,0,85.424,0,0
40.2,0,4.2045,2.9127,0.57069,0,39.118,0,1
134.85,0,5.1609,0,0.081036,0,4.7826,0,0
157.43,0,-0.31938,0,0.11512,0,0.33971,0,0
123.83,0,3.2471,0.0097599,0.25072,0,1.9602,0,0
293.8,0,-1.2722,0,0.44863,0,3.1179,0,0
0.27059,0,1.2154,0.010835,0.45155,0,3.3732,0,0
,,1.5332,,0.22867,1,,,
,,2.1565,,-0.30016,,,,
299.7,0,-1.6777,0,0.71999,0,1.0529,0,0
,,2.7579,,-0.30312,,,,
337.61,1,2.8654,33.744,0.078422,1,1.4,1,0
12.086,0,4.0927,0,0.31022,0,1.2697,0,0
184.33,0,-1.1717,13.43,0.31148,0,3.9762,0,0
262.26,1,-0.17828,24.58,0.008019,1,14.734,0,0
123.81,1,-0.2437,16.184,0.041838,1,0.6977,1,0
266.65,0,-1.392,0.0028945,0.38843,0,1.5013,0,0
,,3.0153,,-0.15659,,,,
13.523,0,3.4451,0.013242,0.10667,0,0.91079,0,0
,,1.7241,,-0.18049,,,,
270.24,1,3.3149,14.59,0.14385,1,33.23,0,0
,,,,-0.48654,,,,
37.21,0,2.4105,0,0.33826,0,0.87918,0,0
314.22,0,3.7865,6.928,0.67518,0,42.849,0,1
314.12,0,4.3978,0,0.036667,0,55.464,0,0
,,,,-0.37032,,,,
,,3.3723,,-0.2697,,,,
242.01,1,3.09,16.015,0.11456,1,35.743,0,0
,,3.2842,,0.20433,,,,
,,2.7255,,-0.33333,,,,
168.6,0,1.4706,0,0.26098,0,66.291,0,0
53.936,1,0.35694,3.1833,0.2109,0,1.05,0,0
201.38,1,4.0753,104.71,0.0096,1,0.81041,1,0
329.56,0,0.29127,0.011629,0.19147,0,1.9929,0,0
338.22,0,4.3657,1.4762,0.77538,0,52.07,0,0
92.665,0,1.4129,12.231,0.84615,0,78.767,0,1
10.639,0,1.191,0.080986,0.069767,0,2.2499,0,0
72.867,0,-1.1941,0,0.23247,0,1.3598,0,0
,,2.8072,,-0.25944,,,,
,,2.5914,,-0.29268,,,,
354.72,0,-1.885,12.522,0.31068,0,18.575,0,0
,,,,-0.26597,,,,
157.08,0,0.19088,2.1502,0.024682,0,4.9409,0,0
269.15,0,3.4493,0.0031505,0.15117,0,20.525,0,0
268.96,1,-0.92795,19.055,0.079818,1,1.0286,1,0
,,2.3855,,-0.35072,,,,
32.043,0,0.24877,0.032329,0.56621,0,2.4732,0,0
42.205,0,3.3093,0.012453,0.019868,0,1.4009,0,0
80.633,1,-0.48895,5.4058,0.26308,0,81.783,0,0
174.86,0,-1.1197,0,0.22558,0,0.97164,0,0
298.05,0,4.7522,0.013914,0.14465,0,1.704,0,0
,,3.1324,,-0.16719,,,,
,,2.4963,,-0.32907,,,,
89.291,1,2.8433,73.734,0.024735,1,1.9134,1,0
8.5071,0,3.7383,0,0.42054,0,0.39492,0,0
191.26,1,4.0006,44.026,0.18344,1,52.836,1,0
89.279,0,-2.1875,19.375,0.84053,0,28.75,0,1
42.535,0,3.426,0,0.43641,0,1.149,0,0
52.698,0,3.5449,0.1489,0.096241,0,1.5386,0,0
357.62,0,-0.032864,0.29786,0.27244,0,16.678,0,0
17.426,0,3.7779,0.0093589,0.11638,0,0.60926,0,0
141.52,0,3.916,0.015347,0.5831,0,1.2761,0,0
353.31,1,0.53041,24.89,0.19899,1,1.435,1,0
169.93,1,1.892,7.8168,0.088989,0,70.842,0,0
128.98,0,3.8489,0,0.028194,0,0.97837,0,0
44.12,1,2.5546,15.158,0.1359,0,58.409,0,0
317.41,0,2.0416,0,0.20891,0,47.2,0,0
186.53,0,3.1537,0.015891,0.22091,0,0.45652,0,0
116.62,0,1.2263,0,0.5082,0,6.4751,0,0
186.97,0,3.9233,0.0093124,0.42645,0,1.6309,0,0
,,2.2201,,-0.23688,,,,
89.29,1,2.836,21.767,0.093394,1,0.25861,1,0
,,2.6284,,-0.18971,,,,
286.83,0,3.7171,0.0051565,0.14854,0,3.6117,0,0
320.97,1,-0.60255,6.4215,0.16917,1,26.385,0,0
215.98,0,-1.8416,0.037963,0.36269,0,0.83657,0,0
261.65,,0.61647,,0.24324,1,23.556,0,
147.58,0,3.5472,0.079258,0.24584,0,10.487,0,0
91.393,0,5.9145,0.68392,0.52429,0,4.854,0,0
71.942,1,-0.26036,20.153,0.0194,1,7.2347,1,0
287.02,1,3.2124,23.124,0.10586,1,0.94117,1,0
256.35,1,-0.25608,34.005,0.16721,1,13.463,0,0
263.73,0,0.089274,0.66773,0.32846,0,31.892,0,0
139.8,0,3.5855,0,0.087355,0,2.9615,0,0
268.53,0,2.7331,0.2364,0.090559,0,12.238,0,0
275.79,0,-1.4484,0.01891,0.60348,0,2.8785,0,0
201.67,0,1.8649,0.0139,0.58627,0,1.463,0,0
,,2.8278,,-0.35714,,,,
89.288,1,0.31284,16.818,0.11075,1,0.28163,1,0
32.877,0,9.4316,2.914,0.63579,0,59.159,0,1
340.41,0,2.9045,0.014469,0.27496,0,1.048,0,0
325.42,0,1.7358,5.1922,0.85856,0,64.52,0,1
,,2.5591,,-0.25085,,,,
269.1,0,3.668,2.1713,0.25184,0,54.893,0,0
164.4,0,4.1638,0,0.018396,0,0.29067,0,0
229.82,1,-0.26238,31.84,0.024046,0,89.161,0,0
140.84,0,4.6898,0,0.22039,0,0.52696,0,0
,,2.264,,-0.23706,,,,
273.86,0,3.2113,2.4069,0.18925,0,0.43241,0,0
330.39,0,3.3614,0,-0.0039216,0,11.178,0,0
234.72,0,-0.64983,0,0.18947,0,0.29311,0,0
4.3246,0,3.3485,2.0726,0.052526,0,26.15,0,0
139.95,0,4.751,0.0091295,0.72694,0,0.60765,0,0
124.5,0,3.0736,0.015949,0.14558,0,0.28839,0,0
106.96,0,3.5026,0.050639,0.3854,0,42.058,0,0
303.03,0,4.0566,8.253,0.33739,0,2.1764,0,0
2.1692,0,3.5532,0,0.16542,0,5.721,0,0
342.27,0,5.8234,0.015866,0.43221,0,5.6356,0,0
346.44,0,-0.71303,0.017432,0.19213,0,0.25871,0,0
149.13,1,-1.0019,11.029,0.25383,1,70.928,0,0
181.19,1,3.3492,12.532,0.1082,1,3.1173,1,0
25.37,0,4.2041,0.79146,0.67153,0,43.856,0,0
176.9,0,-1.2484,0,0.19341,0,0.69424,0,0
233.26,0,5.2051,0.0062809,0.11884,0,0.34112,0,0
314.22,1,3.0651,9.4428,0.054194,0,82.709,0,0
,,2.9746,,-0.33563,,,,
263.21,,0.33208,,0.26305,0,7.4997,0,
,,3.2279,,-0.42606,,,,
,,3.3769,,-0.27152,,,,
,,,,-0.34622,,,,
90.818,1,-1.2428,20.287,0.26727,1,8.2845,1,0
20.189,1,-1.0628,12.77,0.12258,1,0.38662,1,0
255.57,0,-1.5674,0.013365,0.65714,0,0.82229,0,0
271.01,,1.9528,,0.10651,0,6.2486,0,
219.02,0,0.29903,9.012,0.8796,0,51.107,0,1
,,,,-0.49703,,,,
339.45,0,1.3155,0.0071898,0.16808,0,1.3711,0,0
190.3,0,3.4809,0.002418,0.14354,0,0.57233,0,0
,,2.816,,-0.34343,,,,
344.08,0,4.3783,29.57,0.36538,0,24.647,0,0
,,-1.999,,0.74321,0,,,
,,1.7958,,-0.29204,,,,
169.84,0,-1.0923,13.605,0.43313,0,0.98204,0,1
38.039,1,2.6066,70.909,0.076119,1,78.105,0,0
,,,,-0.33731,,,,
325.27,0,-1.7422,0.034168,0.48034,0,1.5209,0,0
235.38,0,3.0139,0,0.18688,0,0.61639,0,0
,,2.4352,,-0.10507,,,,
4.3993,0,2.7198,0,0.21988,0,0.58131,0,0
332.59,0,3.341,0,-0.0111,0,1.9308,0,0
49.512,0,3.0971,0.0045607,0.42173,0,0.8152,0,0
179.27,0,1.2971,5.8986,0.52686,0,8.1483,0,1
,,1.714,,-0.30968,,,,
314.22,1,3.8551,59.554,0.065895,1,3.2922,1,0
,,2.5415,,-0.11211,,,,
,,2.9178,,-0.19733,,,,
122.91,0,3.7516,12.906,0.33056,0,20.875,0,0
,,2.3922,,-0.16757,,,,
26.416,0,3.3463,2.9252,0.64969,0,68.101,0,1
,,,,-0.38384,,,,
256.74,0,-1.202,11.38,0.47281,0,0.92435,0,1
89.284,0,-0.037791,2.2128,0.43168,0,1.1723,0,0
,,2.3872,,-0.27019,,,,
267.28,0,3.6496,2.0371,0.14928,0,19.546,0,0
217.66,0,0.33074,2.6833,0.34679,0,80.89,0,0
319.08,0,-1.1447,0.031639,0.26511,0,1.1484,0,0
314.56,0,4.0914,0.019009,0.12707,0,0.68593,0,0
326.98,0,0.41806,0,0.21663,0,1.5054,0,0
250.01,0,0.83036,0,0.15781,0,22.935,0,0
,,2.7258,,-0.29797,,,,
,,2.9051,,-0.23077,,,,
,,1.5217,,-0.16646,,,,
,,3.2429,,-0.43165,,,,
,,2.3462,,-0.30949,,,,
275.54,0,2.9415,0,-0.1393,0,0.63023,0,0
40.744,0,6.1824,0.005156,0.37839,0,3.4604,0,0
256.38,1,-0.89406,11.559,0.064267,0,75.475,0,0
136.48,0,-0.79907,0.0092657,0.026726,0,2.2491,0,0
,,2.5495,,-0.24167,,,,
262.85,0,3.0561,0,0.63254,0,38.242,0,0
,,3.3326,,-0.025837,,,,
206.39,1,4.1449,35.151,0.078667,1,5.6101,1,0
267.75,0,2.8178,0.0056543,0.50726,0,8.5601,0,0
151.78,0,4.1029,0,0.85538,0,17.92,0,0
22.759,1,0.89351,19.317,0.10267,1,18.47,0,0
157.26,0,-0.010158,0.013458,0.12681,0,4.2531,0,0
,,0.36331,,0.5838,,,,
261.14,0,3.7045,8.9055,0.62706,0,51.401,0,1
339.46,,1.2079,,0.34779,0,2.7614,0,
11.787,0,0.48283,10.307,0.66494,0,69.862,0,1
,,2.6919,,-0.055655,,,,
29.33,1,2.6415,5.5888,0.1087,1,0.90714,1,0
228.19,0,3.279,0.0048468,0.27029,0,1.3343,0,0
322.23,0,6.0806,0.0023384,0.26343,0,0.49576,0,0
316.69,0,1.3258,2.5968,0.71906,0,76.108,0,1
236.51,1,-0.94968,14.711,0.19715,1,1.1755,1,0
87.797,0,3.1584,0,0.67551,0,54.568,0,0
,,3.4569,,-0.28951,,,,
142.87,0,0.36113,11.54,0.31725,0,73.769,0,0
132.35,0,-0.92901,15.018,0.36807,0,4.3738,0,0
181.93,0,0.88614,11.858,0.87579,0,65.728,0,1
305.77,0,3.2943,1.6443,0.029778,0,5.2112,0,0
303.85,1,3.475,22.049,0.10982,1,0.49536,1,0
7.7995,0,1.1477,0.0071291,0.72613,0,3.4159,0,0
171.25,1,-0.15034,5.2665,0.10455,1,81.303,0,0
126.35,0,3.7184,0.012985,0.14689,0,0.95084,0,0
162.29,0,-0.34673,0.0020286,0.11883,0,0.6294,0,0
61.308,0,1.1885,0.25366,0.24534,0,0.5011,0,0
89.183,1,1.0414,13.82,0.14226,1,39.116,0,0
151.21,0,3.9935,0,0.49631,0,1.111,0,0
269.28,1,1.0586,15.901,0.16526,1,0.85053,1,0
,,2.3872,,-0.34489,,,,
,,3.4561,,-0.28501,,,,
338.97,1,1.9034,7.5798,0.091655,1,40.631,0,0
,,1.7983,,-0.34649,,,,
,,,,-0.501,,,,
,,3.2563,,-0.31126,,,,
,,1.4911,,-0.28458,,,,
136.17,0,3.5455,0.36733,0.85031,0,57.675,0,0
,,3.3544,,-0.12351,,,,
189.5,0,2.4943,1.3715,0.052194,0,55.709,0,0
,,1.0614,,-0.31439,,,,
79.343,0,2.7092,0.20707,0.46009,0,27.047,0,0
,,2.7586,,-0.29965,,,,
120.28,0,2.9758,0,0.19348,0,1.8365,0,0
32.128,1,4.1444,34.995,0.14677,1,13.975,0,0
137.44,0,0.59206,0.0017429,0.82585,0,0.86168,0,0
,,2.8462,,-0.28727,,,,
89.277,0,-1.044,2.5237,0.54512,0,1.6491,0,1
348.63,0,-1.383,0.48325,0.2252,0,25.619,0,0
69.807,1,-0.55878,20.455,0.082521,1,22.584,0,0
39.171,0,1.3625,0,0.71038,0,42.418,0,0
,,2.4024,,-0.26694,,,,
,,,,-0.41039,,,,
252.74,1,-0.87213,8.0917,0.21733,1,49.988,0,0
173.84,1,3.5829,27.751,0.047281,1,68.604,0,0
238.89,0,0.1979,0.045096,0.13885,0,7.6498,0,0
223.28,0,-4.8473,0,0.0082764,0,1.0838,0,0
,,2.0236,,-0.29159,,,,
44.341,,3.0223,,0.16472,0,4.2641,0,
20.451,0,3.809,0,0.088817,0,4.7835,0,0
273.12,0,3.1516,0,0.050644,0,0.85824,0,0
298.12,0,3.2997,0,0.81511,0,1.2596,0,0
246.52,1,3.9849,2.5233,0.12431,0,14.085,0,0
61.861,0,3.3484,0,0.086197,0,0.47275,0,0
,,3.3131,,0.05103,,,,
224.64,1,-1.3411,13.413,0.18939,0,52.673,0,0
227.88,0,1.1584,0,0.14306,0,1.3867,0,0
319.04,0,-0.71957,2.3552,0.53537,0,78.604,0,0
,,3.2437,,-0.31842,,,,
,,5.4478,,-0.074266,,,,
,,1.7164,,0.045857,,,,
359.28,0,-0.16963,19.466,0.43728,0,0.25226,0,1
,,2.7237,,-0.22514,,,,
276.22,1,4.0916,19.817,0.13228,1,1.9012,1,0
,,2.7587,,-0.25722,,,,
17.347,1,0.39264,4.982,0.17453,1,19.302,0,0
359.28,1,2.991,26.677,0.13946,1,1.6219,1,0
139.05,1,3.9775,58.928,0.095052,1,8.5496,1,0
,,0.88422,,-0.30289,,,,
266.14,1,-0.18374,25.142,0.013953,1,13.289,0,0
191.98,0,3.9481,0,0.25573,0,0.47013,0,0
,,2.818,,-0.29139,,,,
166.31,0,4.6155,0.042611,0.28236,0,2.0993,0,0
53.728,0,2.7451,0.71335,0.13649,0,64.186,0,0
,,2.8864,,-0.27002,,,,
162.17,0,3.4652,0.5712,0.35465,0,61.429,0,0
,,2.0013,,-0.19217,,,,
153.87,0,-1.0609,0.0010033,0.13929,0,0.24116,0,0
180.69,0,3.8027,0,0.44218,0,26.47,0,0
168.99,1,1.6986,26.074,0.05689,1,5.2929,1,0
,,2.7305,,-0.24242,,,,
256.8,0,3.7773,0.087844,0.33434,0,0.7947,0,0
292.14,1,3.5218,7.6514,0.036789,1,1.6897,1,0
277.28,0,-0.86389,0.004591,0.3462,0,2.1407,0,0
253.54,0,0.91267,0,0.053938,0,1.3732,0,0
181.52,0,0.66225,2.4053,0.45131,0,78.866,0,0
226.28,0,1.9749,0,0.070298,0,1.9488,0,0
,,3.1654,,-0.19171,,,,
323.49,0,3.2707,0,0.13169,0,2.0342,0,0
328.66,1,3.365,145.02,0.050678,1,0.7797,1,0
327.71,1,-0.27769,16.154,0.22736,1,3.5748,1,0
102.64,0,1.9644,0.14527,0.46312,0,0.12405,0,0
208.88,1,3.5922,14.104,0.13076,1,1.908,1,0
,,2.9223,,-0.42714,,,,
325.97,1,3.4502,16.311,0.14548,0,76.963,0,0
135.22,0,4.0337,0,0.18726,0,5.5922,0,0
5.6571,0,3.228,3.7093,0.51132,0,66.493,0,1
82.339,1,0.26256,26.105,0.14892,1,0.52114,1,0
281.25,0,-1.2401,0,0.12153,0,1.5742,0,0
,,2.4522,,-0.082592,,,,
307.44,0,4.7231,0,0.19467,0,0.72366,0,0
352.17,0,3.8686,0,0.30573,0,2.7768,0,0
327.5,1,0.19809,14.304,0.061676,1,0.37094,1,0
247.22,1,-0.78032,7.21,0.18291,1,35.199,0,0
154.9,0,3.4753,0.0094421,0.041126,0,1.2524,0,0
43.587,1,2.8717,21.864,0.050164,1,1.7936,1,0
,,2.406,,-0.24345,,,,
111.9,0,2.5682,5.7871,0.55189,0,71.495,0,1
,,2.0464,,-0.4171,,,,
89.277,0,-0.92496,4.9951,0.41481,0,0.31038,0,1
67.219,0,-0.4828,0.6915,0.25419,0,46.773,0,0
266.5,0,4.1202,0,0.2604,0,0.58693,0,0
89.286,1,0.29146,28.217,0.040998,1,47.602,0,0
,,2.7306,,-0.23867,,,,
330.28,0,-1.0257,0.0022614,0.30645,0,1.612,0,0
,,3.2639,,-0.26596,,,,
,,1.4347,,-0.35211,,,,
114.96,0,1.055,0,0.52605,0,59.544,0,0
318.74,1,0.034904,14.064,0.27843,1,85.255,0,0
287.19,0,2.9746,1.3899,0.63947,0,0.9512,0,0
249.93,1,1.015,12.68,0.016237,1,1.2792,1,0
327.25,1,-1.6732,4.8136,0.15752,0,7.8416,0,0
,,1.2635,,-0.36648,,,,
,,2.776,,-0.2987,,,,
,,3.3831,,-0.2522,,,,
100,1,1.9599,12.871,0.10895,1,0.55565,1,0
302.95,0,3.5513,0,0.096416,0,2.7392,0,0
,,3.2975,,-0.23038,,,,
301.36,0,3.1656,2.4924,0.17567,0,27.857,0,0
91.314,0,4.618,9.5622,0.813,0,68.571,0,1
76.22,0,-1.9614,0.014992,0.30547,0,0.2537,0,0
343.8,1,-0.82852,13.399,0.19061,1,46.305,0,0
233.76,0,0.16757,0,0.24403,0,0.72026,0,0
,,2.3832,,-0.27907,,,,
,,1.2343,,-0.38407,,,,
314.22,0,1.0752,0.0099158,0.28212,0,1.5339,0,0
182.73,1,2.7096,15.88,0.16779,1,29.72,1,0
331.47,1,0.71471,7.0819,0.18826,0,83.92,0,0
72.648,0,-1.5703,3.4804,0.41192,0,46.186,0,1
64.148,0,0.30161,0,0.66916,0,1.0792,0,0
224.37,0,3.9294,0.02085,0.15448,0,0.11365,0,0
,,0.85857,,-0.261,,,,
72.546,1,0.86703,14.367,0.020256,1,9.6605,1,0
46.015,0,-2.7359,0,0.17873,0,1.9647,0,0
348.84,1,-0.30746,26.3,0.078869,1,40.596,0,0
,,2.216,,-0.32382,,,,
275.2,0,-1.6195,12.537,0.73697,0,80.106,0,1
261.18,0,-1.368,0,0.40191,0,3.2938,0,0
,,,,-0.4357,,,,
,,3.2523,,-0.14155,,,,
37.792,1,3.5483,15.526,0.087113,1,1.7355,1,0
35.652,0,-1.28,1.263,0.48343,0,24.386,0,0
179.28,1,-0.52193,12.295,0.17705,1,28.943,1,0
329.58,0,0.37061,0.014787,0.16905,0,1.1482,0,0
127.62,0,-1.2648,0.25398,0.4618,0,7.7786,0,0
60.721,0,2.57,0,0.30339,0,2.6945,0,0
186.84,1,-1.2234,12.74,0.16748,1,51.645,1,0
,,2.7317,,-0.26316,,,,
293.53,1,3.5195,20.374,0.023747,1,13.063,0,0
,,3.5281,,-0.30392,,,,
283.99,0,-1.0094,0.0037796,0.4504,0,0.5645,0,0
351.28,1,-1.1109,11.966,0.11094,1,0.28946,1,0
328.18,1,-1.0882,9.3441,0.14711,1,36.026,0,0
124.42,1,4.7137,74.515,0.033147,1,1.0261,1,0
269.28,0,3.4771,1.3458,0.69825,0,0.569,0,0
66.173,1,2.8787,14.411,0.24873,0,77.172,0,0
,,1.8861,,-0.31313,,,,
41.89,0,3.3014,0.0044911,0.36494,0,0.84895,0,0
314.62,1,3.789,17.702,0.16143,1,12.688,0,0
,,3.2448,,-0.30292,,,,
14.718,0,-1.0173,12.168,0.3142,0,8.7807,0,0
301.09,0,4.0079,3.3502,0.66888,0,76.199,0,1
150.68,1,2.4531,5.355,0.16883,1,4.4318,1,0
166.96,0,3.9646,13.787,0.56565,0,62.126,0,1
198.64,0,3.8019,0.02181,-0.009961,0,4.191,0,0
,,1.361,,-0.27572,,,,
,,3.4662,,-0.33446,,,,
,,2.791,,-0.1003,,,,
89.275,0,3.9991,1.045,0.43138,0,49.551,0,0
42.163,0,3.0436,0.028668,0.13927,0,44.845,0,0
190.3,0,3.6114,0,0.34967,0,0.21027,0,0
41.945,0,9.2611,1.1327,0.83259,0,6.3955,0,0
79.265,,-1.1424,,0.20277,1,1.1379,1,
262.64,0,0.59461,0.13719,0.085319,0,7.8774,0,0
121.28,1,3.7136,29.843,0.034025,1,0.86073,1,0
36.579,1,3.3443,12.829,0.28497,1,0.74936,1,0
321.26,1,-0.63686,29.309,0.17144,1,68.617,0,0
232.99,1,3.3343,11.806,0.016556,1,11.297,0,0
298.04,0,0.63411,0.010686,0.052897,0,2.8103,0,0
209.22,0,4.1276,0.013187,0.38623,0,1.1177,0,0
22.497,0,-1.1822,0,0.24101,0,6.0844,0,0
,,3.0093,,-0.1275,,,,
,,3.3308,,-0.17143,,,,
336.44,0,0.63772,12.554,0.48796,0,19.97,0,1
299.86,0,2.6524,0,0.053122,0,4.1389,0,0
182.77,0,-0.80489,0,0.07454,0,1.1313,0,0
263.98,1,-1.0407,6.0646,0.1714,0,83.392,0,0
147.28,0,3.2246,0,0.35848,0,1.041,0,0
35.157,0,2.8441,0,0.094126,0,3.0674,0,0
256.24,1,3.6559,31.781,0.1283,1,47.677,0,0
144.1,0,0.97438,11.878,0.85628,0,73.333,0,1
253.71,0,-0.46952,0.02592,0.21059,0,0.40572,0,0
134.2,0,-0.90209,12.262,0.34682,0,1.3068,0,0
37.886,0,3.6265,0.53927,0.20595,0,28.885,0,0
164.63,0,2.4481,0.0068903,0.44529,0,1.8838,0,0
,,2.5462,,-0.12538,,,,
47.893,1,4.3394,15.22,0.17281,0,3.8257,0,0
265.38,0,-1.329,0.028751,0.52769,0,20.437,0,0
356.11,0,0.13102,0,0.47997,0,0.4134,0,0
,,,,-0.37561,,,,
359.27,1,1.082,4.1965,0.075873,1,83.276,0,0
245.88,0,-0.92818,31.062,0.37304,0,1.7028,0,0
310.44,0,3.8691,0.013848,0.064171,0,0.98449,0,0
216.5,0,3.5027,0.0095668,0.16911,0,0.50382,0,0
148.25,0,3.6042,0.0131,0.81356,0,0.6021,0,0
83.947,0,0.94825,2.7492,0.38483,0,36.806,0,0
257.72,0,-1.5934,2.5579,0.63298,0,70.534,0,1
129.69,0,2.4232,0.9518,0.0080321,0,7.1626,0,0
238.24,0,-0.001005,0,0.26472,0,0.38908,0,0
56.147,1,3.7498,4.4731,0.19474,1,9.1476,1,0
,,3.2882,,-0.22484,,,,
359.3,0,3.0171,0.0054922,0.16938,0,0.16052,0,0
,,2.2129,,-0.12037,,,,
270.01,0,-1.1387,0.01131,0.34309,0,0.89375,0,0
292.06,0,-1.1832,7.8898,0.51437,0,85.258,0,1
140.63,0,5.2945,0,0.12943,0,1.6737,0,0
,,2.8712,,-0.42642,,,,
269.29,,2.8422,,0.34946,0,17.862,0,
,,,,-0.39194,,,,
49.061,1,3.4103,9.2469,0.10997,1,0.24851,1,0
,,1.9127,,-0.30278,,,,
358.63,1,0.26258,40.011,0.066576,1,7.2875,1,0
,,3.2283,,-0.36342,,,,
60.034,0,3.2995,1.3873,0.43864,0,52.709,0,0
131.27,0,0.32131,0,0.14789,0,0.39429,0,0
179.3,0,2.4717,0,0.054118,0,0.50161,0,0
89.28,0,-1.5939,0.0078965,0.72213,0,0.25289,0,0
,,2.0317,,-0.2716,,,,
87.412,0,3.6522,1.4878,0.35831,0,26.543,0,0
,,2.4042,,-0.26123,,,,
,,1.5722,,0.003992,,,,
173.53,1,1.6987,25.962,0.072503,1,5.6,1,0
163.48,1,-1.0114,8.3632,0.060115,1,0.75962,1,0
269.3,1,1.0429,6.3959,0.11225,1,19.673,0,0
353.81,1,-0.60923,30.744,0.20821,1,47.997,0,0
42.324,1,-0.90991,28.872,0.053405,1,0.57257,1,0
179.67,0,-0.21937,0,0.20569,0,2.5609,0,0
,,2.712,,0.030117,,,,
317.88,1,-0.21394,17.772,0.18052,1,2.5278,1,0
117.18,0,2.3669,0.004303,0.48837,0,3.1447,0,0
331.37,0,-0.49069,0.018288,0.094637,0,1.0314,0,0
112.95,1,-1.0097,7.5391,0.1073,1,0.41416,1,0
334.78,0,2.3965,0.060065,0.078422,0,19.43,0,0
,,3.5058,,-0.22018,,,,
205.48,0,3.7265,0.022532,0.36085,0,3.3182,0,0
359.28,0,-1.2394,0.014075,0.70787,0,0.20638,0,0
263.35,0,3.7745,8.028,0.73125,0,59.952,0,1
134.34,0,2.6469,8.715,0.65748,0,79.228,0,1
51.311,0,-2.1798,2.5061,0.73769,0,59.912,0,1
,,2.4804,,0.13247,,,,
89.836,1,2.6143,13.964,0.05026,1,85.974,0,0
311.46,1,-1.2672,8.6111,0.13019,0,15.464,0,0
231.67,1,-0.74139,61.161,0.063107,1,75.235,0,0
149.51,0,3.7262,0.0082252,0.39942,0,1.4,0,0
,,2.0952,,-0.18681,,,,
,,1.2148,,-0.32432,,,,
,,2.3902,,-0.17708,,,,
264.58,,2.456,,0.075205,0,13.6,0,
143.22,0,2.6604,0,0.19787,0,1.1418,0,0
117.09,0,-1.1162,3.9268,0.45843,0,23.255,0,1
,,3.2587,,-0.24896,,,,
231.42,1,-1.2154,15.482,0.11078,1,1.1863,1,0
320.52,0,5.5024,0.0027871,0.37611,0,2.3298,0,0
336.21,1,1.6976,18.695,0.16009,1,3.8514,1,0
52.869,0,3.5249,0.0030618,0.56069,0,4.972,0,0
172.49,0,4.1757,0.015421,0.097684,0,0.24249,0,0
,,2.278,,0.012658,,,,
,,2.5947,,-0.33558,,,,
153.29,0,3.7613,0,0.35284,0,13.096,0,0
145.59,0,-1.654,0.90217,0.77009,0,4.777,0,0
359.3,0,1.6883,2.4976,0.16682,0,0.67644,0,0
,,1.6522,,0.21353,,,,
166.7,0,3.5748,0,0.18071,0,1.5562,0,0
,,3.4071,,0.14035,,,,
108.64,0,2.8281,0,0.16515,0,3.2495,0,0
,,1.6135,,-0.38851,,,,
56.635,0,6.0634,0,0.20028,0,1.2217,0,0
,,1.7934,,-0.058116,,,,
22.824,,2.2889,,-0.040704,0,38.309,0,
,,2.3547,,-0.30903,,,,
301.12,0,-0.55818,0,0.21752,0,1.7924,0,0
100.95,1,3.1897,7.4996,0.15777,1,1.0211,1,0
,,3.3051,,-0.25939,,,,
126.38,0,-1.165,0,0.19498,0,0.65574,0,0
5.9024,0,4.2897,0.29736,0.06015,0,9.7504,0,0
231.46,1,1.5689,5.1717,0.16595,0,80.595,0,0
202.81,1,0.095572,3.936,0.082789,0,13.407,0,0
,,3.0124,,-0.38374,,,,
,,3.0403,,-0.0086705,,,,
179.28,0,-1.1145,4.308,0.55079,0,37.182,0,1
288.38,0,-1.2019,0.00015748,0.41717,0,0.73592,0,0
348.93,1,0.81318,12.215,0.060631,1,14.179,0,0
,,3.3045,,0.0010363,,,,
53.626,0,4.1288,0,0.11004,0,6.5297,0,0
150.97,0,4.0479,0.034652,0.10687,0,0.35158,0,0
9.0274,0,2.4445,0,0.10298,0,5.9608,0,0
249.47,0,-0.41697,0.014772,0.1078,0,1.0995,0,0
319.95,0,3.5181,0,0.097808,0,8.5573,0,0
,,,,-0.35484,,,,
280.83,1,-0.92671,42.817,0.069051,1,48.167,0,0
232.29,1,2.2257,10.216,0.1249,0,75.682,0,0
345.71,1,-1.0834,8.2874,0.14006,1,0.31847,1,0
179.28,0,3.3724,0,0.73253,0,0.61339,0,0
329.74,0,-1.0257,0.0070714,0.23394,0,0.6062,0,0
,,2.606,,-0.31715,,,,
164.35,0,3.5138,0.013524,0.16626,0,1.738,0,0
168.55,1,3.055,14.308,0.077278,1,52.186,1,0
66.057,1,-0.64555,70.03,0.065896,1,0.6976,1,0
332.65,0,1.1217,0.0003525,0.51637,0,0.62844,0,0
,,2.4066,,-0.34123,,,,
201.82,1,2.9585,7.2383,0.2695,0,82.489,0,0
,,,,-0.26282,,,,
,,3.2043,,-0.11988,,,,
103.27,1,3.6957,13.223,0.11925,1,0.66341,1,0
318.22,0,-1.2063,0.0077986,0.75839,0,1.2772,0,0
71.828,1,-1.1388,5.3447,0.15744,1,0.43979,1,0
335.79,1,3.3146,88.451,0.082227,1,0.51892,1,0
153.44,0,3.1653,0.0056381,0.31442,0,1.1273,0,0
265.77,0,-1.0391,0.0070311,0.02972,0,0.65642,0,0
162.86,1,3.8414,2.9833,0.21309,0,37.8,0,0
68.711,0,0.010994,13.559,0.33906,0,79.706,0,0
152.69,0,0.2474,0,0.18422,0,6.9531,0,0
10.439,0,-1.544,0.017817,0.20268,0,50.401,0,0
171.69,1,3.423,12.093,0.090323,1,1.9541,1,0
210.64,0,0.25262,0.022376,0.14423,0,0.68475,0,0
,,2.5034,,-0.25857,,,,
149.23,0,-1.1355,0,0.34469,0,0.1722,0,0
,,2.4524,,-0.39731,,,,
308.18,0,3.486,0,0.26771,0,2.7741,0,0
267.28,0,1.3122,0,0.42305,0,0.64985,0,0
,,2.2221,,-0.33624,,,,
305.07,1,3.2395,30.346,0.17018,1,0.38236,1,0
236.8,0,3.3923,0.0012832,0.036021,0,0.56558,0,0
71.615,0,3.5961,0,0.32486,0,0.28349,0,0
,,2.3803,,-0.2367,,,,
,,3.1573,,-0.41491,,,,
357.7,,-2.1821,,0.42458,0,47.044,0,
358.25,0,3.4769,20.163,0.37292,0,67.396,0,0
155.4,1,-1.7953,14.138,0.26043,1,31.426,1,0
194.93,1,1.8291,7.1311,0.12623,1,0.256,1,0
27.778,0,-1.344,1.7246,0.66934,0,68.866,0,0
318.28,1,5.5729,14.542,0.12378,1,1.5497,1,0
306.92,0,3.551,0.0047221,0.15841,0,0.31929,0,0
173.71,1,3.3484,13.249,0.17204,1,3.0328,1,0
,,-1.9279,,0.6191,,,,
276.38,1,3.0664,8.4622,0.26913,1,0.092629,1,0
,,2.5935,,-0.35057,,,,
,,2.9345,,-0.34747,,,,
,,1.8273,,-0.016471,,,,
244.01,1,-1.0453,18.678,0.26331,1,38.87,0,0
61.072,1,2.551,120.79,0.048927,1,17.467,0,0
209.11,0,3.9339,0.0087214,0.047176,0,0.092501,0,0
,,2.7096,,-0.28378,,,,
,,3.3712,,-0.22903,,,,
269.28,0,0.88783,0,0.32166,0,0.18967,0,0
,,,,-0.44186,,,,
131.1,0,3.7512,4.3889,0.81597,0,24.797,0,1
285.08,1,0.68155,32.663,0.090379,1,2.4832,1,0
328.86,,-0.3759,,0.10183,1,10.45,0,
180.58,0,3.8514,0,0.30009,0,0.25231,0,0
77.432,0,-1.1555,0,0.20474,0,6.3923,0,0
247.78,0,-1.1149,13.111,0.41549,0,0.46944,0,1
221,0,2.811,0,0.033342,0,1.6663,0,0
,,2.9214,,-0.11699,,,,
51.369,1,0.46482,14.462,0.10889,1,3.5218,1,0
,,3.3035,,-0.17007,,,,
359.27,0,-1.2382,1.3236,0.11411,0,14.303,0,0
112.1,0,-0.45583,0.0023317,0.29794,0,0.91654,0,0
,,2.4653,,-0.33434,,,,
161,0,3.976,0.0099721,0.11704,0,1.666,0,0
124.36,0,-1.2616,11.498,0.35187,0,42.252,0,0
332.53,1,-0.95859,8.5258,0.10559,1,2.2715,1,0
,,2.3796,,-0.24275,,,,
359.28,1,0.1947,27.863,0.053839,1,0.022963,1,0
224.37,0,3.2701,0.00775,0.36354,0,0.30847,0,0
16.437,0,-0.75811,1.5569,0.82923,0,71.522,0,0
89.295,0,1.2042,3.481,0.51366,0,17.849,0,1
122.19,0,0.33064,0.0031593,0.33699,0,0.50656,0,0
343.35,1,-0.50983,13.999,0.28929,1,1.4245,1,0
,,3.0686,,-0.23871,,,,
,,,,-0.49645,,,,
6.7496,0,2.2288,0.83793,-0.24961,0,11.121,0,0
,,2.7592,,-0.17161,,,,
193.03,1,3.6562,11.123,0.21055,1,0.70224,1,0
,,2.8785,,-0.4334,,,,
,,2.9082,,-0.12605,,,,
,,,,-0.30626,,,,
,,,,-0.33518,,,,
64.599,1,-0.96052,6.4524,0.18151,0,76.504,0,0
295.94,0,0.17976,5.8302,0.68627,0,1.9928,0,1
348.23,0,-0.42689,0,0.11421,0,0.44976,0,0
329.21,0,-0.50863,14.028,0.31393,0,0.64248,0,0
199.83,0,-0.19843,0.041027,0.40897,0,4.363,0,0
251.46,0,0.98617,0.0060332,0.53506,0,1.0866,0,0
,,2.67,,-0.20694,,,,
,,,,-0.34364,,,,
271.65,0,3.2897,0,0.15888,0,13.243,0,0
136.05,0,0.75493,0.0076699,0.55983,0,0.25176,0,0
45.378,0,3.5558,0,0.45824,0,1.802,0,0
72.916,0,3.6692,0.073919,0.083214,0,1.1381,0,0
155.54,0,-1.1546,0.65321,0.23229,0,33.884,0,0
213.05,0,2.1562,0.010522,0.60109,0,0.041368,0,0
129.57,0,-1.2682,0,0.55562,0,0.30141,0,0
,,0.98148,,-0.20385,,,,
222.45,1,3.6439,19.754,0.11726,0,2.5526,0,0
120.02,1,3.6123,5.9234,0.28793,0,0.72888,0,0
179.3,1,2.6387,23.111,0.055251,1,30.581,1,0
223.9,1,2.69,14.049,-0.015138,1,57.909,1,0
295.79,0,-0.585,0,0.24622,0,0.038536,0,0
267.06,0,-1.3247,0.65438,0.37386,0,71.892,0,0
,,3.5381,,-0.41695,,,,
,,2.9728,,-0.19807,,,,
209.05,0,1.6063,7.9712,0.33239,0,77.384,0,0
272.57,1,-0.89185,12.639,0.25383,0,2.2958,0,0
,,3.3065,,-0.2093,,,,
89.271,0,-1.6786,1.5309,0.45733,0,40.695,0,0
248.39,0,3.4416,0.0006907,0.23484,0,0.64287,0,0
297.07,0,-1.529,2.2688,0.82894,0,82.972,0,0
283.28,0,-0.83084,0.016637,0.29355,0,1.2556,0,0
,,2.7259,,-0.24962,,,,
152.76,1,2.1619,28.075,0.20569,1,0.025539,1,0
342.89,0,-1.3211,2.0355,0.52769,0,38.35,0,0
176.43,0,3.6149,0,0.072997,0,8.1078,0,0
,,2.5805,,-0.39044,,,,
66.886,0,1.7704,0.028069,0.25627,0,40.75,0,0
,,2.1945,,-0.32149,,,,
276.57,1,0.5756,17.947,0.031847,1,87.739,0,0
88.548,1,-1.0182,3.2936,0.23941,0,58.636,0,0
320.4,0,3.8484,0,0.48972,0,0.33877,0,0
110.8,1,0.52023,14.349,0.14501,1,30.783,0,0
,,,,-0.34622,,,,
140.06,1,3.5332,97.082,0.10198,1,1.2723,1,0
105.04,0,3.8804,0,0.14303,0,0.86584,0,0
,,1.9739,,-0.41522,,,,
325.66,0,3.642,0,0.012475,0,0.69534,0,0
75.916,0,3.8241,0,0.25059,0,1.2404,0,0
323.17,0,0.47928,19.704,0.35496,0,1.3266,0,0
140.16,0,2.1017,0.043348,0.4175,0,36.289,0,0
324.33,1,3.5521,14.135,0.19136,0,60.002,0,0
198.04,0,1.6519,1.8041,-0.018844,0,20.632,0,0
179.27,0,3.9553,0.0035326,0.061149,0,0.26945,0,0
,,3.8193,,0.013333,,,,
359.28,0,3.7545,0.025717,0.25124,0,1.7308,0,0
144.22,1,-1.152,14.488,0.16209,1,24.192,1,0
225.82,1,2.3323,21.103,0.11601,1,28.28,0,0
241.06,0,3.4425,0.03462,0.28847,0,0.42406,0,0
269.27,1,-1.4974,6.0042,0.10533,1,0.56324,1,0
359.28,0,0.95246,2.2715,0.86169,0,11.696,0,0
,,3.3109,,-0.078968,,,,
69.574,0,1.6384,0.085889,0.65974,0,53.58,0,0
322.83,0,1.2393,2.6178,0.52798,0,65.892,0,1
,,3.8125,,0.083994,,,,
,,3.2742,,-0.3516,,,,
,,1.6578,,-0.23243,,,,
89.274,0,0.51164,0,0.059805,0,2.4699,0,0
164.44,0,4.6173,0,0.13682,0,1.2098,0,0
,,2.6847,,-0.35849,,,,
303.66,1,3.5374,75.707,0.021432,1,0.11156,1,0
,,3.3779,,-0.090047,,,,
148.07,0,3.4345,0.0037763,0.22444,0,3.9087,0,0
314.22,0,3.9975,9.7748,0.3543,0,0.68996,0,0
32.691,0,-1.0825,0.023885,0.53791,0,2.9095,0,0
,,3.1113,,-0.25182,,,,
44.373,1,3.3945,12.155,0.19659,1,0.21917,1,0
,,2.7116,,-0.24928,,,,
184.01,1,3.4446,12.171,0.11257,1,1.3975,1,0
,,,,-0.42599,,,,
89.285,0,0.358,0,0.19272,0,1.8099,0,0
,,2.8244,,0.25257,,,,
137.09,0,-1.3088,0.021223,0.10645,0,0.40229,0,0
196.04,0,3.5445,0.0078094,0.54278,0,1.3168,0,0
134.21,0,-0.92897,4.9108,0.66667,0,7.187,0,1
106.93,1,3.8277,4.3688,0.10134,1,1.5134,1,0
332.46,0,3.4563,0.015897,0.043868,0,0.71308,0,0
129.32,1,3.381,29.078,0.022727,1,60.151,0,0
216.07,0,3.5906,2.8841,0.31806,0,0.39362,0,0
148.94,0,5.4509,0.053486,0.31613,0,0.671,0,0
162.26,1,-1.0767,4.1356,0.12035,1,0.46162,1,0
275.13,0,5.2431,0.012458,0.035028,0,0.67592,0,0
,,2.3289,,-0.25329,,,,
,,2.5532,,-0.26879,,,,
154.7,1,-1.0439,25.576,0.19432,1,6.2352,1,0
61.455,1,-1.0271,19.968,0.13885,1,2.1112,1,0
,,1.4649,,-0.2128,,,,
227.54,0,4.146,0,0.3584,0,39.128,0,0
201.6,0,2.1512,0.021477,0.23629,0,0.95415,0,0
179.28,1,-2.0872,4.2304,0.076036,0,4.5082,0,0
195.19,0,-0.089239,0.00083877,0.15935,0,1.2576,0,0
92.827,0,-0.62313,0.85423,0.27138,0,10.622,0,0
,,2.4699,,-0.28614,,,,
273.5,0,-1.1738,0.014993,0.18267,0,2.1775,0,0
84.03,0,2.0756,0,0.017401,0,4.5158,0,0
87.167,0,3.2405,0,0.28874,0,21.04,0,0
351.53,0,2.627,0.015379,0.11489,0,1.9144,0,0
269.27,0,2.905,0,0.079092,0,5.7796,0,0
166.21,0,-1.2478,0,0.10868,0,3.3273,0,0
137.03,0,2.3702,0,0.29214,0,3.1419,0,0
89.282,1,-1.3577,15.847,0.19649,0,56.919,0,0
182.13,0,4.7082,1.6577,0.21463,0,58.855,0,0
,,3.4539,,-0.076923,,,,
177.01,1,-0.39587,16.969,0.02238,1,37.341,1,0
335.43,1,3.0689,14.152,0.15823,0,37.932,0,0
10.65,0,3.4434,6.1491,0.35758,0,0.17543,0,0
,,3.2033,,-0.09009,,,,
248.24,0,-1.1101,0.42712,0.50973,0,20.534,0,0
353.12,1,2.5311,70.534,0.045226,1,1.9249,1,0
273.99,0,0.03092,14.447,0.30821,0,30.047,0,0
333.74,0,3.9223,0.016132,0.41005,0,2.6099,0,0
212.94,0,3.0773,0,0.11054,0,45.604,0,0
,,2.7157,,-0.37439,,,,
24.143,0,-1.9467,1.7851,0.72446,0,48.039,0,0
359.62,0,3.2171,0.86094,0.061336,0,2.435,0,0
,,2.7428,,-0.28012,,,,
24.559,0,3.7361,0.013573,0.37305,0,62.012,0,0
137.61,,2.3906,,0.038123,0,12.769,0,
135.71,1,3.3043,12.757,0.23939,1,0.46687,1,0
228.59,0,-0.95876,20.184,0.38007,0,1.1519,0,0
164.44,0,-1.7546,6.5551,0.63838,0,74.984,0,1
89.3,0,2.9697,0,0.11191,0,0.60347,0,0
52.459,1,-1.4938,8.1662,0.11714,0,9.4334,0,0
,,2.6075,,-0.25418,,,,
171.62,0,3.6206,0,0.090361,0,0.38757,0,0
11.427,1,0.5833,17.398,0.1837,1,0.16419,1,0
316.67,0,-0.72905,0,0.31477,0,0.66212,0,0
281.16,0,-0.23978,5.3045,0.45173,0,57.414,0,1
320.92,0,-0.47041,0,0.63695,0,1.6298,0,0
249.44,0,-0.92047,1.4113,0.34564,0,62.636,0,0
284.83,1,3.9061,35.176,0.11473,1,0.21482,1,0
,,2.3338,,-0.31392,,,,
272.09,0,2.9693,0.11401,0.073211,0,0.81708,0,0
143.07,1,3.0061,9.8399,0.093682,0,85.84,0,0
314.22,1,0.36979,3.9196,0.17592,0,0.52767,0,0
328.91,0,-0.23492,0,0.42234,0,7.4268,0,0
346.91,0,3.6532,4.2722,0.68232,0,67.957,0,1
155.78,1,-1.0523,25.588,0.14525,1,5.2179,1,0
,,1.8666,,0.089109,,,,
172.92,0,3.9142,0.031684,0.053316,0,0.67486,0,0
114.49,0,3.5904,0.88054,0.28291,0,36.092,0,0
230.21,1,3.5144,53.147,0.096267,1,0.95506,1,0
347.29,0,2.6473,1.9946,0.84696,0,5.4107,0,0
359.29,1,3.2963,3.435,0.028497,1,27.271,0,0
208.61,,2.2419,,0.11174,0,40.99,0,
308.51,0,3.6638,0,0.44917,0,0.7344,0,0
314.07,0,-1.2139,12.122,0.50022,0,48.543,0,1
,,2.8333,,-0.3202,,,,
159.97,0,-1.614,1.256,0.78855,0,51.453,0,0
212.48,0,3.87,0.040195,0.28277,0,4.2125,0,0
79.809,0,3.6061,0.24754,0.24513,0,2.0909,0,0
222,1,-0.24606,13.186,0.095312,1,46.479,1,0
164.4,0,2.9203,0,0.23929,0,1.1862,0,0
265.16,0,5.3287,0,0.039936,0,0.71451,0,0
0.5506,0,2.4435,0.37807,0.11782,0,30.416,0,0
231.67,0,-0.87837,0.010368,0.68571,0,0.89234,0,0
96.395,0,3.4694,0,0.2355,0,0.41702,0,0
,,2.836,,-0.2868,,,,
158.13,0,5.5603,0,0.6598,0,40.646,0,0
,,2.9272,,-0.18421,,,,
300.43,1,2.2717,6.584,0.29167,0,67.083,0,0
69.916,0,3.4036,0.038336,0.31175,0,4.4145,0,0
88.755,0,0.48053,0,0.063117,0,1.2413,0,0
247.46,0,-0.090209,0.014809,0.048237,0,24.196,0,0
238.02,0,1.125,7.6201,0.33795,0,0.61858,0,0
207.05,1,-1.2592,13.614,0.18042,0,1.1468,0,0
,,2.7282,,-0.24956,,,,
326.95,1,3.8582,31.115,0.22815,1,85.589,0,0
72.646,1,0.95459,14.747,0.017002,1,9.7546,1,0
,,,,-0.39068,,,,
269.28,0,-1.1983,11.579,0.34505,0,0.091976,0,0
80.065,1,-1.1642,8.2978,0.17934,0,85.137,0,0
,,2.8585,,-0.44031,,,,
103.29,0,0.31498,0,0.12416,0,0.26064,0,0
86.064,1,-1.5873,12.913,0.18494,1,37.809,0,0
177.07,0,3.5756,0,0.097808,0,1.0326,0,0
232.55,0,4.3966,0,0.31417,0,0.82456,0,0
268.81,0,-0.32722,0.0029243,0.079567,0,0.6897,0,0
104.17,0,-1.2764,0.011214,0.46752,0,0.17842,0,0
7.9476,0,-1.239,0.52361,0.38125,0,7.5387,0,0
111.71,0,1.1141,0,0.85185,0,1.3367,0,0
69.529,0,-1.0457,0.013462,0.22122,0,0.76331,0,0
178,,1.3281,,0.086627,0,57.26,0,
269.3,0,1.4212,19.836,0.34871,0,0.13791,0,0
,,3.2594,,-0.26539,,,,
,,2.6103,,-0.17903,,,,
64.249,0,4.1499,0,0.29627,0,1.3002,0,0
,,1.7015,,-0.26445,,,,
,,1.9666,,-0.29392,,,,
311.72,0,3.0438,0.0088377,0.12425,0,0.37382,0,0
269.28,1,-1.6993,17.004,0.17241,0,5.0049,0,0
316.59,0,5.1692,0.010307,0.22888,0,7.3322,0,0
325.33,0,2.4828,0,0.035585,0,2.2934,0,0
41.159,1,0.616,16.103,0.29306,1,1.5239,1,0
289.06,1,3.3273,16.802,0.20451,1,0.30531,1,0
44.362,1,5.3742,9.9172,0.10468,1,26.837,0,0
53.377,0,-0.57854,0.015241,0.2097,0,0.43992,0,0
124.43,0,2.6508,0,0.16207,0,1.2649,0,0
253.22,0,-1.2322,0.0092571,0.097493,0,1.2438,0,0
294.78,0,0.40504,0.024161,0.11994,0,0.86588,0,0
326.72,0,4.3263,0.0011559,0.10221,0,1.2173,0,0
310.75,1,1.6274,6.547,-0.022992,1,1.472,1,0
211.07,0,4.0282,0.0026565,0.31793,0,1.0586,0,0
269.28,0,0.70152,0,0.057578,0,0.94826,0,0
142.53,0,3.3691,0.0053105,0.047619,0,0.36494,0,0
294.3,1,-1.1982,12.584,0.15103,1,37.388,0,0
324.58,1,-0.17768,12.011,0.12702,1,0.67635,1,0
133.09,1,2.6999,10.049,-0.013166,1,2.2602,1,0
317.21,0,-0.50246,0,0.058824,0,2.2462,0,0
168.53,0,5.4975,8.3556,0.71429,0,68.67,0,1
,,3.2251,,-0.35211,,,,
130.21,1,-1.1813,11.275,0.087822,1,0.52497,1,0
,,3.3359,,-0.29655,,,,
,,3.1518,,-0.057312,0,,,
,,3.232,,-0.15556,,,,
256.15,0,0.57659,0,0.012543,0,0.5046,0,0
108.32,0,1.5633,3.8597,0.84912,0,63.873,0,1
,,1.0962,,-0.12993,,,,
359.27,0,2.8153,0.068507,0.14819,0,0.22357,0,0
243.36,1,3.5034,14.657,0.17575,1,1.0481,1,0
326.93,0,2.5637,0,0.31327,0,77.27,0,0
329.92,0,2.9774,2.0826,0.12228,0,62.305,0,0
,,2.3531,,-0.375,,,,
338.19,0,-0.25114,0.03154,0.4936,0,0.15975,0,0
35.163,1,1.9226,19.371,0.03339,1,0.43155,1,0
,,2.6969,,-0.29102,,,,
,,2.259,,-0.14006,,,,
,,3.2554,,-0.27367,,,,
,,2.3225,,-0.2983,,,,
167.64,0,3.5058,6.4697,0.8692,0,51.131,0,1
,,2.6747,,-0.25587,,,,
351.62,0,2.6683,0.26471,0.29933,0,52.609,0,0
220.58,0,-0.70183,1.454,0.75337,0,56.277,0,0
330.63,1,3.6267,3.2302,0.26146,0,81.687,0,0
198.28,1,1.6023,10.97,0.12253,1,0.83047,1,0
324.74,1,3.3327,7.9937,0.11075,0,83.394,0,0
3.2527,0,3.5986,0,0.55398,0,0.16666,0,0
189.01,0,3.4345,0.025704,0.64571,0,0.23847,0,0
174.05,0,2.3989,0,0.072867,0,27.36,0,0
148.55,0,-1.9405,1.0508,0.75475,0,50.888,0,0
343.96,1,0.69171,30.216,0.071197,1,56.575,0,0
83.677,0,1.3074,0,0.34871,0,6.5836,0,0
140.48,0,1.394,0,0.26238,0,1.7059,0,0
,,0.21515,,-0.064655,,,,
,,3.3071,,-0.36673,,,,
321.72,0,0.75701,0.0051897,0.067514,0,0.52794,0,0
,,2.8571,,-0.40637,,,,
44.351,0,-1.6852,4.9574,0.73159,0,10.75,0,1
266.25,1,-0.58156,20.87,0.072651,1,66.929,0,0
179.29,1,0.061663,14.145,0.13498,1,0.44142,1,0
318.98,1,3.9678,13.86,0.23056,1,1.1726,1,0
179.21,1,-1.0592,13.714,0.14334,1,5.356,1,0
137.07,0,3.6513,0,0.053254,0,1.6331,0,0
17.32,0,2.4986,0.061137,0.15205,0,10.034,0,0
,,0.26342,,-0.036496,,,,
60.807,0,1.0093,1.2101,0.86008,0,80.11,0,0
,,1.669,,-0.10615,,,,
307.49,0,3.7112,0.00013089,0.13263,0,0.79717,0,0
115.26,0,2.8576,1.1844,0.23095,0,24.479,0,0
237.84,0,-0.45226,0.032059,0.55495,0,7.7994,0,0
,,2.8211,,-0.29317,,,,
179.3,0,2.5779,0,0.25083,0,1.1521,0,0
184.29,0,4.2819,0,0.13005,0,5.1253,0,0
237.64,1,-0.80274,8.4882,0.2073,1,84.195,0,0
127.1,0,2.9793,0.022399,0.065129,0,1.0474,0,0
89.543,0,-1.4456,0,0.49363,0,54.371,0,0
316.81,0,3.4677,0.0026598,0.040752,0,1.1658,0,0
230,0,-1.5455,0,0.75364,0,0.37125,0,0
296.72,1,-0.99693,9.007,0.13626,1,0.31092,1,0
179.3,0,3.5168,0.0051103,0.26583,0,0.23505,0,0
158.43,,-0.26016,,0.053843,1,3.6849,1,
,,2.5167,,0.15821,,,,
,,2.8227,,-0.40797,,,,
111.98,0,0.31872,0,0.21084,0,18.47,0,0
269.25,1,-1.1666,4.0139,0.099285,1,78.991,0,0
249.78,0,3.5485,1.4666,0.57628,0,6.7618,0,0
274.51,1,3.7606,37.279,0.12061,1,1.5751,1,0
,,1.1393,,-0.38931,,,,
45.511,0,2.8242,12.2,0.33036,0,4.2269,0,0
345.91,0,-1.2937,5.465,0.56322,0,74.347,0,1
34.73,1,3.0476,13.633,0.15718,1,79.157,0,0
170.1,1,4.0351,5.4296,0.19346,1,26.202,1,0
114.29,0,2.9333,0.0077322,0.08453,0,1.0716,0,0
324.35,1,-0.69102,16.873,0.067281,1,1.0138,1,0
325.58,0,5.0659,0.0093613,0.22628,0,1.6258,0,0
345.49,0,3.2032,0,0.12054,0,2.6722,0,0
249.28,0,1.7241,4.997,0.85029,0,70.912,0,1
,,3.125,,-0.26375,,,,
133.17,0,2.5515,0,0.2293,0,1.7695,0,0
314.21,0,3.6368,0,0.11724,0,0.72245,0,0
,,2.9758,,-0.28571,,,,
,,3.351,,-0.27778,,,,
6.0276,0,-0.94416,3.6178,0.5596,0,26.066,0,1
178.86,1,1.669,2.9972,0.27735,0,0.74525,0,0
,,,,-0.29663,,,,
150.65,0,-2.3316,4.5092,0.69798,0,70.017,0,1
131.34,0,0.33433,11.755,0.79397,0,56.213,0,1
125.35,1,1.8917,13.532,0.1256,1,0.52601,1,0
212.83,0,3.8048,0.0138,0.090735,0,0.8115,0,0
319.79,0,3.6912,0,0.60614,0,0.87653,0,0
,,2.9197,,-0.24464,,,,
153.54,1,2.9291,3.3786,0.096076,1,4.0414,1,0
191.24,1,-1.8691,11.452,0.29259,1,54.272,1,0
42.947,0,3.4026,0,0.14167,0,0.16647,0,0
311.16,1,4.7481,57.102,0.077435,1,1.0651,1,0
,,,,-0.29371,,,,
,,1.7828,,-0.41406,,,,
179.05,1,-0.22854,13.799,0.095193,1,57.212,1,0
179.29,0,5.5358,0,0.069569,0,0.3841,0,0
6.7731,0,-0.91745,0,0.21667,0,0.70539,0,0
182.93,0,-0.8651,0.0079961,0.10362,0,1.7171,0,0
,,1.474,,-0.19369,,,,
249.52,1,-1.0702,12.521,0.14625,1,0.98324,1,0
27.543,0,3.9811,0,0.50738,0,62.129,0,0
29.985,0,4.6,0,0.020312,0,21.992,0,0
334.5,0,-1.34,0.031158,0.63298,0,11.777,0,0
326.58,0,-1.0904,0,0.072272,0,0.60632,0,0
232.03,0,3.3176,0,0.27029,0,0.8808,0,0
240.54,0,2.1932,0.047131,0.18341,0,0.26222,0,0
,,3.3291,,-0.13551,,,,
,,1.152,,-0.3985,,,,
,,2.7305,,-0.23913,,,,
357.5,1,-2.4332,2.6057,0.16349,0,44.054,0,0
,,2.2142,,-0.13966,,,,
131.29,1,3.455,11.287,0.17439,1,0.95105,1,0
280.44,0,3.6446,0.0011528,0.18442,0,1.0075,0,0
,,2.8548,,-0.41131,,,,
,,2.6757,,-0.13613,,,,
,,3.2896,,-0.042781,,,,
,,2.0381,,-0.24675,,,,
315.68,0,-1.2038,0,0.24763,0,38.442,0,0
45.835,0,0.33517,0,0.1191,0,2.0578,0,0
259.91,0,3.3917,0.03797,0.4487,0,2.2532,0,0
72.385,0,-0.31257,0,0.050432,0,1.3213,0,0
179.27,0,-1.3056,12.297,0.44178,0,46.698,0,1
359.28,0,-1.5123,0,0.78151,0,13.422,0,0
178.85,0,0.067609,0.014491,0.43799,0,39.211,0,0
273.58,0,3.5975,0.0011015,0.32344,0,0.30548,0,0
167.77,0,0.099027,0,0.3142,0,1.8423,0,0
239.66,1,1.9902,13.079,0.079526,1,1.7051,1,0
153.77,0,3.6908,0.074181,0.27218,0,5.6539,0,0
359.27,0,-1.3958,3.9836,0.31461,0,67.796,0,0
136.5,0,2.9408,0,0.22365,0,5.4063,0,0
25.492,0,6.4771,0,0.040807,0,2.4585,0,0
342.06,0,8.5827,0.91084,0.51028,0,25.039,0,0
43.876,0,0.19622,0,0.14414,0,0.48301,0,0
3.837,0,2.829,0.0066731,0.57661,0,1.5237,0,0
227.83,0,-1.6412,0,0.31101,0,19.204,0,0
,,2.4307,,-0.26159,,,,
,,1.8261,,-0.21212,,,,
312.54,0,1.3432,14.53,0.30567,0,41.128,0,0
327.26,0,1.4285,0,0.21251,0,1.7776,0,0
,,1.7883,,0.2996,,,,
241.84,0,3.4817,0.0043054,0.096078,0,0.62175,0,0
216.38,1,-0.68425,17.851,0.035647,1,18.149,1,0
348.46,0,-1.6657,0,0.73892,0,11.577,0,0
91.947,0,-1.1774,0.0097712,0.43129,0,39.672,0,0
358.98,1,0.88771,51.45,0.016889,1,85.361,0,0
89.285,0,0.15859,0.016512,0.10897,0,1.9477,0,0
143.2,0,3.7399,0,0.30753,0,1.7165,0,0
,,3.4606,,0.022222,,,,
339.93,0,1.5074,0,0.10917,0,46.817,0,0
225.59,0,0.50551,0,0.098336,0,2.2725,0,0
197.51,0,1.5491,2.6407,0.83895,0,17.598,0,1
78.125,0,-0.97995,0,0.19155,0,1.0075,0,0
254.48,0,3.766,8.042,0.74978,0,65.613,0,1
92.096,1,1.6631,23.967,0.089109,1,1.0472,1,0
61.934,1,-0.12391,13.293,0.071966,1,87.217,0,0
161,0,-1.7625,8.0123,0.84014,0,54.664,0,1
211.81,0,3.242,0.60754,0.33156,0,16.844,0,0
295.56,0,-0.55961,0.0071136,0.762,0,1.3331,0,0
330.67,1,3.0732,4.332,0.19009,1,0.65965,1,0
279.64,0,0.11223,0.013373,0.38151,0,1.6881,0,0
191.89,0,0.75563,3.5237,0.62069,0,66.241,0,1
101.73,1,5.3203,6.4021,0.043253,0,46.173,0,0
,,3.3347,,-0.15803,,,,
271.67,0,2.2351,0.010704,0.062918,0,0.82257,0,0
292.52,1,0.47632,21.238,0.29237,1,0.53788,1,0
153.52,0,-0.12561,0.026514,0.064247,0,1.6926,0,0
61.746,0,-0.41477,0,0.45093,0,7.5713,0,0
300.65,0,5.1857,1.4088,0.37931,0,5.7218,0,0
153.99,0,3.5653,0.54665,0.1358,0,44.805,0,0
179.77,0,0.18323,0.01337,0.27458,0,1.3814,0,0
226.94,0,9.5192,0,0.38042,0,1.5397,0,0
179.73,0,-0.89514,14.588,0.30266,0,0.72806,0,0
1.1851,1,-0.33776,14.648,0.19204,1,4.9892,1,0
140.22,0,4.6617,0.0023155,0.2381,0,2.6707,0,0
322.73,0,2.9313,0,0.066589,0,4.4587,0,0
,,3.321,,-0.26133,,,,
308.26,0,-1.3605,0,0.29997,0,1.5671,0,0
314.22,0,0.047857,0.038043,0.24273,0,0.056825,0,0
165.92,0,-1.1436,0,0.26278,0,0.89555,0,0
65.549,0,-1.6443,0,0.77379,0,7.5344,0,0
23.646,0,-1.142,0.0018003,0.2028,0,1.3089,0,0
271.16,0,-1.4057,3.4685,0.74876,0,5.23,0,1
243.81,0,0.23741,1.3544,0.80055,0,44.225,0,0
26.97,0,-4.6417,0.0093498,0.57232,0,1.6441,0,0
,,3.292,,-0.25769,,,,
,,2.8614,,-0.375,,,,
70.761,1,0.36892,33.947,0.13793,1,0.66686,1,0
346.72,0,3.5742,0.0083637,0.26287,0,1.6618,0,0
,,3.3188,,-0.23179,,,,
51.813,1,3.5978,42.613,0.057423,1,74.794,0,0
347.9,0,3.5267,0.034096,0.17024,0,1.6019,0,0
171.34,0,2.3936,0.0094347,0.1128,0,2.4932,0,0
240.2,1,2.8824,13.98,0.18678,1,38.099,0,0
265.01,0,-0.62271,13.998,0.30423,0,1.3887,0,0
355.54,0,-0.96036,0.29196,0.62423,0,7.3759,0,0
337.18,1,3.2152,13.846,0.22088,1,0.22896,1,0
2.9056,,3.8241,,0.12539,1,0.95925,1,
349.76,0,3.5534,0.022909,0.17061,0,6.9704,0,0
81.347,0,3.9734,0.015703,0.4213,0,59.618,0,0
107.13,0,-1.2723,0,0.52117,0,0.39251,0,0
,,2.8258,,-0.21136,,,,
310.53,0,3.2095,0.080169,-0.029213,0,0.75662,0,0
78.893,1,3.1844,15.403,0.14815,1,0.22214,1,0
,,3.31,,-0.28428,,,,
312,0,3.2036,0.020334,0.24701,0,0.21125,0,0
222.76,1,0.46106,16.66,0.067449,1,82.127,0,0
291.34,0,3.7642,0,0.26018,0,2.4418,0,0
,,2.9578,,0.0043559,,,,
355.89,0,0.028711,0.0057894,0.40061,0,2.9951,0,0
30.598,0,-1.0415,9.5503,0.80503,0,43.354,0,1
183.86,0,-0.082777,1.7986,0.29389,0,13.284,0,0
10.218,1,0.30815,25.182,0.17527,1,20.279,0,0
72.689,0,0.95131,1.3138,0.81238,0,79.963,0,0
19.206,0,3.33,0.0046973,0.45956,0,0.28661,0,0
,,3.2772,,-0.23711,,,,
0.6979,0,3.3064,0,0.086368,0,0.23512,0,0
311.68,1,1.7381,10.734,0.012324,1,3.0163,1,0
,,2.2867,,-0.375,,,,
154.99,1,3.5975,10.285,0.21912,1,82.673,0,0
156.09,0,-1.2375,0,0.11267,0,2.1009,0,0
189.36,,-0.16339,,0.084165,0,5.8548,0,
,,3.0372,,-0.21024,,,,
328.77,1,-1.2581,13.693,0.20819,1,0.64539,1,0
156.74,0,3.3855,7.3518,0.898,0,68.618,0,1
,,2.863,,-0.13514,,,,
359.28,0,0.53871,15.404,0.33101,0,0.32098,0,0
,,1.3276,,-0.34111,,,,
89.276,0,-1.1936,0,0.23038,0,2.0051,0,0
,,1.5278,,-0.27443,,,,
182.53,1,-1.0502,8.2376,0.13102,1,0.30433,1,0
,,2.671,,-0.15207,,,,
260.66,1,0.020487,12.118,0.106,0,82.709,0,0
,,3.3992,,-0.31641,,,,
,,3.2288,,-0.32854,,,,
26.779,0,2.68,0.01532,0.07132,0,0.83373,0,0
,,2.7002,,-0.27647,,,,
269.29,0,1.9107,0.021577,0.16027,0,0.091956,0,0
224.37,0,3.2002,0,0.0021598,0,0.2273,0,0
355.31,0,-0.10147,0,0.20683,0,1.2468,0,0
317.12,0,0.22709,0,0.096386,0,1.1214,0,0
145.71,0,0.86584,0,0.35955,0,48.917,0,0
,,,,-0.44574,,,,
19.888,0,-0.053777,0.029077,0.31464,0,0.39197,0,0
234.66,1,0.80893,20.412,0.12626,1,0.45399,1,0
156.4,1,3.3283,2.8194,0.034965,1,1.344,1,0
182.43,0,-1.8736,0.027453,0.62692,0,0.8382,0,0
,,2.8527,,-0.3159,,,,
126.82,0,2.7156,0.065007,0.096183,0,2.079,0,0
42.772,0,2.2596,6.0079,0.359,0,56.987,0,0
343.85,0,-1.7331,0,0.44813,0,13.326,0,0
,,2.9771,,-0.19394,,,,
76.232,0,0.30154,0,0.13483,0,0.76108,0,0
,,5.6736,,0.26762,,,,
,,2.9921,,-0.35971,,,,
,,2.7631,,-0.22892,,,,
353.3,0,3.5347,0,0.088063,0,1.8152,0,0
,,3.3825,,-0.33105,,,,
294.24,0,-0.81393,13.531,0.49006,0,41.522,0,1
298.12,0,4.0171,0.023333,0.1166,0,0.57076,0,0
269.29,1,2.2418,6.343,0.093704,1,4.9764,1,0
,,2.3814,,-0.34676,,,,
214.08,1,0.61254,31.606,0.037582,1,8.4242,1,0
196.13,0,-1.0106,0,0.35429,0,0.57503,0,0
,,2.6153,,0.0074813,,,,
1.2258,1,5.1915,21.879,0.04607,1,58.945,0,0
92.9,0,3.2759,0.00011325,0.58405,0,32.891,0,0
45.322,0,1.7625,0.16869,0.12985,0,6.536,0,0
359.27,0,2.1615,0,0.14082,0,0.56754,0,0
,,2.8419,,-0.43106,,,,
66.27,0,0.039685,38.638,0.48844,0,0.3373,0,1
179.27,0,-1.4166,20.114,0.74204,0,51.532,0,1
317.09,0,3.2002,9.0006,0.38564,0,58.616,0,0
,,3.3009,,-0.19914,,,,
84.52,1,0.86307,4.0099,0.1283,1,4.065,1,0
169.36,1,-1.1087,21.84,0.12916,1,17.447,1,0
138.27,0,2.8668,0.023067,0.20192,0,1.7549,0,0
,,2.1857,,-0.23264,,,,
187.63,0,1.6055,3.5177,0.88705,0,27.898,0,1
,,2.2699,,0.365,,,,
,,3.2825,,0.018634,,,,
275.33,0,2.4746,0.004627,0.099432,0,1.254,0,0
355.88,0,4.2002,0.0023837,0.19942,0,1.0624,0,0
141.04,0,3.4067,0,0.19413,0,7.5128,0,0
,,3.2978,,-0.20502,,,,
148.71,0,4.0214,0,0.063617,0,0.37288,0,0
224.37,0,3.6369,0.01146,0.67784,0,0.901,0,0
264.35,1,2.9619,89.565,0.042478,1,5.0463,1,0
,,3.2917,,-0.30892,,,,
253.52,0,3.2194,0,0.59143,0,4.8437,0,0
99.019,0,0.82186,7.0402,0.46778,0,26.92,0,1
,,2.6946,,-0.28875,,,,
340.89,1,-0.14887,42.42,0.092163,1,1.184,1,0
113.92,0,4.1534,1.1878,0.57966,0,51.693,0,0
,,2.9908,,-0.24286,,,,
340.63,0,-0.89957,0.01277,0.46958,0,1.887,0,0
,,-0.073816,,0.67156,,,,
278.65,0,2.9941,1.9706,0.12228,0,5.9957,0,0
315.21,0,-1.3839,2.5192,0.52381,0,76.119,0,1
233.94,1,2.3875,5.0452,0.043553,0,1.1344,0,0
246.54,0,3.2133,0.040925,0.50204,0,15.704,0,0
190.13,1,-1.034,43.898,0.10835,1,0.39702,1,0
61.268,0,5.396,0.067073,0.039936,0,2.1217,0,0
112.89,0,3.3333,0,0.11236,0,0.65856,0,0
179.27,1,-1.2472,13.038,0.16218,1,0.091741,1,0
11.122,1,2.6858,14.615,0.1328,1,0.39246,1,0
,,2.6745,,-0.27484,,,,
206.4,1,3.6593,54.972,0.12478,1,7.2516,1,0
272.17,1,0.57457,6.5794,0.081556,1,9.9468,1,0
298.76,1,-0.85936,17.369,0.022885,1,18.18,0,0
161.54,0,-1.0461,0,0.23561,0,2.3761,0,0
190.49,0,2.6949,0,0.38471,0,3.1351,0,0
355.24,0,4.2859,0,0.37725,0,1.959,0,0
67.725,1,2.7076,30.835,0.16179,1,1.6682,1,0
130.88,1,-0.40127,46.477,-0.015274,1,88.993,0,0
,,2.2007,,-0.34472,,,,
62.946,1,-0.040434,17.235,-0.10582,1,3.3183,1,0
261.32,1,3.9854,8.8518,0.03268,0,79.054,0,0
179.29,0,3.5454,0.0024955,0.14031,0,1.5246,0,0
261.23,0,-0.53166,0,0.21253,0,1.6365,0,0
305.07,0,2.5853,1.6274,0.44847,0,46.553,0,0
279.59,0,0.25436,0.00084394,0.27573,0,3.4891,0,0
244.7,1,0.16616,22.932,0.11925,1,0.68882,1,0
258.07,0,-0.51403,0.01403,0.13072,0,0.91398,0,0
46.905,0,-1.1885,0.0017372,0.17403,0,2.0065,0,0
62.551,1,-0.32261,3.7546,0.2663,0,82.05,0,0
351.79,0,3.2717,0.061069,0.10519,0,1.5896,0,0
289.01,0,0.77236,0,0.18126,0,0.39076,0,0
238,0,-0.29049,0,0.27356,0,2.3726,0,0
45.273,0,-1.5492,0.0089872,0.61632,0,4.2831,0,0
270,1,-1.231,11.669,0.10623,1,0.4541,1,0
,,3.2483,,-0.27243,,,,
74.206,1,3.3035,10.625,0.10024,0,77.121,0,0
,,2.8588,,-0.4386,,,,
,,3.3517,,0.0020202,,,,
85.737,,-1.368,,0.1723,0,38.069,0,
,,2.8787,,-0.37094,,,,
42.876,0,-1.7639,0,0.38498,0,2.6655,0,0
108.36,0,3.606,0.0024247,0.24665,0,0.29802,0,0
45.521,0,-0.68637,2.8086,0.6307,0,54.981,0,1
,,2.7397,,-0.21184,,,,
231.41,0,3.0634,0.0012116,0.22143,0,1.8853,0,0
23.01,0,4.2544,0,0.0018349,0,0.55728,0,0
210.88,0,4.7022,0,0.30471,0,0.29616,0,0
70.111,0,0.69686,0,0.41711,0,3.0156,0,0
,,2.8197,,-0.26859,,,,
120.29,0,4.158,18.554,0.34532,0,1.7026,0,0
89.288,,3.2709,,0.061303,1,0.89075,1,
41.813,0,3.7678,0,0.30661,0,1.1901,0,0
0.71211,0,2.444,0,0.33119,0,1.3904,0,0
41.994,0,-0.27586,0.0099601,0.66348,0,0.68645,0,0
,,2.3574,,-0.33217,,,,
316.07,0,-0.21105,3.889,0.33972,0,1.2505,0,0
237.71,1,3.9944,13.716,0.15394,1,2.5821,1,0
,,,,-0.33563,,,,
,,2.3857,,-0.29885,,,,
214.14,0,-0.68279,0.021593,0.34502,0,1.3272,0,0
,,2.2971,,-0.059961,,,,
,,2.4535,,-0.40845,,,,
,,1.4583,,-0.31418,,,,
229.06,0,3.1185,1.4944,0.021012,0,1.0916,0,0
,,2.733,,-0.27301,,,,
235.03,0,-0.94229,0.72799,0.83641,0,42.896,0,0
266.51,0,-0.91126,0.0030574,0.14885,0,83.589,0,0
131,0,0.97986,0.93214,0.36721,0,39.511,0,0
328.96,0,0.021628,2.0566,0.34496,0,20.458,0,0
216.52,0,2.7474,2.2857,-0.06989,0,51.989,0,0
97.428,1,-1.0839,3.9884,0.044701,1,1.0508,1,0
,,2.6838,,-0.35588,,,,
,,2.8969,,-0.32379,,,,
245.3,0,2.1182,0,0.072096,0,0.81777,0,0
,,1.9631,,-0.26365,,,,
5.5867,0,1.6686,0.013207,0.086346,0,1.6722,0,0
230.1,1,-0.033628,3.2102,0.1657,0,1.2158,0,0
246.53,0,3.406,0.0025234,0.1333,0,0.90372,0,0
41.504,1,0.40841,13.618,0.12528,1,0.32509,1,0
205.22,0,2.3671,0.85102,0.14672,0,18.405,0,0
222.69,0,2.9554,0.064519,0.085526,0,54.154,0,0
264.01,0,3.5804,0,0.025907,0,0.31168,0,0
266.97,0,2.9302,18.393,0.40226,0,84.519,0,1
227.32,0,3.5811,0.013192,0.28274,0,0.47152,0,0
,,,,-0.50898,,,,
269.28,0,2.8684,0,0.21447,0,0.063227,0,0
228.95,0,1.6146,0.14769,0.32726,0,1.6206,0,0
248.64,0,-0.67968,0.034984,0.13214,0,0.82912,0,0
353.75,0,3.2802,0,0.053407,0,37.629,0,0
178.75,0,-1.1449,11.462,0.56871,0,43.525,0,1
,,2.5821,,0.066667,,,,
175.98,0,-1.1323,0,0.38198,0,1.9975,0,0
,,2.915,,-0.4171,,,,
359.29,0,3.1503,16.634,0.33128,0,4.3999,0,0
134.74,0,0.44526,11.256,0.86102,0,28.868,0,1
355.37,0,0.90249,0,0.81376,0,8.4316,0,0
74.762,0,-0.1917,44.332,0.43301,0,0.48081,0,1
,,2.7946,,-0.20659,,,,
,,2.9757,,-0.33222,,,,
295.54,0,-1.054,1.8491,0.48646,0,55.73,0,0
351.84,1,-1.069,14.832,0.10809,1,30.334,0,0
218.25,,-1.4096,,0.11814,0,80.518,0,
359.37,0,3.615,0,0.13569,0,86.607,0,0
166.67,0,-1.1339,0.016921,0.05426,0,0.76364,0,0
162.49,1,3.5947,9.3669,0.12175,0,75.038,0,0
156.42,0,3.3127,0.022979,0.29236,0,5.1932,0,0
,,3.1487,,-0.3528,,,,
75.906,1,-0.79733,8.689,0.15312,0,57.252,0,0
53.215,0,0.64052,1.8118,0.69514,0,42.069,0,0
3.686,0,-0.26612,13.802,0.69541,0,7.8734,0,1
,,2.8078,,-0.2123,,,,
75.044,0,-1.1013,3.4677,0.30076,0,9.0845,0,0
,,1.7608,,-0.11655,,,,
270.77,1,-1.184,11.461,0.22034,1,26.313,0,0
143.59,0,5.161,0,0.19518,0,0.7977,0,0
,,3.0707,,-0.28485,,,,
,,2.9491,,-0.27838,,,,
,,2.6495,,-0.33548,,,,
201.09,1,-1.0396,6.1192,0.14124,0,81.096,0,0
271.69,0,-1.1318,0.010973,0.19339,0,2.3056,0,0
137.5,1,3.138,3.8899,0.10934,1,69.062,0,0
,,3.2888,,-0.25338,,,,
333.09,0,2.4791,0.0097618,0.050027,0,1.0542,0,0
205.91,1,0.34353,20.95,0.12399,1,1.449,1,0
221.98,0,1.4395,0.02113,0.23017,0,3.7317,0,0
,,3.454,,-0.29552,,,,
175.1,0,3.4075,0,0.1957,0,1.5689,0,0
,,2.5095,,-0.40198,,,,
254.81,1,3.7141,35.328,0.11058,1,0.48075,1,0
177.2,1,-1.0701,12.4,0.12162,1,1.5829,1,0
64.878,0,3.7856,0,0.28308,0,6.5986,0,0
332.66,0,3.3418,0,0.13723,0,1.0259,0,0
176.09,0,2.2498,0.043125,0.14622,0,0.92436,0,0
,,2.4969,,-0.32713,,,,
92.541,0,3.4236,12.194,0.79616,0,83.728,0,1
335.77,1,2.7279,6.9417,0.088842,1,3.7397,1,0
89.276,1,-0.040757,16.465,-0.073252,1,0.78159,1,0
106.41,1,3.8444,9.0249,0.13718,1,0.81788,1,0
339.19,1,0.52277,19.037,0.10326,1,42.816,0,0
135.99,0,-1.178,0.0081853,0.17587,0,0.77959,0,0
164.49,0,-1.4798,5.3722,0.53613,0,77.569,0,1
253.37,0,3.2111,0.029174,0.24701,0,0.33467,0,0
49.897,0,3.4792,0,0.29161,0,1.517,0,0
,,3.1334,,-0.38241,,,,
,,2.4628,,-0.44828,,,,
89.273,0,0.99484,0.11106,0.20092,0,11.874,0,0
333.09,0,0.67046,2.0276,0.59765,0,65.39,0,0
45.332,0,-1.209,0,0.15529,0,1.4287,0,0
342.22,0,-1.3188,15.776,0.40459,0,41.766,0,1
0.65082,0,-0.28798,0,0.079567,0,0.96331,0,0
54.104,0,-0.39853,0.80173,0.20102,0,54.272,0,0
,,3.0892,,-0.034483,,,,
88.934,0,3.2042,1.4195,0.90088,0,47.524,0,0
307.02,0,-0.96339,0,0.20936,0,2.172,0,0
269.71,0,3.6593,5.9491,0.60649,0,37.745,0,1
262.45,1,-1.1867,8.421,0.14888,1,0.81903,1,0
305.39,0,3.7655,0,0.37619,0,77.9,0,0
265.87,0,3.9463,0,0.56306,0,0.28788,0,0
347.01,1,1.6659,6.7128,0.22405,0,83.123,0,0
,,0.93719,,-0.32468,,,,
188.04,0,3.2285,0.0050194,0.031881,0,2.6431,0,0
,,3.3505,,-0.375,,,,
349.31,1,2.8125,16.873,0.043478,1,66.356,0,0
222.23,0,0.058691,0.38091,0.15372,0,17.255,0,0
,,2.858,,-0.39777,,,,
,,1.4002,,-0.30624,,,,
119.85,0,2.8152,0.012291,0.33374,0,5.2514,0,0
135.36,0,2.7027,0.17881,0.22154,0,41.15,0,0
175.77,1,-1.1195,15.375,0.20492,1,79.846,0,0
235.1,0,2.7544,0.77862,0.058366,0,3.3523,0,0
189.58,1,3.5967,4.7149,0.10108,0,69.792,0,0
276.93,0,-1.4968,10.004,0.63418,0,57.712,0,1
89.3,0,1.8888,0.017962,0.12342,0,1.1321,0,0
271.36,0,3.5258,96.089,0.35287,0,78.72,0,0
198.59,0,-0.71268,2.3499,0.64959,0,45.679,0,0
243.58,0,2.4542,0.033575,0.86178,0,5.0512,0,0
89.279,0,1.7511,8.9151,0.85856,0,12.033,0,1
31.967,0,2.9656,0.044187,0.072289,0,2.5113,0,0
356.31,0,1.5081,0,0.14055,0,48.271,0,0
318.25,0,-0.28054,0,0.043808,0,30.443,0,0
142.92,0,2.795,0,0.12117,0,1.1533,0,0
202.85,0,4.0479,12.681,0.3401,0,57.294,0,0
,,2.9194,,0.070461,,,,
94.753,1,0.8337,23.48,0.10873,1,22.92,0,0
,,2.747,,-0.25886,,,,
356.86,1,4.8129,3.8912,0.10835,1,18.055,0,0
333.34,0,5.5301,0,0.1479,0,2.1794,0,0
216.51,0,4.4759,6.9037,0.80538,0,59.315,0,1
71.979,0,3.2168,27.014,0.36909,0,0.2889,0,0
,,3.3257,,-0.34754,,,,
316.82,0,3.2896,0,0.66843,0,1.8722,0,0
258.98,1,3.2491,15.319,0.2432,1,9.1234,1,0
,,2.7264,,-0.31382,,,,
0.53589,0,1.7674,0.77149,0.14099,0,13.055,0,0
,,3.2897,,-0.23909,,,,
164.28,1,3.6301,31.916,0.15528,1,72.759,0,0
206.56,0,3.89,0.0020618,0.20265,0,3.119,0,0
,,2.5439,,-0.22244,,,,
,,0.95138,,-0.35135,,,,
71.51,1,3.5716,22.059,0.10097,1,0.169,1,0
267.22,0,2.7428,0,0.18108,0,0.48021,0,0
,,3.2435,,-0.33636,,,,
172.94,0,3.4161,0.087148,0.4771,0,0.10383,0,0
,,2.4569,,-0.17801,,,,
16.751,0,3.223,4.3939,0.62769,0,60.468,0,1
,,2.6838,,-0.44503,,,,
131.43,0,-1.1154,0.19856,0.65768,0,10.509,0,0
359.3,0,3.1639,0,0.11696,0,1.7423,0,0
239.88,0,-1.3118,0.023831,0.16647,0,0.71243,0,0
,,3.3065,,-0.0016207,,,,
,,1.5872,,-0.22791,,,,
66.458,0,-1.5575,4.3137,0.78497,0,70.285,0,1
4.6764,0,1.829,13.604,0.45186,0,0.67367,0,1
79.199,1,-0.040728,17.168,-0.095238,1,9.3839,1,0
138.67,0,-1.1208,0,0.19067,0,1.0419,0,0
91.441,,3.6916,,0.04291,0,4.5886,0,
199.51,0,2.7183,0.0067105,0.10269,0,1.4964,0,0
336.58,0,2.6676,0,0.20633,0,0.78919,0,0
49.475,0,3.0156,0,0.54584,0,3.8543,0,0
,,2.9166,,-0.30395,,,,
300.57,0,0.24356,0,0.38024,0,0.89434,0,0
346.53,0,3.4672,0,0.40508,0,20.847,0,0
93.9,1,-1.5395,8.1202,0.06009,1,1.0666,1,0
,,2.7623,,-0.49593,,,,
,,2.3313,,-0.27974,,,,
,,3.3021,,-0.3301,,,,
36.697,0,3.3081,2.2827,0.5766,0,72.313,0,0
146.8,0,0.87252,0.0048836,0.15114,0,1.5625,0,0
92.955,0,-1.6601,12.389,0.34569,0,75.387,0,0
,,2.4773,,-0.28571,,,,
235.02,0,2.9805,1.1811,0.48137,0,12.531,0,0
249.14,1,2.7733,18.571,0.29503,1,1.7627,1,0
12.597,1,2.9297,22.238,0.1247,1,1.3724,1,0
89.28,0,3.7195,6.6327,0.79926,0,26.208,0,1
,,2.6339,,-0.3149,,,,
323.56,0,2.0476,0,0.10461,0,0.92507,0,0
242.89,0,-1.2054,0,0.3125,0,62.287,0,0
,,-0.73733,,0.37387,,,,
134.47,1,3.2582,12.996,0.011722,1,0.88877,1,0
311.72,0,4.1222,0.010078,0.073403,0,1.1132,0,0
181.7,0,5.0975,0.0008049,0.32363,0,0.95816,0,0
40.025,0,-1.5227,0,0.61542,0,0.96851,0,0
225.88,0,3.3994,4.925,0.82413,0,49.624,0,1
89.279,1,-1.0514,20.401,0.050616,1,26.926,0,0
258.01,0,0.30966,0.00063947,0.39497,0,0.20513,0,0
353.12,1,-0.17261,40.461,0.087786,1,5.7667,1,0
,,2.8685,,-0.3049,,,,
58.894,0,3.5858,0.011964,0.24306,0,22.064,0,0
89.273,0,4.1913,0.043952,0.17204,0,0.82759,0,0
73.434,0,1.0772,4.4336,0.41562,0,47.7,0,1
51.7,0,3.2627,17.069,0.49315,0,59.937,0,1
318.72,0,3.2288,1.5438,0.2415,0,15.819,0,0
260.53,0,3.5137,2.3997,0.15857,0,47.179,0,0
,,,,-0.39414,,,,
,,2.7766,,-0.25515,,,,
,,3.4891,,-0.034277,0,,,
303.73,0,2.516,14.382,0.30762,0,0.33445,0,0
,,3.3193,,-0.17014,,,,
74.405,1,-0.65189,9.687,0.059149,1,8.3376,1,0
135.74,1,3.6024,36.183,0.051375,1,24.734,1,0
340.82,1,3.0694,15.496,0.15056,1,0.47151,1,0
335.26,0,-1.8506,3.038,0.73057,0,0.16946,0,1
121.21,0,3.9637,0.0040357,0.14231,0,1.5503,0,0
,,2.907,,-0.2446,,,,
,,,,-0.35703,,,,
323.52,,3.3013,,-0.087903,0,36.975,0,
183.88,0,0.52519,0.21381,0.57288,0,0.78789,0,0
,,2.701,,-0.26069,,,,
225.44,0,3.6086,11.617,0.71609,0,57.219,0,1
228.02,1,3.0971,9.2839,0.020334,1,35.135,0,0
264,0,4.0416,0.012541,0.12404,0,0.24821,0,0
129.48,1,4.0283,12.372,0.10193,1,59.558,0,0
266.95,0,1.7817,0,0.44642,0,8.4178,0,0
338.14,0,-0.20117,0,0.18597,0,10.204,0,0
,,2.9151,,-0.41777,,,,
30.852,0,-1.1756,0.038071,0.30543,0,3.267,0,0
49.38,0,2.8515,0,0.058027,0,6.5311,0,0
332.29,0,4.756,0.019611,0.22963,0,1.5952,0,0
124.88,0,-0.59223,0.010327,0.23568,0,0.55139,0,0
,,3.0064,,-0.25484,,,,
148.24,0,2.7059,0,0.037877,0,0.16724,0,0
231.61,0,-1.0127,0,0.57976,0,0.83494,0,0
319.67,0,-1.3759,0.92138,0.25797,0,50.59,0,0
288.73,0,1.4063,3.7347,0.59158,0,41.826,0,1
240.31,0,3.12,0.156,0.49672,0,45.467,0,0
,,1.0555,,-0.26744,,,,
264.28,0,0.9161,2.3459,0.76766,0,43.598,0,0
,,2.379,,-0.32666,,,,
154.92,0,3.0421,0,0.25484,0,0.39017,0,0
172.43,0,-0.029157,0,0.15126,0,6.0404,0,0
,,-1.7081,,0.63666,,,,
220.17,0,3.4227,0.00071049,0.28288,0,0.72019,0,0
,,2.9171,,-0.17386,,,,
177.44,0,3.4145,5.3834,0.69936,0,19.849,0,1
231.88,0,-1.32,0.013764,0.14038,0,0.21706,0,0
337.48,1,3.8816,12.682,0.17069,0,81.128,0,0
307.29,0,1.4866,5.2165,0.5712,0,75.363,0,1
155.62,0,2.3133,0.0052831,0.070301,0,1.0452,0,0
15.372,0,3.0337,0.027397,0.070288,0,39.028,0,0
3.4423,0,1.9144,0.015452,0.088871,0,1.9076,0,0
,,1.8684,,-0.32026,,,,
295.36,1,-1.2659,11.287,0.10769,0,0.35196,0,0
269.27,1,-1.2722,10.172,0.11514,1,0.62068,1,0
175.92,1,-1.1569,17.516,0.19263,1,20.277,1,0
53.109,0,0.79967,6.2287,0.76524,0,69.234,0,1
,,1.4552,,-0.37522,,,,
157.57,0,3.3695,0.26208,0.31318,0,41.186,0,0
,,2.7654,,-0.2247,,,,
269.29,0,3.4652,0,0.18708,0,2.8542,0,0
26.287,0,3.2434,0,0.088199,0,1.1901,0,0
11.073,0,-0.35017,0.0073676,0.23129,0,0.70275,0,0
51.089,0,3.4827,1.7603,-0.032173,0,2.9817,0,0
,,2.8314,,-0.30835,,,,
166.88,1,4.0864,11.176,0.16092,1,71.359,0,0
332.67,0,4.3342,2.2981,0.11649,0,3.0177,0,0
332.2,0,3.5112,0,0.10264,0,0.31552,0,0
178.56,0,-1.2813,6.9708,0.5707,0,12.694,0,1
357.15,0,1.7191,0.66812,0.49716,0,29.406,0,0
276.64,1,3.4525,17.287,0.050544,1,21.668,0,0
116.23,,3.2794,,0.15536,1,0.99934,1,
,,2.8652,,-0.32242,,,,
234.95,0,2.6137,2.283,0.68981,0,54.709,0,0
312.58,0,3.4216,0.0099916,0.0039216,0,1.0658,0,0
,,3.3116,,-0.11617,,,,
281.38,0,-1.5292,0,0.65468,0,1.5044,0,0
251.49,0,-0.39626,0.0030639,0.14354,0,1.0502,0,0
,,6.8593,,-0.1386,,,,
358.44,1,3.6279,30.916,0.12602,1,1.1582,1,0
,,2.0057,,-0.25811,,,,
,,3.2125,,-0.3382,,,,
,,3.3289,,-0.43056,,,,
222.89,0,0.21375,3.073,0.32479,0,0.63334,0,0
,,3.0079,,-0.1172,,,,
236.58,0,6.6699,0,0.063182,0,2.0144,0,0
254.74,1,0.0058427,10.916,0.097679,1,1.6206,1,0
19.797,0,4.5772,0.53433,0.036404,0,0.36112,0,0
,,2.0222,,0.091541,,,,
25.79,0,3.9504,0,0.44819,0,2.2152,0,0
116.79,1,0.26639,3.7597,0.088296,0,60.479,0,0
245.31,0,0.22523,9.8056,0.64918,0,63.679,0,1
,,2.9649,,0.21521,,,,
101.52,0,-1.834,9.929,0.42009,0,22.792,0,1
208.7,0,-0.33182,0.0078218,0.12616,0,0.31592,0,0
296.99,1,4.1947,19.527,0.18495,1,0.24661,1,0
,,2.8084,,-0.49434,,,,
181.76,1,1.0315,101.75,0.034718,1,0.39576,1,0
133.68,1,-1.2116,3.6955,0.13198,0,65.841,0,0
179.52,0,-0.24167,0,0.13736,0,4.1035,0,0
316.81,0,3.3163,0.010079,0.065089,0,1.9737,0,0
158.35,0,3.7728,0,0.54427,0,1.8345,0,0
88.483,0,3.9704,0.011297,0.086169,0,35.666,0,0
18.491,1,3.6899,13.045,0.207,1,20.121,0,0
196.01,1,3.1933,25.692,0.083077,1,2.3154,1,0
,,3.5727,,-0.043478,,,,
155.12,0,2.6053,0.03096,0.30206,0,0.842,0,0
,,0.30018,,0.754,,,,
,,3.2738,,-0.41667,,,,
,,2.3858,,-0.30914,,,,
227.83,0,3.0945,5.1498e-05,0.083298,0,2.6742,0,0
90.228,0,-1.2818,0.042537,0.30973,0,4.4632,0,0
,,3.2682,,-0.16583,,,,
,,1.8833,,-0.38047,,,,
17.843,0,-1.1161,0,0.24474,0,2.2728,0,0
52.201,0,-1.3467,0.0050629,0.12491,0,1.1885,0,0
290.06,0,-0.86569,0.096592,0.12336,0,1.131,0,0
,,2.4362,,-0.30703,,,,
212.84,1,0.93891,26.099,-0.00078309,1,80.471,0,0
172.89,0,-1.0522,17.162,0.76054,0,76.558,0,1
,,2.7389,,-0.44316,,,,
62,1,3.6924,4.5764,0.090361,0,87.96,0,0
,,2.4594,,0.011236,,,,
17.384,0,3.9506,13.766,0.46588,0,1.1096,0,1
,,0.8311,,-0.40293,,,,
340.88,0,2.4667,0,0.22881,0,2.6203,0,0
335.4,0,-0.28201,12.418,0.41894,0,25.001,0,1
179.05,0,3.4628,0.0085678,0.26062,0,48.098,0,0
,,3.309,,-0.39698,,,,
359.28,0,2.8239,0.0035133,0.55704,0,2.3949,0,0
359.05,1,0.10892,33.656,0.073321,1,80.876,0,0
,,1.4224,,-0.041894,,,,
62.788,0,3.0418,0,0.074579,0,0.025695,0,0
280.17,0,0.52814,0.0020598,0.34461,0,0.48578,0,0
,,2.8209,,-0.367,,,,
,,3.8943,,0.1283,,,,
167.67,1,3.2038,12.845,0.1954,1,0.45647,1,0
,,1.3298,,-0.24913,,,,
51.834,0,3.181,0.010612,0.24701,0,2.337,0,0
32.102,0,3.1634,0.020247,0.43193,0,0.095486,0,0
19.724,0,0.42517,16.177,0.52153,0,85.938,0,1
273.8,0,2.4102,0,-0.0019367,0,5.129,0,0
,,2.8291,,-0.23784,,,,
30.978,1,0.40188,8.6344,-0.027284,1,18.909,0,0
120.76,0,0.41461,12.871,0.8744,0,19.196,0,1
,,3.3019,,-0.30516,,,,
24.497,0,-0.080706,0.0025058,0.28865,0,3.4238,0,0
,,2.8559,,-0.3159,,,,
,,0.85384,,-0.33038,,,,
134.2,0,2.4436,0,0.17261,0,55.743,0,0
186.42,0,2.6983,0,0.099617,0,0.32355,0,0
,,2.1036,,-0.18621,,,,
,,2.3013,,-0.30464,,,,
117.34,0,5.3461,0.019168,0.09589,0,1.6211,0,0
276.5,0,2.8367,0,0.042615,0,0.77627,0,0
,,-0.34555,,-0.14217,,,,
269.29,0,3.2858,0.0029001,0.020173,0,0.35059,0,0
339.34,0,3.233,0,0.078566,0,1.0611,0,0
318.21,0,6.3435,0.080254,0.18346,0,78.697,0,0
188.14,0,-1.2492,0,0.10809,0,0.26109,0,0
117.81,1,-0.2263,22.524,-0.0079455,1,1.7397,1,0
223.84,0,-1.2981,0,0.4793,0,0.45055,0,0
134.22,,-0.1819,,0.13193,0,87.31,0,
,,,,-0.36449,,,,
,,1.1279,,-0.32504,,,,
48.312,0,-1.0851,0.016903,0.11228,0,1.4992,0,0
353.97,1,1.5667,18.466,0.16067,1,4.8306,1,0
340.81,0,3.1925,0.065556,-0.056884,0,0.1088,0,0
284.9,0,3.6519,0.006377,0.11411,0,0.89506,0,0
58.291,0,3.5483,0.095494,0.23292,0,14.708,0,0
,,2.3193,,-0.30719,,,,
,,3.4277,,-0.22066,,,,
50.375,1,-0.58765,20.63,0.095863,1,0.81235,1,0
,,,,-0.48066,,,,
213.06,0,4.1877,0.0046349,0.13774,0,0.49645,0,0
109.78,1,-0.82652,30.914,0.10856,1,1.0308,1,0
151.98,0,3.1775,0,0.72638,0,3.8908,0,0
,,2.5654,,0.16541,,,,
54.406,0,2.7131,0,0.14445,0,2.6539,0,0
151.22,0,-0.19315,0,0.16589,0,2.2467,0,0
,,2.9981,,-0.24921,,,,
265.38,0,-0.65982,0.05072,0.34009,0,19.152,0,0
107.14,0,3.1126,3.6219,0.55541,0,73.705,0,1
359.27,0,0.5788,0.3177,0.30711,0,1.049,0,0
281.8,0,3.6009,0,0.09988,0,0.052986,0,0
327.11,0,3.7251,0,0.31238,0,12.195,0,0
359.28,1,-0.99309,17.645,0.11274,1,0.22361,1,0
179.29,0,2.8485,0,0.094126,0,1.0547,0,0
257.99,0,0.32071,0.01019,0.05641,0,4.9054,0,0
359.28,0,0.37622,0.0036829,0.33859,0,0.93438,0,0
0.64028,0,3.5068,0.010823,0.45195,0,1.7198,0,0
259.98,1,2.6044,85.439,0.10121,1,3.0432,1,0
269.28,0,-1.3057,0.028955,0.58188,0,2.6363,0,0
,,3.2602,,-0.18486,,,,
343.04,0,-0.43338,0.011081,0.1401,0,1.6237,0,0
127.37,0,1.478,8.9348,0.73099,0,42.088,0,1
116.07,0,4.2025,3.1306,0.46101,0,1.0943,0,1
,,3.3325,,-0.32486,,,,
179.28,0,0.23011,0.017088,0.22433,0,61.81,0,0
,,2.37,,-0.23167,,,,
128.91,0,-1.0441,17.683,0.36955,0,79.321,0,0
,,0.93727,,-0.25979,,,,
,,2.7669,,-0.020979,,,,
273.35,0,3.6414,0.015684,0.060574,0,5.6628,0,0
,,2.5452,,-0.34985,,,,
,,2.8679,,-0.3086,,,,
137.85,0,-0.85903,0.052829,0.19562,0,3.0552,0,0
,,3.541,,-0.2454,,,,
203.14,0,5.3313,0,0.13164,0,1.8046,0,0
,,2.8482,,-0.33106,,,,
8.2235,0,-1.2463,0,0.16976,0,0.40625,0,0
,,,,-0.34641,,,,
89.277,0,-1.0318,10.266,0.30079,0,28.966,0,0
,,2.5495,,0.34441,,,,
334.9,0,2.301,0,0.070833,0,0.98815,0,0
4.2342,1,3.9973,35.003,0.16455,1,0.20129,1,0
340.02,1,3.5184,15.97,0.20488,0,83.134,0,0
92.74,0,4.3232,0.014102,0.037037,0,3.6112,0,0
238.13,0,4.0168,0,0.82733,0,4.2701,0,0
255.91,1,-0.16981,58.474,0.037166,1,3.0456,1,0
257.56,0,-1.7373,0,0.65192,0,31.125,0,0
135.92,0,-0.9114,1.0309,0.38054,0,13.655,0,0
237.51,0,-0.86042,0.014624,0.11577,0,0.64227,0,0
138.5,1,3.0314,18.948,-0.0011507,1,26.907,1,0
185.3,1,4.1303,32.83,0.11086,0,1.3717,0,0
200.96,1,-1.1134,11.072,0.11023,1,0.74649,1,0
138.41,0,3.4832,0.021303,0.18692,0,0.72018,0,0
351.18,1,3.8431,12.251,0.21271,1,54.729,0,0
169.86,1,-1.0901,5.0012,0.20882,1,1.5802,1,0
112.58,1,3.562,11.109,0.17252,1,0.31912,1,0
337.08,0,4.0474,0,0.18415,0,1.1702,0,0
289.59,1,4.7529,9.4658,0.091039,1,10.347,0,0
,,2.6952,,-0.2614,,,,
,,2.7287,,-0.24095,,,,
227.3,0,9.6541,0.02266,0.83658,0,6.6045,0,0
,,2.351,,-0.32114,,,,
79.072,1,-0.13722,20.384,0.031086,1,29.536,0,0
167.19,0,3.6536,0,0.10553,0,1.1784,0,0
167.25,0,0.35733,0.010968,0.16541,0,0.27551,0,0
185.34,0,2.4824,0,0.083859,0,29.696,0,0
292.56,0,-0.63767,8.5307,0.79028,0,46.048,0,1
269.3,0,3.2915,0,0.029203,0,0.14943,0,0
286.36,0,3.6028,0.0018556,0.0304,0,0.078164,0,0
,,2.1006,,-0.11944,,,,
173.79,0,-0.024164,0.011164,0.43956,0,1.2611,0,0
336.62,0,2.1533,0.0039649,0.26672,0,0.37278,0,0
,,2.8886,,-0.40472,,,,
255.78,0,1.5341,0,0.23065,0,2.5755,0,0
,,2.7548,,-0.49434,,,,
318.32,1,0.21832,3.9728,0.12617,0,69.021,0,0
54.003,0,-1.6327,0,0.17627,0,27.259,0,0
,,2.254,,-0.2768,,,,
345.12,0,0.25811,0,0.26133,0,6.4585,0,0
338.26,1,3.2597,6.6966,0.27461,1,4.1569,1,0
94.919,1,3.4726,15.969,0.019994,1,72.946,0,0
14.31,0,-1.3026,0.0019896,0.4324,0,0.33241,0,0
339.42,0,3.1449,0,0.74754,0,0.67658,0,0
268.46,1,-0.39064,11.514,0.2153,1,1.5861,1,0
284.33,1,-0.22645,16.205,0.14548,1,3.8153,1,0
139,1,-0.34044,40.153,0.07541,1,87.882,0,0
175.71,1,-1.1207,10.866,0.090286,0,85.207,0,0
,,1.8839,,-0.20946,,,,
179.27,0,2.952,0,0.31465,0,0.20638,0,0
,,2.3802,,-0.32219,,,,
66.514,0,-0.25085,0,0.23725,0,2.7094,0,0
156.88,0,3.5861,3.8861,0.78963,0,73.073,0,1
107.69,0,1.9284,23.012,0.86097,0,51.239,0,1
280.37,0,0.34751,8.6088,0.84752,0,28.385,0,1
93.765,0,2.1667,0,-0.22464,0,2.9031,0,0
84.868,0,-0.58673,0.30123,0.67275,0,44.408,0,0
347.82,0,-1.1334,2.1771,0.56476,0,49.366,0,0
225.07,0,3.8679,0.0021398,0.53909,0,2.3409,0,0
,,1.6467,,-0.19645,,,,
272.27,0,5.0438,0.011988,0.029858,0,45.93,0,0
245.49,0,3.608,7.7786,0.36222,0,3.832,0,0
28.408,0,0.34959,10.617,0.84218,0,33.246,0,1
318.99,1,3.6256,13.65,0.20382,1,0.95076,1,0
178.61,0,3.5292,0.014637,0.35795,0,0.95737,0,0
207.94,1,-1.3253,15.297,0.16249,1,16.013,1,0
,,3.0012,,-0.29482,,,,
,,1.7564,,-0.29213,,,,
280.68,0,-1.6987,5.3275,0.55016,0,29.873,0,1
,,3.4314,,0.22637,0,,,
341.02,1,-0.18877,20.692,-0.033449,1,1.3761,1,0
108.25,0,2.2386,1.397,0.10837,0,41.597,0,0
,,3.5286,,-0.19231,,,,
52.349,1,0.96427,26.293,0.19804,1,46.411,0,0
235.39,0,3.1893,0.013794,0.23088,0,1.0384,0,0
297.24,0,2.063,0,0.24829,0,1.8085,0,0
116.41,0,2.8835,0,0.092301,0,1.8979,0,0
241.19,0,4.4209,1.2963,0.60233,0,30.614,0,0
,,2.48,,-0.26537,,,,
328.48,1,1.4632,46.919,0.099796,1,0.74063,1,0
103.18,0,3.3383,0.87772,0.27773,0,45.585,0,0
,,2.4277,,-0.24167,,,,
,,2.4201,,-0.074543,,,,
,,2.2628,,0.038217,,,,
52.452,0,3.2254,6.7389,0.62769,0,59.202,0,1
197.4,1,0.73095,12.714,0.17759,1,0.29558,1,0
,,2.5281,,-0.39731,,,,
308.51,0,3.7379,0.01104,0.11798,0,1.9578,0,0
154.31,1,1.2498,18.906,0.11952,1,0.35415,1,0
115.13,1,-0.24355,16.171,0.18227,1,0.22354,1,0
359.29,1,1.219,10.989,0.1877,0,1.0089,0,0
,,2.7589,,-0.2965,,,,
,,2.9106,,-0.24159,,,,
213.48,0,3.7719,0.015565,0.27328,0,0.21483,0,0
,,2.7681,,-0.24254,,,,
,,1.0653,,-0.42752,,,,
223,0,-2.1133,6.2878,0.68541,0,27.816,0,1
196.39,0,2.9662,0,0.3841,0,2.7151,0,0
318.87,1,3.628,16.579,0.050395,1,0.15066,1,0
99.335,1,1.9029,12.476,0.22415,1,0.62449,1,0
135.18,0,0.088396,1.464,0.37869,0,63.669,0,0
,,3.2831,,-0.35529,,,,
,,2.5759,,-0.28465,,,,
110.63,0,-1.1781,0.5551,0.74884,0,33.21,0,0
147.22,1,3.3844,18.074,-0.014318,0,83.842,0,0
0.054522,0,1.3882,2.0445,0.11094,0,67.551,0,0
,,2.4257,,-0.27609,,,,
323.41,1,3.7911,3.109,0.19532,1,0.81371,1,0
158.58,1,-1.5253,14.228,0.073132,1,21.459,1,0
9.8313,0,3.736,0.0066781,0.062724,0,2.3253,0,0
301.75,1,4.0824,32.008,0.19828,1,49.191,0,0
,,2.6947,,-0.27162,,,,
178.13,0,1.2164,0,0.15378,0,1.9889,0,0
152.44,0,3.5871,2.892,0.82063,0,63.002,0,1
269.27,0,2.2917,6.4642,0.69062,0,14.79,0,1
,,2.8739,,-0.43396,,,,
,,1.9434,,-0.27778,,,,
,,2.6889,,-0.038391,,,,
88.488,0,-1.5898,0,0.15321,0,80.394,0,0
67.627,1,4.2355,40.139,0.11412,1,0.72967,1,0
161.89,0,-0.78531,0.018309,0.18119,0,0.19224,0,0
309.18,0,-1.7292,0,0.57901,0,0.50943,0,0
,,2.3793,,-0.37733,,,,
,,,,-0.48875,,,,
26.745,1,2.6366,11.489,0.08627,1,2.4729,1,0
337.13,0,-0.52806,30.724,0.36938,0,3.1225,0,0
249.3,0,3.4312,0,0.27009,0,1.3757,0,0
106.11,0,-1.567,0,0.45064,0,0.53443,0,0
67.996,0,0.72376,18.957,0.8665,0,68.565,0,1
224.36,1,-1.2271,8.332,0.135,1,0.32066,1,0
254.7,0,-1.1344,0.006036,0.19915,0,5.5827,0,0
,,2.6465,,-0.43879,,,,
309.64,0,-1.3245,0,0.19254,0,4.8916,0,0
,,,,-0.38811,,,,
,,2.1881,,-0.33221,,,,
348.78,1,3.4737,22.082,0.10982,1,1.1019,1,0
328.45,0,2.4772,0.0093668,0.27756,0,3.0019,0,0
55.558,0,1.0425,0,0.47662,0,0.77407,0,0
106.35,0,-1.4276,8.655,0.60524,0,74.771,0,1
250.15,0,3.8436,0,0.49123,0,51.061,0,0
8.3223,1,3.5842,8.9853,0.048638,1,15.261,0,0
50.66,0,0.67718,14.508,0.87886,0,78.844,0,1
187.17,0,-1.1742,0.061765,0.28056,0,4.8443,0,0
38.837,0,3.0643,13.923,0.33256,0,83.761,0,0
323.73,0,3.0506,0,0.25123,0,23.399,0,0
74.011,0,2.8099,0,0.12399,0,1.6084,0,0
220.75,1,4.333,15.417,0.23615,0,2.4384,0,0
,,5.7867,,-0.27298,,,,
156.66,1,2.8587,4.7241,0.13725,0,79.086,0,0
,,2.7092,,0.13763,,,,
,,3.338,,-0.35172,,,,
228.2,1,2.6961,18.953,0.035519,1,78.372,0,0
32.71,0,-0.95867,5.9069,0.76769,0,47.322,0,1
,,3.3208,,-0.30756,,,,
321.01,0,0.3043,0.022295,0.294,0,0.78863,0,0
198.23,0,0.12545,4.6071,0.33154,0,0.23033,0,0
262.84,0,-1.1827,0.031779,0.42809,0,7.8686,0,0
226.64,0,1.7339,0,0.10029,0,0.3047,0,0
,,2.8781,,-0.27027,,,,
300.28,0,3.784,0.0078514,0.27802,0,1.2134,0,0
224.26,0,3.1556,0.96175,0.037468,0,72.896,0,0
,,2.5163,,-0.0018484,,,,
154.62,0,6.7686,0.72479,0.87068,0,64.874,0,0
0,0,-0.05313,0.02733,0.22324,0,0,0,0
,,1.9757,,-0.14095,,,,
39.783,1,3.5879,37.161,0.093546,1,0.2036,1,0
165.73,0,2.1492,0.028334,0.32977,0,4.8654,0,0
247.55,0,-1.4117,0,0.099687,0,2.924,0,0
145.55,0,4.3932,0.08993,0.20148,0,9.7082,0,0
,,2.6028,,0.092041,,,,
342.46,0,1.8071,0.29621,0.038123,0,17.027,0,0
,,2.5457,,-0.30015,,,,
44.35,0,-1.4553,0,0.55887,0,3.0252,0,0
60.597,0,-1.3462,0.030248,0.26481,0,0.20308,0,0
203.54,1,-0.11544,16.534,0.019786,1,12.47,1,0
,,2.8062,,-0.32209,,,,
3.1247,0,2.9592,1.9156,0.073603,0,10.588,0,0
50.978,0,9.3681,0.032349,0.52813,0,2.1162,0,0
,,1.0596,,-0.30686,,,,
323.97,0,3.3929,0,0.0041841,0,2.1561,0,0
243.85,0,1.0695,14.791,0.86841,0,37.285,0,1
,,2.7364,,0.79602,0,,,
21.795,0,3.5695,0.012151,0.32888,0,0.28543,0,0
322.74,0,3.8799,0,0.2465,0,1.37,0,0
73.319,0,3.4631,4.2933,0.44078,0,81.729,0,1
351.26,0,3.3427,0,0.087846,0,0.41106,0,0
300.08,0,-0.20223,0.083326,0.38647,0,7.6813,0,0
156.44,0,5.6866,17.527,0.88641,0,66.686,0,1
151.09,0,-0.50954,0,0.22069,0,0.37723,0,0
224.05,0,0.90706,1.8856,0.77455,0,60.326,0,0
330.27,0,3.4619,0,0.58048,0,3.4441,0,0
269.28,1,-0.14921,30.261,0.10302,1,0.26442,1,0
335.27,0,4.1098,0,0.68967,0,1.6376,0,0
,,2.8067,,-0.42541,,,,
,,2.8663,,-0.26448,,,,
324.21,1,3.5287,16.106,-0.049275,1,53.836,0,0
,,2.0881,,-0.37715,,,,
315.56,0,1.7674,0.20379,0.38197,0,46.575,0,0
184.49,1,-1.0496,7.6026,0.12579,1,0.75982,1,0
299.28,0,0.059442,0,0.60403,0,9.9735,0,0
,,2.8535,,-0.38593,,,,
258.05,0,1.6388,0,0.4553,0,1.8804,0,0
248.48,0,-0.19568,0,0.023644,0,1.211,0,0
304.29,0,0.97842,5.1619,0.87799,0,47.35,0,1
197.41,0,-1.0465,4.9544,0.78148,0,55.376,0,1
331.4,0,3.3793,0,0.07519,0,3.5696,0,0
,,1.1279,,-0.25615,,,,
199.46,0,3.5534,0.00013375,0.61763,0,2.0148,0,0
269.28,1,-1.0438,4.3335,0.16269,1,9.0062,1,0
273.35,0,6.1742,0,0.024268,0,0.080668,0,0
,,,,-0.30543,,,,
,,0.94771,,-0.35593,,,,
179.28,0,-1.2657,0,0.29268,0,2.6295,0,0
237.53,1,-1.0452,10.995,0.15378,1,0.53388,1,0
12.196,,3.0367,,0.14544,1,0.61763,1,
159.84,1,-0.92396,69.697,0.11241,1,1.4162,1,0
124.11,0,0.13217,3.8094,0.4947,0,55.534,0,1
,,2.7717,,-0.26252,,,,
26.417,1,-1.1053,13.749,0.11446,1,22.236,0,0
,,2.8776,,-0.43396,,,,
318.23,0,3.6422,0.0070395,0.32803,0,0.63868,0,0
12.681,0,2.234,0.19082,0.084112,0,1.1666,0,0
269.29,1,0.76647,22.556,0.18491,0,0.91377,0,0
235.82,0,0.12206,1.8628,0.8553,0,59.248,0,0
92.653,0,4.3676,2.446,0.13366,0,7.4935,0,0
196.1,1,3.3237,28.205,0.16976,1,0.994,1,0
132.74,0,-0.9658,0.011197,0.54346,0,1.7496,0,0
204.77,0,0.14427,13.748,0.71862,0,43,0,1
,,3.3329,,-0.35294,,,,
334.37,0,3.5189,0,0.064057,0,1.5547,0,0
139.11,1,4.086,15.892,0.11501,0,49.524,0,0
43.093,0,3.1709,1.3223,0.31912,0,73.134,0,0
236.51,1,2.6293,18.581,0.059121,1,26.171,0,0
,,1.9308,,-0.35727,,,,
319.99,1,3.8065,28.297,0.11869,1,15.44,0,0
132.18,0,-1.1808,1.4989,0.26886,0,6.1584,0,0
269.3,0,4.0084,0,0.50197,0,1.1551,0,0
357.08,1,-0.084191,15.569,0.0072359,1,39.97,0,0
228.85,1,3.3285,14.04,0.012528,1,5.9967,1,0
48.061,0,3.5967,0.016288,0.18389,0,0.31324,0,0
172.75,1,-1.0065,22.243,-0.022074,1,81.404,0,0
89.285,0,3.8599,2.8359,0.50497,0,12.473,0,1
179.28,1,3.9504,13.796,0.17944,1,0.65353,1,0
235.7,0,0.74106,0.40564,0.62018,0,63.021,0,0
,,-1.8926,,0.75846,0,,,
325.54,1,4.6453,15.241,0.11385,1,0.59987,1,0
169.36,0,3.0529,0.011028,0.76416,0,11.545,0,0
140.84,,2.9947,,0.12034,0,6.5,0,
232,0,0.38056,0.012637,0.62244,0,5.9517,0,0
357.76,0,3.9268,34.157,0.32251,0,0.43578,0,0
44.152,0,1.0668,0.030445,0.33465,0,10.558,0,0
,,1.2031,,-0.14607,,,,
129.47,1,-0.41343,3.7937,0.20794,0,65.67,0,0
,,2.4916,,-0.36042,,,,
73.122,1,-1.4864,17.119,0.12706,1,60.118,0,0
294.13,0,3.9433,0,0.21189,0,0.88668,0,0
220.32,0,3.4555,12.049,0.58511,0,74.883,0,1
216.4,0,3.8946,0.14284,0.27887,0,23.543,0,0
,,2.5583,,-0.33003,,,,
125.65,0,3.3645,9.9068,0.72067,0,31.605,0,1
342.22,1,-0.99043,8.4127,0.070932,1,34.282,0,0
,,2.599,,0.16938,,,,
180.35,0,-1.3663,0,0.19117,0,2.7559,0,0
,,2.8154,,-0.20991,,,,
80.495,0,4.0392,0,0.17204,0,2.7777,0,0
27.952,1,1.9155,18.834,0.15265,1,0.86243,1,0
189.82,0,-0.39589,1.0466,0.57051,0,45.598,0,0
310.67,,3.0398,,0.0025947,0,29.562,0,
271.9,0,-1.2019,6.8056,0.57674,0,70.135,0,1
331.61,0,3.6394,0.014083,0.10907,0,0.8543,0,0
,,2.404,,-0.2645,,,,
255.08,1,-0.13677,16.023,0.0052972,1,13.095,0,0
89.273,0,-1.3355,0.0086367,0.15035,0,6.592,0,0
,,3.1745,,-0.43922,,,,
179.28,1,-1.0787,15.827,0.126,1,0.13187,1,0
25.016,1,-0.9788,8.4798,0.21986,1,0.66183,1,0
264.56,0,-1.8029,6.7428,0.70886,0,30.824,0,1
31.706,0,3.614,0,0.24047,0,0.48224,0,0
,,3.2327,,-0.44,,,,
,,3.4629,,-0.25625,,,,
59.081,0,3.0387,0,0.21566,0,0.95746,0,0
265.98,0,3.3716,0.301,0.076856,0,2.7785,0,0
,,2.8542,,-0.41423,,,,
321.94,0,3.9146,0,0.39911,0,0.63465,0,0
,,3.0307,,-0.012629,,,,
223.57,0,-0.60231,0,0.45595,0,0.29632,0,0
6.4368,0,0.032536,0.00016367,0.17851,0,1.1554,0,0
,,,,-0.32148,,,,
228.16,1,-1.2195,15.49,0.11078,1,0.36617,1,0
,,3.2686,,-0.11206,,,,
227.21,1,4.1254,38.235,0.2202,1,0.16249,1,0
289.3,0,-1.544,0,0.62356,0,1.5901,0,0
,,2.5528,,-0.13731,,,,
259.86,0,2.1922,3.2366,0.88921,0,59.489,0,1
0.8877,1,-1.1033,10.56,0.21107,0,66.461,0,0
29.684,1,2.7031,76.53,0.055036,1,85.145,0,0
100.69,1,0.36876,26.98,0.11033,1,0.52181,1,0
102.59,0,4.1175,0.11322,0.17431,0,0.22441,0,0
333.04,0,3.513,0.0231,0.086179,0,1.9488,0,0
159.86,0,2.8324,0,0.077698,0,1.9018,0,0
222.41,0,1.0951,3.9489,0.73784,0,6.1971,0,1
316.01,1,-1.2397,13.208,0.23696,1,0.89731,1,0
83.573,0,-1.1945,1.1657,0.26888,0,55.674,0,0
168.3,1,-0.14022,11.277,0.020175,1,3.2551,1,0
199.31,0,-0.79049,0,0.77829,0,0.60407,0,0
188.15,1,3.357,4.2523,0.29448,0,70.781,0,0
,,2.5786,,-0.39716,,,,
,,,,-0.40037,,,,
79.236,0,4.6544,0,0.35671,0,1.4765,0,0
315.36,0,-1.0139,3.0651,0.38624,0,69.998,0,0
,,0.99989,,-0.22581,,,,
118.35,0,0.26332,0,0.065299,0,0.46027,0,0
67.952,0,-1.0105,0.009843,0.28361,0,82.344,0,0
246.05,1,-0.34842,3.2663,0.10631,1,0.94441,1,0
96.041,0,3.7532,0.0055664,0.32797,0,3.8374,0,0
,,2.0991,,-0.30258,,,,
31.122,0,0.64106,6.1936,0.37908,0,63.233,0,0
345.47,0,2.8669,0,0.099286,0,0.91497,0,0
21.711,0,-0.83398,0.052681,0.61755,0,30.586,0,0
174.07,1,2.4739,21.967,0.089568,1,19.267,1,0
,,3.3199,,-0.25419,,,,
103.96,1,4.5748,12.686,0.14217,1,46.317,0,0
153.97,,-0.26117,,0.053843,1,6.3535,1,
,,2.2542,,0.18041,,,,
306.93,0,2.6303,0.04502,0.12601,0,7.2474,0,0
337.54,1,-0.89849,15.501,0.14108,1,12.152,0,0
342.04,0,1.53,0.024225,0.066762,0,31.184,0,0
139.96,0,0.39159,2.9283,0.36959,0,26.671,0,0
,,2.7622,,-0.25668,,,,
178.51,0,-1.2922,0,0.39821,0,1.731,0,0
,,2.4494,,-0.30314,,,,
246.91,0,4.4367,0.01038,0.50958,0,0.49719,0,0
104.51,0,-0.7059,0.7584,0.21916,0,3.3795,0,0
126.18,0,3.1895,13.692,0.86802,0,68.542,0,1
,,1.58,,-0.26813,,,,
326.02,1,3.4481,14.719,0.21345,0,33.812,0,0
290.69,0,5.2657,0.026031,0.10955,0,2.5292,0,0
,,1.6243,,-0.38951,,,,
120.77,1,-0.49223,12.308,0.099699,1,0.85596,1,0
,,2.3682,,-0.33115,,,,
168.46,1,0.31762,26.442,0.19338,1,0.36771,1,0
156.53,1,-1.0369,25.126,0.20381,1,10.336,1,0
250.75,0,3.0089,0,0.48016,0,0.7395,0,0
103.31,0,3.8377,0.022192,0.48943,0,58.972,0,0
343.04,1,-0.92815,23.401,0.067916,1,0.84196,1,0
208.37,0,3.2603,2.4395,0.45558,0,55.621,0,0
258.59,0,0.51757,0,0.054203,0,1.421,0,0
,,1.6274,,-0.16689,,,,
230.47,1,2.8876,7.162,0.18234,1,34.637,0,0
33.934,1,1.9576,18.412,0.10212,1,68.549,0,0
34.943,0,3.3555,0,0.19835,0,1.813,0,0
,,3.2843,,0.10345,,,,
,,3.2143,,-0.3382,,,,
335.39,0,6.0038,0.30635,0.27031,0,74.338,0,0
349.27,0,-1.2654,0,0.20561,0,0.62868,0,0
155.57,0,2.4966,0.41323,0.059829,0,23.596,0,0
,,2.3557,,-0.24661,,,,
144.85,1,2.6681,20.819,0.069892,1,35.659,1,0
42.52,0,1.331,0.031492,0.45181,0,3.5526,0,0
187.68,0,0.59852,15.413,0.4342,0,0.19696,0,1
,,,,-0.38246,,,,
355.04,0,3.5095,0,0.15476,0,0.9312,0,0
,,3.25,,0.0064683,,,,
,,1.5241,,-0.32452,,,,
347.23,0,3.2178,0.15033,0.47422,0,38.321,0,0
40.665,0,3.077,0,0.044418,0,2.0163,0,0
173.67,1,0.60644,4.2504,0.081244,1,0.29377,1,0
,,2.2452,,-0.41359,,,,
100.75,0,4.1381,0.011598,0.20039,0,0.37529,0,0
,,,,-0.43551,,,,
,,2.8447,,-0.32371,,,,
280.03,0,4.1235,0,0.39368,0,53.8,0,0
,,2.4785,,0.025381,,,,
139.53,0,0.22619,0.0091107,0.12341,0,2.757,0,0
235.94,0,2.6479,0.0037248,0.37797,0,2.5024,0,0
311.69,1,2.1958,3.0806,0.25854,1,1.3772,1,0
355.08,1,2.7206,14.774,0.062476,1,45.731,0,0
156.6,0,3.2264,0.24428,0.12006,0,0.86372,0,0
,,2.8965,,-0.33595,,,,
99.985,0,-1.8843,0.21082,0.36269,0,7.2148,0,0
317.15,0,4.063,0.18491,0.056445,0,1.1133,0,0
,,2.7107,,-0.25155,,,,
179.27,1,3.319,4.5012,0.18108,0,12.223,0,0
,,2.5349,,-0.32913,,,,
,,,,-0.36286,,,,
306.58,0,0.19519,6.5371,0.36732,0,55.801,0,0
202.33,1,-0.94818,15.861,0.17109,1,1.0715,1,0
147.99,1,-1.3366,13.852,0.23956,0,31.243,0,0
166.7,0,5.7738,0,-0.013999,0,0.69897,0,0
146.34,0,0.28788,0,0.31577,0,0.6763,0,0
315.77,0,-1.131,0.01177,0.061831,0,2.6697,0,0
272.9,1,0.24215,31.686,0.26123,1,0.99632,1,0
117.62,1,2.8801,3.2737,0.1511,1,15.122,0,0
78.535,0,-1.5732,3.4662,0.46454,0,24.333,0,1
,,2.6927,,-0.28438,,,,
331.85,0,2.1023,2.3244,0.63536,0,66.237,0,0
183.62,1,-0.25097,28.385,0.029785,1,0.37942,1,0
314.04,,3.8489,,0.067781,0,15.367,0,
26.461,0,3.8329,0.0081017,0.1804,0,1.8361,0,0
,,2.7763,,-0.07943,,,,
326.54,1,-0.67342,42.164,0.068618,1,0.17029,1,0
300.71,1,3.0534,3.8684,0.14382,1,0.32998,1,0
175.3,0,-0.3021,0.093903,0.076267,0,71.999,0,0
,,2.7786,,-0.319,,,,
266.58,0,3.9107,2.008,0.26075,0,46.655,0,0
,,2.3824,,-0.31871,,,,
323.07,0,3.9703,1.3169,0.15247,0,68.775,0,0
249.36,1,0.73743,19.155,0.16568,1,0.26903,1,0
89.857,0,3.5828,14.971,0.53452,0,10.716,0,1
6.6591,0,2.662,1.8016,0.12404,0,47.147,0,0
33.379,0,4.4826,0.06121,0.06627,0,1.6609,0,0
334.07,0,-0.61991,0,0.19347,0,80.722,0,0
163.08,1,4.0583,49.703,0.047826,1,52.396,1,0
85.812,1,2.8174,17.471,0.069617,1,68.412,0,0
152.47,0,3.3639,0,0.22954,0,29.139,0,0
,,2.7363,,-0.27511,,,,
,,2.9053,,-0.081232,,,,
268.66,0,3.0885,0.0074623,0.67864,0,48.821,0,0
,,3.4945,,-0.2736,,,,
271.2,1,1.4338,19.81,-0.0144,1,49.666,0,0
5.8633,0,3.8349,0.0034497,0.76232,0,0.65208,0,0
,,1.828,,0.19286,,,,
83.048,1,1.1423,3.7431,0.14315,1,4.0464,1,0
0,1,3.2697,12.974,0.006555,1,0,1,0
,,,,-0.501,,,,
44.37,0,3.0782,0.0024629,0.11513,0,1.3554,0,0
167.91,0,0.76859,7.1054,0.42934,0,1.2805,0,1
,,2.6378,,-0.32735,,,,
,,3.2674,,-0.17014,,,,
48.315,1,0.2859,15.424,0.15433,1,22.04,0,0
,,3.0873,,-0.40402,,,,
158.98,1,3.4552,4.587,0.22586,1,13.897,1,0
28.119,0,5.3184,5.4836e-05,0.063973,0,1.7991,0,0
197.42,0,3.8577,0,0.58798,0,0.31371,0,0
149.77,0,3.9644,0.010486,0.32385,0,6.6308,0,0
280.47,0,3.6132,0.00032353,0.81852,0,69.169,0,0
,,2.401,,-0.2332,,,,
149.41,0,-1.9778,0,0.59043,0,4.5258,0,0
155.08,1,0.66565,22.941,0.19752,1,54.798,1,0
,,3.2958,,-0.3284,,,,
89.297,0,3.0124,0.010067,0.17985,0,2.8771,0,0
76.514,1,-0.34783,56.719,0.079722,1,0.73957,1,0
0.57814,0,4.6505,0.00041628,0.3657,0,2.3154,0,0
62.793,0,3.7575,0.085563,0.48812,0,0.86058,0,0
167.43,1,2.734,7.4042,0.041626,1,4.8271,1,0
115.81,0,3.7234,0,0.10266,0,1.387,0,0
121.04,0,-1.1635,7.4751,0.58134,0,61.984,0,1
269.73,0,3.2956,0,0.3828,0,57.299,0,0
43.278,1,-0.97057,13.682,0.11111,1,1.9438,1,0
19.632,0,3.1619,0.012919,0.045955,0,1.7358,0,0
301.59,0,3.0251,0.34518,-0.041398,0,26.204,0,0
,,0.9191,,-0.092571,,,,
73.953,1,-1.4654,17.375,0.11277,1,26.855,0,0
283.27,0,-5.9518,0.00057077,0.41374,0,0.56865,0,0
,,3.2797,,0.0033746,,,,
87.09,0,0.49335,1.2377,0.071354,0,74.5,0,0
,,0.25513,,-0.13596,,,,
21.273,0,-1.5654,1.2987,0.61356,0,37.857,0,0
66.555,1,2.7024,14.151,0.20354,1,35.717,0,0
229.13,0,2.6177,0,0.051497,0,6.0315,0,0
272.9,0,2.0198,0.039221,0.12583,0,24.7,0,0
55.196,0,4.01,0,0.10703,0,0.75657,0,0
312.68,0,-1.6624,0.05959,0.31611,0,0.76741,0,0
89.281,0,3.0613,0,0.31483,0,0.70692,0,0
269.28,0,-1.1243,0.0069531,0.26521,0,1.5055,0,0
117.27,1,3.1661,26.582,0.19154,1,2.3937,1,0
,,3.2673,,-0.36378,,,,
348.09,0,2.6442,0.0086844,0.059153,0,2.4587,0,0
42.727,0,3.1432,0,0.24707,0,12.85,0,0
,,2.5964,,-0.10718,,,,
263.86,1,-0.1161,20.558,0.006865,1,13.235,0,0
348.64,1,0.42287,27.758,0.13396,1,4.8128,1,0
,,2.486,,0.15047,0,,,
,,,,-0.26736,,,,
351.15,1,-1.4368,7.4124,0.22471,0,68.069,0,0
,,3.0746,,-0.27987,,,,
,,3.2574,,-0.28934,,,,
,,1.2353,,-0.2042,,,,
167.34,0,0.89865,2.69,0.82886,0,59.895,0,1
336.28,0,4.7734,0.020556,0.071765,0,1.7496,0,0
339.68,0,3.8674,0,0.73899,0,0.4625,0,0
42.678,0,3.5135,0.044955,0.2803,0,0.41822,0,0
,,2.5119,,-0.26727,,,,
169.08,0,3.0638,1.5084,0.047158,0,76.034,0,0
107.92,0,-1.1714,1.1769,0.78148,0,29.693,0,0
355.95,1,3.6124,30.336,0.069844,1,58.391,0,0
214.63,0,-0.96542,0,0.50738,0,0.45689,0,0
38.356,1,-0.3905,14.582,0.19661,1,0.15506,1,0
,,2.7095,,-0.37987,,,,
21.144,0,3.7754,1.4332,0.24455,0,14.008,0,0
280.74,0,1.3453,0.011141,0.044301,0,0.34601,0,0
265.8,1,2.1082,14.285,0.12758,0,1.2263,0,0
135.17,1,-0.53205,19.601,0.085128,1,2.418,1,0
327.08,1,-0.27911,9.4032,0.056464,1,68.592,0,0
216,0,4.6224,0,0.08016,0,0.27888,0,0
36.649,0,3.234,0.010699,0.24394,0,0.7861,0,0
225.48,0,0.3592,6.2362,0.52102,0,79.174,0,1
127.27,0,-1.6624,0.40789,0.75711,0,36.945,0,0
247.59,0,2.8478,0.01008,0.50204,0,22.241,0,0
153.83,0,-1.1702,0.019445,0.83442,0,41.109,0,0
41.115,0,0.39155,0,0.1834,0,2.2914,0,0
313.57,0,3.6601,1.5265,0.15094,0,47.384,0,0
121.87,0,3.0468,0.0060015,0.13649,0,17.241,0,0
136.15,0,2.4403,0,0.19861,0,37.479,0,0
,,3.2918,,-0.27431,,,,
59.46,0,4.3011,0,0.3152,0,1.1989,0,0
269.59,0,1.4449,19.662,0.30837,0,76.071,0,0
310.15,0,4.0425,3.2735,0.42529,0,55.68,0,1
,,3.3179,,-0.44056,,,,
215.23,0,3.6584,0.012145,0.20957,0,2.9849,0,0
170.98,0,-1.3551,0,0.32817,0,2.2294,0,0
322.51,0,-1.1511,11.174,0.30913,0,47.498,0,0
,,3.3149,,-0.20841,,,,
112.19,0,4.3875,0.026088,0.058075,0,1.5906,0,0
,,2.8886,,-0.13559,,,,
89.839,0,3.4802,0.12063,0.059985,0,9.0234,0,0
236.96,0,0.96949,12.586,0.86051,0,35.648,0,1
,,2.3066,,0.068404,,,,
69.998,1,0.39048,27.967,0.097598,1,47.096,0,0
62.652,0,-1.5389,0,0.18924,0,1.2792,0,0
223.37,1,2.8866,24.82,0.17251,1,0.47082,1,0
330.18,0,3.8279,0,0.036182,0,0.11812,0,0
225.39,0,3.4571,0,0.033288,0,7.2124,0,0
116.33,0,-1.2272,0,0.21532,0,0.8195,0,0
337.5,1,-1.1553,28.665,0.27437,1,44.954,0,0
37.866,1,-0.78921,7.0452,0.14974,0,38.346,0,0
161.6,0,3.551,0,0.61437,0,1.7386,0,0
245.78,0,0.58002,0,0.12434,0,0.98402,0,0
233.68,0,-0.92283,0.43823,0.43909,0,45.086,0,0
,,2.7767,,-0.3152,,,,
337.76,0,2.9255,0.8679,0.61189,0,23.326,0,0
8.7786,0,4.1639,0,0.099318,0,2.2308,0,0
,,3.8272,,-0.24306,,,,
139.16,0,3.6512,11.96,0.3524,0,3.5636,0,0
184.4,0,0.14058,0,0.12072,0,0.58131,0,0
250.32,1,3.466,4.981,0.28262,1,7.2425,1,0
254.89,0,1.4766,0.024575,0.14476,0,2.3959,0,0
,,,,-0.45631,,,,
354.74,0,1.7723,8.5026,0.82402,0,50.94,0,1
228.85,1,0.39293,18.65,0.26621,1,37.022,0,0
37.396,0,1.3461,0.0085243,0.57291,0,0.1676,0,0
,,2.7198,,-0.16396,,,,
,,2.7435,,-0.2163,,,,
250.75,0,-0.44181,5.5344,0.72192,0,20.756,0,1
,,2.2283,,-0.32484,,,,
156.75,1,-1.0132,8.9043,0.12579,1,83.191,0,0
303.28,0,3.6828,0,0.077315,0,1.282,0,0
102.11,1,3.639,44.203,0.15512,1,1.6501,1,0
316.78,0,-0.91226,0.53116,0.59817,0,68.878,0,0
,,-1.6394,,0.35516,,,,
,,2.5951,,-0.28783,,,,
,,2.1957,,-0.28473,,,,
,,3.2308,,-0.061761,,,,
65.385,0,0.97859,0.001811,0.55381,0,0.62239,0,0
233.52,0,2.53,0.0056508,0.6856,0,0.76499,0,0
180.27,0,0.44505,0,0.3093,0,3.3447,0,0
110.75,1,6.8447,17.306,0.10515,1,0.40753,1,0
171.65,1,3.5526,22.426,0.13746,1,56.836,1,0
2.9368,0,4.4941,0.072155,0.7169,0,32.56,0,0
227.31,0,3.1674,0.026424,0.61562,0,2.3644,0,0
228.62,0,3.4864,0.028889,0.14044,0,0.68592,0,0
289.85,0,-0.27991,0.16361,0.26162,0,70.321,0,0
190.42,0,4.4429,0.046464,0.066835,0,1.7873,0,0
,,2.3979,,-0.41053,,,,
170.82,0,-0.79579,0.025289,0.2,0,2.5774,0,0
332.67,0,4.0153,0.021557,0.47357,0,0.85926,0,0
,,2.3771,,-0.2437,,,,
210.44,1,-1.1507,7.2329,0.12223,1,55.175,1,0
99.54,1,-0.40072,13.582,0.22462,1,0.25702,1,0
243.71,0,2.8088,0.015391,0.10306,0,0.47791,0,0
,,2.7589,,-0.25424,,,,
329.42,0,3.4595,0.0107,0.051254,0,0.72713,0,0
262.79,0,3.263,0.012347,0.36354,0,0.40494,0,0
,,0.92116,,-0.012552,,,,
,,3.3003,,-0.18738,,,,
345.45,0,0.43551,0.016388,0.13643,0,2.0656,0,0
296.04,0,3.373,0.10215,0.89413,0,60.195,0,0
,,2.3148,,-0.23913,,,,
,,2.737,,-0.27848,,,,
318.9,0,3.3645,0.0067911,0.28168,0,1.4899,0,0
,,1.3603,,-0.3619,,,,
211.07,1,2.0502,25.807,0.1093,1,33.742,1,0
165.55,0,2.6756,0.013316,0.15833,0,0.74952,0,0
356.08,1,-0.60029,18.804,0.0083925,1,3.3952,1,0
269.28,1,-1.254,15.219,0.25083,1,6.7734,1,0
189.88,0,6.6715,0,0.17193,0,0.9389,0,0
,,1.0298,,-0.15385,,,,
310.88,0,3.7025,0.012581,0.45791,0,1.4596,0,0
,,2.7076,,-0.37739,,,,
89.272,0,3.2655,0.31695,0.24874,0,7.7574,0,0
,,3.293,,-0.042781,,,,
9.0596,1,3.5312,15.139,-0.0045543,1,0.37226,1,0
225.94,0,0.017097,19.322,0.48421,0,0.58468,0,1
4.8245,1,0.28789,73.388,0.093882,1,0.47238,1,0
294,0,5.4559,0.0095892,0.47277,0,1.7962,0,0
,,2.6766,,-0.23994,,,,
244.36,1,-0.16112,20.222,0.031086,1,1.3877,1,0
,,2.8668,,-0.28369,,,,
140.2,0,4.457,0.0052533,0.7682,0,1.4767,0,0
265.59,0,2.8563,6.8496,0.60188,0,42.967,0,1
153.32,1,4.0999,13.336,0.14625,1,1.3772,1,0
82.759,0,3.2704,0.0099969,0.4979,0,2.0181,0,0
306.58,0,-1.0285,11.217,0.40496,0,42.103,0,1
,,,,-0.37561,,,,
264.59,0,0.14139,0,0.15821,0,0.49018,0,0
23.116,0,3.0961,0,0.11947,0,0.99626,0,0
323.88,0,2.5418,0.008394,0.26429,0,2.0035,0,0
154.79,0,3.3992,0.97745,0.056706,0,3.1846,0,0
312.71,0,3.4535,0,0.45745,0,0.30861,0,0
,,2.8273,,-0.17261,,,,
15.627,0,3.1189,0,0.37964,0,2.084,0,0
3.2688,0,-1.8231,5.047,0.73236,0,67.119,0,1
,,3.2676,,-0.16129,,,,
,,1.1714,,-0.26316,,,,
359.28,0,-1.215,3.8967,0.50593,0,0.61912,0,1
,,3.364,,-0.19298,,,,
284.42,0,2.8765,2.2253,0.34439,0,3.746,0,0
3.3425,0,-1.0766,0,0.32436,0,1.6203,0,0
320.56,1,3.0603,4.7527,0.0084535,1,0.33068,1,0
254.25,0,-0.61779,0.014289,0.0754,0,0.15473,0,0
,,2.7424,,-0.26697,,,,
,,6.5739,,-0.30269,,,,
44.36,1,2.5699,34.192,0.10964,1,0.26818,1,0
290.14,1,-1.1286,12.644,0.12705,1,46.832,0,0
155.32,0,2.6113,0,0.23912,0,1.7814,0,0
52.938,0,4.4414,6.9269,0.6871,0,84.48,0,1
149.56,0,4.2032,0.83063,0.13607,0,9.2726,0,0
296.09,1,-0.98575,13.219,0.21882,1,0.96592,1,0
236.71,0,0.33342,0,0.21348,0,0.43652,0,0
232.71,0,3.0184,0.79467,0.4376,0,65.279,0,0
,,3.2811,,-0.23779,,,,
67.031,1,2.1741,20.208,0.009611,1,83.914,0,0
22.475,0,0.36972,1.0069,0.1877,0,46.757,0,0
,,,,-0.32281,,,,
183.97,0,2.394,0.0067971,0.2726,0,1.8342,0,0
347.77,,5.3624,,0.06267,1,6.4088,1,
135.14,0,3.1991,0,0.043564,0,1.7652,0,0
334.73,0,3.2546,0,0.36346,0,79.315,0,0
,,2.6956,,-0.22288,,,,
107.35,0,4.2099,0,0.10152,0,3.3452,0,0
109.7,,0.36458,,0.11033,1,0.41092,1,
,,3.2578,,-0.36479,,,,
,,1.1332,,-0.27479,,,,
,,1.9017,,-0.34473,,,,
209.14,0,2.4348,0.37711,0.026638,0,1.0277,0,0
89.282,1,-1.0408,3.1996,0.28945,1,2.5617,1,0
88.975,0,0.90985,0,0.38837,0,77.554,0,0
100.81,0,-1.4835,7.6583,0.50397,0,57.648,0,1
184.31,1,-4.5798,6.5968,-0.0026306,0,73.498,0,0
284.46,0,-0.35854,30.56,0.50401,0,10.942,0,1
,,1.6289,,-0.22523,,,,
44.345,0,3.7801,0.0058932,0.19657,0,0.89291,0,0
145.73,0,5.7566,0.010911,0.17956,0,0.95625,0,0
,,2.6945,,-0.24187,,,,
92.148,0,0.93305,0,0.49206,0,6.8895,0,0
315.05,1,-1.1108,22.027,0.11517,1,77.001,0,0
79.657,1,4.1146,22.271,0.16411,1,74.55,0,0
89.287,0,3.3447,0.1405,0.13426,0,23.825,0,0
134.22,1,2.7429,11.567,0.12253,0,85.137,0,0
37.835,0,2.7899,0,0.17454,0,2.4327,0,0
75.168,1,-0.48899,25.848,0.10287,1,0.68148,1,0
,,2.7169,,-0.31839,,,,
348.25,1,-0.67129,13.306,0.064449,0,85.472,0,0
,,2.7964,,-0.27331,,,,
308.5,0,5.4298,0,0.057692,0,1.5868,0,0
162.5,1,0.84026,18.943,0.10934,1,0.85624,1,0
345.63,0,3.5929,0.19514,0.73419,0,16.615,0,0
257.45,0,-0.13739,0.0082896,0.060109,0,0.58721,0,0
89.287,1,0.016071,17.008,0.27843,1,0.017321,1,0
,,2.6232,,-0.34673,,,,
,,2.3857,,-0.29068,,,,
15.318,1,5.0188,74.291,0.28092,1,0.85317,1,0
,,2.438,,-0.41549,,,,
147.08,0,0.38428,0.023825,0.42585,0,1.0027,0,0
8.9031,1,-1.2497,9.3573,0.26978,1,20.668,0,0
167.24,1,-0.024123,16.162,-0.027626,1,3.7987,1,0
283.9,1,-0.76187,20.807,0.095863,1,1.158,1,0
,,2.0955,,-0.22509,,,,
214.72,0,2.843,0.25678,0.45252,0,2.2786,0,0
89.299,0,3.573,0,0.41692,0,0.67818,0,0
,,2.7233,,-0.28551,,,,
207.47,1,0.88982,14.085,0.26953,1,0.37718,1,0
359.29,1,4.096,28.047,0.026472,1,6.6544,1,0
174.34,0,4.9317,0.0067158,0.076336,0,1.2657,0,0
344.22,1,0.057237,5.0506,0.097821,0,0.88451,0,0
,,2.8589,,-0.42205,,,,
175.2,0,0.88882,0,0.10063,0,1.6146,0,0
336.06,,2.917,,0.20908,0,3.216,0,
239.4,0,-1.1919,0.0082988,0.4532,0,0.21873,0,0
83.122,0,-1.4631,0.51021,0.25612,0,64.043,0,0
168.41,0,2.5242,1.9816,0.18438,0,28.392,0,0
,,2.7951,,-0.21757,,,,
341.47,0,5.3945,0.0086131,0.32038,0,2.233,0,0
138.93,0,0.65005,4.1668,0.72123,0,74.633,0,1
,,3.2883,,-0.26904,,,,
0.4355,1,2.3692,9.0713,0.1629,1,13.088,0,0
205.47,1,-0.93361,69.665,0.11241,1,0.31293,1,0
313.65,1,2.9028,21.792,0.052575,1,1.8767,1,0
,,3.2538,,-0.31804,1,,,
309.5,1,-0.54957,21.226,0.11377,1,8.1048,1,0
314.22,0,3.7938,0,0.47329,0,0.30036,0,0
53.702,1,3.5945,8.9218,0.12466,1,39.056,0,0
137.53,0,-1.2118,0.0088694,0.53597,0,0.63008,0,0
,,2.8712,,-0.44381,,,,
44.073,1,1.562,21.13,0.19821,1,13.443,0,0
146.79,1,1.967,13.421,0.15295,1,0.9517,1,0
0.095336,,2.3722,,-0.011668,0,27.612,0,
,,3.301,,-0.16,,,,
188.9,0,3.3329,0,0.10556,0,0.79074,0,0
279.84,0,-1.3045,0,0.47453,0,1.625,0,0
359.28,0,-0.85784,0,0.31137,0,0.89425,0,0
,,3.2589,,-0.26942,,,,
359.29,0,5.3074,0.035991,0.19838,0,16.708,0,0
197.77,0,3.9335,0,0.013084,0,0.4896,0,0
,,2.4882,,-0.16393,,,,
334.08,0,-1.4152,2.8816,0.36959,0,3.7893,0,0
85.437,0,-1.5478,0.026272,0.50567,0,6.743,0,0
229.84,0,1.8408,1.6088,0.72008,0,63.655,0,0
102.11,0,2.5334,0.12997,0.51098,0,3.3796,0,0
291.56,0,4.5694,13.314,0.33767,0,19.352,0,0
,,2.6798,,-0.36493,,,,
,,0.9341,,-0.34097,,,,
247.15,1,3.5841,13.88,0.23451,1,32.991,0,0
84.86,0,3.4601,15.902,0.5564,0,10.008,0,1
60.439,1,3.6333,2.792,0.21169,0,37.555,0,0
36.293,0,5.3291,0,0.39668,0,2.396,0,0
278.21,1,-0.77157,14.175,0.12575,0,73.927,0,0
54.84,0,-0.91348,0,0.19455,0,64.135,0,0
86.147,1,-0.51473,28.654,0.038869,1,85.318,0,0
262.97,1,-0.15189,16.979,0.0011947,1,13.807,0,0
133.46,0,4.597,0,0.3736,0,24.139,0,0
250.71,0,-0.13978,0,0.37715,0,1.1337,0,0
314.2,0,3.4058,0.095543,0.50025,0,2.442,0,0
,,,,-0.34959,,,,
326.31,1,-3.8611,2.7429,0.023642,0,59.527,0,0
256.64,0,1.356,7.7824,0.88739,0,57.801,0,1
,,2.7707,,-0.07943,,,,
51.189,0,-1.2342,0,0.23889,0,1.1244,0,0
199.19,0,3.3884,0.0085356,0.49166,0,4.412,0,0
95.853,1,-0.41345,12.597,0.22298,0,30.153,0,0
,,2.5457,,-0.325,,,,
,,,,-0.37739,,,,
106.57,0,2.6765,8.3734,0.74256,0,74.561,0,1
216.13,0,3.4148,0.85752,0.49753,0,47.135,0,0
51.75,0,-1.3008,0.012196,0.16008,0,0.81883,0,0
,,1.6274,,-0.41197,,,,
242.75,,1.7951,,0.27542,0,64.05,0,
44.356,1,-0.99395,3.5924,0.033191,1,0.51143,1,0
,,3.4816,,-0.10794,,,,
,,2.7344,,-0.26496,,,,
,,2.9105,,-0.196,,,,
108.89,1,-0.75835,14.864,0.062958,1,0.1709,1,0
89.296,0,4.113,0.048611,0.1559,0,0.063227,0,0
,,2.9879,,0.11779,,,,
90.336,0,3.297,0.59551,0.054816,0,10.554,0,0
,,2.8522,,-0.26465,,,,
81.868,,2.1784,,-0.075356,0,3.1037,0,
251.33,1,0.45508,28.491,0.16095,1,39.397,0,0
353.52,0,2.0479,0.014553,0.43943,0,1.4863,0,0
,,1.6719,,-0.32519,,,,
64.569,0,4.3293,0.019711,0.70916,0,55.13,0,0
46.968,0,1.114,0.0026995,0.06525,0,1.8727,0,0
,,2.9771,,0.08545,,,,
233.39,0,-0.98934,9.2905,0.31315,0,0.43994,0,0
199.4,0,2.2544,0.0080009,0.24119,0,1.4039,0,0
21.233,0,1.1149,0.098483,0.8762,0,55.611,0,0
138.48,0,2.0867,0,0.2682,0,1.0376,0,0
,,2.681,,-0.31148,,,,
,,2.7958,,-0.2645,,,,
,,,,-0.27829,,,,
,,2.4324,,-0.16063,,,,
,,2.8581,,-0.21387,,,,
222.27,,1.5573,,0.106,0,84.607,0,
269.29,0,1.3762,1.344,0.46588,0,24.195,0,0
171.65,1,2.9783,8.7529,0.13553,1,77.458,0,0
76.229,1,-1.5571,5.1307,0.18236,0,84.81,0,0
269.28,0,-1.2052,11.558,0.51437,0,1.0344,0,1
156.13,0,3.5634,0,0.057325,0,10.699,0,0
311.4,0,1.6195,4.7375,0.77706,0,34.227,0,1
179.28,0,0.1771,5.9221,0.47949,0,0.29236,0,1
,,1.9073,,-0.38,,,,
,,3.2593,,-0.2337,,,,
84.42,1,-0.89727,20.05,0.1039,1,0.57397,1,0
4.072,0,2.7046,0.039294,0.047078,0,2.1277,0,0
242.61,0,3.4484,5.2926,0.7339,0,52.115,0,1
175.71,1,0.44008,3.8484,0.13492,1,0.09192,1,0
22.297,1,4.1996,5.4439,0.088842,1,1.7496,1,0
88.521,0,-0.78929,0.030289,0.11361,0,10.242,0,0
217.19,0,2.1545,0.098283,0.18422,0,31.902,0,0
74.934,0,3.2454,0.001024,0.17634,0,4.5468,0,0
,,,,-0.43373,,,,
56.986,1,3.5253,13.696,-0.038494,1,3.8898,1,0
158.55,0,5.215,0.0325,0.31843,0,0.55172,0,0
89.699,0,3.7386,0.074288,0.04533,0,11.323,0,0
348.22,1,0.64141,55.796,0.039158,1,0.47907,1,0
139.4,0,-1.5657,0.0031376,0.66747,0,0.04482,0,0
167.2,1,-0.25994,21.661,0.028513,1,14.123,1,0
344.05,1,-0.26022,16.99,0.053918,1,3.933,1,0
287.74,0,1.1111,0.019157,0.41971,0,1.7747,0,0
,,2.4622,,-0.41132,,,,
337.63,0,5.2701,0.067914,0.1004,0,13.033,0,0
332.44,,4.5292,,0.56769,0,67.809,0,
246.79,0,0.022274,0.50263,0.29227,0,67.553,0,0
196.46,0,1.6588,1.7999,0.63283,0,41.814,0,0
182.38,0,2.8732,0,0.12849,0,0.53391,0,0
,,2.4387,,-0.20623,,,,
269.28,0,0.77699,9.7424,0.86227,0,73.322,0,1
36.284,1,2.208,16.838,0.15823,0,36.768,0,0
291.57,1,-0.40696,56.395,0.070674,1,0.80135,1,0
88.18,0,3.9082,10.411,0.68104,0,58.495,0,1
134.03,,0.85671,,0.1669,0,84.671,0,
85.765,0,3.8284,0.0014665,0.38961,0,1.4048,0,0
349.67,1,-1.3535,15.297,0.2,1,1.4126,1,0
82.105,1,3.1458,14.639,0.16436,1,0.50396,1,0
146.75,1,-0.45911,16.926,0.074933,1,0.8976,1,0
,,,,-0.35655,,,,
,,2.5581,,-0.3517,,,,
,,0.20184,,0.7855,,,,
98.23,0,3.3453,0.011065,0.1408,0,2.3957,0,0
188.95,1,5.144,3.5686,0.042599,1,2.8065,1,0
110.14,0,3.558,0,0.1189,0,1.1438,0,0
56.791,0,0.13834,0,0.098847,0,5.3946,0,0
,,2.3797,,-0.090909,,,,
,,2.7437,,-0.23717,,,,
176.91,0,1.12,6.3929,0.83213,0,25.318,0,1
336.18,0,-1.3476,5.8431,0.68634,0,72.012,0,1
,,0.30918,,0.074919,,,,
332.71,1,1.7714,9.046,0.19517,0,86.13,0,0
139.15,0,-1.7034,0,0.45373,0,1.5515,0,0
118.69,0,1.2172,0.010496,0.83537,0,0.15176,0,0
156.51,1,2.5927,14.019,0.2268,1,0.72742,1,0
,,1.5902,,0.21526,,,,
296.23,1,-1.3587,3.1336,0.15198,1,39.425,0,0
354.4,1,-1.6809,9.8604,0.12622,1,83.335,0,0
157.38,1,-0.8599,12.384,0.14009,1,36.119,1,0
321.1,0,-0.57797,5.487,0.33333,0,5.0551,0,0
,,2.43,,0.19268,,,,
339.02,0,3.2194,0.014371,0.13883,0,0.34834,0,0
,,2.8592,,-0.28173,,,,
,,2.34,,-0.15761,,,,
284.68,0,4.1941,0,0.2153,0,4.3969,0,0
350.79,1,2.5342,4.1576,-0.011611,1,8.1126,1,0
13.509,0,3.4011,0.028797,0.73766,0,33.276,0,0
12.526,0,-1.8226,0.25217,0.70376,0,12.317,0,0
,,2.6944,,-0.28875,,,,
94.022,1,-1.2581,11.591,0.1474,1,0.34601,1,0
232.71,0,4.2395,0,0.77114,0,50.735,0,0
7.9443,0,1.2416,0.029,0.090121,0,2.2894,0,0
162.39,0,3.5603,0.015974,0.079316,0,0.19772,0,0
,,3.0453,,-0.26965,,,,
134.79,0,0.75332,0,0.7534,0,6.3146,0,0
,,2.5271,,-0.34107,,,,
199.76,0,-1.0811,1.3221,0.2,0,32.16,0,0
,,2.6606,,-0.21875,,,,
,,2.8787,,-0.38462,,,,
179.29,,-1.0586,,0.16536,1,78.679,0,
235.48,1,-0.99453,8.2836,0.094136,1,1.0098,1,0
,,2.9013,,-0.25857,,,,
,,2.6667,,-0.31955,,,,
338.29,0,-1.2142,0.010608,0.51665,0,1.412,0,0
,,2.645,,-0.30658,,,,
185.1,0,-0.71188,0.03388,0.14113,0,5.0865,0,0
121.46,1,0.47545,20.567,0.11531,0,74.829,0,0
80.65,0,-1.929,8.6514,0.70046,0,80.623,0,1
82.302,0,-0.18767,44.304,0.30928,0,0.94376,0,0
277.83,0,-1.0584,0.07336,0.64394,0,42.846,0,0
359.78,0,1.153,0,0.57345,0,0.32678,0,0
,,2.7285,,-0.31138,,,,
11.915,1,-0.56677,13.594,0.018519,1,0.94581,1,0
252.68,0,2.9614,0.013689,0.09472,0,2.7087,0,0
305.02,1,3.321,13.655,0.020494,1,44.699,0,0
269.28,0,3.2582,0,0.27327,0,0.28737,0,0
,,2.241,,-0.24234,,,,
43.548,0,4.2594,0,0.47948,0,7.2134,0,0
30.285,0,7.0174,0,0.18923,0,0.033459,0,0
319.47,0,0.071661,0,0.48743,0,22.952,0,0
232.56,1,3.6761,19.374,0.09589,1,3.4458,1,0
265.23,0,-1.1688,0,0.35347,0,11.067,0,0
346.89,0,5.4617,0.00058079,0.050491,0,0.42847,0,0
,,2.6823,,0.35575,0,,,
,,3.568,,0.02706,,,,
179.16,0,2.0387,0,0.1123,0,81.437,0,0
217.29,0,3.4991,0,0.53906,0,37.494,0,0
62.823,0,3.2514,0.0083401,0.25732,0,2.9954,0,0
359.28,0,3.2368,0,0.19004,0,0.9401,0,0
258.87,0,-0.37239,0,0.13536,0,1.7759,0,0
253.82,0,4.1561,5.5291,0.86048,0,72.877,0,1
273.54,0,-0.99732,0.091317,0.58951,0,6.4565,0,0
,,3.3285,,-0.42809,,,,
,,1.7521,,-0.3777,,,,
,,,,-0.33562,,,,
332.01,0,1.4176,0.0023472,0.81206,0,2.4945,0,0
65.763,0,-1.1398,0.044399,0.099223,0,5.8839,0,0
,,2.9898,,-0.25806,,,,
316.14,1,1.7454,8.9985,0.079242,1,1.3195,1,0
,,2.4614,,0.030826,,,,
,,2.3571,,-0.29452,,,,
,,3.3289,,-0.25369,,,,
153.38,1,3.5914,31.816,0.11136,1,54.021,1,0
28.479,,-1.2792,,0.59264,0,0.80114,0,
48.63,0,3.4794,0,0.29298,0,1.2496,0,0
89.488,0,3.99,0.0026557,0.059448,0,1.7238,0,0
333.85,0,3.8735,0.0022225,0.096774,0,0.37456,0,0
,,3.3496,,0.021378,,,,
238.99,0,2.9835,0,0.19723,0,1.2844,0,0
148.44,0,2.4343,0,-0.045726,0,11.766,0,0
179.27,0,-1.1759,14.359,0.41411,0,2.1145,0,1
117.11,0,0.65184,12.151,0.85336,0,62.069,0,1
230.81,0,3.6533,0.0093,0.073739,0,1.3359,0,0
314.64,1,0.31824,12.246,0.25658,1,82.907,0,0
,,2.5684,,-0.40441,,,,
,,2.4276,,-0.34094,,,,
323.37,0,-1.8838,0.027039,0.7548,0,2.1648,0,0
316.39,0,0.34159,11.764,0.30423,0,2.1192,0,0
86.849,0,2.4941,0.0078058,0.048226,0,0.94338,0,0
32.413,0,3.9757,10.331,0.32459,0,80.79,0,0
127.44,,2.5468,,0.092077,0,5.4462,0,
,,2.1434,,-0.28626,,,,
29.554,1,-1.8086,15.115,0.22187,0,20.43,0,0
214.2,1,3.4613,13.085,0.25234,1,3.2689,1,0
160.44,0,4.0041,0.0079756,0.49631,0,0.56939,0,0
313.45,0,3.5461,0.0076804,0.24243,0,1.7937,0,0
248.3,1,3.3281,12.9,0.20314,1,35.277,0,0
338.58,0,2.7937,0.091829,0.76455,0,36.493,0,0
353.11,0,2.7265,0.60797,-0.010195,0,0.85337,0,0
303.68,0,2.5828,0,0.1602,0,4.6285,0,0
347.95,0,1.8934,0,0.08997,0,0.67237,0,0
,,2.8994,,-0.37649,,,,
187.43,0,0.047563,1.378,0.32383,0,66.287,0,0
,,1.1029,,-0.18873,,,,
,,3.2698,,-0.16981,,,,
281.2,1,3.4319,13.855,0.10876,1,0.3054,1,0
259.19,0,3.8333,0.24543,0.27795,0,5.9623,0,0
23.605,0,3.3218,0.0080626,0.043087,0,1.4654,0,0
133.4,0,5.4539,0.098938,0.037367,0,1.1284,0,0
308.94,0,3.0918,0.012209,0.50582,0,1.6793,0,0
320.24,1,4.1148,28.128,0.079589,1,0.31006,1,0
210.08,0,-0.89929,1.8364,0.48948,0,54.459,0,0
183.41,0,2.5549,0,0.278,0,52.167,0,0
,,2.8386,,-0.23615,,,,
,,2.4602,,-0.46324,,,,
258.06,1,-1.3335,11.345,0.15292,0,86.162,0,0
,,2.8859,,-0.37405,,,,
75.073,0,3.5787,0.012207,0.11658,0,1.1205,0,0
230.74,1,0.37823,17.595,0.080944,1,27.004,0,0
359.3,0,3.7741,0,0.53284,0,2.1259,0,0
359.28,0,-0.58929,0.0014854,0.76928,0,0.84267,0,0
158.42,0,3.8048,0.021362,0.3602,0,1.2576,0,0
,,2.6296,,-0.39065,,,,
,,3.4565,,-0.29064,,,,
231.45,0,2.5389,0.017755,0.09887,0,3.4165,0,0
,,2.9231,,-0.38354,,,,
,,2.7653,,-0.2247,,,,
80.917,0,3.6367,0.0077419,0.22045,0,2.4442,0,0
181.47,0,-1.0044,3.3464,0.6,0,83.033,0,1
111.99,0,-0.32109,30.565,0.50401,0,3.1,0,1
328.8,1,3.7405,11.374,0.27397,0,75.751,0,0
,,3.3376,,-0.28846,,,,
,,2.7604,,-0.24523,,,,
,,3.257,,-0.31449,,,,
253.43,0,0.87319,3.3162,0.6148,0,64.05,0,1
77.062,0,0.41693,0,0.24422,0,1.2465,0,0
,,1.3158,,-0.29428,,,,
109.73,1,-1.4288,14.291,0.19945,1,32.213,0,0
,,,,-0.31847,,,,
252.84,0,-1.9507,2.7671,0.6765,0,49.531,0,1
,,3.2669,,-0.27066,,,,
,,1.2002,,-0.29958,,,,
359.27,0,-1.1533,13.46,0.30374,0,2.6753,0,0
,,2.1713,,-0.22886,,,,
269.29,1,0.57657,25.478,0.12434,1,10.424,0,0
27.523,0,-0.9966,1.3621,0.39616,0,5.6048,0,0
,,3.284,,0.31103,,,,
309.99,0,2.6793,0.00010324,0.29933,0,2.0915,0,0
,,1.3545,,0.056769,,,,
165.99,0,-0.84018,4.0557,0.54951,0,20.275,0,1
,,2.7882,,-0.30286,,,,
338.29,0,5.9815,0.016441,0.14523,0,3.0431,0,0
,,2.3151,,0.19633,0,,,
41.918,1,3.3714,4.1122,-0.001912,1,1.9937,1,0
36.532,0,-1.3947,2.2963,0.45852,0,58.276,0,0
,,2.4849,,-0.14985,,,,
0,1,-0.55199,70.014,0.066225,1,0,1,0
277.39,0,-0.62184,7.7398,0.30523,0,0.44702,0,0
355.97,0,3.5525,0.019536,-0.0023083,0,1.9861,0,0
,,2.8684,,-0.32689,,,,
194.79,0,3.6665,0,0.2399,0,1.2671,0,0
,,-0.010607,,0.80382,,,,
358.83,1,3.3956,13.37,0.1475,0,82.8,0,0
242.45,0,-1.0009,0.31172,0.40565,0,25.831,0,0
152.22,0,2.6485,0.0004828,0.10006,0,0.97214,0,0
357.96,0,0.072613,0,0.18286,0,36.783,0,0
319.93,0,-1.2594,1.3751,0.59588,0,42.948,0,0
181.28,0,1.4784,0.0056056,0.46612,0,0.16635,0,0
359.27,1,-0.39622,52.518,0.11776,1,1.198,1,0
269.28,0,3.6371,0.018018,0.87049,0,0.05173,0,0
292.48,0,2.702,0,0.21301,0,16.089,0,0
323.65,1,4.3136,2.9306,0.094567,0,72.615,0,0
351.5,0,5.0981,0,0.045564,0,4.1933,0,0
89.491,1,0.38013,26.914,0.22024,1,2.3953,1,0
147.66,1,3.3646,15.28,0.17848,1,40.816,1,0
209.44,1,3.9043,37.2,0.073846,1,0.70935,1,0
344.16,0,3.7637,0.090987,0.16902,0,6.2288,0,0
235.94,1,3.5861,13.801,0.013062,1,2.9696,1,0
162.42,0,3.7306,0,0.14719,0,0.91054,0,0
,,3.5088,,-0.30983,,,,
,,3.0071,,-0.36342,,,,
,,3.3335,,-0.2645,,,,
160.24,1,-1.102,10.88,0.13914,1,37.023,1,0
33.099,0,2.9377,0,0.10025,0,1.3317,0,0
75.381,0,1.4549,0,0.18832,0,1.9297,0,0
260.23,0,3.663,0.00013161,0.13905,0,3.4182,0,0
,,2.8476,,-0.2191,,,,
,,1.9246,,-0.3627,,,,
,,2.5838,,-0.2457,,,,
281.72,1,-1.1786,14.915,0.17742,1,1.0241,1,0
3.2855,,3.0629,,0.11111,0,4.5334,0,
129.01,0,-0.86941,0.0084082,0.029046,0,0.089686,0,0
359.27,0,-1.0846,18.849,0.45559,0,15.943,0,1
,,3.2035,,-0.31588,,,,
185.86,1,-1.2865,17.965,0.12971,1,70.976,0,0
125.76,0,3.183,0.0011446,0.35464,0,22.527,0,0
225.8,0,3.3609,0,0.10513,0,0.7207,0,0
245.58,0,1.1564,0.0026598,0.74727,0,2.3525,0,0
269.27,0,-1.1175,0.030069,0.43139,0,0.031613,0,0
,,1.4132,,-0.26813,,,,
18.7,0,4.2534,0.026056,0.17716,0,6.2306,0,0
,,-0.30185,,0.61267,,,,
227.92,0,0.16017,0,0.11559,0,0.26032,0,0
,,2.8457,,-0.26445,,,,
316.78,0,3.8102,0.74179,0.70098,0,65.942,0,0
,,3.2318,,-0.45259,,,,
,,3.2411,,-0.27479,,,,
114.2,0,-1.018,0.080042,0.23207,0,4.6164,0,0
322.51,0,-0.9144,0,0.52409,0,2.2459,0,0
138.33,0,4.314,0.014063,0.45664,0,30.497,0,0
248.87,0,4.8521,1.2423,0.77265,0,59.32,0,0
44.413,1,3.8526,17.513,0.1209,1,61.428,0,0
300.91,0,3.4022,0,0.026071,0,1.4103,0,0
320.1,0,4.1269,0.8668,0.27755,0,4.1942,0,0
162.31,1,-0.25114,8.0165,0.084084,1,0.13785,1,0
36.506,1,-0.68436,33.844,0.095739,1,65.661,0,0
,,0.0579,,0.0086856,,,,
115.53,0,4.0042,0.0098391,0.095541,0,1.6207,0,0
295.77,0,-0.58859,0.010187,0.19587,0,0.012846,0,0
172.5,0,-0.18015,0.027452,0.055007,0,0.87745,0,0
225.7,1,-0.73475,30.841,0.26717,1,0.17464,1,0
247.05,0,3.7035,0.0027788,0.20767,0,2.5568,0,0
313.57,1,3.4053,15.278,0.10837,1,16.579,0,0
247.37,1,3.5276,4.6361,0.070822,1,8.6692,1,0
177.4,0,3.4984,2.5285,0.45996,0,55.901,0,1
298.75,0,2.0942,0,0.017401,0,0.34982,0,0
210.82,0,3.4431,0,0.34245,0,1.2307,0,0
78.517,0,0.1892,0,0.2691,0,1.626,0,0
89.291,1,3.4751,27.634,0.12142,1,0.6323,1,0
107.68,0,2.8071,0.0051043,0.054804,0,0.65412,0,0
,,3.2379,,-0.41267,,,,
227.78,1,2.9177,11.892,0.13195,1,3.5175,1,0
179.27,0,4.059,0.017395,0.11882,0,3.3556,0,0
236,1,3.0182,48.625,0.11595,1,1.1276,1,0
75.375,0,-0.65658,0.96678,0.089739,0,79.475,0,0
28.917,0,2.3127,0.0052624,0.14395,0,0.68588,0,0
145.43,0,3.7545,0.032629,0.77946,0,2.484,0,0
,,2.8787,,-0.37944,,,,
151.67,0,0.62724,0,0.47795,0,5.7964,0,0
5.7146,0,3.5507,14.857,0.46811,0,0.51342,0,1
257.89,1,-0.99172,15.216,0.26603,1,0.60972,1,0
280.1,0,0.29008,0.012121,0.28186,0,13.041,0,0
282.15,1,5.027,45.706,0.081658,0,87.705,0,0
344.63,0,-2.1567,11.537,0.70257,0,51.86,0,1
30.125,1,2.6966,103.63,0.11836,1,0.06673,1,0
195.78,0,3.4408,0,0.15512,0,0.89077,0,0
224.34,0,-1.3813,3.4829,0.53685,0,68.295,0,1
,,0.9272,,-0.35174,,,,
229.27,0,2.3813,0,0.44996,0,35.544,0,0
135.91,0,-1.8449,1.6969,0.63552,0,50.251,0,0
,,2.7248,,0.20433,,,,
339.57,1,1.9537,7.0058,0.084924,1,81.14,0,0
348,0,2.0468,0,0.26998,0,1.4378,0,0
97.781,0,0.59363,4.9822,0.87818,0,59.408,0,1
74.728,0,1.2036,0,0.22461,0,0.43347,0,0
269.27,1,2.472,8.1915,0.25,1,32.636,0,0
179.28,0,-0.25694,0,0.069166,0,0.3669,0,0
20.146,0,-0.98307,1.3002,0.47692,0,65.522,0,0
133.09,0,3.7994,0,0.36984,0,1.027,0,0
155.1,1,-0.17881,12.294,-0.0084746,1,3.4897,1,0
226.22,0,-0.97388,0,0.16981,0,1.3684,0,0
93.871,0,-0.97447,0.01507,0.16296,0,1.0032,0,0
153.07,0,0.65728,0.0074195,0.12727,0,0.72847,0,0
222.85,0,0.31686,0.022738,0.14653,0,0.76731,0,0
81.107,1,-0.15723,4.5163,0.2,1,0.72577,1,0
64.323,0,0.16816,0.022536,0.19109,0,0.19019,0,0
310.09,0,4.1584,5.6691,0.5989,0,48.274,0,1
269.27,0,2.9918,0.0027287,0.041813,0,0.37359,0,0
,,2.868,,-0.16401,,,,
117.95,0,-1.6797,5.9241,0.36851,0,81.775,0,0
,,2.7097,,-0.33474,,,,
268.24,0,-0.99663,0,0.14875,0,7.2445,0,0
,,2.6982,,-0.19955,,,,
179.7,0,3.4673,0,0.73794,0,37.559,0,0
,,2.8592,,-0.3703,,,,
346.26,1,4.0389,16.252,0.046145,1,16.18,0,0
202.19,1,1.6532,18.972,0.067251,1,2.8607,1,0
129.32,0,0.091527,0.31357,0.13043,0,3.3293,0,0
,,2.3126,,-0.18149,,,,
30.761,1,-0.35377,13.942,0.067194,1,0.12103,1,0
281.93,0,2.7256,0.19858,0.31007,0,27.501,0,0
,,1.4595,,-0.4025,,,,
251.89,0,-1.0521,5.5638,0.59535,0,52.585,0,1
,,3.2566,,-0.27559,,,,
,,2.6872,,-0.3646,,,,
,,2.8628,,-0.36248,,,,
61.009,0,-0.97742,0.021319,0.26276,0,1.4159,0,0
206.26,0,-1.041,12.301,0.35623,0,1.2414,0,0
69.557,0,2.0947,0.10139,0.2884,0,2.8004,0,0
86.9,,0.61739,,0.53742,0,24.485,0,
312.78,0,4.1117,0,0.20207,0,1.2829,0,0
252.98,,2.6992,,0.23745,0,58.503,0,
,,2.7052,,-0.36531,,,,
238.24,0,3.4117,0,0.28128,0,15.151,0,0
158.28,0,-1.1588,0,0.44154,0,1.5716,0,0
337.43,0,0.34008,6.2382,0.68022,0,71.717,0,1
259.09,0,-1.0856,0.012546,0.29567,0,1.3604,0,0
43.044,0,5.2354,0.013263,0.22596,0,2.102,0,0
259.19,0,3.6823,0.013665,0.75276,0,0.16346,0,0
269.28,1,3.0111,18.277,0.095284,1,0.36209,1,0
118.33,1,-0.85615,15.666,0.10129,1,6.7341,1,0
173.34,1,3.443,13.279,0.040323,1,3.1554,1,0
13.577,0,3.275,2.4377,0.25122,0,39.355,0,0
,,2.13,,-0.255,,,,
,,2.8021,,-0.2598,,,,
167.96,0,2.0532,1.3144,0.46656,0,9.2898,0,0
89.282,0,3.4478,8.5752,0.43743,0,57.117,0,1
81.106,0,3.4134,0,0.21566,0,4.8311,0,0
84.401,0,3.5377,0.074094,0.2803,0,3.8418,0,0
19.95,0,0.3211,0.7261,0.53815,0,13.818,0,0
37.372,0,3.3328,0.0051153,0.45623,0,0.40063,0,0
285.09,0,3.5627,0,0.16143,0,0.88398,0,0
134.1,0,2.7556,0.013802,0.17676,0,2.057,0,0
,,0.12116,,0.4359,,,,
163.13,1,-0.27319,16.099,0.11449,1,7.0955,1,0
42.369,1,2.9729,15.576,0.03783,1,76.793,0,0
,,2.9532,,-0.24642,,,,
,,3.3698,,0.014606,,,,
,,2.9763,,0.15717,,,,
244.28,1,-3.9951,37.094,0.075175,1,0.9765,1,0
2.5378,1,-0.94024,10.774,0.25183,0,82.871,0,0
200.2,0,3.4737,0,0.086008,0,0.38661,0,0
,,3.2758,,-0.31474,,,,
272.61,0,3.5314,6.4334,0.63946,0,53.756,0,1
332.67,1,0.1929,12.381,0.12695,1,0.25654,1,0
,,1.4995,,-0.23478,,,,
223.1,0,-0.93782,5.2253,0.40516,0,2.6126,0,1
133.34,0,4.1323,0,0.14736,0,1.0554,0,0
,,2.8662,,-0.47984,,,,
315.33,0,-1.1221,0.30844,0.40788,0,30.663,0,0
269.27,1,-1.1907,20.987,0.12964,1,6.2116,1,0
224.94,1,0.34729,36.157,-0.010628,1,69.914,0,0
191,0,-1.3173,12.33,0.34264,0,2.1478,0,0
89.284,0,-0.65253,7.8162,0.38519,0,0.20116,0,0
1.8794,0,1.2133,0.0047957,0.75479,0,2.4203,0,0
251.94,1,-0.33871,20.337,0.040554,1,0.1926,1,0
148.39,0,4.3162,0.0067987,0.27464,0,2.3835,0,0
,,3.2828,,-0.311,,,,
120.52,0,-1.4159,0.0089492,0.451,0,1.6131,0,0
,,2.65,,-0.33118,,,,
327.44,1,0.53785,11.429,0.14698,0,84.82,0,0
24.985,0,2.3126,0,0.05127,0,4.2609,0,0
101.71,,0.30144,,0.10996,1,62.655,0,
336.23,1,-1.2248,9.998,0.2113,1,32.77,0,0
53.603,0,-0.64569,2.0108,0.58182,0,60.706,0,0
,,2.7432,,-0.28283,,,,
55.413,0,3.8503,0,0.48143,0,1.0384,0,0
,,2.8677,,-0.30877,,,,
164.63,0,1.6653,14.117,0.88859,0,73.745,0,1
159.47,0,2.6167,0.82176,0.15976,0,12.428,0,0
359.29,1,4.6403,24.1,0.05298,1,0.051611,1,0
331.41,0,5.1815,0.013377,0.12671,0,2.5923,0,0
355.3,1,3.0576,8.474,0.1728,1,1.4019,1,0
357.23,1,-0.46471,2.8243,0.14371,0,56.684,0,0
180.57,1,3.4239,3.371,0.15319,1,16.312,1,0
311.86,1,0.44412,4.2242,0.19814,0,84.049,0,0
70.914,1,4.8765,19.641,0.14214,1,27.878,0,0
,,3.2886,,-0.42905,,,,
,,0.81751,,-0.41176,,,,
85.012,0,1.9295,0,0.087574,0,0.6916,0,0
,,,,-0.22222,,,,
265.08,0,0.59618,0.034423,0.077196,0,83.129,0,0
,,3.282,,-0.22845,,,,
95.526,0,6.0045,0,0.075385,0,0.42209,0,0
,,2.6201,,-0.34052,,,,
248.92,1,0.54182,14.677,0.046595,1,39.287,0,0
17.159,0,-1.3143,0.62195,0.086369,0,37.112,0,0
124.68,1,2.3401,3.8407,0.047502,0,24.126,0,0
202.36,1,-0.1337,23.699,0.037037,1,0.79136,1,0
315.3,1,3.3128,15.485,0.14937,1,0.21509,1,0
224.35,1,3.6982,8.7828,0.19003,1,0.016258,1,0
,,2.6939,,-0.27484,,,,
126.91,0,-0.95962,0.80822,0.56476,0,22.312,0,0
312.15,1,-0.91729,9.1631,0.20304,1,74.545,0,0
269.96,1,2.9096,15.002,0.29092,1,5.8141,1,0
,,,,-0.34923,,,,
163.15,0,4.6153,0,0.25509,0,0.62065,0,0
272.34,0,-0.026797,0,0.31878,0,1.2891,0,0
326.06,0,4.602,0.0654,0.25033,0,3.395,0,0
325.35,0,-1.4331,0.07675,0.59536,0,47.461,0,0
282.55,0,0.033063,0.0013374,0.27016,0,17.751,0,0
180.58,1,3.3942,73.156,0.14813,1,0.64221,1,0
,,3.5214,,-0.27052,,,,
195.12,,-2.1113,,0.59803,0,11.285,0,
159.27,0,5.1963,0,0.084833,0,1.3422,0,0
,,2.3822,,-0.32353,,,,
177.91,1,3.6302,11.312,0.14118,1,73.91,0,0
183.08,0,3.85,0,0.23843,0,1.3844,0,0
232.63,0,2.2733,0.0039399,0.71812,0,0.45134,0,0
,,2.8761,,-0.46565,,,,
69.753,1,-0.81021,10.67,0.16667,1,4.673,1,0
311.38,0,3.4674,0.0030141,0.38102,0,1.3085,0,0
,,2.7765,,-0.31746,,,,
359.58,1,3.7181,9.0985,0.10631,1,61.986,0,0
158.08,0,3.2135,0,0.13169,0,3.9046,0,0
214.06,0,2.312,0.0079753,0.14276,0,1.0678,0,0
97.914,0,4.8222,0,0.044723,0,1.1857,0,0
289.5,0,-0.54093,1.8789,0.76942,0,21.075,0,0
89.298,0,2.6752,0.027404,0.1977,0,0.56324,0,0
247.59,1,-1.3967,7.9916,0.16318,1,32.07,0,0
270.81,0,-1.1996,0.0041566,0.26051,0,1.282,0,0
303.43,0,2.4308,0,0.16436,0,1.0416,0,0
47.364,0,4.0349,6.9697,0.72821,0,69.959,0,1
53.592,0,3.5872,0,0.30195,0,1.4436,0,0
258.62,,0.41511,,0.12172,1,61.879,0,
176.1,1,-1.2749,14.478,0.12573,1,30.102,1,0
,,3.1718,,-0.44138,,,,
,,2.9292,,-0.41791,,,,
136.89,0,3.937,0.013304,0.44279,0,0.60535,0,0
308.38,0,-0.96849,0,0.47056,0,1.1997,0,0
,,2.6212,,-0.14819,,,,
212.44,0,2.0643,0,0.12356,0,8.02,0,0
159.14,1,1.9036,28.862,0.086201,1,2.8676,1,0
,,2.8709,,-0.30657,,,,
124.61,0,-1.3238,0,0.39067,0,74.166,0,0
323.85,0,3.0857,0,0.17722,0,2.3279,0,0
269.28,0,-5.7067,0.034771,0.094681,0,2.9287,0,0
,,2.2173,,-0.34585,,,,
357.99,0,-1.2864,0,0.40124,0,63.347,0,0
,,2.8524,,-0.28158,,,,
347.57,0,3.4231,0.0059578,0.52149,0,0.33958,0,0
,,2.6716,,0.31685,,,,
,,1.758,,-0.30909,,,,
185.47,0,-1.0301,1.4084,0.66759,0,14.134,0,0
,,2.7157,,-0.38915,,,,
54.287,,-1.2024,,0.20428,0,1.1995,0,
152.74,0,-0.92532,1.6513,0.68292,0,73.761,0,0
224.87,0,3.5185,3.5746,0.84856,0,23.621,0,1
,,1.7547,,-0.40094,,,,
117.48,0,2.6672,0,0.12127,0,0.69773,0,0
,,1.8093,,-0.26019,,,,
43.322,0,1.2615,0.0097833,0.83537,0,0.6779,0,0
342.36,0,-1.2666,0.96963,0.27511,0,34.917,0,0
35.88,0,2.4789,1.6258,0.26868,0,1.128,0,0
308.59,0,4.3202,1.9305,0.54354,0,56.814,0,0
287.64,0,3.5415,0.18,0.34381,0,19.652,0,0
30.64,0,3.3578,0.0019808,0.75212,0,0.34239,0,0
163.07,0,4.2198,5.8146,0.38541,0,0.37017,0,0
91.805,0,3.9752,0,0.045923,0,10.253,0,0
212.25,1,-1.0236,11.377,0.16989,0,0.11621,0,0
163.57,1,3.5489,7.3296,0.094005,0,82.059,0,0
258.57,1,-1.1456,13.027,0.099778,1,5.8609,1,0
92.223,0,1.2535,0.0016631,0.6203,0,38.809,0,0
226.59,0,3.8877,3.3383,0.76583,0,10.939,0,1
,,3.038,,-0.028684,,,,
178.07,0,2.9,2.3758,0.5378,0,43.952,0,0
204.46,0,3.4119,1.1006,0.30856,0,29.376,0,0
160.3,1,0.91414,6.3284,0.09427,1,20.47,1,0
,,2.8573,,-0.44773,,,,
49.299,0,3.0524,0.027365,0.10563,0,13.563,0,0
46.162,0,4.0462,0.0074587,0.48697,0,25.268,0,0
48.315,1,-0.10749,16.49,0.0072359,1,0.41098,1,0
135.4,0,3.4159,0.68657,0.58336,0,39.22,0,0
196.2,0,4.7844,6.6481,0.88455,0,54.48,0,1
153.9,0,4.1774,0.023522,0.058663,0,2.505,0,0
156.76,0,-1.5607,14.71,0.43304,0,1.396,0,1
15.619,0,2.8786,0,0.24462,0,1.308,0,0
323.52,0,2.6806,0,0.080491,0,1.3565,0,0
294.68,,6.0622,,0.12,1,2.2062,1,
,,2.8513,,-0.23609,,,,
,,2.1853,,-0.36406,,,,
269.29,0,3.1864,0.92013,0.095956,0,1.2298,0,0
,,1.8026,,-0.29263,,,,
179.3,1,3.5444,2.8643,0.099146,1,0.71656,1,0
,,3.2731,,-0.090196,,,,
255.96,1,-0.99022,13.882,0.15365,1,3.2568,1,0
,,2.4379,,-0.093168,,,,
359.27,0,1.728,0.61655,0.063878,0,13.433,0,0
139.15,0,4.683,0,0.21409,0,0.84717,0,0
,,2.8427,,-0.25496,,,,
,,3.0888,,-0.076652,,,,
,,,,-0.32062,,,,
294.95,1,-0.75055,120.85,0.0821,1,1.9186,1,0
345.45,1,-1.1314,13.65,0.20494,1,20.792,0,0
178.49,0,3.9983,0,0.52146,0,17.74,0,0
,,0.87897,,-0.26786,,,,
160.37,1,3.8638,18.5,0.15566,1,20.427,1,0
,,1.0316,,-0.29814,,,,
135.49,0,4.7978,0.057701,0.13333,0,0.36538,0,0
36.495,0,0.59663,1.4787,0.42636,0,22.174,0,0
140.77,0,-0.26452,0.29012,0.34052,0,40.793,0,0
288.44,0,-1.341,11.729,0.3419,0,0.40157,0,0
193.26,0,-1.0039,12.541,0.45621,0,0.92749,0,1
123.6,1,-0.27026,14.444,0.15559,1,0.13219,1,0
101.69,1,0.29975,16.818,0.1436,1,0.74729,1,0
222.13,0,3.3404,0.068624,0.057015,0,6.5471,0,0
285.33,1,4.5723,31.584,0.067645,1,1.2438,1,0
359.65,0,7.6133,0.1749,0.022514,0,49.78,0,0
207.24,0,3.4794,8.4251,0.55948,0,72.088,0,1
269.28,0,0.66504,13.56,0.87228,0,57.672,0,1
195.99,1,2.2841,7.9991,0.061654,0,81.235,0,0
233.67,0,1.8006,0,0.18778,0,0.77766,0,0
172.09,1,3.137,6.2055,0.19055,1,1.2826,1,0
269.36,0,3.0936,0,0.25805,0,31.618,0,0
,,2.7268,,-0.32496,,,,
98.86,1,3.1745,12.847,0.1954,1,0.41389,1,0
,,2.3006,,-0.38747,,,,
,,1.9525,,0.13521,,,,
118.65,1,4.1685,13.658,0.055409,1,10.319,0,0
1.4188,0,-1.1943,0.021163,0.11072,0,4.5968,0,0
309.76,0,3.3368,3.3433,0.34221,0,68.019,0,0
,,3.5241,,-0.15562,,,,
226.77,0,-0.88759,0.023686,0.38276,0,72.353,0,0
179.76,1,0.30447,17.013,0.28806,1,70.729,0,0
44.346,0,3.1864,0.040332,0.078584,0,1.542,0,0
91.194,0,5.4238,0,0.05049,0,0.51754,0,0
176.97,1,3.2624,27.508,0.08589,1,35.875,1,0
237.23,0,3.3394,0.00017452,-0.066406,0,1.1663,0,0
174.67,0,3.8887,0.044673,0.38316,0,2.2075,0,0
256.44,0,3.3816,5.0081,0.63761,0,54.327,0,1
344.46,0,0.4595,2.102,0.75098,0,23.43,0,0
,,3.2878,,0.25858,,,,
269.3,1,2.7595,2.9532,0.16219,0,42.688,0,0
63.427,,-1.2598,,0.39821,0,47.717,0,
261.22,0,-1.2105,0,0.22713,0,0.98094,0,0
,,3.1983,,-0.088199,,,,
149.65,0,2.7524,0,0.12581,0,0.44185,0,0
73.421,1,0.43103,13.957,0.18572,1,80.859,0,0
84.237,0,-1.205,0.0044754,0.30165,0,4.17,0,0
155.95,0,3.8905,8.762,0.78395,0,20.305,0,1
88.611,0,-1.2879,0.11252,0.32181,0,65.514,0,0
,,2.0513,,-0.39726,,,,
,,2.7245,,-0.27186,,,,
199.81,0,-1.0478,3.1536,0.68182,0,61.967,0,1
269.28,0,3.7271,1.318,0.18371,0,34.697,0,0
131.48,0,-1.0329,0,0.14361,0,0.42672,0,0
,,3.5899,,-0.043478,,,,
315.3,0,3.5449,0.027214,0.056325,0,1.0837,0,0
287.01,0,2.6022,31.813,0.44408,0,0.63968,0,1
9.6271,0,3.6616,0.050749,0.17369,0,13.034,0,0
82.474,1,0.22255,32.077,0.068982,1,1.8343,1,0
183.79,0,-2.0004,8.5235,0.65655,0,67.981,0,1
352.07,0,-0.8394,0.011003,0.42762,0,2.6562,0,0
,,2.4609,,-0.2577,,,,
77.129,0,0.26712,0,0.20837,0,6.0452,0,0
89.292,1,3.3827,145.02,0.040627,1,0.17189,1,0
234.04,1,-0.21941,9.9945,0.10904,1,0.79505,1,0
168.52,1,-0.058283,14.829,0.031813,1,3.3516,1,0
301.57,1,3.1141,6.0412,0.064837,1,3.0976,1,0
238.98,1,-0.43364,32.461,0.16253,1,1.6704,1,0
95.219,1,4.1196,26.26,0.12053,0,81.544,0,0
347,0,3.3565,0,0.27248,0,27.811,0,0
,,2.8352,,-0.28804,,,,
128.7,0,1.8188,0.0026459,0.16546,0,0.50577,0,0
68.235,0,6.1085,0.013917,0.010338,0,0.35104,0,0
249.41,0,1.531,0.0017976,0.020828,0,0.77607,0,0
,,2.6766,,-0.24837,,,,
53.489,1,3.0458,16.483,0.17389,1,6.8478,1,0
,,,,-0.41219,,,,
81.722,0,3.6005,0.18611,0.046107,0,0.17395,0,0
232.32,0,0.34003,0,0.31203,0,0.76253,0,0
239.16,0,3.2946,0,0.10375,0,2.066,0,0
133.31,1,2.5291,16.309,0.15051,1,61.132,0,0
314.88,0,3.3178,0.50598,0.16851,0,12.247,0,0
,,3.2445,,-0.17305,,,,
120.62,0,-1.0739,7.8245,0.65425,0,67.656,0,1
,,3.3351,,-0.3129,,,,
,,3.2827,,-0.21196,,,,
147.59,1,-1.171,34.111,0.27838,1,1.2799,1,0
343.19,0,-1.0718,1.3986,0.25153,0,54.001,0,0
151.7,1,3.0636,18.295,0.22654,1,0.14881,1,0
230.57,0,-1.4013,0,0.13355,0,0.44925,0,0
355.52,1,4.1516,5.4971,0.11273,1,46.962,0,0
156.12,1,-0.24362,111.4,0.008642,1,35.559,1,0
295.32,0,4.1354,0.01055,0.039437,0,1.8415,0,0
207.37,0,4.8623,8.4424,0.70366,0,65.106,0,1
,,2.2232,,-0.17613,,,,
128.05,0,-1.0732,0.014857,0.073052,0,1.0616,0,0
,,2.9108,,-0.28904,,,,
73.15,0,0.7603,0,0.41269,0,5.1672,0,0
161.36,0,1.6166,0.65753,0.56447,0,27.787,0,0
,,3.3506,,-0.29791,,,,
240.67,0,3.9726,0,0.55767,0,5.548,0,0
150.53,1,3.6709,11.819,0.16453,1,0.6212,1,0
,,2.4752,,-0.34562,,,,
242.97,0,2.2648,0,0.42188,0,1.5257,0,0
314.21,1,1.0623,21.566,0.27345,1,86.226,0,0
359.29,1,2.7017,15.184,0.19566,1,0.34968,1,0
97.016,0,3.4263,0.78883,0.19891,0,38.481,0,0
,,2.9624,,-0.36054,,,,
,,,,-0.38023,,,,
179.28,0,0.43854,0.035363,0.090107,0,0.44715,0,0
,,0.73813,,-0.38621,,,,
52.093,0,-1.4736,0,0.12527,0,0.69249,0,0
,,2.7097,,-0.31068,,,,
115.72,1,2.7676,103.55,0.034799,1,3.9222,1,0
128.83,0,3.2406,0.8304,0.33156,0,29.44,0,0
,,2.0609,,-0.33333,,,,
285.59,1,2.9096,3.7497,0.16407,0,38.59,0,0
,,2.992,,-0.35126,,,,
,,2.7685,,-0.27463,,,,
89.28,0,-1.5851,0,0.6998,0,1.4538,0,0
149.76,1,-0.64996,5.3324,0.073254,1,9.2733,1,0
189.62,0,2.9703,8.2254,0.69876,0,50.488,0,1
,,-0.73745,,0.12341,,,,
,,3.2444,,-0.33102,,,,
142.58,0,-0.022616,0.0096164,0.58798,0,3.1219,0,0
,,3.1196,,-0.0625,,,,
132.59,0,2.8823,0,0.074298,0,0.85272,0,0
118,0,-0.53328,0.006075,0.22069,0,1.1927,0,0
317.73,1,1.0553,15.826,0.29344,0,0.19931,0,0
322.64,0,3.9093,0,0.23748,0,2.3571,0,0
,,2.4513,,0.099631,,,,
36.923,0,2.2902,0,0.27728,0,3.9466,0,0
319.33,0,2.406,0.0073786,0.080752,0,1.4054,0,0
,,,,-0.34043,,,,
,,0.85615,,-0.38547,,,,
102.4,0,3.335,1.326,0.62266,0,54.289,0,0
89.28,0,-0.5879,0.0064963,0.23125,0,0.68393,0,0
166.37,0,-1.1396,0.41055,0.19348,0,36.426,0,0
46.51,1,1.6871,8.1492,0.28587,1,15.388,0,0
,,2.8459,,-0.23034,,,,
320.65,1,2.7256,16.465,0.1525,1,1.1596,1,0
,,2.9159,,-0.29235,,,,
301.74,0,3.4718,0,0.44214,0,3.4357,0,0
,,2.3934,,-0.30599,,,,
50.701,0,6.0629,0,0.032581,0,0.18383,0,0
305.48,1,3.8623,19.81,0.096322,1,3.1232,1,0
231.11,0,3.8385,0.0024307,0.029949,0,0.38022,0,0
154.27,0,4.6348,0.0093198,0.22581,0,0.27201,0,0
49.249,0,-1.2783,1.4206,0.21393,0,40.493,0,0
136.29,0,-1.1884,3.8925,0.54719,0,49.231,0,1
215.09,0,3.2205,0.011123,0.037468,0,3.9239,0,0
146.45,0,3.6391,7.0493,0.77277,0,51.423,0,1
162.45,0,0.51259,10.449,0.88289,0,50.65,0,1
295.81,0,5.9485,0.01291,0.24045,0,0.83489,0,0
270.87,1,-1.1115,11.448,0.088274,0,11.575,0,0
171.89,1,1.6139,6.0383,-0.02503,1,0.31216,1,0
41.3,1,3.6671,8.0425,0.058217,1,0.83308,1,0
,,2.6614,,-0.26799,,,,
243.36,0,3.1764,0.0074542,0.58083,0,0.74763,0,0
272.95,1,0.4175,4.2624,0.25062,1,0.71989,1,0
,,2.9104,,-0.24169,,,,
319.28,0,3.046,0.31341,0.056832,0,4.1988,0,0
205.6,1,3.3027,2.7333,0.10974,0,76.017,0,0
328.27,0,-0.89599,0.01869,0.092113,0,6.9161,0,0
219.71,1,1.6204,6.4082,0.15694,0,64.577,0,0
,,3.2912,,-0.34951,,,,
156.83,0,-1.8357,9.0515,0.41285,0,61.395,0,1
325.77,0,2.9491,0.031687,0.15385,0,1.0724,0,0
350.61,0,-1.3319,0.11907,0.8446,0,38.068,0,0
105.76,1,3.5137,155.93,0.025848,1,12.379,0,0
,,3.3296,,-0.38742,,,,
324.93,0,2.5179,0,0.24566,0,3.8343,0,0
200.08,0,2.7449,0,0.14903,0,1.7654,0,0
,,3.5894,,-0.022727,,,,
113.45,1,-1.1785,12.383,0.11217,1,0.50396,1,0
,,2.7396,,-0.26283,,,,
284.3,1,3.5796,7.1501,0.080586,0,83.514,0,0
74.931,0,-1.3142,0.015015,0.16252,0,1.874,0,0
269.08,0,0.73232,0.010182,0.057341,0,80.576,0,0
282.39,0,2.628,0,0.82113,0,4.7398,0,0
269.29,0,5.2068,0,0.021902,0,1.2183,0,0
,,3.3339,,-0.26382,,,,
179.29,0,0.13214,0.01076,0.47991,0,0.19492,0,0
,,1.9578,,-0.15288,,,,
,,2.8862,,-0.45387,,,,
152.84,1,-1.1148,15.922,0.14389,1,41.152,1,0
,,2.4359,,-0.082587,,,,
,,2.9718,,-0.3554,,,,
,,2.9501,,-0.25038,,,,
359.29,0,0.36358,0.0049215,0.57566,0,0.09746,0,0
70.212,1,2.8558,8.176,0.16337,1,1.052,1,0
304.34,0,2.6969,0.0023901,0.10523,0,0.63886,0,0
,,,,-0.31095,,,,
,,3.2347,,-0.25048,,,,
233.15,0,0.32984,0,0.1436,0,1.4871,0,0
163.29,1,-0.31495,18.093,0.10622,1,6.9076,1,0
,,3.1624,,0.020408,,,,
,,2.7811,,-0.2599,,,,
134.21,0,3.0072,0.0022357,0.053722,0,1.0227,0,0
262.87,0,2.6232,11.352,0.52537,0,77.421,0,1
,,3.1481,,-0.064972,,,,
145.53,0,-0.017855,0,0.22157,0,0.74467,0,0
18.372,0,-0.0035895,0.0078895,0.48374,0,1.1949,0,0
39.181,0,3.4484,6.2799,0.39673,0,18.808,0,0
89.298,0,2.2145,0,0.13961,0,1.8443,0,0
0.046419,1,2.3537,5.116,0.27728,1,0.42998,1,0
323.65,0,-0.56464,0.0069401,0.3462,0,5.2824,0,0
109.41,1,3.6354,17.083,0.15044,1,2.4291,1,0
261.18,0,1.2054,0.032138,0.17355,0,3.5311,0,0
347.04,0,2.2826,0.21547,-0.24675,0,1.3549,0,0
215.19,0,3.3737,0.010258,0.21101,0,1.7544,0,0
305.59,1,-1.1658,8.6921,0.17148,1,0.13551,1,0
,,2.3948,,-0.2196,,,,
344.19,0,1.1283,0,0.51637,0,0.70654,0,0
314.21,0,-4.347,0.016454,0.074848,0,0.18669,0,0
179.3,1,3.3855,13.09,0.10678,1,0.5618,1,0
43.939,0,0.33847,0.0081314,0.44788,0,1.6434,0,0
315.54,0,3.4228,0,0.33563,0,9.4736,0,0
358.15,1,-1.7467,10.612,0.11885,0,24.368,0,0
,,1.5254,,-0.027027,,,,
209.98,0,3.8931,0.0079656,0.045145,0,1.3063,0,0
37.384,0,1.9686,0.0074426,0.071006,0,1.3692,0,0
240.39,0,1.4678,0,0.07941,0,0.7353,0,0
102.63,0,-0.80901,1.0332,0.04224,0,63.54,0,0
,,1.1201,,-0.25786,,,,
238.23,0,-1.2118,0,0.077815,0,1.489,0,0
5.6432,1,-0.99823,128.49,0.05156,1,46.899,0,0
,,-0.53227,,0.29473,,,,
105.73,0,3.2615,0,0.31176,0,0.91085,0,0
128.19,0,3.7102,0.0027585,0.13575,0,0.69403,0,0
294,0,-1.3583,5.9076,0.75447,0,48.397,0,1
359.27,0,-1.5454,0.31243,0.35452,0,1.0461,0,0
,,2.0235,,-0.3899,,,,
313.92,0,5.2349,0,0.1229,0,0.79958,0,0
353.37,0,0.18545,0,0.099291,0,0.66855,0,0
92.534,0,2.5672,0.17069,0.094923,0,2.6405,0,0
259.96,1,-0.18411,26.93,0.013953,1,13.22,0,0
85.469,0,4.3999,0.013065,0.41421,0,1.9002,0,0
340.88,,1.7714,,0.2395,1,23.783,0,
272.82,0,3.5581,0.0090609,0.1087,0,1.3069,0,0
346.78,1,-0.54529,19.708,0.12316,1,0.61072,1,0
82.218,0,-1.3623,0.026219,0.099687,0,6.6418,0,0
167.58,0,2.979,0.1129,0.094225,0,3.0825,0,0
91.481,1,-1.0591,14.925,0.18481,1,5.5104,1,0
323.67,1,0.14922,12.122,0.20633,1,0.64164,1,0
245.33,1,-0.98795,4.4316,0.11818,1,5.785,1,0
188.75,,3.2424,,-0.20536,0,24.456,0,
76.526,0,2.8817,0.010882,0.14661,0,0.25931,0,0
314.22,0,3.0818,14.534,0.43121,0,27.467,0,1
,,2.486,,-0.29188,,,,
349,,1.2323,,0.2527,0,5.3967,0,
,,2.4629,,-0.41852,,,,
332.5,0,4.096,0.0068264,0.59559,0,1.7335,0,0
151.7,0,3.3153,0.019929,0.24507,0,1.0672,0,0
152.01,1,-0.26474,30.361,0.20972,1,0.45147,1,0
315.24,,1.9414,,0.18544,0,0.79762,0,
191.71,0,3.4015,0,0.36657,0,0.24066,0,0
46.241,1,3.4813,11.754,0.042975,1,30.013,0,0
22.597,0,-1.0739,0.0061026,0.15369,0,3.8274,0,0
,,,,-0.2871,,,,
12.89,0,4.8518,0.0025263,0.015581,0,0.83157,0,0
,,1.4013,,-0.24242,,,,
197.91,1,3.6384,5.6153,0.21329,0,65.172,0,0
105.02,0,0.26486,0.01134,0.73358,0,1.3732,0,0
89.275,0,-1.0673,0.031114,0.31745,0,2.6764,0,0
122.77,0,3.1829,2.6639,0.6767,0,57.96,0,1
,,0.067119,,-0.090559,,,,
,,3.023,,-0.12446,,,,
,,2.2393,,-0.23225,,,,
,,1.6715,,-0.27417,,,,
268.75,1,2.8572,21.898,0.21297,0,74.981,0,0
266.74,0,0.7174,5.5423,0.69959,0,1.162,0,1
274.39,0,3.0425,0,0.0073831,0,1.4135,0,0
261.18,1,0.44944,7.318,0.079062,0,82.257,0,0
118.62,0,4.3579,0.90071,0.2629,0,0.93611,0,0
358.4,0,-1.0354,0,0.21132,0,1.1294,0,0
269.1,0,-1.1784,11.168,0.43488,0,12.856,0,1
65.195,0,3.6824,2.7682,0.67265,0,13.806,0,1
201.02,1,-2.1185,23.127,0.0023202,1,64.068,0,0
,,,,-0.26362,,,,
,,2.8206,,-0.2598,,,,
311.37,1,3.0806,11.787,0.16367,0,81.169,0,0
349.59,0,-1.4012,0,0.41535,0,0.54666,0,0
167.52,0,3.8913,0.14519,0.056637,0,1.1828,0,0
269.27,0,2.5044,1.2413,0.79638,0,70.292,0,0
,,2.463,,-0.41304,,,,
319.42,1,3.5142,17.509,0.091039,1,76.896,0,0
,,3.0541,,-0.23596,,,,
,,2.8482,,-0.39165,,,,
231.98,0,0.38126,0.0083423,0.10847,0,1.6832,0,0
203.29,0,-0.96748,0,0.58584,0,0.3954,0,0
38.546,0,-0.36172,14.724,0.4127,0,5.7966,0,1
,,3.5099,,-0.23659,,,,
239.76,0,-1.14,3.2767,0.45353,0,52.848,0,1
267.74,1,0.35194,33.938,0.11647,1,0.21867,1,0
,,,,-0.29932,,,,
,,2.3549,,-0.2992,,,,
,,2.7072,,-0.13002,,,,
326.66,0,4.7242,0.4508,0.6297,0,2.0887,0,0
,,3.2752,,-0.070539,,,,
252.39,0,-1.0043,2.1916,0.1714,0,82.419,0,0
342.95,1,-0.25698,20.137,0.065354,1,1.0632,1,0
35.621,1,1.625,42.431,0.075145,1,2.2975,1,0
,,2.9387,,-0.20588,,,,
201.4,,2.455,,0.53065,0,49.396,0,
,,3.3048,,-0.2057,,,,
133.48,0,2.7982,0.0014334,0.22735,0,1.8991,0,0
136.38,0,3.6468,0,0.05515,0,1.5024,0,0
285.6,0,5.2719,0.016348,0.10217,0,0.79643,0,0
19.658,0,3.5932,0,0.0558,0,0.87451,0,0
334.53,0,3.1159,0,0.26391,0,1.5779,0,0
,,3.5836,,-0.21983,,,,
,,2.7624,,0.013409,,,,
324.93,0,-1.2701,3.4312,0.37356,0,16.088,0,0
230.86,1,1.95,4.4441,0.21157,0,71.942,0,0
135.11,1,5.4347,33.396,0.050177,1,0.52756,1,0
,,3.166,,-0.15352,,,,
344.76,0,4.2409,0,0.12195,0,1.6044,0,0
171.67,0,0.66707,0.0062303,0.23304,0,0.52053,0,0
177.07,0,3.7668,0,0.075257,0,0.44749,0,0
262.75,1,-0.60042,26.786,0.14717,1,56.349,0,0
35.8,0,-0.86328,0.026383,0.049233,0,5.4202,0,0
17.231,0,4.0588,0,0.42763,0,1.1568,0,0
,,3.3269,,-0.37715,,,,
160.89,1,-0.07095,13.357,0.0085587,1,3.2226,1,0
147.6,0,-0.14345,10.053,0.30536,0,0.26275,0,0
235.81,1,0.60299,14.533,0.13298,1,0.63392,1,0
,,3.0729,,-0.26645,,,,
179.27,0,1.625,0,0.28423,0,1.3241,0,0
327.53,1,-1.0166,17.697,0.096591,1,0.31685,1,0
37.188,0,2.1444,0,0.085625,0,1.0387,0,0
167.28,1,3.4549,20.771,0.038181,0,50.748,0,0
,,0.91751,,-0.26658,,,,
267.58,1,-1.0071,6.558,0.13486,0,51.722,0,0
296.17,1,-0.78647,12.859,0.20777,1,0.38022,1,0
223.98,0,3.4384,0,0.20983,0,1.757,0,0
44.373,0,3.7185,0.010419,0.36268,0,0.8442,0,0
154.75,1,-0.21669,53.396,0.13882,0,0.49159,0,0
285.94,0,-1.2254,0,0.23041,0,0.53992,0,0
237.42,0,3.6722,0,0.55313,0,37.174,0,0
10.396,1,0.30275,19.248,0.15079,1,32.716,0,0
19.585,0,3.5669,0,0.20137,0,2.4189,0,0
0,0,-1.1587,2.6476,0.76628,0,0,0,1
264.18,1,0.34092,34.072,0.15477,1,1.1597,1,0
331.77,1,1.1178,19.096,0.047154,1,0.8209,1,0
,,2.4289,,0.1339,0,,,
238.38,0,-0.25691,0.0081117,0.39718,0,0.33491,0,0
355.98,0,0.20538,0,0.47134,0,1.2976,0,0
120.41,1,2.6614,28.087,0.046931,1,0.54365,1,0
325.55,1,3.8453,13.892,0.12436,1,0.22751,1,0
330.19,1,3.5989,38.09,0.019797,1,59.652,0,0
70.491,0,3.8804,0.022141,0.088206,0,0.49787,0,0
265.64,0,-1.1894,14.251,0.57344,0,26.268,0,1
331.33,1,-1.2332,16.098,0.21453,0,71.86,0,0
299.92,0,3.2413,24.834,0.31157,0,32.99,0,0
,,0.81228,,-0.34861,,,,
342.11,0,2.2488,1.1329,-0.24752,0,41.071,0,0
,,,,-0.30044,,,,
270.9,,0.90723,,-0.058116,0,62.613,0,
158.89,0,3.6309,0.70588,0.056284,0,3.2444,0,0
80.294,1,1.3757,15.184,0.045035,1,6.6101,1,0
108.08,0,1.9632,1.3923,0.88987,0,11.699,0,0
62.673,0,3.1801,17.632,0.44023,0,37.966,0,1
300.97,0,-1.2487,0,0.47879,0,1.2765,0,0
304.2,0,-1.1567,0,0.60952,0,0.98129,0,0
,,3.4761,,-0.17511,,,,
332.51,0,4.2527,0.0052209,0.20642,0,1.0721,0,0
225.09,1,0.94719,12.81,0.0095066,1,1.2907,1,0
,,3.2506,,-0.076661,,,,
,,-1.1785,,0.35671,,,,
359.28,0,-1.3744,0.014942,0.51578,0,68.965,0,0
269.27,0,-1.3921,0.0013155,0.47978,0,7.6784,0,0
359.29,0,1.2402,0.011407,0.32685,0,1.3584,0,0
128.56,0,-1.7373,4.5313,0.87864,0,55.287,0,1
329.66,0,-1.2928,8.1461,0.73869,0,32.192,0,1
140.28,0,-1.8243,12.939,0.46234,0,42.343,0,1
,,2.8589,,-0.24138,,,,
,,2.9216,,-0.43494,,,,
90.448,0,-1.2247,0.0032631,0.089616,0,1.1209,0,0
60.112,0,0.2132,0.010104,0.51283,0,4.9509,0,0
,,1.9019,,-0.30016,,,,
,,2.9035,,-0.28448,,,,
,,3.333,,-0.38789,,,,
271.21,0,-1.4968,0.13183,0.60057,0,33.266,0,0
,,3.512,,-0.10979,,,,
148.62,0,3.6417,0,0.19979,0,1.2729,0,0
,,,,-0.28041,,,,
359.27,1,-1.1465,13.062,0.10616,1,53.357,0,0
136.69,0,2.5802,5.9485,0.77073,0,57.666,0,1
134.84,1,-1.1313,7.3915,0.29768,1,0.72249,1,0
8.5308,0,9.345,0.0025711,0.80989,0,12.146,0,0
163.34,0,-1.6471,3.8881,0.57959,0,38.187,0,1
194.38,0,4.0564,0.0096536,0.30545,0,79.901,0,0
88.406,1,-1.2796,14.65,0.15456,1,33.499,0,0
196.85,1,-1.2038,3.6274,0.1364,0,0.11425,0,0
281.92,0,-1.1807,0.024814,0.18928,0,6.3882,0,0
137.44,0,3.5585,0,0.34677,0,0.36176,0,0
315.48,0,0.29994,0,0.5353,0,2.6045,0,0
,,1.766,,-0.2956,,,,
265.76,0,1.043,0.2004,0.31008,0,2.9745,0,0
181.4,0,3.5015,7.5759,0.4595,0,22.446,0,1
89.272,1,-1.0458,19.271,0.12324,1,74.81,0,0
348.64,0,3.5856,0.0055685,0.4541,0,1.3064,0,0
,,2.5703,,0.029703,,,,
138.91,0,-1.2563,0,0.23665,0,1.1359,0,0
,,1.5699,,-0.036585,,,,
262.58,0,-1.7173,0,0.48312,0,0.098382,0,0
,,0.95082,,-0.44425,,,,
149.15,0,1.6144,0,0.14226,0,1.9809,0,0
326.05,0,-1.1841,0.020778,0.4675,0,1.5416,0,0
80.871,0,4.2705,1.4574,0.5351,0,49.523,0,0
269.3,0,3.7077,1.3963,0.076336,0,38.81,0,0
41.57,0,4.1578,0,0.12527,0,0.33317,0,0
,,2.2503,,0.01073,,,,
144.69,1,-0.26994,10.24,0.10486,1,0.75911,1,0
125.8,1,-0.31841,3.618,0.017043,1,0.94396,1,0
151.01,0,4.6588,0.0080309,0.16709,0,3.6597,0,0
330.46,1,3.4959,9.9388,-0.023577,1,1.0011,1,0
341.05,0,0.087652,3.2443,0.65993,0,35.813,0,1
,,2.9746,,-0.36462,,,,
5.2466,0,-1.2551,0,0.65221,0,1.3255,0,0
112.99,0,3.2722,0.01429,0.19901,0,0.62765,0,0
4.6478,0,-0.95045,0.0063504,0.4447,0,0.18426,0,0
333.72,0,-1.0668,0,0.14879,0,0.41304,0,0
24.13,0,3.4904,0,0.56802,0,15.75,0,0
240.96,0,0.33832,0,0.20609,0,1.2926,0,0
282.42,0,2.65,0.02987,0.3399,0,2.0176,0,0
,,2.6365,,-0.13846,,,,
,,2.3423,,-0.25157,,,,
,,2.7867,,-0.27328,,,,
207.82,0,1.3328,6.2474,0.32499,0,62.529,0,0
,,2.7281,,-0.26214,,,,
,,2.0588,,-0.29436,,,,
,,0.85592,,-0.34552,,,,
116.3,0,-1.0619,19.112,0.43355,0,9.6499,0,1
269.27,1,-0.88026,5.6506,0.15882,1,0.017239,1,0
,,2.438,,-0.35499,,,,
75.874,,0.3723,,0.46763,0,3.3582,0,
359.89,0,0.20047,0,0.065126,0,0.55037,0,0
204.01,0,-1.2488,0,0.31797,0,1.7984,0,0
134.21,0,4.5361,0.20648,0.23332,0,3.357,0,0
,,2.7589,,-0.22715,,,,
78.349,0,-0.40538,0,0.25667,0,1.0887,0,0
191.87,0,-1.0623,0,0.23071,0,2.0023,0,0
,,2.3004,,-0.2925,,,,
53.832,0,2.6141,0.023559,0.11555,0,2.7356,0,0
355.75,0,-1.8608,3.0513,0.73057,0,0.37334,0,1
0.25109,0,-0.96798,0,0.063492,0,0.67655,0,0
306.26,0,-0.29484,0,0.2133,0,0.35257,0,0
,,0.24585,,-0.10476,,,,
109.43,0,3.3971,0,0.45969,0,1.9153,0,0
,,3.3338,,-0.35549,,,,
,,2.3375,,0.35063,,,,
140.16,1,3.8817,3.5664,0.25092,1,7.2155,1,0
209.46,0,4.5155,0,0.045353,0,0.99464,0,0
347.57,1,3.3028,15.457,0.15502,1,1.4986,1,0
283.97,0,-0.56145,0,0.58478,0,2.9565,0,0
282.3,0,2.5308,0.7592,0.42857,0,16.673,0,0
,,,,-0.49593,,,,
194.61,0,3.5519,0,0.095519,0,0.63011,0,0
309.63,0,-0.80537,18.201,0.34166,0,3.2547,0,0
177.74,0,3.6999,0.0067842,0.33572,0,0.42438,0,0
,,3.352,,-0.31475,,,,
195.87,0,-0.29893,0.0049263,0.22497,0,1.4892,0,0
326.19,0,1.1094,0,0.32966,0,0.97857,0,0
257.8,1,3.6091,18.434,0.15448,1,11.823,0,0
304.24,0,2.4265,0,0.080365,0,0.96059,0,0
119.48,0,3.383,0.012672,0.049002,0,0.079794,0,0
217.15,1,0.36397,36.667,0.092437,1,35.341,1,0
29.429,1,2.7397,4.1096,0.050827,1,20.816,0,0
,,2.6444,,-0.40856,,,,
268.24,0,5.1793,0.50532,0.29948,0,42.17,0,0
137.05,0,4.3651,0.098649,0.17734,0,2.3757,0,0
88.246,0,-0.99739,0.012491,0.16334,0,58.18,0,0
252.13,1,-1.239,2.968,0.28279,1,3.7298,1,0
,,3.0777,,-0.29653,,,,
345.89,0,3.7534,0,0.25045,0,1.314,0,0
,,1.803,,0.14706,,,,
320.95,0,3.2922,0,-0.20143,0,0.39837,0,0
270.73,0,-1.1385,0.011997,0.26752,0,1.1267,0,0
272.99,0,-1.3923,2.8394,0.3551,0,55.32,0,0
39.381,0,-1.303,3.8265,0.49285,0,74.706,0,1
243.85,0,3.4098,0.17407,0.48876,0,38.685,0,0
89.298,1,5.3352,6.6758,0.054795,1,30.474,0,0
252.96,1,4.2233,6.4239,0.21105,1,0.20363,1,0
283.09,0,0.26199,10.903,0.86959,0,36.131,0,1
148.98,0,3.8004,1.8113,0.76825,0,75.727,0,0
339.78,0,3.7025,0.029668,0.57298,0,12.891,0,0
263.17,0,3.3495,0.25476,0.47881,0,44.036,0,0
7.6801,1,3.2619,13.053,0.14255,0,21.446,0,0
333.02,0,0.53631,0,0.11235,0,0.83105,0,0
159.27,0,3.0132,0.006598,0.17746,0,0.13423,0,0
333.5,0,3.2406,0.0047865,0.67551,0,2.9578,0,0
186.97,1,0.62871,25.443,0.13593,1,0.3876,1,0
269.27,0,-1.441,0.13693,0.56477,0,76.727,0,0
,,2.661,,-0.35516,,,,
,,2.4987,,-0.2604,,,,
,,2.4839,,-0.28144,,,,
53.018,1,0.78445,13.385,0.15305,0,81.993,0,0
72.349,0,0.39021,0.0058919,0.29391,0,0.43261,0,0
16.542,1,3.5081,18.526,0.13398,1,0.25212,1,0
9.5266,0,7.6101,0.16166,0.022514,0,1.9392,0,0
,,,,-0.35225,,,,
248.75,0,4.3664,0.0015574,0.19634,0,0.96358,0,0
354.54,1,0.72911,34.16,0.071197,1,17.002,0,0
240.72,0,3.8873,0,0.11995,0,0.43184,0,0
5.7429,0,3.4254,0.88006,0.16354,0,9.8874,0,0
,,3.1685,,-0.35325,,,,
268.48,0,0.86062,9.3932,0.5197,0,68.468,0,1
204.82,0,3.2494,0.021052,0.09008,0,0.40021,0,0
42.382,1,-0.86258,57.409,0.086251,1,0.58881,1,0
217.86,1,0.35993,30.488,0.10363,1,1.6495,1,0
54.576,0,3.541,0,0.59261,0,2.6267,0,0
,,2.7109,,-0.24264,,,,
134.87,1,1.0293,86.255,0.099317,1,66.968,0,0
333.51,0,4.4522,15.254,0.35238,0,2.6276,0,0
339.89,1,-1.0232,9.2959,0.067904,0,86.818,0,0
78.294,1,-0.99759,5.6355,0.19324,1,5.1035,1,0
224.36,0,0.18599,0.0055133,0.14616,0,0.073061,0,0
,,2.858,,-0.34532,,,,
3.8451,0,-0.87367,0.13087,0.50045,0,0.79361,0,0
,,2.6565,,-0.40506,,,,
,,2.3019,,-0.13927,,,,
16.185,0,1.5748,1.5574,0.56447,0,63.985,0,0
261.25,0,3.3981,0,0.091228,0,0.77779,0,0
55.409,0,-1.0882,1.0212,0.62527,0,18.671,0,0
308.86,0,-3.2936,0,0.65487,0,0.56676,0,0
,,2.3067,,-0.039337,0,,,
163.21,0,1.0717,16.894,0.34446,0,0.51901,0,0
201.14,1,0.34962,5.7879,0.1097,1,0.15442,1,0
58.708,0,4.0357,0.012254,0.033736,0,0.90124,0,0
81.754,0,2.2294,0.49166,-0.049705,0,4.1035,0,0
40.38,0,-1.555,4.3356,0.55956,0,73.697,0,1
157.69,1,0.94658,2.8944,0.12141,0,12.868,0,0
316.67,1,3.5696,26.237,0.13366,1,0.85702,1,0
336.79,0,-1.6021,1.9014,0.73222,0,17.996,0,0
226.44,1,7.5847,6.3484,0.030478,1,8.6587,1,0
196.32,0,3.2986,0.78441,0.54361,0,50.266,0,0
,,0.84154,,-0.022992,,,,
151.64,0,0.028425,0,0.26937,0,1.0159,0,0
,,3.2804,,-0.27273,,,,
,,2.4947,,-0.22384,,,,
73.593,0,0.68328,0.00092316,0.34606,0,2.2256,0,0
,,2.5356,,-0.3179,,,,
326.39,0,3.7116,0,0.059504,0,1.1743,0,0
29.087,0,-1.0257,0,0.10655,0,0.27749,0,0
75.675,0,0.066037,0,0.10951,0,1.218,0,0
349.05,0,2.4118,0,0.050027,0,1.7122,0,0
294.01,1,3.6132,12.766,-0.076324,1,0.32902,1,0
47.226,1,0.48913,15.76,0.099851,1,45.925,0,0
16.116,0,2.8486,0,0.39616,0,9.7918,0,0
56.292,1,3.6087,13.589,0.023112,1,11.395,0,0
252.91,0,-0.61918,0,0.057844,0,4.8524,0,0
88.55,0,-0.20722,0,0.55986,0,1.8158,0,0
138.48,1,-0.26873,20.044,0.011414,1,0.87075,1,0
148.14,0,-2.069,1.0449,0.78821,0,28.996,0,0
176.78,0,2.8557,0,0.010199,0,0.99262,0,0
,,,,-0.4845,,,,
,,1.1366,,-0.41406,,,,
41.883,0,-0.012531,0,0.28689,0,1.7828,0,0
233.17,0,2.7218,0.041505,0.25,0,0.29174,0,0
261.99,0,1.5899,0.00027335,0.73819,0,0.45195,0,0
53.052,0,0.83006,11.492,0.87309,0,71.607,0,1
,,-0.16374,,0.14442,,,,
269.28,0,1.7242,0,0.51115,0,0.46554,0,0
171.53,0,3.3194,0,0.079737,0,14.065,0,0
3.4291,0,4.4004,0,0.32802,0,27.648,0,0
269.37,0,-1.2889,0.0086663,0.23911,0,82.88,0,0
104.14,0,-1.1006,0.033195,0.76862,0,0.73734,0,0
179.21,0,-0.027505,0.0055052,0.18255,0,86.28,0,0
238.84,1,0.038601,31.974,0.27899,1,1.686,1,0
234.88,0,-1.9099,2.0082,0.50887,0,76.817,0,0
,,,,-0.27711,,,,
332.52,0,-1.2326,0.044591,0.10315,0,1.1747,0,0
354.17,0,3.9234,6.7666,0.72499,0,20.753,0,1
,,3.2744,,-0.30835,,,,
128.61,0,-0.67506,3.7866,0.76546,0,22.086,0,1
208.82,1,3.4515,17.662,0.22496,1,1.3637,1,0
,,1.6616,,-0.35929,,,,
179.3,0,3.1005,0,0.40183,0,0.86271,0,0
,,2.9883,,-0.15749,,,,
,,2.7578,,-0.21333,,,,
,,3.4157,,-0.15711,,,,
152.65,1,-1.0407,14.971,0.17331,1,0.21804,1,0
47.019,0,0.86499,0.12621,0.067758,0,5.3204,0,0
357.63,0,2.4504,0,0.13647,0,5.5288,0,0
,,1.1398,,-0.32911,,,,
205.22,0,1.0973,3.8649,0.74501,0,68.164,0,1
179.3,0,0.37841,1.3641,0.1803,0,16.593,0,0
18.334,1,-0.21632,14.627,0.079646,1,0.1759,1,0
40.303,1,3.5918,11.103,0.28141,1,0.97227,1,0
324.4,1,3.2581,11.857,0.1381,0,24.266,0,0
275.59,1,0.86753,6.7671,0.11111,1,13.293,0,0
154.39,0,-0.90321,1.5618,0.34286,0,41.719,0,0
,,2.8597,,-0.28889,,,,
345.06,0,2.6597,1.0696,0.45114,0,61.3,0,0
9.481,0,0.87794,0.0046638,0.061566,0,1.5257,0,0
,,3.2594,,-0.35262,,,,
0.38483,0,3.9172,0,0.17232,0,6.2141,0,0
249.25,1,0.2819,14.13,0.22899,1,28.165,0,0
38.324,0,2.8865,1.1716,0.098039,0,0.81194,0,0
302.57,1,3.0146,13.963,0.12318,1,1.3266,1,0
358.89,1,-0.47829,4.6006,0.21977,0,23.096,0,0
221.3,0,3.5528,0.014068,0.059714,0,1.9744,0,0
331.9,0,-1.0884,0.8784,0.67079,0,51.947,0,0
105.28,0,3.9669,0,0.010385,0,2.2886,0,0
277.93,1,5.2425,4.6942,0.11744,0,71.263,0,0
151.5,0,3.5006,0,0.35795,0,2.7458,0,0
172.1,1,3.6415,11.095,0.22089,0,1.5597,0,0
,,2.9746,,-0.29118,,,,
22.415,0,-1.7594,7.9282,0.4467,0,31.474,0,1
,,0.84378,,-0.38704,,,,
225.18,0,1.3601,11.599,0.8426,0,79.556,0,1
6.4592,0,1.8463,0.0011957,0.24745,0,3.67,0,0
131.78,1,-0.89119,9.6171,0.019854,1,5.3476,1,0
66.923,0,3.5426,0,0.12466,0,2.4845,0,0
359.29,,3.3033,,-0.20143,0,4.8043,0,
,,2.8853,,-0.27647,,,,
320,0,-1.0156,0,0.59303,0,2.0874,0,0
55.386,0,-1.5836,5.329,0.44441,0,16.466,0,1
,,3.5041,,-0.33218,,,,
148.94,1,1.8945,13.549,0.1734,1,0.75068,1,0
243.61,1,-0.080513,11.079,0.10719,0,85.868,0,0
,,1.3857,,-0.27395,,,,
17.307,1,-1.0293,11.534,0.090016,1,1.3743,1,0
88.221,0,3.1991,2.9617,0.43746,0,84.5,0,1
240.97,0,2.5621,0.39039,0.18433,0,41.116,0,0
269.29,0,3.244,0.0003159,0.079745,0,0.057471,0,0
,,2.7791,,-0.26614,,,,
231.6,0,-1.068,0,0.42931,0,0.67532,0,0
293.94,1,2.8474,7.3496,0.022355,1,68.393,0,0
108.92,0,3.3576,5.2707,0.89041,0,69.679,0,1
328.12,0,2.6184,0.2529,0.16185,0,71.209,0,0
,,2.6617,,-0.31004,,,,
,,2.7608,,-0.27378,,,,
168.23,0,-1.1362,0,0.22286,0,1.3198,0,0
101.93,0,-1.1659,0.00024784,0.091493,0,1.1779,0,0
30.047,0,4.188,5.8239,0.68535,0,77.461,0,1
109.7,0,-0.35335,1.2697,0.35524,0,56.964,0,0
86.708,0,-1.0567,0,0.16318,0,31.883,0,0
279.09,1,1.2611,13.88,0.01919,1,0.50453,1,0
192.91,0,3.8737,0.0023727,0.2372,0,1.7336,0,0
281.05,0,0.5291,0.1999,0.11881,0,36.736,0,0
174.69,0,4.0915,0,0.42411,0,1.0007,0,0
134.23,0,3.6004,0,0.10809,0,0.42212,0,0
157.51,1,3.3951,16.18,0.21799,1,48.903,1,0
,,2.8861,,-0.43396,,,,
,,2.9752,,-0.27891,,,,
,,1.5483,,0.34104,0,,,
177.1,1,-0.27276,5.0187,0.14698,0,30.204,0,0
106.97,0,1.0824,5.5591,0.40037,0,84.563,0,1
41.57,0,1.1656,5.795,0.80775,0,35.645,0,1
,,2.4244,,-0.065775,,,,
,,3.3415,,-0.25522,,,,
226.37,0,0.34782,0.010483,0.42006,0,1.263,0,0
,,,,-0.3222,,,,
29.462,0,-1.0026,6.1091,0.75048,0,79.427,0,1
70.036,1,3.6206,29.962,0.11072,1,0.83396,1,0
149.68,0,-1.1147,0,0.74238,0,6.134,0,0
281.82,0,-1.108,14.698,0.48065,0,58.608,0,1
224.37,0,3.1305,0.014274,0.22091,0,0.50328,0,0
268.68,0,-0.93177,9.2599,0.31315,0,40.268,0,0
,,2.6256,,-0.3,,,,
256.44,1,-0.15341,17.566,0.001182,1,14.369,0,0
12.421,0,3.9488,0.0054336,0.15645,0,1.1125,0,0
,,2.0632,,-0.28571,,,,
62.256,0,3.1347,0,0.21542,0,2.2443,0,0
179.89,0,-1.8815,3.8933,0.56339,0,65.934,0,1
154.93,0,4.0008,0.0056186,0.4562,0,2.6036,0,0
25.086,0,3.4649,0.058344,0.34819,0,8.5077,0,0
213.29,0,3.5891,0.019019,0.7128,0,0.35964,0,0
179.31,,3.5774,,0.26325,0,88.839,0,
93.429,0,0.15683,0.056268,0.21803,0,2.7352,0,0
,,2.7964,,-0.29791,,,,
81.703,0,-0.75083,0,0.48202,0,0.52182,0,0
269.28,1,-0.20332,21.312,0.23972,1,0.057554,1,0
1.0309,1,5.2,26.997,0.057416,1,47.644,0,0
47.269,0,-1.1927,0,0.65818,0,0.79664,0,0
305.31,0,4.7364,0,0.10171,0,0.34112,0,0
,,2.709,,-0.32226,,,,
219.76,0,3.598,0,0.036771,0,0.70836,0,0
44.51,0,3.4079,1.268,0.68908,0,72.181,0,0
89.275,1,0.077864,16.17,0.29147,1,0.71275,1,0
269.28,1,0.75598,4.3967,0.19788,1,85.334,0,0
359.29,0,3.6157,0.0034587,0.034483,0,1.0031,0,0
336.03,1,0.6252,13.237,0.18826,1,0.1747,1,0
232.37,0,3.9123,9.6106,0.65814,0,51.569,0,1
269.76,0,3.0234,0.17574,0.058098,0,20.832,0,0
,,2.9247,,-0.18231,,,,
,,2.4329,,-0.34256,,,,
,,3.2549,,-0.36568,,,,
167.2,0,0.98002,0.54508,0.06385,0,3.2621,0,0
,,-1.8618,,0.7305,,,,
264.93,1,0.63681,3.2934,0.066667,1,7.5871,1,0
230.15,0,3.3176,6.5959,0.58405,0,50.192,0,1
,,2.5886,,-0.15778,,,,
144,1,-0.25619,19.874,0.023684,1,82.64,0,0
231.72,1,-1.2588,13.542,0.27913,1,0.34797,1,0
,,2.5121,,-0.26017,,,,
232.28,1,5.4225,7.0349,0.21628,0,75.574,0,0
7.4416,0,4.0414,4.3708,0.81012,0,77.974,0,1
159.99,1,2.4904,10.832,0.28046,0,73.72,0,0
166.22,1,1.1167,11.603,0.19679,0,83.232,0,0
283.32,0,0.17492,0,0.071469,0,3.1899,0,0
76.857,0,3.4414,13.957,0.30262,0,1.224,0,0
331.25,1,-0.3536,16.125,0.12171,1,1.3572,1,0
,,2.725,,-0.28638,,,,
294.42,1,-0.42302,3.2292,0.17557,1,1.3901,1,0
,,3.4282,,-0.28501,,,,
172.21,1,0.13489,4.1036,0.16667,1,0.65277,1,0
313.33,0,0.51407,1.3003,0.48382,0,30.889,0,0
,,2.8538,,-0.18874,,,,
198.05,1,3.232,28.877,0.061303,1,0.32104,1,0
308.06,0,-2.0938,0.53409,0.58072,0,5.601,0,0
209.55,0,3.4943,0,0.26062,0,2.7587,0,0
156.28,1,3.9225,3.3201,0.29688,0,80.563,0,0
36.002,0,4.0006,0.0063729,0.4183,0,0.83655,0,0
199.52,0,-1.182,0,0.41222,0,48.519,0,0
173.6,1,2.608,7.489,0.10574,1,87.363,0,0
258.69,0,4.1455,0.0054264,0.62032,0,5.1318,0,0
35.398,0,3.8828,0.0077012,0.19102,0,1.0925,0,0
321.14,1,3.3355,18.389,0.025773,1,0.26975,1,0
38.01,0,-0.99852,0.017018,0.1702,0,0.36745,0,0
211.83,1,2.8398,8.2432,0.1635,0,0.74797,0,0
269.27,0,-1.3567,0.00192,0.1551,0,0.91953,0,0
216.48,1,2.7391,12.871,0.12161,1,1.3884,1,0
,,3.2574,,0.050309,,,,
236.12,0,-0.98293,0.0051293,0.74162,0,0.7757,0,0
33.346,0,-0.23419,0.0049876,0.19788,0,1.2108,0,0
223.94,0,-2.1352,6.6453,0.70163,0,63.09,0,1
324.19,,0.85341,,-0.38761,0,1.4745,0,
203.28,0,-0.80833,11.116,0.66891,0,40.66,0,1
359.34,0,3.9363,7.6179,0.35535,0,71.474,0,0
158.48,1,4.1869,32.782,0.13287,1,1.067,1,0
39.626,1,-1.027,4.1054,0.13859,0,0.44382,0,0
145.14,0,0.79153,0.011975,0.65038,0,1.6895,0,0
246.1,0,2.4155,0.072325,0.062712,0,5.7457,0,0
,,0.69663,,0.045506,,,,
45.513,0,-0.95752,0.0032234,0.088015,0,1.4004,0,0
307.47,0,3.5526,0,0.17104,0,6.3277,0,0
175.94,0,-0.1648,0,0.36438,0,0.89003,0,0
,,1.3231,,-0.32286,,,,
267.86,0,0.4336,11.541,0.84218,0,62.142,0,1
196.85,1,-0.12549,12.779,0.10425,1,0.28565,1,0
159.2,1,-0.95874,13.11,0.19715,1,0.51883,1,0
,,2.3391,,0.15665,,,,
95.474,0,3.6772,0,0.53362,0,4.6611,0,0
84.3,0,4.6436,7.8379,0.8426,0,67.274,0,1
349.81,0,3.2369,0,0.098652,0,1.3598,0,0
334.84,1,-1.3856,4.1291,0.17029,1,0.40299,1,0
187.08,0,4.2451,0,0.3319,0,3.3408,0,0
126.28,0,-2.0032,3.3384,0.69131,0,48.128,0,1
269.28,0,-1.1958,0.020765,0.084877,0,2.533,0,0
355.8,0,-1.3161,0.015078,0.18831,0,0.18953,0,0
187.39,0,3.8228,1.4632,0.4962,0,62.852,0,0
40.77,0,1.3347,7.4109,0.8746,0,52.242,0,1
357.91,0,5.5967,0.0027847,0.25123,0,2.3784,0,0
205.41,0,3.5824,0.012224,0.17745,0,1.1619,0,0
144.42,0,-1.3374,10.858,0.53084,0,72.553,0,1
137.04,0,2.7841,0.0058353,0.045427,0,0.99136,0,0
290.17,0,0.43202,0,0.54893,0,35.903,0,0
337.38,0,3.0366,0.0085349,0.40661,0,1.2788,0,0
174.81,0,0.92494,0.012757,0.38454,0,73.746,0,0
,,2.8162,,-0.19473,,,,
330.66,1,-0.95685,12.157,0.25315,1,1.332,1,0
173.24,1,1.13,7.6239,0.065224,1,34.352,1,0
1.3629,0,-1.5174,0.0096574,0.61067,0,20.075,0,0
161.34,0,2.2587,1.961,-0.051125,0,3.8928,0,0
359.28,0,-0.16045,0,0.02439,0,0.88852,0,0
,,2.3627,,-0.33974,,,,
143.18,1,2.0685,6.559,0.10012,1,81.526,0,0
271.68,0,3.478,0.013532,0.31689,0,0.13806,0,0
,,2.8821,,-0.44141,,,,
23.332,0,-0.54548,0.0064778,0.62943,0,6.9594,0,0
255.13,1,-1.0434,10.801,0.20047,1,12.529,0,0
204.33,0,0.54878,0.018917,0.55313,0,8.733,0,0
279.05,0,-1.1096,0.75759,0.63719,0,65.983,0,0
128.84,1,4.8103,7.8911,0.086154,1,10.931,0,0
323.14,0,2.6109,1.0688,0.14179,0,5.816,0,0
177.18,0,-0.90179,0.0011858,0.53403,0,7.7881,0,0
179.29,0,3.1051,4.1809,0.40892,0,71.625,0,1
63.205,0,1.8781,0.02666,0.36555,0,1.7465,0,0
269.29,1,3.88,34.86,0.1131,1,32.427,0,0
82.481,0,-1.3317,0,0.31507,0,5.6999,0,0
274.54,0,-1.436,0,0.12451,0,1.4369,0,0
134.22,0,2.7159,0.021565,0.23027,0,1.98,0,0
143.37,0,4.3874,0.041174,0.049112,0,1.0971,0,0
,,2.1108,,-0.29936,,,,
147.13,0,2.989,0,0.14259,0,2.159,0,0
188.52,0,3.5299,0,0.080479,0,0.4298,0,0
,,2.398,,-0.38966,,,,
314.38,0,3.8284,0.81398,0.68068,0,60.966,0,0
219.15,0,-0.88187,0.010371,0.50497,0,0.089642,0,0
312.96,0,3.6727,0,0.49231,0,6.6529,0,0
6.3361,0,0.52634,10.435,0.79856,0,53.277,0,1
202.95,0,3.677,0.0029247,0.11357,0,2.8203,0,0
279.31,1,2.8192,21.284,0.1094,1,0.099301,1,0
,,2.398,,-0.39363,,,,
359.82,0,4.0158,0.016102,0.63352,0,1.9141,0,0
,,3.2262,,-0.24618,,,,
145.51,0,3.8643,12.394,0.45778,0,0.062098,0,1
175.45,0,2.7786,0,0.094101,0,1.1145,0,0
356.94,0,-1.0686,4.7357,0.57304,0,53.546,0,1
91.897,0,3.7581,0.00075698,0.11549,0,0.88023,0,0
276.56,1,0.01771,5.0635,0.21173,0,74.242,0,0
,,,,-0.29592,,,,
0.4329,0,0.50775,17.054,0.34996,0,66.171,0,0
192.26,0,-1.0698,14.857,0.44376,0,78.943,0,1
,,0.93718,,-0.35593,,,,
37.895,0,-1.0425,0,0.40859,0,47.049,0,0
,,2.9731,,-0.19407,,,,
,,2.8908,,-0.016801,,,,
82.887,0,3.9292,0.0041904,0.03271,0,0.97732,0,0
10.121,1,3.8489,9.0079,0.18629,1,0.8871,1,0
129.91,0,3.6226,0.004009,0.2,0,1.6728,0,0
120.39,0,2.6743,0.0027535,0.092925,0,1.4428,0,0
359.28,0,-0.12201,0.67631,0.60474,0,0.12039,0,0
104.96,1,4.1288,38.22,0.19494,1,9.9625,1,0
276.37,0,-0.2222,0,0.29023,0,1.627,0,0
,,3.3213,,-0.34347,,,,
,,1.8189,,-0.27504,,,,
211.76,0,0.22518,0,0.12812,0,0.78142,0,0
241.92,0,1.1863,0,0.57952,0,56.446,0,0
138.04,1,3.7188,20.178,0.10423,1,0.85406,1,0
117.44,0,-1.3888,0.74652,0.64685,0,20.929,0,0
,,2.6986,,-0.30327,,,,
8.2899,0,4.0327,0,0.43372,0,0.11029,0,0
55.528,0,-0.96474,0,0.32759,0,1.403,0,0
,,1.3243,,-0.33051,,,,
351.57,1,3.0358,4.5277,0.046308,0,28.596,0,0
263.19,0,2.111,0,0.083047,0,3.8727,0,0
,,2.4074,,0.070905,,,,
20.11,0,-1.924,1.4008,0.58431,0,6.898,0,0
269.3,0,2.3837,0.022205,0.54619,0,11.775,0,0
97.364,1,-1.1344,7.1643,0.17054,0,84.67,0,0
350.72,0,-1.0464,4.1719,0.3385,0,9.7545,0,0
110.06,0,4.9846,0.057065,0.14978,0,22.688,0,0
91.115,0,2.4771,0,0.68056,0,65.031,0,0
,,2.5336,,-0.27165,,,,
,,2.688,,-0.34337,,,,
234.44,0,3.8684,1.4081,0.37894,0,62.961,0,0
,,3.5759,,-0.26863,,,,
145.11,0,3.3469,0,0.097156,0,1.5241,0,0
46.839,1,2.7335,9.0126,0.20374,0,73.031,0,0
138.41,0,6.8268,0.0073895,0.05483,0,0.1668,0,0
351.68,0,3.6449,0,0.057283,0,0.17352,0,0
89.273,0,-1.2354,19.19,0.3525,0,72.923,0,0
190.13,0,3.7059,3.3812,0.73517,0,64.687,0,1
223.97,0,3.4158,0,0.34375,0,2.3691,0,0
,,2.9682,,-0.30847,,,,
206.18,0,1.2294,0,0.46657,0,1.0285,0,0
359.4,0,-1.0054,4.0381,0.40928,0,65.04,0,1
,,2.055,,-0.32923,,,,
,,2.4395,,0.071264,,,,
355.18,0,-1.3557,0,0.32082,0,0.080465,0,0
,,2.4261,,-0.2568,,,,
340.68,1,-0.141,62.531,0.082969,1,1.6206,1,0
301.19,1,3.8128,15.87,0.13686,1,0.36901,1,0
277.43,0,3.0597,0.0040834,0.13667,0,1.2539,0,0
357.09,0,3.3671,0.004566,0.43827,0,0.29832,0,0
,,3.2902,,-0.14286,,,,
273.65,0,-1.6552,10.098,0.85388,0,16.021,0,1
213.31,0,4.3006,0,0.25232,0,0.65718,0,0
359.29,0,3.8941,0.017387,0.33092,0,0.17773,0,0
,,1.376,,-0.28687,,,,
284.68,1,0.13105,16.769,0.13565,1,1.49,1,0
17.619,1,3.3255,17.488,0.1288,1,0.74884,1,0
175.91,0,-0.42959,0,0.24531,0,3.4301,0,0
128.71,0,3.4108,0.056305,0.8234,0,64.155,0,0
236.82,1,-1.0212,9.398,0.060659,1,0.47,1,0
176.06,0,-1.1925,0,0.5633,0,0.7177,0,0
210.66,0,3.959,0.0058215,0.20482,0,0.80573,0,0
183.84,0,4.0444,0.56964,0.72735,0,34.694,0,0
,,3.2165,,-0.12102,,,,
330.96,0,2.7516,0,0.16735,0,0.52097,0,0
89.271,0,-3.6216,6.1193,0.55352,0,47.117,0,1
247.49,0,3.8722,0.40349,0.69427,0,35.725,0,0
228.77,0,5.0151,0.003757,0.093787,0,0.21173,0,0
,,2.788,,-0.30394,,,,
156.75,0,3.569,0.0042658,0.08013,0,1.3651,0,0
314.01,0,4.5702,3.1249,0.76874,0,73.943,0,1
142.62,1,0.948,68.541,0.070149,1,80.373,0,0
211.1,0,2.3939,2.1195,-0.19468,0,0.6543,0,0
175.07,1,3.2209,5.4351,0.16466,0,79.402,0,0
2.2473,0,0.46281,0,0.38263,0,1.4406,0,0
309.41,0,1.5237,3.975,0.57775,0,71.021,0,1
218.27,1,3.3571,13.849,0.1626,1,61.916,0,0
135.67,1,-1.3519,6.4514,0.065173,1,0.79164,1,0
269.27,0,2.9,0,0.06974,0,1.1149,0,0
121.98,0,4.4222,0.070725,0.072941,0,4.1317,0,0
46.522,0,5.6538,0,0.69852,0,10.378,0,0
182.37,0,3.1433,4.8016,0.53687,0,6.6073,0,1
184.66,,-0.50366,,0.13658,0,3.6114,0,
,,2.5088,,0.075016,,,,
13.06,0,-1.1821,0,0.71491,0,0.84406,0,0
228.63,1,3.8832,12.24,0.12852,1,7.4444,1,0
152.1,1,-1.021,21.453,0.0073284,1,81.729,0,0
113.75,0,4.1832,0,0.1855,0,0.94087,0,0
96.981,0,4.8556,8.2286,0.70135,0,53.835,0,1
180.99,0,-0.57244,2.6488,0.52589,0,49.438,0,1
89.279,0,-1.2949,9.5765,0.49279,0,74.186,0,1
,,5.4496,,-0.30321,,,,
,,2.6588,,-0.33232,,,,
,,1.9875,,-0.14286,,,,
116.7,1,4.7983,8.4012,0.061053,1,9.0527,1,0
,,2.8036,,0.0080775,,,,
333.97,1,4.3428,3.8856,0.12697,0,69.949,0,0
,,2.4816,,0.097403,,,,
224.2,0,0.38678,7.9019,0.32773,0,44.316,0,0
40.107,,2.2834,,-0.18293,0,1.2308,0,
308.92,0,3.4206,0.033398,0.3432,0,47.323,0,0
72.384,0,-2.1828,4.0105,0.61365,0,41.517,0,1
348.53,0,3.3186,0.14616,0.75887,0,8.4746,0,0
38.541,1,3.4572,14.391,0.29275,1,44.351,0,0
9.2284,0,3.8506,0,0.51121,0,1.8327,0,0
23.709,0,-0.32614,0,0.62731,0,5.6237,0,0
103.15,0,2.6851,0.20819,0.32786,0,19.877,0,0
334.54,0,-1.4213,14.447,0.38025,0,0.70058,0,0
161.08,1,-0.15543,16.57,0.14378,1,0.3863,1,0
138.19,1,-1.0561,16.693,0.088446,1,2.0453,1,0
300.38,0,3.9489,0,0.16081,0,2.0195,0,0
137.36,0,-1.0157,0,0.22623,0,1.1786,0,0
,,1.8413,,-0.075949,,,,
320.22,0,2.6993,0.0047965,0.1375,0,0.15506,0,0
,,1.3192,,-0.2901,,,,
30.512,0,1.101,7.0284,0.85883,0,53.792,0,1
,,2.9708,,-0.33681,,,,
,,,,-0.40463,,,,
106.36,1,-0.95803,28.854,0.12283,1,83.429,0,0
226.54,1,-0.9765,8.5996,0.15401,1,84.448,0,0
,,2.8576,,-0.4409,,,,
13.173,1,-1.2414,12.833,0.14797,1,0.45474,1,0
179.31,1,3.3469,15.281,0.1626,1,50.114,1,0
,,0.16333,,0.75864,0,,,
102.69,1,-1.3458,20.786,0.18265,1,0.81544,1,0
,,3.2697,,-0.045296,,,,
318.88,0,2.7993,1.929,0.024636,0,69.285,0,0
71.056,0,3.8469,0.0018785,0.42338,0,1.7965,0,0
232.77,1,1.7694,45.599,0.15111,1,11.488,0,0
309.78,0,2.8282,0.54791,0.27939,0,0.78583,0,0
248.82,0,-1.5973,0.00081801,0.71206,0,5.4795,0,0
241.06,0,3.5387,0,0.21205,0,0.42406,0,0
2.6886,1,-0.92489,11.166,0.20882,1,59.52,0,0
244.11,0,-1.1013,21.136,0.3704,0,32.802,0,0
3.8922,1,2.3265,4.094,0.02931,1,1.8628,1,0
332.92,0,-0.29137,0.019072,0.48685,0,5.9984,0,0
359.28,1,-0.93314,13.844,0.13101,1,0.52168,1,0
339.27,0,6.076,0,0.038705,0,2.232,0,0
176.51,0,3.4506,1.3414,0.52464,0,55.237,0,0
224.36,0,-0.61529,0,0.37997,0,0.276,0,0
141.08,0,2.5271,0,0.16688,0,1.6997,0,0
199.06,0,1.1619,3.0496,0.34704,0,0.73096,0,0
314.85,1,0.97604,8.0813,0.23342,0,72.081,0,0
,,2.69,,-0.35188,,,,
135.8,0,3.0623,0,0.27737,0,1.7535,0,0
0.8483,1,0.087079,12.365,0.12895,1,3.1339,1,0
195.83,0,3.9788,0,0.5383,0,0.16148,0,0
285.5,0,-1.0488,0.0029638,0.38462,0,0.43097,0,0
224.09,0,4.1614,8.184,0.30942,0,81.259,0,0
305.14,0,0.98855,7.5435,0.79965,0,66.287,0,1
89.277,0,-0.5029,0.0043008,0.70862,0,0.66094,0,0
,,,,-0.36552,,,,
,,2.9378,,-0.16642,,,,
239.1,0,0.32004,4.6211,0.75812,0,46.639,0,1
,,2.8048,,-0.24539,,,,
224.36,0,4.0328,6.9654,0.33474,0,45.427,0,0
258.51,0,6.3184,0.014231,0.03004,0,3.978,0,0
,,2.1275,,0.07457,0,,,
31.089,0,3.1772,1.9991,0.14532,0,52.124,0,0
33.871,0,0.53653,0,0.11081,0,1.6293,0,0
,,3.3319,,-0.23318,,,,
96.018,0,4.959,3.2704,0.86112,0,15.352,0,1
15.13,0,6.3236,0.0070529,0.071792,0,0.63166,0,0
,,2.73,,-0.27596,,,,
303.69,1,3.1848,14.559,0.13238,1,0.35523,1,0
77.382,0,-1.002,0.34307,0.26899,0,10.716,0,0
,,2.4439,,-0.20057,,,,
359.3,0,2.94,0.0072925,0.19038,0,0.3153,0,0
,,2.7169,,-0.3046,,,,
210.06,1,-1.185,9.0169,0.12206,1,18.146,1,0
,,2.237,,-0.29412,,,,
241.76,0,3.6661,0,0.20534,0,1.2896,0,0
,,3.3208,,-0.2752,,,,
278.65,0,3.0867,6.1648,0.8956,0,41.066,0,1
,,3.0658,,-0.11154,,,,
358.42,0,0.23319,0.010313,0.17448,0,0.75105,0,0
224.37,0,2.9602,0,0.034211,0,0.3166,0,0
87.55,0,2.6008,0.019687,0.34217,0,16.856,0,0
,,3.2815,,-0.036247,,,,
197.45,0,3.8433,0,0.36871,0,1.2728,0,0
325.77,0,1.789,0.033092,0.79856,0,1.8214,0,0
265.06,0,0.75184,0,0.25008,0,0.46681,0,0
,,,,-0.33333,,,,
213.48,0,3.3611,0,0.35446,0,0.21483,0,0
120.56,0,3.4345,0.0054035,0.065722,0,0.15465,0,0
159.12,0,3.9782,0.018478,0.10812,0,2.4839,0,0
128.96,0,-0.18757,44.317,0.33714,0,0.17948,0,0
54.132,0,0.39714,16.453,0.83401,0,66.878,0,1
140.81,1,0.35552,26.973,0.066356,1,6.8943,1,0
137.73,0,-1.7838,6.6315,0.5793,0,34.894,0,1
328.31,0,0.38916,0,0.2261,0,7.6373,0,0
89.297,1,3.4625,15.645,0.08869,1,0.76438,1,0
174.08,1,-1.0014,6.8579,0.14443,1,79.608,0,0
193.98,1,4.0395,16.22,0.03007,1,0.26078,1,0
23.26,1,3.9883,5.4525,0.097561,0,3.434,0,0
226.48,0,3.6261,0.0041704,0.16434,0,0.54837,0,0
161.74,1,-0.98486,28.314,0.19813,1,11.021,1,0
327.87,0,2.7404,1.694,-0.066069,0,52.059,0,0
179.29,0,4.0156,0.026883,0.060719,0,1.3928,0,0
28.739,0,-1.537,8.3487,0.63704,0,47.582,0,1
190.36,0,3.9718,0,0.49031,0,5.7523,0,0
68.237,0,-1.2461,0,0.17493,0,1.453,0,0
160.2,0,-1.1312,0.62791,0.62836,0,25.99,0,0
,,2.5008,,-0.31669,,,,
,,2.5511,,-0.26512,,,,
148.39,1,-1.26,2.6254,0.18132,0,0.38074,0,0
126.09,1,5.6719,6.502,0.166,1,0.20098,1,0
133.86,0,1.9203,2.4131,0.10266,0,29.176,0,0
110.71,1,-1.2569,18.055,0.2057,1,70.238,0,0
275.69,1,-1.0253,8.2038,0.098039,1,0.87327,1,0
48.832,1,4.5882,28.928,0.13248,1,0.31348,1,0
269.28,0,-1.0136,6.2614,0.40233,0,66.235,0,1
154.24,0,4.0846,0,0.12841,0,1.5879,0,0
272.28,0,4.4096,11.915,0.6871,0,76.875,0,1
331.51,0,3.7303,0,0.31584,0,0.38229,0,0
195.84,0,3.6203,0.61045,0.70772,0,62.829,0,0
230.49,1,-0.98335,4.0376,0.086039,0,75.998,0,0
,,3.3439,,-0.17489,,,,
,,1.5354,,-0.3913,,,,
334.49,0,3.4155,0.65158,0.63696,0,68.178,0,0
331.84,0,3.4718,0.0094287,0.060269,0,1.2466,0,0
359.29,0,2.513,0.46432,0.34368,0,29.42,0,0
250.99,0,3.9759,0,0.086233,0,2.4262,0,0
309.59,0,1.0888,0.0096469,0.3208,0,2.5075,0,0
48.594,0,0.43827,0.0058291,0.068052,0,0.87923,0,0
,,2.382,,-0.30725,,,,
,,2.6473,,-0.23204,,,,
,,2.8643,,-0.22144,,,,
296.93,0,-1.2037,0,0.35852,0,16.078,0,0
307.41,0,-0.20335,2.0853,0.32141,0,68.995,0,0
,,3.4847,,-0.19501,,,,
168.08,,-1.51,,0.26954,1,60.97,0,
319.73,0,2.753,0.00096607,0.085659,0,0.55034,0,0
43.647,1,2.7295,6.5494,0.23496,0,85.886,0,0
166.78,1,3.3293,24.242,0.034818,1,0.61061,1,0
89.288,0,3.6325,0,0.46429,0,0.30462,0,0
,,2.2697,,-0.24709,,,,
359.27,1,0.57762,11.825,0.13196,1,0.051611,1,0
,,3.2741,,-0.3516,,,,
152.28,0,-1.7884,2.1844,0.61929,0,72.051,0,0
,,2.2413,,-0.29122,,,,
128.67,0,3.6982,0.0068169,0.2588,0,0.46094,0,0
275.33,0,-1.2167,5.4071,0.50308,0,75.029,0,1
198.21,1,5.1354,3.8856,0.053263,1,3.5588,1,0
213.03,0,-0.25038,0,0.40854,0,1.3857,0,0
57.149,0,-1.0402,0.021408,0.10655,0,0.73296,0,0
134.26,0,-1.2104,2.9211,0.73061,0,24.072,0,1
62.573,0,3.3464,12.709,0.5485,0,1.3639,0,1
255.79,,-0.3446,,0.043062,0,5.1081,0,
47.764,0,-0.059534,0,0.58301,0,1.0979,0,0
336.52,1,3.8561,21.331,0.12433,1,1.0692,1,0
238.23,0,-0.97294,0,0.25708,0,1.1001,0,0
167.67,0,3.6902,4.8274,0.86737,0,25.86,0,1
,,,,-0.34708,,,,
,,2.9721,,-0.36301,,,,
238.56,0,2.9974,0,0.22485,0,1.5373,0,0
338.03,1,3.8969,25.925,0.23293,1,0.52284,1,0
158.95,1,0.523,10.271,0.012579,0,76.683,0,0
305.75,0,-1.0923,0,0.14184,0,4.2451,0,0
179.27,1,-1.7856,12.249,0.14732,1,1.2782,1,0
,,2.9149,,-0.40513,,,,
,,2.3064,,-0.44408,,,,
,,,,-0.37024,,,,
,,-0.11519,,0.81164,,,,
144.65,0,1.9869,0,0.24552,0,40.915,0,0
330.89,0,-0.9605,0.012903,0.18866,0,0.8764,0,0
,,3.3567,,-0.21935,,,,
,,2.7792,,-0.1003,,,,
305.92,0,1.6898,13.743,0.32752,0,1.4892,0,0
169.3,0,4.6664,0,0.015222,0,5.1552,0,0
93.295,0,1.6435,0.00028253,0.23146,0,0.73745,0,0
,,2.8198,,-0.32143,,,,
80.648,1,1.3452,2.7363,0.14079,0,73.023,0,0
,,3.2936,,-0.34951,,,,
258.82,0,-0.79173,0.039428,0.60658,0,73.084,0,0
,,2.6974,,-0.34715,,,,
,,3.2428,,-0.29879,,,,
,,-0.31932,,0.21827,1,,,
336.82,0,-0.239,0,0.044033,0,1.3087,0,0
,,3.4401,,-0.26506,,,,
315.65,0,-0.068065,0,0.17855,0,0.48313,0,0
,,2.3503,,-0.38079,,,,
,,2.5244,,0.64838,,,,
133.21,0,3.3126,0,0.24819,0,2.5721,0,0
342.02,1,-0.58519,5.8604,0.13181,1,85.733,0,0
180.78,1,3.3455,16.18,0.1846,1,25.713,1,0
60.647,0,1.0803,0,0.27726,0,0.34703,0,0
0.7516,0,0.85352,4.3209,0.82813,0,63.968,0,1
342.79,0,3.7482,13.128,0.35263,0,13.118,0,0
,,,,-0.31241,,,,
226.28,0,3.1427,3.3426,0.55715,0,18.375,0,1
91.87,0,0.13054,0,0.15925,0,1.5243,0,0
359.29,0,1.7233,0.00018597,0.24032,0,0.16625,0,0
160.5,0,0.31872,0.021682,0.20972,0,0.71444,0,0
1.3573,0,3.5663,14.877,0.4616,0,8.0749,0,1
97.341,0,3.798,0,0.11202,0,2.9867,0,0
147.41,0,1.686,1.9516,0.42857,0,67.427,0,0
260.8,1,-1.0758,7.7355,0.1399,0,83.028,0,0
51.327,0,4.8569,0.46447,0.038858,0,13.667,0,0
237.36,0,3.0791,0.90818,0.587,0,76.703,0,0
72.446,0,0.73873,0,0.35511,0,0.73254,0,0
45.531,1,2.4033,4.8712,0.045792,1,3.3942,1,0
89.285,1,0.55087,28.665,0.15063,1,0.086166,1,0
346.88,0,3.8771,0.42063,0.30344,0,19.058,0,0
,,1.3243,,-0.23592,,,,
196.99,1,2.684,20.263,0.085467,1,0.66188,1,0
264.53,1,-0.32083,30.474,0.26586,1,3.6688,1,0
,,2.8797,,-0.45421,,,,
359.3,0,3.5085,0,0.18141,0,1.1751,0,0
13.572,0,3.7893,2.5834,0.55398,0,52.599,0,1
359.3,0,3.8535,9.5317,0.72905,0,32.049,0,1
308.94,1,4.138,8.483,0.10899,1,0.88061,1,0
174.04,0,3.2226,0,0.28871,0,0.94405,0,0
,,-0.06209,,0.1504,,,,
113.64,0,0.21361,2.6099,0.49062,0,70.519,0,1
,,2.1631,,-0.28421,,,,
,,3.003,,-0.20066,,,,
175.49,0,3.7846,0,0.32786,0,1.0398,0,0
,,2.6925,,-0.30246,,,,
,,3.144,,-0.34219,,,,
265.43,,-0.37371,,0.10167,1,1.2383,1,
,,1.3647,,-0.24444,,,,
,,3.3846,,-0.31183,,,,
269.29,0,3.9581,0.58958,0.4072,0,19.121,0,0
,,,,-0.26146,,,,
340.07,0,-0.69484,0,0.16413,0,2.4088,0,0
248.14,0,-2.303,0,0.67081,0,2.986,0,0
,,2.4958,,0.097852,,,,
352.28,0,0.17607,4.6489,0.55504,0,38.597,0,1
357.46,1,-1.3289,15.41,0.10081,1,29.183,0,0
156.84,0,3.6863,0,0.25262,0,0.42174,0,0
77.114,0,4.0623,0.003171,0.29038,0,0.57034,0,0
356,0,4.3605,0,0.43641,0,2.6969,0,0
340,0,-0.81967,17.05,0.40156,0,79.728,0,1
,,3.2908,,-0.25296,,,,
,,2.5951,,-0.36481,,,,
70.433,0,3.3676,4.3696,0.64186,0,5.3773,0,1
81.473,1,3.7343,13.607,0.098276,1,13.791,0,0
160.84,0,-0.2474,30.408,0.37763,0,2.651,0,0
41.869,0,2.6716,0.11589,0.065887,0,1.4093,0,0
264.7,1,3.5734,14.942,0.21083,1,87.263,0,0
,,2.7425,,-0.16157,,,,
346.54,0,-1.169,0.0008142,0.41472,0,79.388,0,0
343.32,,2.2958,,-0.32903,0,13.69,0,
330.66,0,3.4274,0.16244,0.53326,0,29.896,0,0
266.52,1,2.2259,11.045,0.15957,0,85.694,0,0
186.15,1,3.1851,15.59,0.12913,1,3.0344,1,0
39.533,1,2.6842,13.335,0.027256,1,16.274,0,0
290.52,0,3.1293,0.0040929,0.16644,0,0.58575,0,0
,,2.0061,,0.51503,,,,
270.89,1,0.24181,24.305,0.016023,1,45.275,0,0
188.31,1,-1.0362,22.35,-0.017263,1,78.442,0,0
99.497,0,-1.2134,0.0012974,0.30427,0,0.48472,0,0
,,3.273,,-0.094675,,,,
350.17,0,1.503,0.0074065,0.27519,0,2.831,0,0
130.17,0,-1.5517,0.047757,0.35139,0,4.5526,0,0
154.13,1,0.3982,24.574,0.1537,1,50.159,1,0
258.81,0,0.64124,0,0.17059,0,1.1338,0,0
50.822,0,0.0047331,0,0.27594,0,3.7743,0,0
132.97,1,5.5717,22.519,0.25123,1,0.56437,1,0
12.786,0,-1.0694,0.31949,0.49189,0,25.412,0,0
276.41,0,2.3876,1.8554,0.089791,0,55.033,0,0
,,3.2573,,-0.26882,,,,
79.165,0,3.5983,9.9642,0.86883,0,22.947,0,1
215.39,1,4.1597,35.465,0.068756,1,6.3732,1,0
,,2.6789,,-0.3646,,,,
264.96,0,3.508,0.91968,0.57947,0,44.26,0,0
119.86,1,-1.2402,12.801,0.04721,1,0.5408,1,0
,,3.2711,,-0.094675,,,,
50.534,0,2.8119,0.024411,0.57779,0,1.5841,0,0
245.55,0,-1.462,3.1107,0.31058,0,6.8914,0,0
39.628,1,0.03654,36.658,0.067855,1,1.9172,1,0
220.24,1,-1.0631,12.241,0.14334,1,66.508,0,0
,,1.0817,,-0.19515,,,,
89.281,0,-1.0884,0.0024506,0.15373,0,1.2241,0,0
309.29,0,0.30026,0.0097441,0.097834,0,1.2304,0,0
134.27,0,1.9722,0,0.45413,0,3.3044,0,0
327.27,0,4.7874,0.020547,0.42286,0,2.3515,0,0
,,2.8631,,-0.41527,,,,
,,2.1941,,-0.28485,,,,
179.28,0,1.3701,6.6372,0.83724,0,57.927,0,1
355.64,1,3.2973,12.73,0.25618,1,61.911,0,0
30.87,0,2.2703,0.29021,0.12941,0,5.8676,0,0
,,2.5861,,-0.21993,,,,
180.59,,1.7672,,0.22822,0,15.116,0,
44.361,1,0.20659,15.843,0.080247,1,0.14601,1,0
292.69,0,0.28367,0.04113,0.17282,0,0.33193,0,0
,,1.516,,-0.34028,,,,
80.387,0,0.16438,9.4123,0.86554,0,63.097,0,1
163.17,0,0.55182,0,0.037348,0,5.2248,0,0
140.02,0,4.672,0.005301,0.16011,0,0.96252,0,0
108.07,1,4.0162,5.8845,0.26671,0,54.184,0,0
119.69,1,3.472,6.3493,0.19537,1,17.814,0,0
288.18,0,5.1779,0,0.45278,0,0.61962,0,0
110.06,0,2.7239,0.011069,0.16252,0,3.0033,0,0
358.19,0,1.8519,0.55592,0.50996,0,34.854,0,0
48.985,0,0.73225,0.01185,0.58344,0,0.6028,0,0
318.61,1,-3.0041,2.8107,0.076036,0,19.364,0,0
135.84,0,3.072,0,0.22024,0,1.7048,0,0
184.34,1,1.2036,16.358,0.17901,0,29.711,0,0
309.48,0,3.2276,0,0.155,0,2.1581,0,0
,,3.13,,0.19298,,,,
225.82,0,2.5042,0,0.024313,0,4.6633,0,0
,,-1.16,,0.32667,,,,
111.65,0,3.834,0.0022593,0.045455,0,0.70842,0,0
,,3.3356,,-0.29393,,,,
135.37,,2.8392,,0.34718,0,58.782,0,
,,1.3187,,-0.26733,,,,
191.95,0,3.0417,12.535,0.43677,0,0.73441,0,1
314.22,1,0.55197,37.59,0.019455,1,2.9526,1,0
239.9,1,3.6912,51.146,0.13251,1,82.428,0,0
119.15,0,3.4592,3.9985,0.60397,0,37.855,0,1
126.27,1,3.58,12.68,0.12903,1,1.0863,1,0
269.28,1,0.22764,26.877,0.11536,1,0.17244,1,0
264.47,1,0.16047,34.467,0.059755,1,18.533,0,0
103.4,1,-1.0526,13.652,0.23592,1,67.618,0,0
0,0,3.4652,7.0346,0.72525,0,0,0,1
,,2.911,,0.36603,,,,
48.344,0,-0.854,0,0.51665,0,0.17499,0,0
,,0.85671,,-0.24679,,,,
320.56,0,4.0566,0,0.46691,0,0.84507,0,0
,,2.3927,,-0.20623,,,,
,,2.8364,,-0.35677,,,,
,,3.4713,,0.19855,,,,
156.99,1,-0.22856,10.358,0.11968,1,29.519,1,0
179.52,1,3.9849,11.049,0.24072,1,60.973,0,0
14.395,1,3.9973,46.457,0.095949,1,2.7116,1,0
201.98,0,5.4497,0.013116,0.03085,0,1.0873,0,0
295.69,1,-0.83122,15.866,0.14504,1,39.135,0,0
,,2.7103,,-0.25174,,,,
195.36,1,2.5905,10.709,0.061798,1,11.113,1,0
,,2.541,,-0.33626,,,,
,,3.1778,,-0.011858,,,,
181.52,1,-1.0193,8.2643,0.16853,0,84.673,0,0
170.22,0,-1.3228,4.2858,0.74735,0,32.654,0,1
,,3.2619,,-0.30561,,,,
258.1,0,-1.1011,0.0013255,0.1443,0,1.1833,0,0
178.56,1,1.8733,47.19,0.077941,1,59.98,1,0
89.275,0,-0.35686,11.775,0.56699,0,9.8229,0,1
318.71,0,3.8097,1.3542,0.17061,0,71.122,0,0
227.27,1,2.224,10.725,-0.011338,1,15.053,0,0
224.52,0,-0.13294,13.406,0.35934,0,11.964,0,0
100.54,1,0.86031,12.841,0.23913,1,28.768,0,0
334.58,0,3.1219,0,0.19277,0,0.76988,0,0
107.44,,3.5294,,0.038605,1,14.933,0,
9.3178,1,0.22348,11.754,0.0248,1,0.098999,1,0
351.14,1,3.8755,3.6982,0.18063,1,0.7702,1,0
89.288,0,1.1596,1.159,0.69128,0,19.172,0,0
89.275,1,-0.57494,30.718,0.15482,1,0.22989,1,0
168.76,0,0.10809,1.7205,0.77396,0,32.785,0,0
145.02,0,0.34766,5.7178,0.68352,0,41.119,0,1
11.443,0,3.5286,1.2782,0.53456,0,3.6487,0,0
289.24,0,3.4967,1.1583,0.41231,0,8.2938,0,0
223.65,0,-1.1692,0.51126,0.69921,0,50.005,0,0
134.54,0,3.9132,1.0535,0.45444,0,64.538,0,0
17.11,1,5.0973,16.459,0.11558,1,1.1079,1,0
328.68,0,2.9034,1.8915,0.031812,0,59.215,0,0
339.31,0,5.8077,0.0047131,0.18042,0,5.1651,0,0
,,3.0967,,-0.41874,,,,
85.247,1,2.8871,19.693,0.21794,1,0.080666,1,0
,,2.852,,-0.28289,,,,
179.27,0,3.5254,0,0.61654,0,0.045857,0,0
255.57,1,0.54481,21.179,0.1073,1,0.55608,1,0
138.64,0,0.29792,20.043,0.37837,0,7.4051,0,0
,,0.93794,,-0.19079,,,,
12.322,1,3.4366,28.915,0.13363,1,0.99428,1,0
86.012,1,2.5884,17.14,0.13702,1,67.549,0,0
321.95,0,3.4666,0,0.80049,0,23.568,0,0
354.25,0,-1.4912,0,0.17935,0,0.32803,0,0
326.21,0,1.8537,4.7721,0.8998,0,40.243,0,1
,,,,-0.33449,,,,
,,2.8378,,-0.26821,,,,
,,0.21534,,0.61298,,,,
136.23,0,4.0066,0.01265,0.13912,0,1.1532,0,0
,,3.2429,,-0.44262,,,,
343.01,0,0.26912,0.27128,0.35281,0,33.862,0,0
353.15,0,1.0941,9.6894,0.84793,0,33.767,0,1
344.35,0,1.4107,0,0.017079,0,0.93732,0,0
,,0.87155,,-0.25191,,,,
332.66,1,-1.0369,20.125,0.14712,1,11.465,0,0
,,1.0251,,-0.32504,,,,
244.13,1,-0.73623,10.561,0.14516,1,3.9054,1,0
58.426,0,-0.29465,0.017446,0.50885,0,2.3686,0,0
326.35,0,3.0334,0.0066152,0.59169,0,2.2602,0,0
173.24,1,-0.62119,56.739,0.050389,1,1.095,1,0
264.12,1,0.064388,55.458,0.01258,1,4.5839,1,0
176.66,0,1.8709,0.034307,0.21182,0,1.0616,0,0
209.71,0,-0.96492,0,0.26202,0,0.85099,0,0
,,1.8033,,-0.27962,,,,
,,2.314,,-0.021311,,,,
158.46,0,0.16751,0,0.27872,0,7.2411,0,0
203.07,0,4.0512,0.00098467,0.49324,0,1.9791,0,0
359.28,0,-1.0207,13.637,0.3172,0,0.34394,0,0
,,,,-0.51883,,,,
,,2.6994,,-0.22911,,,,
238.25,0,0.39996,0.0012406,0.078057,0,1.6229,0,0
243.08,1,-1.0883,25.285,0.1619,1,0.94792,1,0
263.35,1,0.6504,16.269,0.17593,1,0.83208,1,0
79.628,0,-0.99813,10.155,0.5363,0,83.554,0,1
255.84,0,0.31839,1.3284,0.74801,0,78.863,0,0
56.032,1,-0.99014,9.3109,0.1463,1,70.942,0,0
142.61,0,-1.4768,6.737,0.65356,0,71.305,0,1
237.71,0,-1.0013,0,0.32137,0,0.66785,0,0
89.716,1,1.3056,14.556,0.23296,0,80.682,0,0
233.17,0,0.53776,8.5259,0.84749,0,64.652,0,1
185.85,1,-1.2214,29.681,0.17089,1,0.50201,1,0
17.355,0,1.908,0,0.10514,0,2.2239,0,0
311.08,1,3.1818,15.599,0.097406,1,0.22364,1,0
63.451,0,1.2257,9.005,0.69716,0,65.402,0,1
248.16,0,-0.74465,0,0.63955,0,0.191,0,0
173.89,0,1.2396,6.9436,0.76448,0,63.213,0,1
,,2.701,,-0.35664,,,,
,,2.5092,,-0.2541,,,,
94.704,0,-1.106,1.2712,0.080497,0,78.69,0,0
,,2.4511,,-0.2623,,,,
,,1.9236,,-0.22807,,,,
140.15,0,0.39943,0.005971,0.094989,0,0.50996,0,0
,,2.7043,,-0.16629,,,,
247.24,0,-1.5682,0.0041031,0.41313,0,0.42783,0,0
179.28,0,3.9431,0,0.28342,0,1.5017,0,0
244.35,0,3.2712,3.1236,0.63263,0,65.11,0,1
,,2.7061,,-0.32993,,,,
200.56,,3.6442,,0.26083,0,38.966,0,
,,1.8571,,-0.20414,,,,
213.45,1,4.1539,4.2002,0.20776,0,1.3714,0,0
,,2.3694,,0.0019342,,,,
,,,,-0.25731,,,,
65.5,0,3.2351,0.034058,0.47991,0,3.2248,0,0
,,2.2167,,-0.28341,,,,
,,3.2979,,-0.28372,,,,
332.08,0,3.4442,0,0.60159,0,0.99269,0,0
,,2.8291,,-0.36348,,,,
,,0.57501,,0.18285,,,,
224.35,0,3.6806,0.012002,0.086492,0,83.88,0,0
136.08,1,-0.061451,17.026,0.20347,1,30.294,1,0
222.98,0,2.6676,0,0.048303,0,49.222,0,0
87.341,0,-1.0724,0.00010705,0.42517,0,1.5294,0,0
57.223,0,-1.0571,0,0.10448,0,0.29161,0,0
357.55,1,2.512,19.402,0.16919,1,42.971,0,0
82.922,,3.3369,,-0.019886,0,21.327,0,
56.739,1,4.1869,25.537,0.24777,1,0.34091,1,0
53.607,0,3.8213,0,0.095712,0,2.9061,0,0
21.331,1,0.62737,14.932,0.072785,1,38.135,0,0
59.192,0,4.6198,0,0.46966,0,1.9322,0,0
99.126,0,-1.4385,2.4975,0.73972,0,57.938,0,0
319.46,1,6.1567,6.7276,0.26343,0,84.33,0,0
44.941,0,2.2761,1.4541,0.80204,0,37.539,0,0
335.28,0,-1.0398,0,0.54489,0,1.3426,0,0
237.28,0,0.42748,0,0.10673,0,1.8161,0,0
289.61,1,-1.0333,2.5038,0.2601,0,59.568,0,0
98.628,0,-0.95084,13.44,0.33434,0,14.135,0,0
357.15,1,0.38209,5.5676,0.26456,0,65.363,0,0
,,2.4457,,0.063676,,,,
11.849,0,0.35886,0.0075362,0.21154,0,0.52859,0,0
269.29,0,0.45178,0,0.083573,0,5.2785,0,0
265.23,0,2.6062,0,0.18137,0,0.040334,0,0
295.6,0,3.6229,2.9004,0.61051,0,44.07,0,1
149.97,0,1.8613,4.9862,0.8584,0,68.078,0,1
,,2.7053,,-0.30825,,,,
0,0,2.6695,0.058782,0.085878,0,0,0,0
129.01,0,-0.61304,0,0.24231,0,0.80712,0,0
,,3.0338,,-0.28869,,,,
,,1.6084,,-0.29814,,,,
59.521,0,3.9117,7.1648,0.54945,0,51.293,0,1
275.31,1,2.9409,89.296,0.028686,1,8.7845,1,0
,,2.9755,,-0.14787,,,,
271.35,1,-0.30657,7.6498,0.050814,1,23.308,0,0
313.65,0,2.5974,0.0091038,0.36875,0,0.40998,0,0
223.04,0,2.8937,0.014826,0.15986,0,0.8728,0,0
187.17,1,2.8459,20.864,0.090239,1,0.16779,1,0
77.819,0,3.0734,0,0.092427,0,60.528,0,0
,,2.8953,,-0.33108,,,,
197.47,0,2.7597,0.52648,0.31689,0,0.49776,0,0
311.29,0,4.7048,0.023527,0.040583,0,7.1772,0,0
224.16,1,4.1366,35.132,0.14572,0,88.797,0,0
266.7,0,2.2378,18.134,0.89339,0,40.235,0,1
93.413,0,0.26446,0.0091445,0.11759,0,0.87584,0,0
217.6,0,0.54146,0.069843,0.34795,0,1.4462,0,0
295.8,1,3.4737,17.671,0.13831,1,0.48814,1,0
,,2.6069,,-0.27376,,,,
269.28,1,-1.0101,11.447,0.094153,1,70.709,0,0
10.546,0,-0.33354,0.24694,0.16101,0,4.6661,0,0
321.03,0,2.2582,1.7,0.65525,0,59.026,0,0
261.54,1,-0.97586,6.4509,0.14759,1,76.973,0,0
,,2.7157,,-0.22287,,,,
169.51,0,-1.0542,0,0.17287,0,0.57588,0,0
,,,,-0.35144,,,,
320.02,0,-2.0757,0.014384,0.55434,0,58.885,0,0
21.561,0,-1.8261,8.4034,0.692,0,72.016,0,1
271.69,0,0.47224,0.016258,0.032495,0,0.54648,0,0
86.396,0,-1.014,9.2827,0.38503,0,37.106,0,0
242.78,0,3.7964,0.020292,0.50845,0,0.65509,0,0
359.29,1,2.7864,15.454,0.066905,1,1.4557,1,0
200.99,0,-1.0532,0,0.14957,0,0.45046,0,0
295.95,1,1.0476,8.5369,0.13561,0,35.087,0,0
315.86,0,3.3839,0.030344,0.0041841,0,1.9806,0,0
40.498,0,4.0016,7.0906,0.77471,0,32.474,0,1
,,1.9543,,-0.26106,,,,
157.49,1,2.7584,5.6063,0.10975,1,4.2773,1,0
75.111,0,2.617,0,0.32295,0,0.4446,0,0
289.4,0,2.6093,0,0.094124,0,1.4503,0,0
,,3.2275,,-0.25044,,,,
219.02,0,4.0114,6.0948,0.53515,0,41.296,0,1
,,,,-0.20357,,,,
328.37,0,1.3898,0.060816,0.83529,0,26.058,0,0
333.43,1,2.4855,37.768,0.16999,1,0.57989,1,0
183.5,0,0.30119,0.0082131,0.15379,0,0.39089,0,0
359.28,0,3.3698,2.9917,0.73339,0,78.238,0,1
,,3.2849,,-0.24576,,,,
,,2.7244,,-0.27987,,,,
120.33,,3.4361,,0.054296,1,1.4451,1,
319.98,1,3.154,14.042,0.20829,0,3.3082,0,0
152.45,0,3.9074,0.21826,0.28956,0,28.681,0,0
223.52,1,4.1743,40.3,0.15789,0,88.207,0,0
63.594,0,1.1232,0.0026706,0.6461,0,0.35714,0,0
115.8,0,0.36666,0.033143,0.11411,0,0.051382,0,0
241.66,0,-0.13075,0,0.412,0,1.8417,0,0
89.281,0,1.1305,12.388,0.77805,0,41.787,0,1
,,3.2947,,-0.070175,,,,
164.12,0,-0.22162,0,0.073391,0,0.21976,0,0
,,,,-0.31606,,,,
,,2.8209,,-0.24465,,,,
313.73,1,6.0513,18.311,0.12983,1,45.212,0,0
196.44,1,0.33715,12.589,0.15439,1,0.15597,1,0
,,1.3314,,0.16123,,,,
,,2.8311,,-0.42443,,,,
46.382,1,-0.92764,126.54,0.024718,1,1.1449,1,0
94.754,0,1.6242,0,0.89537,0,83.284,0,0
337.68,1,-1.0942,15.727,0.2445,1,11.342,0,0
275.26,0,3.5918,0.019671,0.25513,0,1.71,0,0
30.028,1,3.8251,3.6259,0.16739,1,0.39353,1,0
152.14,0,-0.24872,0,0.19327,0,0.85674,0,0
255.67,0,5.23,5.6027,0.8722,0,64.42,0,1
104.77,1,3.5341,28.306,0.087979,1,2.2115,1,0
219.29,0,3.6713,0,0.77059,0,2.886,0,0
1.4417,1,-1.2178,11.822,0.12138,1,0.45607,1,0
,,2.824,,-0.40177,,,,
335.77,,-1.3128,,0.20749,1,80.491,0,
309.45,1,4.4748,9.1853,-0.041766,1,3.5601,1,0
216.39,0,2.6448,0,0.1541,0,1.8757,0,0
327.48,0,3.8088,0.018904,0.48562,0,0.93764,0,0
58.814,1,-0.35888,44.558,0.17073,1,4.087,1,0
187.61,0,3.4712,2.5037,0.62861,0,40.563,0,1
,,0.86048,,0.35507,0,,,
51.083,1,-1.5275,5.2031,0.25946,1,45.522,0,0
,,2.1924,,-0.28874,,,,
58.538,1,-1.1468,26.955,0.10829,1,0.69537,1,0
,,3.2771,,-0.17881,,,,
44.524,0,3.9841,0.018103,0.10015,0,3.0738,0,0
,,3.2331,,-0.34537,,,,
175,1,3.8843,8.2812,0.22251,0,0.23,0,0
187.53,0,3.2349,0,0.12091,0,3.927,0,0
252.15,0,3.7098,2.5361,0.8105,0,52.853,0,1
126.08,0,-1.1521,0.020462,0.4458,0,0.37324,0,0
,,-1.9761,,0.20419,,,,
132.41,1,-1.3704,4.0106,0.17114,0,79.262,0,0
201.83,0,1.5286,0.0026578,0.14695,0,2.3514,0,0
269.29,0,6.1422,0.0048103,0.11433,0,0.38508,0,0
324.27,1,0.40444,6.9214,0.15655,0,86.678,0,0
,,1.7739,,-0.052726,,,,
,,2.7066,,-0.27273,,,,
105.97,1,3.668,9.3226,0.1121,1,1.0979,1,0
65.315,0,2.7732,0,0.33478,0,0.81134,0,0
80.611,1,2.1374,12.368,0.17788,1,1.0639,1,0
305.46,0,-1.0896,13.256,0.41872,0,0.21365,0,1
218.73,1,1.6812,5.2756,0.15534,1,47.92,1,0
220.78,0,3.9039,0.0029914,0.28914,0,1.1018,0,0
,,3.3128,,0.48473,,,,
81.829,1,-1.1013,34.375,0.23599,0,86.378,0,0
,,3.2912,,-0.3561,,,,
224.83,1,2.6657,13.636,0.088269,1,82.013,0,0
46.623,0,2.8538,13.548,0.36703,0,0.93021,0,0
,,2.9162,,-0.12672,,,,
89.298,0,1.8879,0,0.080934,0,0.85058,0,0
321.01,0,5.2106,0.0001235,0.077711,0,0.78863,0,0
222.4,1,-0.10663,14.423,0.10934,0,78.383,0,0
206.01,1,3.3022,18.425,0.13561,1,4.1584,1,0
358.45,0,2.7815,0.014584,0.10306,0,22.884,0,0
219.13,1,0.65493,4.534,0.14765,1,0.044827,1,0
341.28,0,2.0511,0.0015786,0.24506,0,0.66912,0,0
328.48,0,4.5505,0.0013633,0.044329,0,0.8077,0,0
189.07,1,3.3858,91.738,0.082905,1,0.57563,1,0
170.19,0,0.62613,0,0.073429,0,0.40058,0,0
92.853,0,-1.0581,0.0065182,0.22191,0,63.932,0,0
99.949,0,-1.039,0.037812,0.14868,0,0.52637,0,0
,,2.1228,,-0.24232,,,,
281.25,0,-0.25719,0,0.74763,0,6.8357,0,0
179.28,0,3.2549,1.663,0.83485,0,53.195,0,0
327.75,0,3.7426,0.011944,0.23977,0,1.3182,0,0
324.46,1,2.9884,12.921,0.19498,1,0.4329,1,0
327.05,0,3.2741,0.017691,0.066406,0,9.5423,0,0
,,,,-0.3661,,,,
322.31,0,3.6653,0.0017107,0.087108,0,1.5283,0,0
306.89,0,-1.4636,0,0.26217,0,0.89233,0,0
,,2.716,,-0.39527,,,,
,,0.82441,,0.13543,,,,
269.3,0,1.9826,0.0035939,0.15406,0,0.83909,0,0
171.14,0,3.5738,0.0059934,0.12175,0,1.0944,0,0
105.07,1,-1.0443,17.378,0.16367,1,0.40021,1,0
74.074,1,3.8191,35.179,0.14352,1,0.19655,1,0
288.51,0,3.6229,0,0.049415,0,1.6369,0,0
272.07,0,3.8405,17.714,0.31461,0,31.639,0,0
262.82,0,0.19285,0.0017474,0.77853,0,3.5124,0,0
159.01,0,-1.2772,4.0713,0.66119,0,61.24,0,1
269.29,,-1.1512,,0.13135,1,45.914,0,
359.51,0,-1.2526,0.71761,0.49936,0,44.735,0,0
,,2.6651,,-0.25812,,,,
328.17,0,0.30118,4.4272,0.33666,0,75.13,0,0
269.29,0,4.1718,1.3779,0.12527,0,56.516,0,0
141.62,1,3.9461,8.348,0.23271,1,0.91238,1,0
347.13,0,3.0986,0,0.072069,0,2.7306,0,0
,,2.7634,,-0.16558,,,,
3.819,0,2.3291,3.5513,0.34993,0,2.3967,0,0
298.96,1,3.8222,20.344,0.11645,1,0.092595,1,0
289.5,0,5.2473,0.0044656,0.077594,0,1.4268,0,0
221.19,0,0.71379,2.0346,0.82659,0,36.566,0,0
63.637,0,4.5656,0.013578,0.85348,0,0.84785,0,0
,,2.8061,,-0.27952,,,,
52.93,0,1.1688,0,0.3875,0,0.43528,0,0
,,1.1084,,-0.3876,,,,
318.68,0,-0.85495,0.010355,0.099542,0,1.9246,0,0
,,,,-0.37011,,,,
,,3.2933,,-0.33333,,,,
,,2.8769,,-0.42391,,,,
44.418,0,3.387,0,0.28288,0,2.5737,0,0
,,2.7892,,-0.33672,,,,
28.109,1,0.34733,26.213,0.1288,1,13.201,0,0
317.58,0,4.2743,0,0.32038,0,15.286,0,0
44.237,,4.1122,,0.39301,0,88.883,0,
204.69,0,-1.2638,0.010839,0.49894,0,21.764,0,0
,,3.5094,,-0.33648,,,,
341.38,0,-1.5439,3.1987,0.53378,0,32.109,0,1
276.02,0,1.8644,17.636,0.81296,0,55.087,0,1
351.66,0,0.33919,8.2366,0.80907,0,78.735,0,1
45.119,0,3.8279,4.3204,0.70829,0,56.798,0,1
113.65,0,4.2412,0,0.1855,0,1.7914,0,0
301.97,0,3.5597,0.00082254,0.32388,0,1.1883,0,0
,,2.5066,,-0.31261,,,,
247.86,1,-0.35844,56.714,0.11776,1,1.099,1,0
142.33,0,-1.1782,0,0.19794,0,0.14346,0,0
,,,,-0.38193,,,,
218.61,0,2.748,11.119,0.36699,0,70.375,0,0
,,2.6413,,-0.24779,,,,
,,2.1352,,-0.26836,,,,
283.16,0,3.2516,0,0.74256,0,0.66899,0,0
192.03,0,-1.2533,2.6055,0.48646,0,59.849,0,1
141.53,0,5.0844,8.3209,0.8451,0,13.977,0,1
,,2.3549,,0.16703,,,,
,,3.2979,,-0.29138,,,,
149.63,0,3.2125,0,0.269,0,3.3872,0,0
355.2,0,-0.059662,0,0.17766,0,1.695,0,0
40.692,0,3.8432,0.016616,0.2154,0,0.44326,0,0
262.29,0,-0.28841,0.016706,0.5361,0,35.306,0,0
252.77,0,3.9951,0,0.29484,0,1.4324,0,0
179.5,1,4.6993,22.252,0.05298,1,47.574,1,0
204.58,1,-0.8356,21.31,0.17019,1,27.498,1,0
22.047,1,-1.1531,17.087,0.14873,1,0.53463,1,0
333.13,0,1.1599,0.0047058,0.73443,0,28.352,0,0
211.03,0,3.5839,1.3752,0.22377,0,84.054,0,0
265.2,0,3.7193,0.03414,0.22833,0,76.237,0,0
316.16,0,-1.4707,12.392,0.33141,0,1.7903,0,0
161.15,1,0.33764,6.9616,0.28186,0,75.279,0,0
179.27,1,-1.3507,12.77,0.099825,1,2.5952,1,0
135.48,1,3.4704,9.9508,0.027342,1,2.025,1,0
,,,,-0.36219,,,,
,,1.4605,,-0.22695,,,,
314.51,0,3.3865,0,0.408,0,29.212,0,0
217.83,0,-1.1922,0.0047507,0.26223,0,0.57177,0,0
191.51,0,4.0408,5.9628,0.40336,0,57.614,0,1
92.913,0,3.4626,6.291,0.34933,0,17.438,0,0
359.28,0,4.1372,0,0.88043,0,44.085,0,0
352.25,0,4.7222,0.039507,0.071003,0,0.8433,0,0
,,2.1947,,-0.18934,,,,
147.45,0,-1.0407,0.055725,0.12732,0,0.14169,0,0
114.44,0,1.5445,1.5081,0.7421,0,66.455,0,0
,,2.2325,,-0.33977,,,,
246.79,0,3.4037,0.016368,0.2236,0,6.2268,0,0
,,2.8875,,-0.27393,,,,
,,-2.1799,,0.46875,,,,
276.49,1,-0.18685,11.458,0.20278,1,30.587,0,0
358.54,1,-0.81293,28.001,0.15817,1,79.267,0,0
69.773,0,0.29309,11.634,0.5961,0,74.728,0,1
5.1159,0,3.4876,0.0035248,0.12824,0,0.96227,0,0
138.04,0,-0.11137,0.030068,0.67077,0,84.649,0,0
,,,,-0.40441,,,,
257.33,0,0.2693,0,0.29406,0,3.4561,0,0
,,2.9726,,-0.34477,,,,
282.61,0,1.577,2.2654,0.042751,0,1.0453,0,0
,,2.755,,-0.31588,,,,
,,3.4607,,-0.3614,,,,
96.011,0,2.5205,15.742,0.39048,0,43.954,0,0
137.07,0,-0.90083,8.3339,0.3211,0,8.3757,0,0
161.61,0,-0.07634,0,0.33573,0,1.552,0,0
,,3.8273,,-0.060194,,,,
330.25,0,5.3854,0.0074854,0.2786,0,8.7387,0,0
44.37,0,0.9996,2.2796,0.010937,0,0.95783,0,0
294.54,0,-1.0745,0,0.23179,0,2.3501,0,0
308.57,1,2.9738,20.295,0.13993,1,76.837,0,0
86.093,1,-0.30686,8.7651,0.049423,1,2.1634,1,0
282.56,1,3.5016,3.891,0.1763,1,1.6472,1,0
84.461,0,3.8357,14.383,0.32699,0,1.2918,0,0
330.2,1,3.6214,35.377,0.015849,1,0.78053,1,0
152.82,0,3.6917,0.0044069,0.29381,0,6.1885,0,0
52.088,0,3.2684,1.1341,0.70948,0,15.001,0,0
166.97,0,4.1135,0,0.21102,0,1.6426,0,0
,,2.3576,,0.023679,,,,
178.97,,3.481,,0.070977,0,87.175,0,
,,3.0741,,-0.27792,,,,
189.08,0,-1.2163,0,0.25266,0,0.33743,0,0
72.78,1,3.6352,22.22,0.070496,1,18.543,0,0
162.97,1,-1.5117,7.4141,0.23609,1,74.066,0,0
,,2.9825,,-0.39844,,,,
56.759,1,3.2289,20.495,0.093146,1,1.6628,1,0
4.3218,1,3.0902,6.0522,0.17979,0,82.152,0,0
262.01,1,-0.75451,19.927,0.080992,1,9.6138,1,0
,,2.4758,,-0.083333,,,,
33.035,0,-0.76926,0,0.1532,0,1.5304,0,0
341.26,0,-1.2155,0,0.4605,0,4.5421,0,0
91.881,0,0.96089,4.5188,0.75163,0,58.638,0,1
65.553,0,3.2481,12.076,0.80679,0,75.791,0,1
329.56,0,0.60927,0.0097266,0.24324,0,0.52153,0,0
342.39,1,-1.1533,11.879,0.1762,1,0.65303,1,0
,,1.029,,-0.3045,,,,
174.82,0,-0.46777,0,0.1828,0,3.6923,0,0
,,3.4955,,-0.25,,,,
188.2,0,3.9013,0.0004425,-0.0074627,0,0.37136,0,0
90.176,0,2.582,0,0.12317,0,19.95,0,0
159.72,1,3.233,4.3735,0.061267,1,4.6925,1,0
47.53,0,-0.24605,0.019252,0.068836,0,1.0245,0,0
238.92,0,3.2613,4.2764,0.89188,0,53.95,0,1
83.833,0,1.1694,20.544,0.33311,0,87.632,0,0
33.214,1,2.0176,15.239,0.1123,1,1.7611,1,0
157.87,0,3.8488,0,0.62365,0,2.2034,0,0
82.955,0,-1.5694,0,0.67324,0,0.52044,0,0
295.45,0,0.40601,5.1353,0.57792,0,5.5983,0,1
,,2.8845,,-0.25466,,,,
134.2,0,-0.4775,0.0014031,0.065196,0,1.2662,0,0
69.494,0,-1.8759,0,0.73401,0,14.294,0,0
50.68,1,-0.41783,34.567,0.03355,1,80.349,0,0
156.25,1,1.7528,17.223,0.28208,0,33.678,0,0
167.25,1,3.6894,10.701,0.068783,1,25.112,1,0
321.15,1,3.845,7.9221,0.043086,1,19.607,0,0
,,2.8673,,-0.29517,,,,
198.84,0,0.81914,0.044655,0.40676,0,0.7726,0,0
269.3,0,3.8505,0.0092354,0.24831,0,0.96551,0,0
,,3.5143,,-0.15669,,,,
182.99,1,4.274,3.1897,0.093168,0,1.5163,0,0
89.3,1,2.0722,8.3578,0.20568,1,0.0057554,1,0
247.69,0,4.0349,0.0011253,0.28177,0,1.3228,0,0
88.784,0,-0.9397,0,0.1772,0,48.054,0,0
194.9,0,0.32411,2.2573,0.67546,0,15.331,0,0
98.284,1,0.83173,10.596,0.17375,1,67.24,0,0
129.61,0,-1.0523,0.12062,0.43517,0,7.2736,0,0
318.41,0,3.9581,0.008373,0.17402,0,1.8874,0,0
319.55,1,3.5747,14.313,0.10856,0,85.741,0,0
130.81,0,4.6944,0,0.090323,0,0.82143,0,0
152.85,1,-0.24481,12.961,0.27002,0,85.042,0,0
232.95,0,-0.45807,0.012966,0.13052,0,4.3365,0,0
318.14,0,1.9142,0,0.084924,0,0.82977,0,0
322.14,0,0.2136,0.010004,0.43168,0,2.616,0,0
,,3.087,,-0.28239,,,,
34.385,0,7.0208,0.23818,0.16971,0,15.257,0,0
88.445,0,-1.2738,0.0044115,0.64249,0,76.433,0,0
,,3.2364,,-0.004029,,,,
138.42,1,-1.235,4.2274,0.095684,1,5.0046,1,0
359.27,1,-0.047042,12.919,0.23896,1,0.22935,1,0
,,1.6023,,-0.27492,,,,
269.29,1,3.3536,9.1578,0.091549,0,15.577,0,0
,,2.3978,,-0.37089,,,,
22.95,0,3.2848,0.019007,0.073598,0,1.6895,0,0
140.79,0,2.8948,0.021344,0.073859,0,1.4498,0,0
17.181,0,0.012261,0.012839,0.37913,0,1.0571,0,0
194.49,0,3.3962,0.021287,0.40427,0,0.28514,0,0
288.66,1,3.604,40.247,0.014553,1,0.20707,1,0
244.33,0,4.585,4.2976,0.6738,0,65.093,0,1
,,1.0768,,-0.34261,,,,
138,0,0.031745,7.6779,0.42222,0,19.048,0,1
355.88,0,-1.8686,0.60515,0.63496,0,42.05,0,0
,,2.2859,,-0.27059,,,,
347.48,1,0.29607,16.941,0.087087,1,31.561,0,0
76.185,0,3.3123,0,0.039058,0,0.35407,0,0
112.89,1,3.1684,8.2851,0.11392,1,1.0598,1,0
148.95,1,3.1251,6.2916,0.29688,1,1.149,1,0
,,2.7106,,-0.035741,,,,
,,3.8049,,-0.072,,,,
258.65,0,1.0449,5.1408,0.76478,0,51.078,0,1
168.01,0,3.6913,0,0.41789,0,2.6113,0,0
234.89,0,3.4989,0.83282,0.11529,0,34.228,0,0
359.28,0,-1.0555,0.0095129,0.12613,0,0.64205,0,0
265.73,1,2.8433,16.964,0.13159,1,0.27646,1,0
0.75152,0,3.3504,0,0.16778,0,1.1239,0,0
280.46,0,3.8486,0,0.67616,0,1.8624,0,0
359.3,0,3.597,0,0.0055181,0,0.063051,0,0
314.96,0,1.2667,0,0.65639,0,2.4502,0,0
,,2.7347,,-0.33333,,,,
,,2.9738,,-0.31115,,,,
310.68,0,4.1622,0.022562,0.09589,0,0.45961,0,0
259.97,0,1.0662,0.063464,0.67053,0,12.384,0,0
249.67,0,-1.0358,0,0.20255,0,1.7079,0,0
24.242,1,3.4332,6.8347,0.199,1,28.62,0,0
,,1.5227,,0.23181,,,,
178.64,0,-1.1349,0.043649,0.21976,0,27.773,0,0
,,,,-0.38113,,,,
,,2.2298,,-0.33959,,,,
,,3.3306,,-0.38413,,,,
53.189,0,3.5459,0,0.37062,0,0.47664,0,0
56.93,0,1.0818,11.087,0.84878,0,37.951,0,1
148.92,0,2.4452,0,0.30973,0,0.59129,0,0
56.647,0,-1.7476,5.2177,0.73828,0,48.971,0,1
118.12,0,-0.93418,0.039679,0.19679,0,4.0221,0,0
,,2.7099,,-0.31057,,,,
293.62,1,-1.23,9.6962,0.11533,0,58.151,0,0
136.47,1,4.8278,62.872,0.099678,1,5.0638,1,0
153.21,0,3.7303,0.087948,0.36555,0,6.2242,0,0
270.87,0,2.6225,1.3973,0.1374,0,41.753,0,0
185.91,0,0.31087,4.5855,0.49934,0,55.127,0,1
223.2,0,1.0881,0,0.23017,0,4.4484,0,0
264.26,0,-1.4621,0,0.26481,0,2.3585,0,0
,,2.7094,,-0.39175,,,,
22.854,0,-1.0888,0,0.20753,0,1.207,0,0
168.46,0,2.884,0.025381,0.109,0,0.36769,0,0
107.15,0,2.96,0.0055079,0.13565,0,1.1774,0,0
,,2.8739,,-0.42254,,,,
346.42,0,-1.6177,0.48956,0.83759,0,72.976,0,0
112.4,1,-0.090302,16.519,0.18474,1,1.562,1,0
,,2.8232,,-0.18296,,,,
269.29,0,1.6927,0,0.51289,0,1.7639,0,0
120.77,0,-1.05,0.015247,0.59008,0,1.7991,0,0
82.797,0,-1.3792,0,0.10502,0,0.96592,0,0
234.71,1,-0.71185,14.406,0.10849,1,65.555,0,0
113.25,1,-1.1994,5.8028,0.25509,0,29.308,0,0
,,2.1909,,-0.39583,,,,
218.01,0,3.1387,0,0.28641,0,0.51441,0,0
354.42,0,2.3494,0,0.32823,0,3.7861,0,0
347.3,0,5.3275,0,0.11525,0,0.88491,0,0
,,2.9756,,0.051282,,,,
161.44,0,3.8628,0.022353,0.070423,0,2.0048,0,0
310.99,0,-1.4255,7.4804,0.62702,0,33.613,0,1
348.46,0,2.5466,0.18657,0.082814,0,1.2255,0,0
,,1.0381,,-0.20261,,,,
,,2.2604,,-0.33217,,,,
142.62,0,3.9166,0,0.21189,0,1.9147,0,0
328.98,0,2.964,0,0.041813,0,2.846,0,0
,,2.8871,,-0.34012,,,,
39.242,1,3.513,95.2,-0.01562,1,87.902,0,0
196.38,0,-0.6332,0,0.30401,0,2.0324,0,0
,,2.7326,,-0.034951,,,,
,,3.0869,,-0.25305,,,,
,,2.6893,,-0.2931,,,,
186.42,1,-0.76872,3.8655,0.25744,1,0.13867,1,0
91.324,1,-0.97069,19.42,0.17175,1,2.8905,1,0
357.83,0,2.5398,4.2064,0.56214,0,56.3,0,1
124.14,1,3.7548,4.4477,0.10697,1,0.97328,1,0
354.08,0,3.8293,0.00052714,0.74925,0,0.69651,0,0
,,2.4389,,0.03635,,,,
205.03,1,-0.26129,22.521,0.037614,1,0.17179,1,0
271.78,1,3.155,8.3284,0.19888,0,81.313,0,0
269.28,0,0.37998,0.0077191,0.57194,0,0.25289,0,0
,,2.8671,,-0.3822,,,,
260.57,0,-1.1531,0.028439,0.36627,0,4.0056,0,0
,,3.0071,,-0.28049,,,,
,,2.3629,,-0.28829,,,,
199.63,0,2.8094,5.9554,0.56343,0,73.534,0,1
197.95,0,4.473,0.014714,0.12518,0,1.2039,0,0
,,2.7083,,-0.26485,,,,
139.89,0,-1.3101,6.4047,0.45825,0,79.018,0,1
201.5,0,3.9725,0,0.26775,0,1.1703,0,0
,,2.8549,,-0.34269,,,,
241.73,0,1.653,2.6953,0.64878,0,42.338,0,1
179.29,0,3.2463,2.4167,0.023018,0,2.3263,0,0
,,1.0888,,-0.28896,,,,
157.74,0,-0.9783,0.0077028,0.25836,0,0.98605,0,0
,,1.2857,,-0.25076,,,,
,,2.2266,,-0.29252,,,,
,,2.882,,-0.37931,,,,
280.89,0,3.1643,0,0.24542,0,1.0267,0,0
359.27,0,-1.6933,3.8088,0.66345,0,0.67645,0,1
225.81,0,-0.7963,0.015196,0.26515,0,7.7845,0,0
,,3.2411,,-0.42629,,,,
301.77,0,4.2367,0,0.1305,0,2.9004,0,0
,,1.4386,,-0.38462,,,,
18.568,0,3.2851,0.0068667,0.043087,0,1.3056,0,0
,,,,-0.41982,,,,
214.14,,1.8636,,0.067976,0,0.97079,0,
293.4,0,2.0294,10.071,0.70739,0,73.346,0,1
,,2.7756,,-0.1658,,,,
28.252,0,3.3215,0.009598,0.076309,0,1.4478,0,0
89.281,0,-1.5679,0,0.85131,0,1.4596,0,0
,,3.2924,,-0.38783,,,,
101.43,0,5.0908,0.17357,0.14978,0,9.7288,0,0
,,3.244,,-0.22333,,,,
69.977,0,1.2605,0.10688,0.83356,0,5.8925,0,0
,,2.7061,,-0.33647,,,,
138.7,0,1.1496,4.1052,0.88041,0,68.756,0,1
,,2.7662,,-0.25405,,,,
311.49,0,4.5149,0.00053549,0.14465,0,5.3873,0,0
,,1.5837,,-0.3913,,,,
,,,,-0.26698,,,,
,,2.7053,,-0.2679,,,,
251.9,0,3.1393,9.3151,0.34933,0,86.192,0,0
,,2.705,,-0.25265,,,,
,,3.0099,,-0.087518,,,,
162.26,1,3.4878,9.9654,0.17234,1,42.919,1,0
57.73,0,0.59459,6.1616,0.70721,0,65.929,0,1
69.666,0,-1.9126,5.5924,0.74977,0,18.346,0,1
229.5,0,-0.63042,1.0453,0.24979,0,55.908,0,0
,,3.0745,,-0.23871,,,,
103.98,0,-1.5598,0,0.48336,0,0.4516,0,0
,,3.2744,,-0.31987,,,,
320.69,1,3.0057,16.303,0.11165,1,20.124,0,0
326.97,0,-1.9348,0,0.65256,0,4.636,0,0
306.23,0,3.585,0,0.062945,0,1.2298,0,0
313.38,1,3.7231,18.257,0.13484,0,85.425,0,0
134.06,0,4.7246,0.0098419,0.054762,0,1.4082,0,0
226.76,0,2.8041,2.2223,0.10265,0,73.062,0,0
,,2.8167,,-0.42085,,,,
,,1.18,,-0.26552,,,,
289.15,0,-1.0467,0,0.24352,0,0.91055,0,0
207.41,0,1.0873,0.013401,0.099682,0,0.48756,0,0
195.23,0,-1.0047,0.0072026,0.16556,0,1.1088,0,0
,,3.3215,,0.021228,,,,
312.27,0,-1.2738,0,0.14866,0,0.36148,0,0
316.47,1,-0.2222,14.592,0.086987,1,59.424,0,0
,,2.4289,,-0.41877,,,,
228.31,0,-0.60354,0.32994,0.24231,0,41.083,0,0
269.28,0,1.166,11.095,0.88195,0,27.285,0,1
326.79,0,0.2474,6.0001,0.68083,0,65.083,0,1
217.16,0,0.62337,9.7186,0.64618,0,45.701,0,1
332.58,0,3.0484,3.5944,0.89512,0,69.332,0,1
135.49,1,-0.12479,13.357,0.0039463,1,39.367,1,0
321.06,1,3.5196,5.0762,0.11287,1,1.04,1,0
353.57,0,3.9966,0,0.29996,0,0.057613,0,0
,,3.0335,,-0.19266,,,,
212.51,0,3.0284,0,0.11978,0,50.892,0,0
,,2.967,,-0.14685,,,,
,,2.4603,,0.025641,,,,
179.29,1,3.8462,9.0349,0.13718,1,0.034389,1,0
,,2.7765,,-0.23053,,,,
,,2.4759,,-0.22559,,,,
301.43,1,3.2012,13.301,-0.038494,1,1.249,1,0
242.97,1,-1.3186,15.838,0.25641,1,69.586,0,0
133.25,0,1.3903,0,0.52046,0,1.7086,0,0
,,2.7235,,-0.095509,0,,,
278.87,0,2.7705,0,0.14628,0,1.1365,0,0
349.33,0,0.56218,0,0.67357,0,0.91376,0,0
334.97,1,3.4842,15.918,0.097656,1,0.22331,1,0
,,2.8695,,-0.43726,,,,
,,2.7159,,-0.3888,,,,
149.44,0,4.6919,0,0.21289,0,1.3282,0,0
,,2.6448,,-0.33981,,,,
96.557,0,-1.6961,0.35564,0.64176,0,16.771,0,0
320.42,0,3.5723,1.6753,0.1687,0,78.951,0,0
14.245,0,0.52334,0,0.38781,0,5.4605,0,0
128.76,1,-0.34554,30.434,0.1973,1,0.34258,1,0
188.12,0,-1.555,1.1465,0.5676,0,35.55,0,0
304.52,0,2.4169,0,0.18997,0,1.1327,0,0
197.54,0,-1.1787,14.838,0.34578,0,21.644,0,0
79.291,1,4.3082,50.904,0.082011,1,0.75871,1,0
89.282,1,3.3541,15.361,0.12439,1,0.89075,1,0
217.52,1,3.8643,18.382,0.14165,1,5.5003,1,0
,,5.0828,,-0.15571,,,,
134.78,1,0.29698,7.3878,0.10624,1,86.468,0,0
207.23,0,-1.2195,0.030259,0.46984,0,0.11034,0,0
162.29,1,4.1031,26.607,0.16894,1,0.84529,1,0
,,2.4586,,0.030303,,,,
112.63,1,0.50079,4.3099,0.28336,0,58.757,0,0
123.06,0,2.0684,0.0031953,0.34924,0,0.56704,0,0
294.63,1,0.43387,9.4203,0.11175,1,66.273,0,0
258.55,0,2.4785,0,0.19216,0,4.5766,0,0
,,,,-0.50101,,,,
,,2.6258,,-0.13111,,,,
75.464,1,-1.1022,14.8,0.2882,1,76.939,0,0
314.21,1,4.0882,36.043,0.066667,1,87.22,0,0
106.85,0,-1.291,1.41,0.81763,0,27.405,0,0
43.06,1,3.4858,16.532,0.14059,1,42.925,0,0
,,2.1964,,-0.026856,,,,
335.88,0,-0.68437,0.040471,0.34095,0,2.3287,0,0
12.907,0,3.4505,0,0.090337,0,1.0971,0,0
87.253,1,-1.5065,5.5674,0.10917,1,71.166,0,0
287.76,1,-0.78969,13.719,0.097345,1,7.6745,1,0
234.58,0,0.3731,0.018802,0.030561,0,0.75506,0,0
166.39,0,3.0714,0.012177,0.11945,0,1.5699,0,0
40.636,0,4.6166,0.021616,0.76459,0,2.1301,0,0
350.03,0,4.873,0,0.16952,0,1.179,0,0
105.14,1,2.181,6.8633,0.23344,0,77.347,0,0
257.37,1,-0.26605,11.224,0.093369,1,44.639,0,0
196.09,0,3.6846,0,0.62898,0,1.2334,0,0
157.77,0,2.5437,0.11171,0.11363,0,2.8198,0,0
350.21,0,3.4837,0.0085714,0.18768,0,0.54573,0,0
,,1.4717,,-0.060179,,,,
,,3.3319,,-0.43972,,,,
183.53,0,-0.87298,0.01278,0.096039,0,0.31042,0,0
30.074,1,-0.36383,56.766,0.080696,1,0.40379,1,0
190.01,1,-1.1611,8.4273,0.051171,1,1.7907,1,0
196.05,0,2.924,0,0.19031,0,3.0032,0,0
39.454,0,1.3485,0.0098718,0.018472,0,2.0397,0,0
1.2779,0,3.2928,0.022863,0.0020833,0,0.99801,0,0
90.182,,2.7534,,-0.1379,0,13.174,0,
223.83,0,3.32,0.015211,0.55605,0,36.925,0,0
180.7,0,0.67243,0,0.30309,0,38.078,0,0
129.68,0,-1.0161,0.076083,0.55919,0,0.82259,0,0
,,2.8641,,-0.40034,,,,
225.98,0,-1.673,0,0.64256,0,2.4229,0,0
125.19,0,6.6748,0.76298,0.84509,0,71.851,0,0
,,1.447,,-0.15145,,,,
211.95,0,-1.762,0.35434,0.66047,0,65.923,0,0
291.34,1,2.7075,11.623,0.012494,1,2.4727,1,0
89.293,0,0.08142,4.1718,0.57757,0,20.191,0,1
64.671,0,3.694,0.072341,0.38523,0,2.1737,0,0
87.857,0,3.1627,5.6993,0.79523,0,6.6564,0,1
175.84,0,3.5371,0,0.16816,0,2.015,0,0
357.64,0,4.2421,0,0.069802,0,0.20073,0,0
,,2.9271,,-0.22,,,,
85.781,1,3.2293,21.113,0.11255,1,0.74857,1,0
,,2.8598,,-0.44747,,,,
278.02,1,2.2985,4.1619,-0.0011198,1,1.436,1,0
,,2.1508,,-0.35505,,,,
340.79,0,2.5627,1.5261,0.039216,0,37.406,0,0
55.695,0,3.1674,15.571,0.32937,0,58.713,0,0
57.095,1,3.1361,14.599,0.15297,1,33.769,0,0
,,3.378,,-0.039711,,,,
236.13,0,1.7591,0,0.38781,0,1.7708,0,0
185.07,0,0.35857,1.3108,0.11962,0,39.624,0,0
317.89,0,0.19447,0,0.080666,0,1.4515,0,0
359.28,0,1.264,0,0.42409,0,0.48728,0,0
,,2.7739,,-0.047847,0,,,
307.92,0,3.4057,1.5238,0.31057,0,0.81684,0,0
,,2.7321,,0.012512,,,,
332.98,0,0.32403,3.0587,0.65713,0,73.405,0,1
293.36,0,0.72222,3.7107,0.3168,0,0.54133,0,0
338.9,0,-1.0046,0,0.066163,0,1.2046,0,0
320.07,0,3.8476,0.072271,0.86501,0,78.046,0,0
254.73,1,3.5503,3.0941,0.20572,0,62.77,0,0
,,2.3619,,-0.35024,,,,
224.49,,0.33089,,0.12744,1,86.679,0,
,,2.7106,,-0.41463,,,,
249.67,0,1.2801,6.5345,0.61779,0,65.373,0,1
153.38,0,-0.49419,8.9854e-05,0.1952,0,2.433,0,0
,,3.288,,-0.2973,,,,
124.63,0,3.6399,0.19966,0.11366,0,38.305,0,0
279.63,0,3.0876,0.47043,0.11054,0,26.136,0,0
,,0.95417,,-0.30016,,,,
306.55,1,3.0041,27.332,0.11163,1,0.85216,1,0
,,3.123,,-0.19372,,,,
173.61,0,1.1837,4.1154,0.69091,0,52.79,0,1
,,2.558,,-0.34076,,,,
,,2.698,,-0.34466,,,,
174.97,0,4.8252,0.033766,-0.028271,0,1.029,0,0
,,2.6969,,-0.28808,,,,
353.13,0,-0.88035,0,0.33156,0,8.048,0,0
46.355,0,1.0042,2.3926,0.78632,0,80.247,0,0
230.1,0,4.0018,0,0.21805,0,0.68955,0,0
144.83,0,2.9769,0,0.11441,0,0.39627,0,0
270.68,1,0.39427,5.0901,0.1712,1,1.5347,1,0
110.8,0,1.9575,0.022087,0.17086,0,0.75055,0,0
273.22,0,0.17528,13.315,0.32896,0,0.66829,0,0
45.928,0,-0.16638,0.0038841,0.42288,0,0.44262,0,0
285.88,0,2.5475,0.011997,0.52537,0,0.92349,0,0
,,2.7154,,-0.12459,,,,
,,2.7224,,-0.31002,,,,
286.66,1,0.38121,15.52,0.047565,1,4.0045,1,0
213.85,1,4.0746,54.015,0.21714,1,50.774,1,0
120.33,0,-0.23029,0.037492,0.16739,0,6.837,0,0
158.4,1,-0.096841,13.896,0.080997,1,31.15,1,0
293.24,0,2.6296,10.927,0.7004,0,54.254,0,1
82.359,1,-1.0979,15.81,0.12157,1,19.954,0,0
327.09,0,-0.92692,12.068,0.38402,0,1.2732,0,0
199.9,1,3.1629,8.2294,0.19553,1,0.34297,1,0
140.27,0,2.7215,0.0021563,0.10579,0,0.53864,0,0
141.83,0,0.36897,2.8229,0.8173,0,66.042,0,1
314.21,0,0.039047,15.576,0.72462,0,55.139,0,1
121.01,0,2.822,0.26647,0.31247,0,52.866,0,0
355.91,1,5.4161,15.113,0.16387,1,13.309,0,0
359.62,0,3.4599,32.913,0.44589,0,0.51326,0,1
141.58,1,0.46763,35.96,0.07194,1,1.1559,1,0
241.33,0,-0.99817,4.234,0.76966,0,65.691,0,1
198.44,0,-1.2069,0.013024,0.20613,0,0.45518,0,0
,,2.8419,,0.056032,,,,
,,3.2931,,-0.2948,,,,
244.22,1,2.9185,16.462,0.06175,1,0.40602,1,0
309.55,0,2.2221,0.029196,0.87263,0,66.878,0,0
,,,,-0.43657,,,,
14.9,1,-1.2841,14.127,0.10495,0,81.348,0,0
,,2.0982,,-0.25911,,,,
54.632,0,0.012355,1.1541,0.83594,0,10.635,0,0
109.99,0,2.0789,7.3297,0.66645,0,40.238,0,1
139.39,1,-1.183,15.93,0.23395,1,0.17926,1,0
323.29,1,-0.10561,20.597,0.084471,1,0.20541,1,0
27.338,0,0.59278,0.68822,0.754,0,86.161,0,0
,,3.4929,,-0.12957,,,,
,,3.6038,,-0.26174,,,,
206.76,0,3.2892,0.68184,0.80939,0,70.299,0,0
263.66,1,2.8822,2.6032,0.29843,0,13.359,0,0
,,2.9365,,-0.26404,,,,
,,1.0411,,-0.33891,,,,
337.93,0,3.5958,0,0.077295,0,0.36316,0,0
,,2.869,,-0.32313,,,,
10.611,0,-1.415,2.8775,0.55896,0,0.43851,0,1
140.91,0,-0.39139,0,0.30697,0,2.0828,0,0
55.053,1,4.2574,86.351,0.15536,1,1.4875,1,0
349.13,0,-1.2409,7.8148,0.48409,0,64.812,0,1
254.73,1,3.9283,18.64,0.1521,1,49.401,0,0
,,0.17075,,-0.067285,,,,
286.37,0,3.738,0.010325,0.10773,0,1.3466,0,0
,,2.4444,,-0.21662,,,,
260.36,0,-1.0572,0.012067,0.3422,0,1.2565,0,0
300.17,0,2.66,0,0.37797,0,0.43538,0,0
249.32,,3.4009,,0.092511,0,1.2168,0,
78.85,0,0.21388,0,0.1465,0,0.37987,0,0
,,3.1436,,0.31685,,,,
295.05,0,1.1242,11.45,0.83699,0,50.555,0,1
113.61,0,2.8747,0,0.66686,0,0.47308,0,0
236.64,0,-0.92413,6.8246,0.64861,0,61.921,0,1
346.55,0,-0.28463,0.053331,0.39769,0,13.509,0,0
269.3,1,3.1224,12.142,0.036642,1,0.25866,1,0
185.46,0,0.62053,2.7908,0.8518,0,16.933,0,1
,,3.488,,-0.019084,,,,
181.98,0,2.7165,0,0.15331,0,28.679,0,0
82.199,0,0.051735,1.2057,0.2285,0,58.403,0,0
,,,,-0.41581,,,,
191.31,0,3.4635,0.024186,0.29452,0,0.85568,0,0
56.489,0,3.5924,10.031,0.70772,0,64.435,0,1
191.33,1,-1.2858,29.67,0.18496,1,20.827,1,0
,,2.4181,,0.61871,,,,
296.66,0,-1.5527,0,0.43304,0,2.8393,0,0
272.54,0,1.7131,0,0.066465,0,1.4159,0,0
133.22,0,3.6665,0.019213,0.48148,0,0.92553,0,0
308.82,0,2.0301,0,0.071302,0,1.6837,0,0
253.27,0,4.012,0.0068955,0.3012,0,1.8054,0,0
,,,,-0.43494,,,,
118.27,0,-1.2018,3.8305,0.62074,0,19.87,0,1
335.23,0,5.4543,0.014055,0.082526,0,1.3246,0,0
61.529,1,3.4816,81.845,0.084899,1,0.81215,1,0
70.298,0,-1.1084,0.020046,0.50499,0,0.70501,0,0
134.22,0,3.4487,0,0.14502,0,1.761,0,0
84.915,1,-1.2638,9.4544,0.12075,1,54.32,0,0
99.048,1,-1.3681,2.9385,0.21453,0,28.935,0,0
235.21,0,-1.3756,0.00071907,0.56061,0,0.81867,0,0
47.084,0,0.27376,0.005743,0.11759,0,0.17069,0,0
,,1.6378,,-0.2233,,,,
333.7,0,2.7184,0,0.33957,0,30.505,0,0
8.8875,0,4.0347,1.6289,0.15257,0,83.183,0,0
251.61,1,-1.3754,13.423,0.18507,0,86.961,0,0
247.38,1,-0.93446,16.406,0.24352,0,0.65345,0,0
,,0.75679,,-0.33224,,,,
167.15,1,2.3301,52.647,0.15735,1,1.4775,1,0
88.091,1,-1.2889,9.3008,0.093988,1,53.463,0,0
268.06,0,0.043701,0,0.38832,0,4.2693,0,0
,,,,-0.33858,,,,
205.46,1,5.0965,6.2017,0.091752,1,83.674,0,0
,,2.4179,,-0.0090791,,,,
328.92,0,3.7882,0.002943,0.43924,0,0.43191,0,0
,,-1.914,,0.68252,,,,
,,2.3888,,-0.054545,,,,
,,2.7059,,-0.4081,,,,
171.15,0,3.5563,0,0.3446,0,0.2027,0,0
,,1.3242,,-0.11086,,,,
269.3,0,3.5742,0,0.59962,0,0.54026,0,0
217.89,0,1.8741,0.82675,0.10419,0,5.1359,0,0
256.12,1,-1.1702,3.2957,0.18331,0,29.195,0,0
193.35,0,-1.2995,0,0.78872,0,0.44917,0,0
334.18,0,2.5229,1.3619,-0.0049702,0,5.4158,0,0
88.878,1,2.6252,6.0398,0.05314,1,83.707,0,0
314.21,1,2.6983,11.566,0.012494,1,2.8147,1,0
,,3.27,,-0.28027,,,,
42.441,1,-0.9725,12.676,0.14106,1,0.73094,1,0
341.84,0,0.041701,0.0032988,0.095423,0,0.49873,0,0
,,2.3858,,-0.29635,,,,
233.68,0,3.5821,0.0078835,0.14375,0,2.7836,0,0
136.79,0,3.3553,0.014185,0.25832,0,2.1684,0,0
271.07,1,3.7866,20.388,0.092478,1,0.18393,1,0
184.94,0,5.8729,0.04981,0.048236,0,0.76036,0,0
359.3,1,2.715,16.402,0.17041,1,0.55601,1,0
290.92,0,-0.21008,0,0.36653,0,0.97988,0,0
326.62,0,0.64995,0.0077533,0.44876,0,1.7358,0,0
155.49,0,3.6896,0,0.051608,0,1.8791,0,0
250.18,1,0.77247,3.9461,0.11881,1,0.57784,1,0
,,2.6742,,-0.13836,,,,
,,2.9098,,-0.35366,,,,
,,3.3618,,-0.012407,,,,
279.86,0,1.1052,0.35554,0.8689,0,53.198,0,0
279.55,1,-1.1627,11.314,0.1132,1,0.44977,1,0
74.726,1,-1.6181,12.849,0.25083,0,6.2928,0,0
,,2.6889,,-0.20405,,,,
359.29,0,3.6394,0,0.1148,0,0.051597,0,0
233.48,0,3.6307,0,0.46081,0,5.2166,0,0
53.602,0,2.8282,0,0.13687,0,0.35381,0,0
81.055,0,1.4494,0.024959,0.19291,0,66.738,0,0
,,,,-0.36986,,,,
271.6,0,-0.88124,0,0.11823,0,1.2768,0,0
64.416,0,-1.2595,0.0070486,0.66375,0,6.4218,0,0
44.354,,4.0163,,0.11814,0,89.303,0,
178.24,1,1.9075,13.486,0.1256,1,1.5535,1,0
271.03,0,3.7055,0,0.068556,0,3.0275,0,0
166.46,0,3.3029,0,0.027848,0,0.25871,0,0
173.79,0,3.0184,0.18332,0.35327,0,5.1007,0,0
,,2.1774,,-0.33128,,,,
19.545,0,4.0717,0.0022845,0.083475,0,0.99597,0,0
59.453,0,-1.2174,0.010699,0.50258,0,0.57635,0,0
134.93,0,3.9842,0,-0.0071942,0,1.6435,0,0
92.979,1,-1.2082,15.618,0.14435,1,1.5087,1,0
319.75,0,-1.1116,0.005209,0.21065,0,2.2657,0,0
,,2.7304,,-0.23724,,,,
143.73,0,-1.9944,4.3474,0.34418,0,20.579,0,0
194.67,0,-1.0196,12.504,0.46499,0,47.871,0,1
,,,,-0.33225,,,,
,,3.3276,,-0.15441,,,,
139.6,0,-0.9889,0.0223,0.14415,0,0.21603,0,0
107.66,0,3.5394,0,0.13992,0,1.3807,0,0
179.27,0,-1.2692,0.015625,0.14716,0,1.3069,0,0
359.36,0,-1.3806,3.8994,0.38191,0,75.03,0,0
191.65,0,3.027,6.7952,0.75414,0,38.271,0,1
,,3.282,,-0.20661,,,,
194.27,1,0.76464,5.1974,0.10471,1,9.0045,1,0
261.34,0,2.8478,0.00056314,0.60288,0,11.223,0,0
45.178,1,1.6365,28.192,0.042184,1,3.8992,1,0
,,3.3064,,-0.35441,,,,
340.62,1,-1.2483,12.197,0.24264,1,34.942,0,0
16.937,0,3.7899,0,0.11442,0,0.75801,0,0
58.479,0,0.46782,0.0055756,0.69216,0,8.4364,0,0
208.23,1,-1.1103,6.8364,0.25309,0,82.782,0,0
266.62,0,3.7967,0.1338,0.29378,0,27.871,0,0
269.29,1,3.569,14.895,0.18352,1,0.13802,1,0
,,2.0991,,-0.29436,,,,
,,3.4861,,-0.25915,,,,
,,2.6948,,-0.2595,,,,
61.069,0,-1.7019,2.9868,0.63838,0,2.7632,0,1
,,2.4815,,-0.03023,,,,
150.28,0,3.7281,0.054224,0.54347,0,0.6162,0,0
224.34,1,1.2422,29.459,0.28918,1,75.108,0,0
,,3.0845,,-0.32042,,,,
,,3.3692,,-0.26003,,,,
217.49,1,-1.3415,20.666,0.11784,1,1.2912,1,0
,,1.0805,,-0.34082,,,,
287.67,0,-0.98639,0,0.4277,0,0.39975,0,0
,,3.1314,,-0.343,,,,
90.963,0,-0.038099,0.9384,0.87256,0,7.4557,0,0
,,3.3265,,-0.1746,,,,
145.53,1,2.0388,16.294,0.050494,1,0.061946,1,0
205.49,0,3.1443,6.7252,0.90088,0,69.688,0,1
235.93,1,-1.1137,2.7068,0.26136,0,83.255,0,0
,,2.5511,,-0.31494,,,,
