frame,lon,lat,r0,r1,c0,c1,med,p99,spot,z
50,10.181,49.613,27,74,48,162,7031.0,7062.0,31.0,-1.86
50,10.181,49.613,74,121,48,162,7041.0,7076.45,35.45,-1.451
50,10.181,49.613,121,167,48,162,7059.0,7093.0,34.0,-0.715
50,10.181,49.613,167,211,48,162,7058.0,7086.04,28.04,-0.756
50,10.181,49.613,211,256,48,162,7066.0,7096.21,30.21,-0.429
50,10.181,49.613,256,300,48,162,7081.0,7108.0,27.0,0.184
50,10.181,49.613,300,351,48,162,7081.0,7123.0,42.0,0.184
50,10.181,49.613,351,390,48,162,7084.0,7117.0,33.0,0.307
50,10.181,49.613,390,432,48,162,7088.0,7121.0,33.0,0.47
50,10.181,49.613,432,469,48,162,7091.0,7128.51,37.51,0.593
50,10.181,49.613,469,504,48,162,7061.0,7126.0,65.0,-0.634
50,10.181,49.613,23,71,162,230,7048.0,7083.0,35.0,-1.165
50,10.181,49.613,71,118,162,230,7066.0,7101.0,35.0,-0.429
50,10.181,49.613,118,165,162,230,7067.0,7102.0,35.0,-0.388
50,10.181,49.613,165,212,162,230,7074.0,7114.0,40.0,-0.102
50,10.181,49.613,212,259,162,230,7082.0,7118.0,36.0,0.225
50,10.181,49.613,259,305,162,230,7088.0,7121.0,33.0,0.47
50,10.181,49.613,305,350,162,230,7100.0,7130.0,30.0,0.961
50,10.181,49.613,350,396,162,230,7102.0,7134.27,32.27,1.042
50,10.181,49.613,396,441,162,230,7097.0,7130.0,33.0,0.838
50,10.181,49.613,441,487,162,230,7100.0,7133.0,33.0,0.961
50,10.181,49.613,0,43,482,568,7008.0,7034.0,26.0,-2.8
50,10.181,49.613,43,90,482,568,7029.0,7056.0,27.0,-1.942
50,10.181,49.613,90,137,482,568,7038.0,7065.0,27.0,-1.574
50,10.181,49.613,137,184,482,568,7052.0,7078.0,26.0,-1.002
50,10.181,49.613,184,231,482,568,7057.0,7087.0,30.0,-0.797
50,10.181,49.613,231,278,482,568,7065.0,7096.91,31.91,-0.47
50,10.181,49.613,278,324,482,568,7082.0,7112.0,30.0,0.225
50,10.181,49.613,324,371,482,568,7079.0,7109.0,30.0,0.102
50,10.181,49.613,371,416,482,568,7092.0,7125.0,33.0,0.634
50,10.181,49.613,416,462,482,568,7099.0,7128.0,29.0,0.92
50,10.181,49.613,462,509,482,568,7102.0,7133.0,31.0,1.042
55,10.181,49.613,9,57,57,161,7020.0,7052.0,32.0,-2.878
55,10.181,49.613,57,104,57,161,7033.0,7066.0,33.0,-2.293
55,10.181,49.613,104,151,57,161,7055.0,7086.0,31.0,-1.304
55,10.181,49.613,151,196,57,161,7066.0,7099.83,33.83,-0.809
55,10.181,49.613,196,242,57,161,7081.0,7116.0,35.0,-0.135
55,10.181,49.613,242,286,57,161,7076.0,7103.0,27.0,-0.36
55,10.181,49.613,286,331,57,161,7086.0,7114.0,28.0,0.09
55,10.181,49.613,331,375,57,161,7096.0,7121.0,25.0,0.54
55,10.181,49.613,375,420,57,161,7096.0,7132.0,36.0,0.54
55,10.181,49.613,420,461,57,161,7090.0,7126.0,36.0,0.27
55,10.181,49.613,461,507,57,161,7099.0,7131.0,32.0,0.674
55,10.181,49.613,99,147,161,235,7064.0,7098.0,34.0,-0.899
55,10.181,49.613,147,195,161,235,7083.0,7115.0,32.0,-0.045
55,10.181,49.613,195,242,161,235,7085.0,7119.0,34.0,0.045
55,10.181,49.613,242,288,161,235,7088.0,7128.0,40.0,0.18
55,10.181,49.613,288,335,161,235,7095.0,7134.0,39.0,0.495
55,10.181,49.613,335,380,161,235,7102.0,7136.0,34.0,0.809
55,10.181,49.613,380,425,161,235,7109.0,7141.49,32.49,1.124
55,10.181,49.613,425,471,161,235,7111.0,7142.0,31.0,1.214
55,10.181,49.613,471,512,161,235,7108.0,7142.0,34.0,1.079
55,10.181,49.613,14,65,487,566,7018.0,7045.0,27.0,-2.968
55,10.181,49.613,65,111,487,566,7029.0,7056.0,27.0,-2.473
55,10.181,49.613,111,159,487,566,7050.0,7077.0,27.0,-1.529
55,10.181,49.613,159,206,487,566,7059.0,7086.0,27.0,-1.124
55,10.181,49.613,206,253,487,566,7069.0,7097.0,28.0,-0.674
55,10.181,49.613,253,299,487,566,7072.0,7102.0,30.0,-0.54
55,10.181,49.613,299,346,487,566,7078.0,7110.0,32.0,-0.27
55,10.181,49.613,346,391,487,566,7092.0,7122.0,30.0,0.36
55,10.181,49.613,391,440,487,566,7085.0,7116.0,31.0,0.045
55,10.181,49.613,440,485,487,566,7100.0,7131.0,31.0,0.719
60,10.181,49.613,22,70,56,162,7024.0,7054.0,30.0,-2.437
60,10.181,49.613,70,118,56,162,7041.0,7074.0,33.0,-1.697
60,10.181,49.613,118,164,56,162,7052.0,7086.0,34.0,-1.218
60,10.181,49.613,164,211,56,162,7074.0,7104.0,30.0,-0.261
60,10.181,49.613,211,256,56,162,7080.0,7114.0,34.0,0.0
60,10.181,49.613,256,302,56,162,7092.0,7128.0,36.0,0.522
60,10.181,49.613,302,345,56,162,7089.0,7116.0,27.0,0.392
60,10.181,49.613,345,390,56,162,7091.0,7121.0,30.0,0.479
60,10.181,49.613,390,442,56,162,7096.0,7124.0,28.0,0.696
60,10.181,49.613,442,482,56,162,7103.0,7140.0,37.0,1.001
60,10.181,49.613,17,65,162,237,7047.0,7081.0,34.0,-1.436
60,10.181,49.613,65,111,162,237,7059.0,7092.0,33.0,-0.914
60,10.181,49.613,111,161,162,237,7058.0,7097.0,39.0,-0.957
60,10.181,49.613,161,209,162,237,7080.0,7112.0,32.0,0.0
60,10.181,49.613,209,256,162,237,7095.0,7128.0,33.0,0.653
60,10.181,49.613,256,303,162,237,7094.0,7129.0,35.0,0.609
60,10.181,49.613,303,349,162,237,7098.0,7140.0,42.0,0.783
60,10.181,49.613,349,395,162,237,7104.0,7143.44,39.44,1.044
60,10.181,49.613,395,441,162,237,7107.0,7142.0,35.0,1.175
60,10.181,49.613,441,487,162,237,7115.0,7149.0,34.0,1.523
60,10.181,49.613,29,79,490,570,7025.0,7052.0,27.0,-2.393
60,10.181,49.613,79,127,490,570,7037.0,7062.0,25.0,-1.871
60,10.181,49.613,127,173,490,570,7047.0,7076.0,29.0,-1.436
60,10.181,49.613,173,221,490,570,7066.0,7094.0,28.0,-0.609
60,10.181,49.613,221,268,490,570,7072.0,7100.0,28.0,-0.348
60,10.181,49.613,268,314,490,570,7080.0,7108.41,28.41,0.0
60,10.181,49.613,314,361,490,570,7079.0,7110.0,31.0,-0.044
60,10.181,49.613,361,406,490,570,7085.0,7117.0,32.0,0.218
60,10.181,49.613,406,455,490,570,7092.0,7127.0,35.0,0.522
60,10.181,49.613,455,503,490,570,7088.0,7121.0,33.0,0.348
65,10.181,49.613,29,77,63,162,7025.0,7060.0,35.0,-2.286
65,10.181,49.613,77,122,63,162,7043.0,7073.0,30.0,-1.611
65,10.181,49.613,122,168,63,162,7057.0,7090.0,33.0,-1.087
65,10.181,49.613,168,215,63,162,7066.0,7100.0,34.0,-0.749
65,10.181,49.613,215,260,63,162,7086.0,7114.45,28.45,0.0
65,10.181,49.613,260,305,63,162,7090.0,7126.0,36.0,0.15
65,10.181,49.613,305,351,63,162,7101.0,7135.0,34.0,0.562
65,10.181,49.613,351,404,63,162,7087.0,7121.0,34.0,0.037
65,10.181,49.613,404,439,63,162,7096.0,7123.0,27.0,0.375
65,10.181,49.613,439,502,63,162,7099.0,7137.0,38.0,0.487
65,10.181,49.613,22,70,162,237,7047.0,7081.0,34.0,-1.461
65,10.181,49.613,70,118,162,237,7063.0,7097.0,34.0,-0.862
65,10.181,49.613,118,165,162,237,7069.0,7100.0,31.0,-0.637
65,10.181,49.613,165,213,162,237,7070.0,7107.44,37.44,-0.6
65,10.181,49.613,213,261,162,237,7088.0,7121.0,33.0,0.075
65,10.181,49.613,261,308,162,237,7104.0,7137.0,33.0,0.674
65,10.181,49.613,308,353,162,237,7105.0,7139.0,34.0,0.712
65,10.181,49.613,353,399,162,237,7105.0,7148.0,43.0,0.712
65,10.181,49.613,399,445,162,237,7107.0,7148.0,41.0,0.787
65,10.181,49.613,445,489,162,237,7115.0,7149.0,34.0,1.087
65,10.181,49.613,0,38,489,568,7008.0,7034.0,26.0,-2.923
65,10.181,49.613,38,85,489,568,7025.0,7051.0,26.0,-2.286
65,10.181,49.613,85,132,489,568,7042.0,7071.22,29.22,-1.649
65,10.181,49.613,132,179,489,568,7053.0,7079.0,26.0,-1.237
65,10.181,49.613,179,226,489,568,7061.0,7090.0,29.0,-0.937
65,10.181,49.613,226,273,489,568,7078.0,7105.0,27.0,-0.3
65,10.181,49.613,273,320,489,568,7082.0,7109.0,27.0,-0.15
65,10.181,49.613,320,366,489,568,7088.0,7116.0,28.0,0.075
65,10.181,49.613,366,411,489,568,7087.0,7117.0,30.0,0.037
65,10.181,49.613,411,457,489,568,7088.0,7119.0,31.0,0.075
65,10.181,49.613,457,502,489,568,7100.0,7130.64,30.64,0.525
70,10.181,49.613,31,79,61,164,7028.0,7057.0,29.0,-1.984
70,10.181,49.613,79,125,61,164,7043.0,7075.0,32.0,-1.389
70,10.181,49.613,125,171,61,164,7055.0,7086.0,31.0,-0.913
70,10.181,49.613,171,216,61,164,7069.0,7101.0,32.0,-0.357
70,10.181,49.613,216,262,61,164,7074.0,7108.0,34.0,-0.159
70,10.181,49.613,262,307,61,164,7093.0,7123.94,30.94,0.595
70,10.181,49.613,307,352,61,164,7095.0,7131.1,36.1,0.674
70,10.181,49.613,352,393,61,164,7099.0,7136.0,37.0,0.833
70,10.181,49.613,393,441,61,164,7090.0,7123.0,33.0,0.476
70,10.181,49.613,441,484,61,164,7092.0,7128.83,36.83,0.555
70,10.181,49.613,24,73,164,238,7045.0,7082.0,37.0,-1.309
70,10.181,49.613,73,121,164,238,7059.0,7094.0,35.0,-0.754
70,10.181,49.613,121,167,164,238,7070.0,7099.0,29.0,-0.317
70,10.181,49.613,167,215,164,238,7078.0,7107.0,29.0,0.0
70,10.181,49.613,215,263,164,238,7078.0,7117.0,39.0,0.0
70,10.181,49.613,263,310,164,238,7095.0,7128.0,33.0,0.674
70,10.181,49.613,310,356,164,238,7112.0,7143.0,31.0,1.349
70,10.181,49.613,356,402,164,238,7108.0,7142.0,34.0,1.19
70,10.181,49.613,402,448,164,238,7108.0,7150.0,42.0,1.19
70,10.181,49.613,448,493,164,238,7114.0,7151.0,37.0,1.428
70,10.181,49.613,0,40,490,569,7007.0,7031.0,24.0,-2.817
70,10.181,49.613,40,88,490,569,7022.0,7052.0,30.0,-2.222
70,10.181,49.613,88,135,490,569,7039.0,7065.0,26.0,-1.547
70,10.181,49.613,135,183,490,569,7053.0,7083.0,30.0,-0.992
70,10.181,49.613,183,229,490,569,7065.0,7090.0,25.0,-0.516
70,10.181,49.613,229,276,490,569,7069.0,7099.0,30.0,-0.357
70,10.181,49.613,276,323,490,569,7085.0,7112.0,27.0,0.278
70,10.181,49.613,323,369,490,569,7086.0,7114.0,28.0,0.317
70,10.181,49.613,369,414,490,569,7091.0,7118.0,27.0,0.516
70,10.181,49.613,414,460,490,569,7086.0,7116.88,30.88,0.317
70,10.181,49.613,460,506,490,569,7090.0,7119.0,29.0,0.476
75,10.181,49.613,34,82,57,164,7023.0,7046.0,23.0,-2.794
75,10.181,49.613,82,128,57,164,7047.0,7076.0,29.0,-1.638
75,10.181,49.613,128,174,57,164,7057.0,7091.0,34.0,-1.156
75,10.181,49.613,174,220,57,164,7069.0,7100.0,31.0,-0.578
75,10.181,49.613,220,265,57,164,7079.0,7113.0,34.0,-0.096
75,10.181,49.613,265,313,57,164,7082.0,7119.55,37.55,0.048
75,10.181,49.613,313,365,57,164,7088.5,7131.0,42.5,0.361
75,10.181,49.613,365,402,57,164,7096.0,7136.0,40.0,0.723
75,10.181,49.613,402,451,57,164,7096.0,7142.0,46.0,0.723
75,10.181,49.613,451,497,57,164,7085.0,7130.0,45.0,0.193
75,10.181,49.613,29,77,164,238,7044.0,7082.0,38.0,-1.783
75,10.181,49.613,77,125,164,238,7058.0,7096.0,38.0,-1.108
75,10.181,49.613,125,172,164,238,7068.0,7099.0,31.0,-0.626
75,10.181,49.613,172,219,164,238,7081.0,7111.0,30.0,0.0
75,10.181,49.613,219,266,164,238,7088.0,7117.0,29.0,0.337
75,10.181,49.613,266,314,164,238,7086.5,7125.0,38.5,0.265
75,10.181,49.613,314,361,164,238,7104.0,7138.0,34.0,1.108
75,10.181,49.613,361,407,164,238,7118.0,7149.0,31.0,1.783
75,10.181,49.613,407,453,164,238,7113.0,7147.0,34.0,1.542
75,10.181,49.613,453,498,164,238,7116.0,7154.0,38.0,1.686
75,10.181,49.613,0,45,491,571,7010.0,7035.0,25.0,-3.421
75,10.181,49.613,45,92,491,571,7022.0,7048.0,26.0,-2.842
75,10.181,49.613,92,140,491,571,7037.0,7068.0,31.0,-2.12
75,10.181,49.613,140,187,491,571,7054.0,7081.0,27.0,-1.301
75,10.181,49.613,187,234,491,571,7067.0,7098.0,31.0,-0.674
75,10.181,49.613,234,281,491,571,7074.0,7102.0,28.0,-0.337
75,10.181,49.613,281,328,491,571,7077.5,7109.0,31.5,-0.169
75,10.181,49.613,328,373,491,571,7091.0,7119.0,28.0,0.482
75,10.181,49.613,373,419,491,571,7092.0,7119.0,27.0,0.53
75,10.181,49.613,419,465,491,571,7094.0,7123.0,29.0,0.626
75,10.181,49.613,465,512,491,571,7090.0,7121.0,31.0,0.434
80,10.181,49.613,0,41,55,165,7008.0,7034.0,26.0,-2.972
80,10.181,49.613,41,90,55,165,7023.0,7051.0,28.0,-2.34
80,10.181,49.613,90,136,55,165,7041.0,7064.44,23.44,-1.581
80,10.181,49.613,136,182,55,165,7060.0,7090.0,30.0,-0.78
80,10.181,49.613,182,228,55,165,7069.0,7103.0,34.0,-0.4
80,10.181,49.613,228,272,55,165,7078.0,7108.0,30.0,-0.021
80,10.181,49.613,272,320,55,165,7085.0,7121.0,36.0,0.274
80,10.181,49.613,320,366,55,165,7087.0,7127.0,40.0,0.358
80,10.181,49.613,366,414,55,165,7088.0,7131.0,43.0,0.4
80,10.181,49.613,414,459,55,165,7087.0,7137.0,50.0,0.358
80,10.181,49.613,459,505,55,165,7092.0,7143.0,51.0,0.569
80,10.181,49.613,0,35,165,238,7022.0,7060.0,38.0,-2.382
80,10.181,49.613,35,84,165,238,7046.0,7087.0,41.0,-1.37
80,10.181,49.613,84,133,165,238,7053.0,7094.0,41.0,-1.075
80,10.181,49.613,133,180,165,238,7066.0,7100.0,34.0,-0.527
80,10.181,49.613,180,228,165,238,7077.0,7109.0,32.0,-0.063
80,10.181,49.613,228,275,165,238,7088.0,7118.01,30.01,0.4
80,10.181,49.613,275,322,165,238,7095.0,7124.0,29.0,0.696
80,10.181,49.613,322,369,165,238,7095.0,7133.0,38.0,0.696
80,10.181,49.613,369,416,165,238,7108.0,7141.0,33.0,1.244
80,10.181,49.613,416,462,165,238,7120.0,7152.0,32.0,1.749
80,10.181,49.613,462,508,165,238,7117.0,7151.0,34.0,1.623
80,10.181,49.613,52,101,489,573,7024.0,7050.0,26.0,-2.297
80,10.181,49.613,101,148,489,573,7036.0,7064.0,28.0,-1.792
80,10.181,49.613,148,196,489,573,7048.0,7081.0,33.0,-1.286
80,10.181,49.613,196,243,489,573,7063.0,7091.0,28.0,-0.653
80,10.181,49.613,243,290,489,573,7073.0,7106.0,33.0,-0.232
80,10.181,49.613,290,337,489,573,7079.0,7108.0,29.0,0.021
80,10.181,49.613,337,385,489,573,7080.0,7113.0,33.0,0.063
80,10.181,49.613,385,429,489,573,7092.0,7122.0,30.0,0.569
80,10.181,49.613,429,475,489,573,7090.0,7119.93,29.93,0.485
80,10.181,49.613,475,512,489,573,7097.0,7124.0,27.0,0.78
85,10.181,49.613,7,55,53,164,7015.0,7042.98,27.98,-2.514
85,10.181,49.613,55,104,53,164,7023.0,7051.0,28.0,-2.187
85,10.181,49.613,104,151,53,164,7042.0,7070.47,28.47,-1.41
85,10.181,49.613,151,197,53,164,7056.0,7080.57,24.57,-0.838
85,10.181,49.613,197,243,53,164,7073.0,7103.0,30.0,-0.143
85,10.181,49.613,243,288,53,164,7080.0,7113.0,33.0,0.143
85,10.181,49.613,288,334,53,164,7087.0,7118.05,31.05,0.429
85,10.181,49.613,334,380,53,164,7091.0,7127.0,36.0,0.593
85,10.181,49.613,380,428,53,164,7079.0,7126.0,47.0,0.102
85,10.181,49.613,428,485,53,164,7076.0,7135.0,59.0,-0.02
85,10.181,49.613,0,51,164,237,7020.0,7057.0,37.0,-2.31
85,10.181,49.613,51,99,164,237,7041.0,7079.0,38.0,-1.451
85,10.181,49.613,99,148,164,237,7056.0,7098.55,42.55,-0.838
85,10.181,49.613,148,196,164,237,7063.0,7103.0,40.0,-0.552
85,10.181,49.613,196,244,164,237,7077.0,7112.0,35.0,0.02
85,10.181,49.613,244,291,164,237,7087.0,7118.0,31.0,0.429
85,10.181,49.613,291,338,164,237,7098.0,7129.0,31.0,0.879
85,10.181,49.613,338,385,164,237,7104.0,7134.0,30.0,1.124
85,10.181,49.613,385,433,164,237,7098.0,7137.0,39.0,0.879
85,10.181,49.613,433,479,164,237,7114.0,7147.0,33.0,1.533
85,10.181,49.613,116,164,493,574,7040.0,7068.0,28.0,-1.492
85,10.181,49.613,164,212,493,574,7051.0,7081.0,30.0,-1.042
85,10.181,49.613,212,259,493,574,7063.0,7097.0,34.0,-0.552
85,10.181,49.613,259,307,493,574,7073.0,7102.0,29.0,-0.143
85,10.181,49.613,307,354,493,574,7082.0,7112.0,30.0,0.225
85,10.181,49.613,354,400,493,574,7085.0,7113.0,28.0,0.347
85,10.181,49.613,400,446,493,574,7085.0,7115.06,30.06,0.347
85,10.181,49.613,446,492,493,574,7095.0,7123.0,28.0,0.756
90,10.181,49.613,29,77,47,164,7022.0,7049.0,27.0,-2.064
90,10.181,49.613,77,124,47,164,7040.0,7068.0,28.0,-1.329
90,10.181,49.613,124,171,47,164,7048.0,7077.36,29.36,-1.002
90,10.181,49.613,171,218,47,164,7062.0,7092.57,30.57,-0.429
90,10.181,49.613,218,263,47,164,7072.0,7099.0,27.0,-0.02
90,10.181,49.613,263,309,47,164,7087.0,7119.0,32.0,0.593
90,10.181,49.613,309,355,47,164,7091.0,7128.0,37.0,0.756
90,10.181,49.613,355,401,47,164,7092.0,7127.0,35.0,0.797
90,10.181,49.613,401,472,47,164,7088.0,7134.0,46.0,0.634
90,10.181,49.613,472,512,47,164,7064.0,7133.0,69.0,-0.347
90,10.181,49.613,23,72,164,236,7032.0,7069.0,37.0,-1.656
90,10.181,49.613,72,121,164,236,7048.0,7086.0,38.0,-1.002
90,10.181,49.613,121,169,164,236,7056.0,7095.0,39.0,-0.674
90,10.181,49.613,169,217,164,236,7072.0,7112.0,40.0,-0.02
90,10.181,49.613,217,265,164,236,7077.0,7115.0,38.0,0.184
90,10.181,49.613,265,313,164,236,7089.0,7124.29,35.29,0.674
90,10.181,49.613,313,360,164,236,7100.0,7131.0,31.0,1.124
90,10.181,49.613,360,406,164,236,7108.0,7137.0,29.0,1.451
90,10.181,49.613,406,453,164,236,7110.0,7139.0,29.0,1.533
90,10.181,49.613,453,501,164,236,7106.0,7144.0,38.0,1.369
90,10.181,49.613,37,87,491,575,7007.0,7034.0,27.0,-2.678
90,10.181,49.613,87,135,491,575,7027.0,7050.0,23.0,-1.86
90,10.181,49.613,135,185,491,575,7035.0,7069.0,34.0,-1.533
90,10.181,49.613,185,234,491,575,7059.0,7088.0,29.0,-0.552
90,10.181,49.613,234,281,491,575,7065.0,7095.0,30.0,-0.307
90,10.181,49.613,281,329,491,575,7073.0,7107.0,34.0,0.02
90,10.181,49.613,329,375,491,575,7081.0,7109.0,28.0,0.347
90,10.181,49.613,375,425,491,575,7085.0,7118.98,33.98,0.511
90,10.181,49.613,425,470,491,575,7088.0,7117.0,29.0,0.634
90,10.181,49.613,470,512,491,575,7089.0,7117.0,28.0,0.674
95,10.181,49.613,0,49,53,164,7004.0,7034.0,30.0,-2.146
95,10.181,49.613,49,96,53,164,7027.0,7078.0,51.0,-1.441
95,10.181,49.613,96,144,53,164,7045.0,7073.0,28.0,-0.889
95,10.181,49.613,144,190,53,164,7061.0,7089.28,28.28,-0.399
95,10.181,49.613,190,237,53,164,7066.0,7094.0,28.0,-0.245
95,10.181,49.613,237,284,53,164,7074.0,7106.0,32.0,0.0
95,10.181,49.613,284,328,53,164,7087.0,7112.0,25.0,0.399
95,10.181,49.613,328,374,53,164,7097.0,7129.0,32.0,0.705
95,10.181,49.613,374,421,53,164,7096.0,7131.36,35.36,0.674
95,10.181,49.613,421,467,53,164,7098.0,7133.0,35.0,0.736
95,10.181,49.613,467,507,53,164,7102.0,7137.0,35.0,0.858
95,10.181,49.613,0,43,164,236,7020.0,7048.0,28.0,-1.656
95,10.181,49.613,43,92,164,236,7035.0,7072.0,37.0,-1.196
95,10.181,49.613,92,141,164,236,7052.0,7088.0,36.0,-0.674
95,10.181,49.613,141,189,164,236,7060.0,7098.0,38.0,-0.429
95,10.181,49.613,189,237,164,236,7069.0,7107.0,38.0,-0.153
95,10.181,49.613,237,285,164,236,7083.0,7123.0,40.0,0.276
95,10.181,49.613,285,333,164,236,7088.0,7127.0,39.0,0.429
95,10.181,49.613,333,380,164,236,7101.0,7137.0,36.0,0.828
95,10.181,49.613,380,427,164,236,7108.0,7139.0,31.0,1.042
95,10.181,49.613,427,473,164,236,7114.0,7146.0,32.0,1.226
95,10.181,49.613,473,512,164,236,7119.0,7147.0,28.0,1.38
95,10.181,49.613,58,107,495,576,7011.0,7034.0,23.0,-1.931
95,10.181,49.613,107,156,495,576,7026.0,7055.0,29.0,-1.472
95,10.181,49.613,156,204,495,576,7046.0,7068.0,22.0,-0.858
95,10.181,49.613,204,253,495,576,7053.0,7088.0,35.0,-0.644
95,10.181,49.613,253,302,495,576,7072.0,7099.0,27.0,-0.061
95,10.181,49.613,302,348,495,576,7077.0,7106.0,29.0,0.092
95,10.181,49.613,348,398,495,576,7080.0,7114.0,34.0,0.184
95,10.181,49.613,398,442,495,576,7088.0,7116.0,28.0,0.429
95,10.181,49.613,442,489,495,576,7092.0,7123.0,31.0,0.552
100,10.181,49.613,31,79,54,164,7013.0,7045.0,32.0,-2.007
100,10.181,49.613,79,126,54,164,7039.0,7087.0,48.0,-1.152
100,10.181,49.613,126,173,54,164,7055.0,7085.0,30.0,-0.625
100,10.181,49.613,173,220,54,164,7068.0,7096.63,28.63,-0.197
100,10.181,49.613,220,266,54,164,7071.5,7102.0,30.5,-0.082
100,10.181,49.613,266,312,54,164,7083.0,7113.0,30.0,0.296
100,10.181,49.613,312,357,54,164,7090.0,7116.0,26.0,0.526
100,10.181,49.613,357,404,54,164,7096.0,7130.0,34.0,0.724
100,10.181,49.613,404,454,54,164,7098.0,7134.0,36.0,0.79
100,10.181,49.613,454,495,54,164,7103.0,7135.0,32.0,0.954
100,10.181,49.613,25,72,164,236,7032.0,7065.0,33.0,-1.382
100,10.181,49.613,72,123,164,236,7043.0,7083.0,40.0,-1.02
100,10.181,49.613,123,171,164,236,7058.0,7095.29,37.29,-0.526
100,10.181,49.613,171,220,164,236,7063.0,7103.0,40.0,-0.362
100,10.181,49.613,220,268,164,236,7074.0,7114.0,40.0,0.0
100,10.181,49.613,268,316,164,236,7089.0,7131.0,42.0,0.494
100,10.181,49.613,316,363,164,236,7094.0,7132.0,38.0,0.658
100,10.181,49.613,363,410,164,236,7103.0,7138.0,35.0,0.954
100,10.181,49.613,410,456,164,236,7111.0,7141.65,30.65,1.217
100,10.181,49.613,456,503,164,236,7118.0,7150.0,32.0,1.448
100,10.181,49.613,43,90,492,576,7004.0,7031.0,27.0,-2.303
100,10.181,49.613,90,138,492,576,7021.0,7047.0,26.0,-1.744
100,10.181,49.613,138,186,492,576,7034.0,7065.0,31.0,-1.316
100,10.181,49.613,186,234,492,576,7051.0,7077.0,26.0,-0.757
100,10.181,49.613,234,283,492,576,7058.0,7095.0,37.0,-0.526
100,10.181,49.613,283,332,492,576,7074.0,7106.0,32.0,0.0
100,10.181,49.613,332,378,492,576,7078.0,7111.0,33.0,0.132
100,10.181,49.613,378,428,492,576,7081.0,7118.0,37.0,0.23
100,10.181,49.613,428,472,492,576,7088.0,7118.0,30.0,0.461
100,10.181,49.613,472,512,492,576,7095.0,7126.0,31.0,0.691
105,10.181,49.613,0,43,76,158,7118.0,7152.45,34.45,-1.253
105,10.181,49.613,43,91,76,158,7129.0,7158.0,29.0,-0.193
105,10.181,49.613,91,138,76,158,7139.0,7170.85,31.85,0.771
105,10.181,49.613,138,185,76,158,7135.0,7166.0,31.0,0.385
105,10.181,49.613,185,232,76,158,7144.0,7189.0,45.0,1.253
105,10.181,49.613,232,279,76,158,7147.0,7176.0,29.0,1.542
105,10.181,49.613,279,324,76,158,7148.0,7172.0,24.0,1.638
105,10.181,49.613,324,371,76,158,7143.0,7170.0,27.0,1.156
105,10.181,49.613,371,418,76,158,7142.0,7171.0,29.0,1.06
105,10.181,49.613,418,464,76,158,7144.0,7169.0,25.0,1.253
105,10.181,49.613,464,512,76,158,7148.0,7178.0,30.0,1.638
105,10.181,49.613,34,86,158,232,7138.0,7172.0,34.0,0.674
105,10.181,49.613,86,136,158,232,7146.0,7176.0,30.0,1.445
105,10.181,49.613,136,183,158,232,7138.0,7169.0,31.0,0.674
105,10.181,49.613,183,232,158,232,7131.0,7165.0,34.0,0.0
105,10.181,49.613,232,281,158,232,7135.0,7169.0,34.0,0.385
105,10.181,49.613,281,329,158,232,7136.0,7169.0,33.0,0.482
105,10.181,49.613,329,377,158,232,7138.0,7175.0,37.0,0.674
105,10.181,49.613,377,424,158,232,7145.0,7182.0,37.0,1.349
105,10.181,49.613,424,471,158,232,7141.0,7177.0,36.0,0.964
105,10.181,49.613,471,512,158,232,7147.0,7180.0,33.0,1.542
105,10.181,49.613,11,60,393,492,7114.0,7141.0,27.0,-1.638
105,10.181,49.613,60,107,393,492,7123.0,7156.0,33.0,-0.771
105,10.181,49.613,107,154,393,492,7124.0,7158.0,34.0,-0.674
105,10.181,49.613,154,201,393,492,7127.0,7157.0,30.0,-0.385
105,10.181,49.613,201,247,393,492,7129.0,7157.0,28.0,-0.193
105,10.181,49.613,247,294,393,492,7128.0,7163.0,35.0,-0.289
105,10.181,49.613,294,340,393,492,7128.0,7157.66,29.66,-0.289
105,10.181,49.613,340,386,393,492,7130.0,7164.0,34.0,-0.096
105,10.181,49.613,386,434,393,492,7128.0,7163.0,35.0,-0.289
105,10.181,49.613,434,481,393,492,7131.0,7164.0,33.0,0.0
105,10.181,49.613,5,53,492,576,7109.0,7151.0,42.0,-2.12
105,10.181,49.613,53,103,492,576,7117.0,7149.0,32.0,-1.349
105,10.181,49.613,103,150,492,576,7116.0,7147.0,31.0,-1.445
105,10.181,49.613,150,198,492,576,7121.0,7151.0,30.0,-0.964
105,10.181,49.613,198,247,492,576,7124.0,7153.0,29.0,-0.674
105,10.181,49.613,247,295,492,576,7124.0,7159.0,35.0,-0.674
105,10.181,49.613,295,343,492,576,7129.0,7156.0,27.0,-0.193
105,10.181,49.613,343,392,492,576,7123.0,7162.0,39.0,-0.771
105,10.181,49.613,392,440,492,576,7131.0,7162.0,31.0,0.0
105,10.181,49.613,440,487,492,576,7127.0,7158.0,31.0,-0.385
110,10.181,49.613,14,63,72,156,7120.0,7152.0,32.0,-0.506
110,10.181,49.613,63,113,72,156,7116.0,7152.0,36.0,-0.843
110,10.181,49.613,113,161,72,156,7129.0,7162.24,33.24,0.253
110,10.181,49.613,161,208,72,156,7137.0,7171.0,34.0,0.927
110,10.181,49.613,208,255,72,156,7133.0,7165.0,32.0,0.59
110,10.181,49.613,255,301,72,156,7142.0,7189.85,47.85,1.349
110,10.181,49.613,301,349,72,156,7145.0,7174.29,29.29,1.602
110,10.181,49.613,349,395,72,156,7145.0,7173.0,28.0,1.602
110,10.181,49.613,395,442,72,156,7136.0,7164.0,28.0,0.843
110,10.181,49.613,442,489,72,156,7139.0,7169.0,30.0,1.096
110,10.181,49.613,7,56,156,227,7122.0,7151.21,29.21,-0.337
110,10.181,49.613,56,109,156,227,7126.0,7161.13,35.13,0.0
110,10.181,49.613,109,159,156,227,7138.0,7171.0,33.0,1.012
110,10.181,49.613,159,208,156,227,7139.0,7169.0,30.0,1.096
110,10.181,49.613,208,256,156,227,7134.0,7163.71,29.71,0.674
110,10.181,49.613,256,305,156,227,7131.0,7162.06,31.06,0.422
110,10.181,49.613,305,353,156,227,7133.0,7168.0,35.0,0.59
110,10.181,49.613,353,400,156,227,7136.0,7170.0,34.0,0.843
110,10.181,49.613,400,449,156,227,7134.0,7171.0,37.0,0.674
110,10.181,49.613,449,497,156,227,7145.0,7181.0,36.0,1.602
110,10.181,49.613,0,35,387,491,7107.0,7130.07,23.07,-1.602
110,10.181,49.613,35,81,387,491,7108.0,7139.0,31.0,-1.518
110,10.181,49.613,81,130,387,491,7113.0,7140.0,27.0,-1.096
110,10.181,49.613,130,177,387,491,7121.0,7156.0,35.0,-0.422
110,10.181,49.613,177,224,387,491,7122.0,7158.0,36.0,-0.337
110,10.181,49.613,224,270,387,491,7126.0,7156.0,30.0,0.0
110,10.181,49.613,270,317,387,491,7126.0,7156.0,30.0,0.0
110,10.181,49.613,317,364,387,491,7126.0,7159.0,33.0,0.0
110,10.181,49.613,364,413,387,491,7122.0,7154.0,32.0,-0.337
110,10.181,49.613,413,458,387,491,7124.0,7157.0,33.0,-0.169
110,10.181,49.613,458,502,387,491,7126.0,7157.0,31.0,0.0
110,10.181,49.613,27,76,491,572,7113.0,7155.0,42.0,-1.096
110,10.181,49.613,76,125,491,572,7109.0,7148.0,39.0,-1.433
110,10.181,49.613,125,174,491,572,7118.0,7149.0,31.0,-0.674
110,10.181,49.613,174,223,491,572,7116.0,7146.0,30.0,-0.843
110,10.181,49.613,223,271,491,572,7121.0,7149.0,28.0,-0.422
110,10.181,49.613,271,319,491,572,7122.0,7149.0,27.0,-0.337
110,10.181,49.613,319,367,491,572,7120.0,7153.0,33.0,-0.506
110,10.181,49.613,367,414,491,572,7126.0,7150.0,24.0,0.0
110,10.181,49.613,414,465,491,572,7118.0,7154.0,36.0,-0.674
110,10.181,49.613,465,512,491,572,7128.0,7157.86,29.86,0.169
115,10.18,49.613,0,39,69,152,7114.0,7140.0,26.0,-0.759
115,10.18,49.613,39,87,69,152,7117.0,7146.0,29.0,-0.506
115,10.18,49.613,87,135,69,152,7124.0,7158.01,34.01,0.084
115,10.18,49.613,135,184,69,152,7120.0,7157.52,37.52,-0.253
115,10.18,49.613,184,232,69,152,7131.0,7164.0,33.0,0.674
115,10.18,49.613,232,279,69,152,7139.0,7173.0,34.0,1.349
115,10.18,49.613,279,327,69,152,7134.0,7169.0,35.0,0.927
115,10.18,49.613,327,374,69,152,7144.0,7191.0,47.0,1.771
115,10.18,49.613,374,419,69,152,7146.0,7173.0,27.0,1.939
115,10.18,49.613,419,467,69,152,7143.0,7172.0,29.0,1.686
115,10.18,49.613,467,512,69,152,7138.0,7168.0,30.0,1.265
115,10.18,49.613,33,81,152,223,7123.0,7150.76,27.76,0.0
115,10.18,49.613,81,131,152,223,7130.0,7162.55,32.55,0.59
115,10.18,49.613,131,181,152,223,7129.0,7165.0,36.0,0.506
115,10.18,49.613,181,233,152,223,7133.0,7163.0,30.0,0.843
115,10.18,49.613,233,282,152,223,7140.0,7167.0,27.0,1.433
115,10.18,49.613,282,330,152,223,7135.0,7162.71,27.71,1.012
115,10.18,49.613,330,378,152,223,7132.0,7166.0,34.0,0.759
115,10.18,49.613,378,426,152,223,7134.0,7168.0,34.0,0.927
115,10.18,49.613,426,475,152,223,7134.0,7169.0,35.0,0.927
115,10.18,49.613,475,512,152,223,7139.0,7174.0,35.0,1.349
115,10.18,49.613,12,59,384,487,7104.0,7134.0,30.0,-1.602
115,10.18,49.613,59,106,384,487,7107.0,7132.0,25.0,-1.349
115,10.18,49.613,106,153,384,487,7109.0,7141.0,32.0,-1.18
115,10.18,49.613,153,201,384,487,7116.0,7142.0,26.0,-0.59
115,10.18,49.613,201,248,384,487,7119.0,7158.0,39.0,-0.337
115,10.18,49.613,248,295,384,487,7122.0,7159.0,37.0,-0.084
115,10.18,49.613,295,342,384,487,7125.0,7156.0,31.0,0.169
115,10.18,49.613,342,388,384,487,7126.0,7157.0,31.0,0.253
115,10.18,49.613,388,434,384,487,7124.0,7157.0,33.0,0.084
115,10.18,49.613,434,481,384,487,7119.0,7150.11,31.11,-0.337
115,10.18,49.613,5,53,485,568,7103.0,7138.0,35.0,-1.686
115,10.18,49.613,53,102,485,568,7112.0,7152.0,40.0,-0.927
115,10.18,49.613,102,148,485,568,7115.0,7156.0,41.0,-0.674
115,10.18,49.613,148,199,485,568,7111.0,7151.0,40.0,-1.012
115,10.18,49.613,199,248,485,568,7118.0,7150.0,32.0,-0.422
115,10.18,49.613,248,296,485,568,7117.0,7147.0,30.0,-0.506
115,10.18,49.613,296,344,485,568,7119.0,7148.0,29.0,-0.337
115,10.18,49.613,344,392,485,568,7119.0,7149.0,30.0,-0.337
115,10.18,49.613,392,440,485,568,7117.5,7149.0,31.5,-0.464
115,10.18,49.613,440,488,485,568,7122.0,7147.0,25.0,-0.084
120,10.18,49.613,16,65,66,148,7112.0,7143.0,31.0,-0.759
120,10.18,49.613,65,114,66,148,7111.0,7139.0,28.0,-0.843
120,10.18,49.613,114,161,66,148,7121.0,7151.0,30.0,0.0
120,10.18,49.613,161,208,66,148,7126.0,7159.0,33.0,0.422
120,10.18,49.613,208,256,66,148,7119.0,7154.0,35.0,-0.169
120,10.18,49.613,256,303,66,148,7133.0,7166.0,33.0,1.012
120,10.18,49.613,303,350,66,148,7139.0,7173.0,34.0,1.518
120,10.18,49.613,350,398,66,148,7134.0,7167.0,33.0,1.096
120,10.18,49.613,398,445,66,148,7141.0,7186.0,45.0,1.686
120,10.18,49.613,445,492,66,148,7144.0,7172.73,28.73,1.939
120,10.18,49.613,9,58,148,220,7118.0,7147.0,29.0,-0.253
120,10.18,49.613,58,108,148,220,7124.0,7154.0,30.0,0.253
120,10.18,49.613,108,157,148,220,7129.0,7159.0,30.0,0.674
120,10.18,49.613,157,205,148,220,7128.0,7163.0,35.0,0.59
120,10.18,49.613,205,256,148,220,7122.0,7155.0,33.0,0.084
120,10.18,49.613,256,307,148,220,7133.0,7163.0,30.0,1.012
120,10.18,49.613,307,355,148,220,7139.0,7167.0,28.0,1.518
120,10.18,49.613,355,403,148,220,7136.0,7164.0,28.0,1.265
120,10.18,49.613,403,451,148,220,7131.0,7164.0,33.0,0.843
120,10.18,49.613,451,500,148,220,7134.0,7166.0,32.0,1.096
120,10.18,49.613,0,37,380,480,7118.0,7150.0,32.0,-0.253
120,10.18,49.613,37,83,380,480,7107.0,7134.19,27.19,-1.18
120,10.18,49.613,83,130,380,480,7106.0,7137.0,31.0,-1.265
120,10.18,49.613,130,177,380,480,7109.0,7136.0,27.0,-1.012
120,10.18,49.613,177,224,380,480,7111.0,7143.0,32.0,-0.843
120,10.18,49.613,224,272,380,480,7114.0,7141.0,27.0,-0.59
120,10.18,49.613,272,319,380,480,7121.0,7156.0,35.0,0.0
120,10.18,49.613,319,365,380,480,7123.0,7158.45,35.45,0.169
120,10.18,49.613,365,411,380,480,7124.0,7157.31,33.31,0.253
120,10.18,49.613,411,458,380,480,7123.0,7154.0,31.0,0.169
120,10.18,49.613,458,504,380,480,7123.0,7154.0,31.0,0.169
120,10.18,49.613,30,79,480,564,7101.0,7137.0,36.0,-1.686
120,10.18,49.613,79,127,480,564,7104.0,7139.0,35.0,-1.433
120,10.18,49.613,127,175,480,564,7113.0,7156.0,43.0,-0.674
120,10.18,49.613,175,222,480,564,7115.0,7157.0,42.0,-0.506
120,10.18,49.613,222,272,480,564,7110.0,7150.0,40.0,-0.927
120,10.18,49.613,272,321,480,564,7118.0,7149.0,31.0,-0.253
120,10.18,49.613,321,368,480,564,7115.0,7145.0,30.0,-0.506
120,10.18,49.613,368,416,480,564,7117.0,7145.12,28.12,-0.337
120,10.18,49.613,416,464,480,564,7116.0,7144.0,28.0,-0.422
120,10.18,49.613,464,512,480,564,7116.0,7148.0,32.0,-0.422
125,10.18,49.613,0,44,54,145,7123.0,7152.0,29.0,0.052
125,10.18,49.613,44,89,54,145,7126.0,7169.0,43.0,0.363
125,10.18,49.613,89,137,54,145,7117.0,7150.0,33.0,-0.571
125,10.18,49.613,137,184,54,145,7118.0,7144.0,26.0,-0.467
125,10.18,49.613,184,232,54,145,7122.0,7154.0,32.0,-0.052
125,10.18,49.613,232,278,54,145,7129.0,7159.0,30.0,0.674
125,10.18,49.613,278,326,54,145,7123.0,7159.0,36.0,0.052
125,10.18,49.613,326,375,54,145,7136.0,7169.25,33.25,1.401
125,10.18,49.613,375,421,54,145,7142.0,7178.0,36.0,2.023
125,10.18,49.613,421,468,54,145,7137.0,7170.0,33.0,1.505
125,10.18,49.613,468,512,54,145,7146.0,7189.0,43.0,2.439
125,10.18,49.613,0,35,145,217,7127.0,7156.0,29.0,0.467
125,10.18,49.613,35,84,145,217,7131.0,7158.0,27.0,0.882
125,10.18,49.613,84,132,145,217,7127.0,7160.0,33.0,0.467
125,10.18,49.613,132,180,145,217,7129.0,7161.0,32.0,0.674
125,10.18,49.613,180,230,145,217,7126.0,7152.0,26.0,0.363
125,10.18,49.613,230,279,145,217,7127.0,7157.0,30.0,0.467
125,10.18,49.613,279,330,145,217,7124.0,7157.0,33.0,0.156
125,10.18,49.613,330,379,145,217,7137.0,7166.0,29.0,1.505
125,10.18,49.613,379,427,145,217,7142.0,7170.0,28.0,2.023
125,10.18,49.613,427,475,145,217,7138.0,7165.0,27.0,1.608
125,10.18,49.613,475,512,145,217,7134.0,7168.0,34.0,1.193
125,10.18,49.613,11,61,374,476,7110.0,7148.0,38.0,-1.297
125,10.18,49.613,61,108,374,476,7118.0,7153.0,35.0,-0.467
125,10.18,49.613,108,154,374,476,7110.0,7139.36,29.36,-1.297
125,10.18,49.613,154,200,374,476,7109.0,7140.85,31.85,-1.401
125,10.18,49.613,200,248,374,476,7110.0,7137.69,27.69,-1.297
125,10.18,49.613,248,294,374,476,7113.0,7143.0,30.0,-0.986
125,10.18,49.613,294,341,374,476,7118.0,7146.0,28.0,-0.467
125,10.18,49.613,341,389,374,476,7123.0,7159.0,36.0,0.052
125,10.18,49.613,389,437,374,476,7121.0,7158.0,37.0,-0.156
125,10.18,49.613,437,482,374,476,7124.5,7156.0,31.5,0.208
125,10.18,49.613,9,56,476,561,7116.0,7145.25,29.25,-0.674
125,10.18,49.613,56,104,476,561,7115.0,7147.0,32.0,-0.778
125,10.18,49.613,104,151,476,561,7105.0,7139.0,34.0,-1.816
125,10.18,49.613,151,199,476,561,7108.0,7143.0,35.0,-1.505
125,10.18,49.613,199,247,476,561,7116.0,7159.0,43.0,-0.674
125,10.18,49.613,247,295,476,561,7118.0,7161.0,43.0,-0.467
125,10.18,49.613,295,344,476,561,7112.0,7152.0,40.0,-1.09
125,10.18,49.613,344,392,476,561,7119.0,7152.0,33.0,-0.363
125,10.18,49.613,392,440,476,561,7116.0,7145.0,29.0,-0.674
125,10.18,49.613,440,488,476,561,7117.0,7146.0,29.0,-0.571
130,10.18,49.613,17,65,60,140,7121.0,7147.0,26.0,0.096
130,10.18,49.613,65,112,60,140,7128.0,7158.0,30.0,0.771
130,10.18,49.613,112,162,60,140,7131.0,7178.0,47.0,1.06
130,10.18,49.613,162,210,60,140,7122.0,7155.0,33.0,0.193
130,10.18,49.613,210,256,60,140,7121.0,7146.0,25.0,0.096
130,10.18,49.613,256,303,60,140,7127.0,7157.0,30.0,0.674
130,10.18,49.613,303,350,60,140,7132.0,7163.0,31.0,1.156
130,10.18,49.613,350,400,60,140,7125.0,7162.0,37.0,0.482
130,10.18,49.613,400,448,60,140,7136.5,7168.0,31.5,1.59
130,10.18,49.613,448,495,60,140,7142.0,7176.0,34.0,2.12
130,10.18,49.613,10,60,140,215,7124.0,7151.0,27.0,0.385
130,10.18,49.613,60,109,140,215,7134.0,7168.0,34.0,1.349
130,10.18,49.613,109,157,140,215,7138.0,7169.0,31.0,1.734
130,10.18,49.613,157,207,140,215,7127.0,7160.0,33.0,0.674
130,10.18,49.613,207,256,140,215,7126.0,7154.0,28.0,0.578
130,10.18,49.613,256,305,140,215,7127.0,7153.0,26.0,0.674
130,10.18,49.613,305,354,140,215,7128.0,7157.0,29.0,0.771
130,10.18,49.613,354,405,140,215,7124.0,7158.0,34.0,0.385
130,10.18,49.613,405,454,140,215,7137.0,7169.0,32.0,1.638
130,10.18,49.613,454,503,140,215,7143.0,7170.0,27.0,2.216
130,10.18,49.613,0,39,373,478,7118.0,7154.0,36.0,-0.193
130,10.18,49.613,39,85,373,478,7113.0,7146.0,33.0,-0.674
130,10.18,49.613,85,130,373,478,7116.0,7153.32,37.32,-0.385
130,10.18,49.613,130,179,373,478,7117.0,7156.17,39.17,-0.289
130,10.18,49.613,179,226,373,478,7112.0,7141.0,29.0,-0.771
130,10.18,49.613,226,271,373,478,7109.0,7142.0,33.0,-1.06
130,10.18,49.613,271,319,373,478,7111.0,7138.0,27.0,-0.867
130,10.18,49.613,319,366,373,478,7113.0,7146.0,33.0,-0.674
130,10.18,49.613,366,413,373,478,7117.0,7144.0,27.0,-0.289
130,10.18,49.613,413,461,373,478,7120.0,7158.0,38.0,0.0
130,10.18,49.613,461,509,373,478,7119.0,7157.0,38.0,-0.096
130,10.18,49.613,32,80,478,560,7110.0,7140.0,30.0,-0.964
130,10.18,49.613,80,127,478,560,7120.0,7149.0,29.0,0.0
130,10.18,49.613,127,175,478,560,7119.0,7152.0,33.0,-0.096
130,10.18,49.613,175,224,478,560,7108.0,7142.0,34.0,-1.156
130,10.18,49.613,224,272,478,560,7110.0,7146.0,36.0,-0.964
130,10.18,49.613,272,320,478,560,7117.0,7162.0,45.0,-0.289
130,10.18,49.613,320,369,478,560,7118.0,7159.0,41.0,-0.193
130,10.18,49.613,369,418,478,560,7112.0,7151.0,39.0,-0.771
130,10.18,49.613,418,467,478,560,7117.0,7148.0,31.0,-0.289
130,10.18,49.613,467,512,478,560,7116.0,7144.0,28.0,-0.385
135,10.18,49.613,1,46,56,137,7117.0,7145.0,28.0,-0.562
135,10.18,49.613,46,92,56,137,7123.0,7161.0,38.0,0.112
135,10.18,49.613,92,142,56,137,7126.0,7152.0,26.0,0.45
135,10.18,49.613,142,190,56,137,7132.0,7163.0,31.0,1.124
135,10.18,49.613,190,238,56,137,7133.0,7175.0,42.0,1.237
135,10.18,49.613,238,285,56,137,7123.0,7155.0,32.0,0.112
135,10.18,49.613,285,331,56,137,7123.0,7148.0,25.0,0.112
135,10.18,49.613,331,378,56,137,7128.0,7158.1,30.1,0.674
135,10.18,49.613,378,428,56,137,7132.0,7165.0,33.0,1.124
135,10.18,49.613,428,477,56,137,7126.0,7159.0,33.0,0.45
135,10.18,49.613,477,512,56,137,7140.0,7169.38,29.38,2.023
135,10.18,49.613,0,40,137,212,7122.0,7154.85,32.85,0.0
135,10.18,49.613,40,89,137,212,7125.0,7153.0,28.0,0.337
135,10.18,49.613,89,137,137,212,7133.0,7162.0,29.0,1.237
135,10.18,49.613,137,186,137,212,7137.0,7171.63,34.63,1.686
135,10.18,49.613,186,236,137,212,7133.0,7162.0,29.0,1.237
135,10.18,49.613,236,285,137,212,7126.0,7155.0,29.0,0.45
135,10.18,49.613,285,335,137,212,7127.0,7154.0,27.0,0.562
135,10.18,49.613,335,383,137,212,7126.0,7153.0,27.0,0.45
135,10.18,49.613,383,432,137,212,7128.0,7157.0,29.0,0.674
135,10.18,49.613,432,484,137,212,7126.0,7159.0,33.0,0.45
135,10.18,49.613,21,67,370,476,7116.0,7149.0,33.0,-0.674
135,10.18,49.613,67,112,370,476,7118.0,7156.0,38.0,-0.45
135,10.18,49.613,112,159,370,476,7115.0,7147.0,32.0,-0.787
135,10.18,49.613,159,207,370,476,7116.0,7152.0,36.0,-0.674
135,10.18,49.613,207,254,370,476,7118.0,7155.0,37.0,-0.45
135,10.18,49.613,254,299,370,476,7112.0,7139.0,27.0,-1.124
135,10.18,49.613,299,346,370,476,7109.0,7141.0,32.0,-1.461
135,10.18,49.613,346,394,370,476,7110.0,7136.0,26.0,-1.349
135,10.18,49.613,394,441,370,476,7112.0,7143.0,31.0,-1.124
135,10.18,49.613,441,489,370,476,7114.0,7141.0,27.0,-0.899
135,10.18,49.613,12,62,475,558,7114.0,7141.0,27.0,-0.899
135,10.18,49.613,62,108,475,558,7116.0,7143.0,27.0,-0.674
135,10.18,49.613,108,156,475,558,7113.0,7143.0,30.0,-1.012
135,10.18,49.613,156,205,475,558,7122.0,7151.0,29.0,0.0
135,10.18,49.613,205,253,475,558,7119.0,7153.0,34.0,-0.337
135,10.18,49.613,253,301,475,558,7108.0,7143.0,35.0,-1.574
135,10.18,49.613,301,350,475,558,7108.0,7145.0,37.0,-1.574
135,10.18,49.613,350,398,475,558,7116.0,7159.0,43.0,-0.674
135,10.18,49.613,398,446,475,558,7116.0,7157.0,41.0,-0.674
135,10.18,49.613,446,496,475,558,7109.0,7148.0,39.0,-1.461
140,10.18,49.613,23,72,45,135,7112.0,7140.0,28.0,-0.59
140,10.18,49.613,72,120,45,135,7117.0,7146.0,29.0,-0.169
140,10.18,49.613,120,167,45,135,7131.0,7169.0,38.0,1.012
140,10.18,49.613,167,215,45,135,7128.0,7153.0,25.0,0.759
140,10.18,49.613,215,261,45,135,7132.0,7163.0,31.0,1.096
140,10.18,49.613,261,311,45,135,7134.0,7177.92,43.92,1.265
140,10.18,49.613,311,358,45,135,7124.0,7155.0,31.0,0.422
140,10.18,49.613,358,404,45,135,7126.0,7150.0,24.0,0.59
140,10.18,49.613,404,452,45,135,7127.0,7159.0,32.0,0.674
140,10.18,49.613,452,502,45,135,7129.0,7163.0,34.0,0.843
140,10.18,49.613,17,66,135,210,7121.0,7152.0,31.0,0.169
140,10.18,49.613,66,115,135,210,7128.0,7158.93,30.93,0.759
140,10.18,49.613,115,164,135,210,7132.0,7164.0,32.0,1.096
140,10.18,49.613,164,213,135,210,7130.0,7159.54,29.54,0.927
140,10.18,49.613,213,262,135,210,7134.0,7164.0,30.0,1.265
140,10.18,49.613,262,312,135,210,7134.0,7162.91,28.91,1.265
140,10.18,49.613,312,361,135,210,7126.0,7155.66,29.66,0.59
140,10.18,49.613,361,410,135,210,7128.0,7156.0,28.0,0.759
140,10.18,49.613,410,459,135,210,7127.0,7154.0,27.0,0.674
140,10.18,49.613,459,508,135,210,7129.0,7158.49,29.49,0.843
140,10.18,49.613,9,45,364,475,7111.0,7144.0,33.0,-0.674
140,10.18,49.613,45,91,364,475,7115.0,7152.0,37.0,-0.337
140,10.18,49.613,91,139,364,475,7118.0,7156.0,38.0,-0.084
140,10.18,49.613,139,185,364,475,7118.0,7157.0,39.0,-0.084
140,10.18,49.613,185,231,364,475,7114.0,7146.0,32.0,-0.422
140,10.18,49.613,231,278,364,475,7116.0,7152.0,36.0,-0.253
140,10.18,49.613,278,323,364,475,7119.0,7156.01,37.01,0.0
140,10.18,49.613,323,373,364,475,7110.0,7141.0,31.0,-0.759
140,10.18,49.613,373,418,364,475,7110.0,7141.0,31.0,-0.759
140,10.18,49.613,418,466,364,475,7108.0,7136.66,28.66,-0.927
140,10.18,49.613,466,512,364,475,7111.0,7142.0,31.0,-0.674
140,10.18,49.613,0,38,475,557,7112.0,7142.0,30.0,-0.59
140,10.18,49.613,38,88,475,557,7108.0,7141.0,33.0,-0.927
140,10.18,49.613,88,134,475,557,7119.0,7144.0,25.0,0.0
140,10.18,49.613,134,182,475,557,7117.0,7147.0,30.0,-0.169
140,10.18,49.613,182,231,475,557,7113.0,7143.0,30.0,-0.506
140,10.18,49.613,231,279,475,557,7122.0,7151.0,29.0,0.253
140,10.18,49.613,279,327,475,557,7120.0,7153.0,33.0,0.084
140,10.18,49.613,327,375,475,557,7107.0,7141.0,34.0,-1.012
140,10.18,49.613,375,424,475,557,7108.0,7144.0,36.0,-0.927
140,10.18,49.613,424,472,475,557,7114.0,7155.23,41.23,-0.422
140,10.18,49.613,472,512,475,557,7116.0,7157.0,41.0,-0.253
145,10.18,49.613,0,46,49,137,7113.0,7141.0,28.0,-0.771
145,10.18,49.613,46,94,49,137,7120.0,7148.0,28.0,-0.096
145,10.18,49.613,94,140,49,137,7117.0,7146.0,29.0,-0.385
145,10.18,49.613,140,190,49,137,7121.0,7152.0,31.0,0.0
145,10.18,49.613,190,239,49,137,7131.0,7168.94,37.94,0.964
145,10.18,49.613,239,282,49,137,7131.0,7156.0,25.0,0.964
145,10.18,49.613,282,333,49,137,7133.0,7168.05,35.05,1.156
145,10.18,49.613,333,381,49,137,7136.0,7178.22,42.22,1.445
145,10.18,49.613,381,428,49,137,7126.0,7159.37,33.37,0.482
145,10.18,49.613,428,476,49,137,7122.0,7149.0,27.0,0.096
145,10.18,49.613,476,512,49,137,7125.0,7157.0,32.0,0.385
145,10.18,49.613,0,38,137,212,7126.0,7155.0,29.0,0.482
145,10.18,49.613,38,88,137,212,7121.0,7151.0,30.0,0.0
145,10.18,49.613,88,139,137,212,7128.0,7163.0,35.0,0.674
145,10.18,49.613,139,187,137,212,7134.0,7166.07,32.07,1.253
145,10.18,49.613,187,237,137,212,7131.0,7161.0,30.0,0.964
145,10.18,49.613,237,286,137,212,7131.0,7157.0,26.0,0.964
145,10.18,49.613,286,336,137,212,7135.0,7165.0,30.0,1.349
145,10.18,49.613,336,385,137,212,7135.0,7162.0,27.0,1.349
145,10.18,49.613,385,434,137,212,7128.0,7157.0,29.0,0.674
145,10.18,49.613,434,485,137,212,7128.0,7155.0,27.0,0.674
145,10.18,49.613,21,67,366,475,7111.0,7146.0,35.0,-0.964
145,10.18,49.613,67,115,366,475,7111.0,7147.0,36.0,-0.964
145,10.18,49.613,115,164,366,475,7114.0,7156.0,42.0,-0.674
145,10.18,49.613,164,212,366,475,7121.0,7157.0,36.0,0.0
145,10.18,49.613,212,257,366,475,7121.0,7159.0,38.0,0.0
145,10.18,49.613,257,305,366,475,7114.0,7148.0,34.0,-0.674
145,10.18,49.613,305,350,366,475,7118.0,7153.0,35.0,-0.289
145,10.18,49.613,350,398,366,475,7119.0,7156.0,37.0,-0.193
145,10.18,49.613,398,443,366,475,7111.0,7139.0,28.0,-0.964
145,10.18,49.613,443,493,366,475,7105.0,7134.48,29.48,-1.542
145,10.18,49.613,17,66,475,558,7111.0,7143.0,32.0,-0.964
145,10.18,49.613,66,111,475,558,7116.0,7147.0,31.0,-0.482
145,10.18,49.613,111,160,475,558,7112.0,7144.15,32.15,-0.867
145,10.18,49.613,160,209,475,558,7120.0,7147.0,27.0,-0.096
145,10.18,49.613,209,257,475,558,7119.0,7149.0,30.0,-0.193
145,10.18,49.613,257,305,475,558,7115.0,7145.0,30.0,-0.578
145,10.18,49.613,305,354,475,558,7122.0,7151.0,29.0,0.096
145,10.18,49.613,354,401,475,558,7119.0,7151.0,32.0,-0.193
145,10.18,49.613,401,450,475,558,7104.0,7139.0,35.0,-1.638
145,10.18,49.613,450,499,475,558,7106.0,7141.0,35.0,-1.445
150,10.18,49.613,19,68,44,136,7113.0,7139.0,26.0,-0.571
150,10.18,49.613,68,117,44,136,7113.0,7141.0,28.0,-0.571
150,10.18,49.613,117,162,44,136,7125.0,7151.0,26.0,0.674
150,10.18,49.613,162,209,44,136,7117.0,7146.0,29.0,-0.156
150,10.18,49.613,209,259,44,136,7119.0,7149.56,30.56,0.052
150,10.18,49.613,259,305,44,136,7131.0,7170.0,39.0,1.297
150,10.18,49.613,305,354,44,136,7129.0,7155.66,26.66,1.09
150,10.18,49.613,354,402,44,136,7135.0,7168.0,33.0,1.712
150,10.18,49.613,402,451,44,136,7132.0,7177.0,45.0,1.401
150,10.18,49.613,451,500,44,136,7123.0,7157.0,34.0,0.467
150,10.18,49.613,12,63,136,212,7125.0,7154.3,29.3,0.674
150,10.18,49.613,63,112,136,212,7128.0,7160.31,32.31,0.986
150,10.18,49.613,112,161,136,212,7127.0,7162.0,35.0,0.882
150,10.18,49.613,161,211,136,212,7128.0,7164.0,36.0,0.986
150,10.18,49.613,211,260,136,212,7128.0,7161.0,33.0,0.986
150,10.18,49.613,260,309,136,212,7130.0,7158.0,28.0,1.193
150,10.18,49.613,309,359,136,212,7129.0,7157.0,28.0,1.09
150,10.18,49.613,359,408,136,212,7134.0,7166.0,32.0,1.608
150,10.18,49.613,408,458,136,212,7136.0,7163.0,27.0,1.816
150,10.18,49.613,458,509,136,212,7128.0,7157.0,29.0,0.986
150,10.18,49.613,2,44,364,476,7099.0,7132.32,33.32,-2.023
150,10.18,49.613,44,87,364,476,7113.0,7153.0,40.0,-0.571
150,10.18,49.613,87,139,364,476,7107.0,7148.0,41.0,-1.193
150,10.18,49.613,139,185,364,476,7113.0,7147.0,34.0,-0.571
150,10.18,49.613,185,233,364,476,7113.0,7152.0,39.0,-0.571
150,10.18,49.613,233,279,364,476,7121.0,7155.0,34.0,0.259
150,10.18,49.613,279,326,364,476,7119.0,7159.0,40.0,0.052
150,10.18,49.613,326,373,364,476,7113.0,7147.0,34.0,-0.571
150,10.18,49.613,373,420,364,476,7114.0,7152.0,38.0,-0.467
150,10.18,49.613,420,470,364,476,7114.0,7152.0,38.0,-0.467
150,10.18,49.613,470,512,364,476,7110.0,7136.0,26.0,-0.882
150,10.18,49.613,0,38,472,558,7109.0,7140.0,31.0,-0.986
150,10.18,49.613,38,85,472,558,7109.0,7144.0,35.0,-0.986
150,10.18,49.613,85,135,472,558,7112.0,7144.0,32.0,-0.674
150,10.18,49.613,135,182,472,558,7116.0,7148.0,32.0,-0.259
150,10.18,49.613,182,231,472,558,7111.0,7144.0,33.0,-0.778
150,10.18,49.613,231,279,472,558,7119.0,7146.0,27.0,0.052
150,10.18,49.613,279,328,472,558,7118.0,7148.0,30.0,-0.052
150,10.18,49.613,328,375,472,558,7113.0,7143.93,30.93,-0.571
150,10.18,49.613,375,424,472,558,7119.0,7148.0,29.0,0.052
150,10.18,49.613,424,473,472,558,7116.0,7148.0,32.0,-0.259
150,10.18,49.613,473,512,472,558,7104.0,7141.0,37.0,-1.505
155,10.18,49.613,0,39,44,135,7108.0,7133.0,25.0,-1.124
155,10.18,49.613,39,90,44,135,7108.0,7137.0,29.0,-1.124
155,10.18,49.613,90,138,44,135,7117.0,7144.0,27.0,-0.112
155,10.18,49.613,138,186,44,135,7118.0,7146.0,28.0,0.0
155,10.18,49.613,186,234,44,135,7124.0,7153.0,29.0,0.674
155,10.18,49.613,234,281,44,135,7117.0,7146.31,29.31,-0.112
155,10.18,49.613,281,329,44,135,7123.0,7154.0,31.0,0.562
155,10.18,49.613,329,375,44,135,7131.0,7174.0,43.0,1.461
155,10.18,49.613,375,424,44,135,7131.0,7159.0,28.0,1.461
155,10.18,49.613,424,474,44,135,7133.0,7166.0,33.0,1.686
155,10.18,49.613,474,509,44,135,7132.0,7162.0,30.0,1.574
155,10.18,49.613,33,83,135,211,7121.0,7153.0,32.0,0.337
155,10.18,49.613,83,134,135,211,7132.0,7164.0,32.0,1.574
155,10.18,49.613,134,183,135,211,7134.0,7168.0,34.0,1.799
155,10.18,49.613,183,233,135,211,7124.0,7156.54,32.54,0.674
155,10.18,49.613,233,282,135,211,7126.0,7157.0,31.0,0.899
155,10.18,49.613,282,332,135,211,7129.0,7161.0,32.0,1.237
155,10.18,49.613,332,381,135,211,7129.0,7156.0,27.0,1.237
155,10.18,49.613,381,431,135,211,7130.0,7156.0,26.0,1.349
155,10.18,49.613,431,480,135,211,7136.0,7165.4,29.4,2.023
155,10.18,49.613,17,60,365,475,7112.0,7138.0,26.0,-0.674
155,10.18,49.613,60,112,365,475,7097.0,7133.0,36.0,-2.361
155,10.18,49.613,112,160,365,475,7113.0,7153.0,40.0,-0.562
155,10.18,49.613,160,204,365,475,7114.0,7147.0,33.0,-0.45
155,10.18,49.613,204,253,365,475,7112.0,7147.0,35.0,-0.674
155,10.18,49.613,253,298,365,475,7116.0,7152.0,36.0,-0.225
155,10.18,49.613,298,347,365,475,7119.0,7155.0,36.0,0.112
155,10.18,49.613,347,392,365,475,7122.0,7157.0,35.0,0.45
155,10.18,49.613,392,441,365,475,7110.0,7144.0,34.0,-0.899
155,10.18,49.613,441,492,365,475,7109.0,7147.0,38.0,-1.012
155,10.18,49.613,11,60,475,558,7116.0,7146.0,30.0,-0.225
155,10.18,49.613,60,108,475,558,7111.0,7142.0,31.0,-0.787
155,10.18,49.613,108,156,475,558,7111.0,7144.78,33.78,-0.787
155,10.18,49.613,156,205,475,558,7113.0,7144.96,31.96,-0.562
155,10.18,49.613,205,253,475,558,7116.0,7148.0,32.0,-0.225
155,10.18,49.613,253,301,475,558,7113.0,7146.0,33.0,-0.562
155,10.18,49.613,301,350,475,558,7118.0,7146.0,28.0,0.0
155,10.18,49.613,350,397,475,558,7118.0,7146.0,28.0,0.0
155,10.18,49.613,397,446,475,558,7111.0,7140.0,29.0,-0.787
155,10.18,49.613,446,495,475,558,7118.0,7146.0,28.0,0.0
160,10.18,49.613,12,61,42,134,7122.0,7169.0,47.0,0.674
160,10.18,49.613,61,110,42,134,7111.0,7140.0,29.0,-1.18
160,10.18,49.613,110,159,42,134,7115.0,7145.0,30.0,-0.506
160,10.18,49.613,159,207,42,134,7121.0,7149.0,28.0,0.506
160,10.18,49.613,207,254,42,134,7118.0,7145.59,27.59,0.0
160,10.18,49.613,254,302,42,134,7126.0,7154.0,28.0,1.349
160,10.18,49.613,302,349,42,134,7118.0,7148.0,30.0,0.0
160,10.18,49.613,349,398,42,134,7122.0,7154.0,32.0,0.674
160,10.18,49.613,398,447,42,134,7132.0,7172.0,40.0,2.361
160,10.18,49.613,447,497,42,134,7128.0,7156.0,28.0,1.686
160,10.18,49.613,5,55,134,211,7121.0,7153.0,32.0,0.506
160,10.18,49.613,55,106,134,211,7121.0,7153.0,32.0,0.506
160,10.18,49.613,106,155,134,211,7129.0,7166.0,37.0,1.855
160,10.18,49.613,155,206,134,211,7133.0,7166.0,33.0,2.529
160,10.18,49.613,206,255,134,211,7130.0,7161.0,31.0,2.023
160,10.18,49.613,255,305,134,211,7122.0,7153.0,31.0,0.674
160,10.18,49.613,305,355,134,211,7126.0,7157.0,31.0,1.349
160,10.18,49.613,355,404,134,211,7128.0,7158.94,30.94,1.686
160,10.18,49.613,404,454,134,211,7131.0,7158.0,27.0,2.192
160,10.18,49.613,454,504,134,211,7131.0,7157.0,26.0,2.192
160,10.18,49.613,0,38,362,473,7122.0,7163.34,41.34,0.674
160,10.18,49.613,38,85,362,473,7121.0,7153.39,32.39,0.506
160,10.18,49.613,85,132,362,473,7112.0,7142.0,30.0,-1.012
160,10.18,49.613,132,180,362,473,7102.0,7136.0,34.0,-2.698
160,10.18,49.613,180,227,362,473,7116.0,7153.0,37.0,-0.337
160,10.18,49.613,227,275,362,473,7110.0,7148.0,38.0,-1.349
160,10.18,49.613,275,321,362,473,7116.0,7147.0,31.0,-0.337
160,10.18,49.613,321,367,362,473,7117.0,7153.0,36.0,-0.169
160,10.18,49.613,367,415,362,473,7119.0,7155.0,36.0,0.169
160,10.18,49.613,415,466,362,473,7114.0,7155.0,41.0,-0.674
160,10.18,49.613,466,509,362,473,7113.0,7143.0,30.0,-0.843
160,10.18,49.613,31,81,473,558,7119.0,7147.0,28.0,0.169
160,10.18,49.613,81,129,473,558,7118.0,7148.0,30.0,0.0
160,10.18,49.613,129,177,473,558,7114.0,7146.0,32.0,-0.674
160,10.18,49.613,177,226,473,558,7111.0,7146.0,35.0,-1.18
160,10.18,49.613,226,275,473,558,7114.0,7146.0,32.0,-0.674
160,10.18,49.613,275,323,473,558,7116.0,7148.0,32.0,-0.337
160,10.18,49.613,323,371,473,558,7111.0,7144.0,33.0,-1.18
160,10.18,49.613,371,420,473,558,7116.0,7143.0,27.0,-0.337
160,10.18,49.613,420,468,473,558,7115.0,7144.03,29.03,-0.506
160,10.18,49.613,468,512,473,558,7110.0,7141.0,31.0,-1.349
165,10.18,49.613,0,35,40,135,7106.0,7131.0,25.0,-1.619
165,10.18,49.613,35,84,40,135,7113.0,7137.0,24.0,-0.674
165,10.18,49.613,84,132,40,135,7122.0,7171.0,49.0,0.54
165,10.18,49.613,132,177,40,135,7117.0,7146.0,29.0,-0.135
165,10.18,49.613,177,228,40,135,7112.0,7144.0,32.0,-0.809
165,10.18,49.613,228,277,40,135,7118.0,7146.0,28.0,0.0
165,10.18,49.613,277,325,40,135,7118.0,7147.0,29.0,0.0
165,10.18,49.613,325,375,40,135,7125.0,7153.98,28.98,0.944
165,10.18,49.613,375,421,40,135,7119.0,7151.0,32.0,0.135
165,10.18,49.613,421,460,40,135,7124.0,7157.0,33.0,0.809
165,10.18,49.613,460,512,40,135,7118.0,7162.47,44.47,0.0
165,10.18,49.613,28,78,135,211,7136.0,7215.0,79.0,2.428
165,10.18,49.613,78,127,135,211,7126.0,7159.0,33.0,1.079
165,10.18,49.613,127,177,135,211,7126.0,7160.0,34.0,1.079
165,10.18,49.613,177,228,135,211,7123.0,7163.0,40.0,0.674
165,10.18,49.613,228,278,135,211,7127.0,7158.0,31.0,1.214
165,10.18,49.613,278,328,135,211,7128.0,7158.0,30.0,1.349
165,10.18,49.613,328,378,135,211,7121.0,7151.0,30.0,0.405
165,10.18,49.613,378,427,135,211,7124.0,7154.0,30.0,0.809
165,10.18,49.613,427,477,135,211,7128.0,7157.0,29.0,1.349
165,10.18,49.613,477,512,135,211,7130.0,7156.0,26.0,1.619
165,10.18,49.613,13,60,363,473,7116.0,7143.0,27.0,-0.27
165,10.18,49.613,60,106,363,473,7121.0,7159.0,38.0,0.405
165,10.18,49.613,106,155,363,473,7119.0,7154.0,35.0,0.135
165,10.18,49.613,155,198,363,473,7113.0,7141.0,28.0,-0.674
165,10.18,49.613,198,248,363,473,7099.0,7132.0,33.0,-2.563
165,10.18,49.613,248,296,363,473,7112.0,7151.36,39.36,-0.809
165,10.18,49.613,296,344,363,473,7108.0,7146.0,38.0,-1.349
165,10.18,49.613,344,392,363,473,7114.0,7146.0,32.0,-0.54
165,10.18,49.613,392,437,363,473,7113.0,7150.0,37.0,-0.674
165,10.18,49.613,437,486,363,473,7113.0,7148.0,35.0,-0.674
165,10.18,49.613,5,55,473,558,7122.0,7154.0,32.0,0.54
165,10.18,49.613,55,101,473,558,7120.0,7147.0,27.0,0.27
165,10.18,49.613,101,149,473,558,7120.0,7147.0,27.0,0.27
165,10.18,49.613,149,199,473,558,7117.0,7148.0,31.0,-0.135
165,10.18,49.613,199,248,473,558,7113.0,7145.0,32.0,-0.674
165,10.18,49.613,248,297,473,558,7110.0,7144.0,34.0,-1.079
165,10.18,49.613,297,346,473,558,7112.0,7144.0,32.0,-0.809
165,10.18,49.613,346,395,473,558,7113.0,7146.0,33.0,-0.674
165,10.18,49.613,395,442,473,558,7107.0,7139.0,32.0,-1.484
165,10.18,49.613,442,491,473,558,7112.0,7139.0,27.0,-0.809
170,10.18,49.613,13,65,47,139,7111.0,7141.0,30.0,-1.079
170,10.18,49.613,65,111,47,139,7112.0,7137.0,25.0,-0.944
170,10.18,49.613,111,159,47,139,7118.0,7143.0,25.0,-0.135
170,10.18,49.613,159,207,47,139,7127.0,7174.0,47.0,1.079
170,10.18,49.613,207,255,47,139,7116.0,7145.19,29.19,-0.405
170,10.18,49.613,255,303,47,139,7116.0,7146.0,30.0,-0.405
170,10.18,49.613,303,351,47,139,7121.0,7149.0,28.0,0.27
170,10.18,49.613,351,400,47,139,7119.0,7149.0,30.0,0.0
170,10.18,49.613,400,449,47,139,7128.0,7158.0,30.0,1.214
170,10.18,49.613,449,498,47,139,7118.0,7151.0,33.0,-0.135
170,10.18,49.613,6,56,139,214,7120.0,7149.0,29.0,0.135
170,10.18,49.613,56,103,139,214,7123.0,7154.32,31.32,0.54
170,10.18,49.613,103,155,139,214,7147.0,7230.0,83.0,3.777
170,10.18,49.613,155,204,139,214,7133.0,7168.0,35.0,1.889
170,10.18,49.613,204,254,139,214,7124.0,7155.0,31.0,0.674
170,10.18,49.613,254,305,139,214,7123.0,7158.0,35.0,0.54
170,10.18,49.613,305,356,139,214,7129.0,7158.0,29.0,1.349
170,10.18,49.613,356,407,139,214,7128.0,7157.0,29.0,1.214
170,10.18,49.613,407,455,139,214,7123.0,7151.0,28.0,0.54
170,10.18,49.613,455,505,139,214,7127.0,7156.88,29.88,1.079
170,10.18,49.613,0,38,366,476,7114.0,7139.0,25.0,-0.674
170,10.18,49.613,38,84,366,476,7114.0,7143.0,29.0,-0.674
170,10.18,49.613,84,132,366,476,7118.0,7147.0,29.0,-0.135
170,10.18,49.613,132,178,366,476,7123.0,7162.0,39.0,0.54
170,10.18,49.613,178,228,366,476,7121.0,7154.0,33.0,0.27
170,10.18,49.613,228,275,366,476,7111.0,7142.0,31.0,-1.079
170,10.18,49.613,275,323,366,476,7101.0,7132.0,31.0,-2.428
170,10.18,49.613,323,369,366,476,7114.0,7152.75,38.75,-0.674
170,10.18,49.613,369,416,366,476,7109.0,7146.0,37.0,-1.349
170,10.18,49.613,416,463,366,476,7113.0,7144.0,31.0,-0.809
170,10.18,49.613,463,512,366,476,7110.0,7148.0,38.0,-1.214
170,10.18,49.613,31,80,476,562,7121.0,7153.0,32.0,0.27
170,10.18,49.613,80,127,476,562,7126.0,7158.0,32.0,0.944
170,10.18,49.613,127,176,476,562,7122.0,7152.0,30.0,0.405
170,10.18,49.613,176,225,476,562,7120.0,7148.0,28.0,0.135
170,10.18,49.613,225,274,476,562,7119.0,7150.0,31.0,0.0
170,10.18,49.613,274,323,476,562,7113.0,7146.0,33.0,-0.809
170,10.18,49.613,323,373,476,562,7110.0,7144.65,34.65,-1.214
170,10.18,49.613,373,420,476,562,7111.5,7143.0,31.5,-1.012
170,10.18,49.613,420,469,476,562,7111.0,7144.0,33.0,-1.079
170,10.18,49.613,469,512,476,562,7107.0,7140.08,33.08,-1.619
175,10.18,49.613,6,43,50,143,7111.0,7133.0,22.0,-1.124
175,10.18,49.613,43,92,50,143,7108.0,7137.0,29.0,-1.461
175,10.18,49.613,92,140,50,143,7114.0,7143.0,29.0,-0.787
175,10.18,49.613,140,188,50,143,7118.0,7144.0,26.0,-0.337
175,10.18,49.613,188,236,50,143,7121.0,7147.0,26.0,0.0
175,10.18,49.613,236,283,50,143,7128.0,7175.4,47.4,0.787
175,10.18,49.613,283,330,50,143,7119.0,7148.32,29.32,-0.225
175,10.18,49.613,330,380,50,143,7115.0,7147.0,32.0,-0.674
175,10.18,49.613,380,430,50,143,7122.0,7152.0,30.0,0.112
175,10.18,49.613,430,479,50,143,7121.0,7150.0,29.0,0.0
175,10.18,49.613,0,37,143,218,7122.0,7149.0,27.0,0.112
175,10.18,49.613,37,86,143,218,7124.0,7153.0,29.0,0.337
175,10.18,49.613,86,136,143,218,7128.0,7161.0,33.0,0.787
175,10.18,49.613,136,184,143,218,7132.0,7168.0,36.0,1.237
175,10.18,49.613,184,234,143,218,7149.0,7231.0,82.0,3.148
175,10.18,49.613,234,284,143,218,7127.0,7159.0,32.0,0.674
175,10.18,49.613,284,334,143,218,7123.0,7152.0,29.0,0.225
175,10.18,49.613,334,385,143,218,7123.0,7157.0,34.0,0.225
175,10.18,49.613,385,436,143,218,7129.0,7158.23,29.23,0.899
175,10.18,49.613,436,485,143,218,7131.0,7158.0,27.0,1.124
175,10.18,49.613,19,66,369,483,7113.0,7141.0,28.0,-0.899
175,10.18,49.613,66,114,369,483,7112.0,7139.0,27.0,-1.012
175,10.18,49.613,114,161,369,483,7117.0,7148.0,31.0,-0.45
175,10.18,49.613,161,208,369,483,7119.0,7148.0,29.0,-0.225
175,10.18,49.613,208,255,369,483,7122.0,7159.25,37.25,0.112
175,10.18,49.613,255,315,369,483,7116.0,7155.0,39.0,-0.562
175,10.18,49.613,315,352,369,483,7107.0,7144.52,37.52,-1.574
175,10.18,49.613,352,397,369,483,7102.0,7132.0,30.0,-2.136
175,10.18,49.613,397,449,369,483,7107.0,7150.0,43.0,-1.574
175,10.18,49.613,449,492,369,483,7107.0,7145.0,38.0,-1.574
175,10.18,49.613,15,59,483,566,7122.0,7147.0,25.0,0.112
175,10.18,49.613,59,108,483,566,7126.0,7157.0,31.0,0.562
175,10.18,49.613,108,157,483,566,7124.0,7157.0,33.0,0.337
175,10.18,49.613,157,206,483,566,7128.0,7160.0,32.0,0.787
175,10.18,49.613,206,255,483,566,7123.0,7152.0,29.0,0.225
175,10.18,49.613,255,304,483,566,7123.0,7149.0,26.0,0.225
175,10.18,49.613,304,352,483,566,7119.0,7149.0,30.0,-0.225
175,10.18,49.613,352,402,483,566,7112.0,7142.29,30.29,-1.012
175,10.18,49.613,402,450,483,566,7109.0,7141.0,32.0,-1.349
175,10.18,49.613,450,500,483,566,7109.0,7140.0,31.0,-1.349
180,10.18,49.613,20,69,58,146,7112.0,7137.0,25.0,-1.349
180,10.18,49.613,69,118,58,146,7111.0,7135.0,24.0,-1.484
180,10.18,49.613,118,165,58,146,7114.0,7143.0,29.0,-1.079
180,10.18,49.613,165,214,58,146,7118.0,7149.0,31.0,-0.54
180,10.18,49.613,214,261,58,146,7118.0,7146.0,28.0,-0.54
180,10.18,49.613,261,309,58,146,7123.0,7148.36,25.36,0.135
180,10.18,49.613,309,358,58,146,7128.0,7177.0,49.0,0.809
180,10.18,49.613,358,405,58,146,7118.0,7148.0,30.0,-0.54
180,10.18,49.613,405,457,58,146,7116.5,7151.0,34.5,-0.742
180,10.18,49.613,457,506,58,146,7122.0,7151.0,29.0,0.0
180,10.18,49.613,15,64,146,222,7126.0,7159.0,33.0,0.54
180,10.18,49.613,64,111,146,222,7129.0,7158.0,29.0,0.944
180,10.18,49.613,111,161,146,222,7133.0,7167.0,34.0,1.484
180,10.18,49.613,161,211,146,222,7132.0,7166.0,34.0,1.349
180,10.18,49.613,211,261,146,222,7126.0,7161.0,35.0,0.54
180,10.18,49.613,261,310,146,222,7146.0,7226.0,80.0,3.238
180,10.18,49.613,310,361,146,222,7128.0,7159.0,31.0,0.809
180,10.18,49.613,361,410,146,222,7122.0,7151.0,29.0,0.0
180,10.18,49.613,410,462,146,222,7124.0,7157.03,33.03,0.27
180,10.18,49.613,462,512,146,222,7132.0,7161.0,29.0,1.349
180,10.18,49.613,0,44,372,483,7116.0,7142.0,26.0,-0.809
180,10.18,49.613,44,91,372,483,7117.0,7147.0,30.0,-0.674
180,10.18,49.613,91,138,372,483,7117.0,7143.0,26.0,-0.674
180,10.18,49.613,138,185,372,483,7117.0,7143.0,26.0,-0.674
180,10.18,49.613,185,233,372,483,7117.0,7146.0,29.0,-0.674
180,10.18,49.613,233,280,372,483,7121.0,7148.0,27.0,-0.135
180,10.18,49.613,280,327,372,483,7124.0,7163.0,39.0,0.27
180,10.18,49.613,327,375,372,483,7125.0,7157.57,32.57,0.405
180,10.18,49.613,375,425,372,483,7107.0,7144.0,37.0,-2.023
180,10.18,49.613,425,470,372,483,7099.0,7131.0,32.0,-3.103
180,10.18,49.613,470,512,372,483,7113.0,7147.0,34.0,-1.214
180,10.18,49.613,0,40,483,569,7122.0,7153.03,31.03,0.0
180,10.18,49.613,40,87,483,569,7126.0,7153.0,27.0,0.54
180,10.18,49.613,87,136,483,569,7121.0,7149.0,28.0,-0.135
180,10.18,49.613,136,183,483,569,7130.0,7161.0,31.0,1.079
180,10.18,49.613,183,232,483,569,7124.0,7157.0,33.0,0.27
180,10.18,49.613,232,281,483,569,7129.0,7162.0,33.0,0.944
180,10.18,49.613,281,330,483,569,7125.0,7153.0,28.0,0.405
180,10.18,49.613,330,379,483,569,7122.0,7148.05,26.05,0.0
180,10.18,49.613,379,426,483,569,7118.0,7146.0,28.0,-0.54
180,10.18,49.613,426,476,483,569,7109.0,7141.72,32.72,-1.754
180,10.18,49.613,476,512,483,569,7107.0,7142.0,35.0,-2.023
185,10.18,49.613,0,43,61,150,7112.0,7136.2,24.2,-1.619
185,10.18,49.613,43,91,61,150,7108.0,7130.0,22.0,-2.158
185,10.18,49.613,91,140,61,150,7115.0,7142.0,27.0,-1.214
185,10.18,49.613,140,188,61,150,7119.0,7144.0,25.0,-0.674
185,10.18,49.613,188,235,61,150,7118.0,7147.0,29.0,-0.809
185,10.18,49.613,235,284,61,150,7123.0,7152.0,29.0,-0.135
185,10.18,49.613,284,332,61,150,7124.0,7153.0,29.0,0.0
185,10.18,49.613,332,378,61,150,7125.0,7152.0,27.0,0.135
185,10.18,49.613,378,427,61,150,7132.0,7177.0,45.0,1.079
185,10.18,49.613,427,481,61,150,7119.0,7154.0,35.0,-0.674
185,10.18,49.613,0,37,150,225,7125.0,7157.0,32.0,0.135
185,10.18,49.613,37,86,150,225,7132.0,7162.0,30.0,1.079
185,10.18,49.613,86,135,150,225,7136.0,7172.0,36.0,1.619
185,10.18,49.613,135,184,150,225,7139.0,7168.0,29.0,2.023
185,10.18,49.613,184,234,150,225,7135.0,7168.0,33.0,1.484
185,10.18,49.613,234,283,150,225,7131.0,7160.0,29.0,0.944
185,10.18,49.613,283,333,150,225,7129.0,7161.0,32.0,0.674
185,10.18,49.613,333,383,150,225,7146.0,7225.0,79.0,2.968
185,10.18,49.613,383,433,150,225,7128.0,7158.0,30.0,0.54
185,10.18,49.613,433,483,150,225,7126.0,7153.76,27.76,0.27
185,10.18,49.613,19,66,381,486,7114.0,7138.0,24.0,-1.349
185,10.18,49.613,66,111,381,486,7118.0,7147.0,29.0,-0.809
185,10.18,49.613,111,159,381,486,7120.0,7151.0,31.0,-0.54
185,10.18,49.613,159,207,381,486,7121.0,7147.0,26.0,-0.405
185,10.18,49.613,207,253,381,486,7119.0,7144.2,25.2,-0.674
185,10.18,49.613,253,303,381,486,7119.0,7151.0,32.0,-0.674
185,10.18,49.613,303,349,381,486,7124.0,7151.0,27.0,0.0
185,10.18,49.613,349,396,381,486,7126.0,7164.07,38.07,0.27
185,10.18,49.613,396,447,381,486,7123.0,7156.0,33.0,-0.135
185,10.18,49.613,447,495,381,486,7108.0,7143.76,35.76,-2.158
185,10.18,49.613,13,62,486,573,7123.0,7158.0,35.0,-0.135
185,10.18,49.613,62,110,486,573,7126.0,7158.0,32.0,0.27
185,10.18,49.613,110,156,486,573,7130.0,7159.0,29.0,0.809
185,10.18,49.613,156,205,486,573,7125.0,7154.0,29.0,0.135
185,10.18,49.613,205,254,486,573,7132.0,7165.0,33.0,1.079
185,10.18,49.613,254,303,486,573,7129.0,7162.0,33.0,0.674
185,10.18,49.613,303,351,486,573,7132.0,7164.0,32.0,1.079
185,10.18,49.613,351,399,486,573,7124.0,7153.0,29.0,0.0
185,10.18,49.613,399,449,486,573,7121.0,7146.02,25.02,-0.405
185,10.18,49.613,449,499,486,573,7117.0,7145.0,28.0,-0.944
190,10.18,49.613,14,62,62,152,7113.0,7137.0,24.0,-1.484
190,10.18,49.613,62,113,62,152,7113.0,7134.0,21.0,-1.484
190,10.18,49.613,113,160,62,152,7112.0,7132.0,20.0,-1.619
190,10.18,49.613,160,207,62,152,7121.0,7146.0,25.0,-0.405
190,10.18,49.613,207,255,62,152,7121.0,7144.0,23.0,-0.405
190,10.18,49.613,255,303,62,152,7120.0,7147.0,27.0,-0.54
190,10.18,49.613,303,350,62,152,7125.0,7153.12,28.12,0.135
190,10.18,49.613,350,398,62,152,7123.0,7151.0,28.0,-0.135
190,10.18,49.613,398,446,62,152,7127.0,7153.0,26.0,0.405
190,10.18,49.613,446,498,62,152,7132.0,7178.0,46.0,1.079
190,10.18,49.613,7,57,152,228,7129.0,7161.0,32.0,0.674
190,10.18,49.613,57,107,152,228,7132.0,7164.04,32.04,1.079
190,10.18,49.613,107,155,152,228,7142.0,7175.0,33.0,2.428
190,10.18,49.613,155,205,152,228,7140.0,7176.0,36.0,2.158
190,10.18,49.613,205,254,152,228,7133.0,7164.0,31.0,1.214
190,10.18,49.613,254,304,152,228,7132.0,7161.0,29.0,1.079
190,10.18,49.613,304,354,152,228,7130.0,7161.0,31.0,0.809
190,10.18,49.613,354,403,152,228,7127.0,7161.0,34.0,0.405
190,10.18,49.613,403,454,152,228,7144.0,7225.0,81.0,2.698
190,10.18,49.613,454,504,152,228,7131.0,7160.0,29.0,0.944
190,10.18,49.613,0,37,385,490,7112.0,7143.0,31.0,-1.619
190,10.18,49.613,37,81,385,490,7116.0,7150.4,34.4,-1.079
190,10.18,49.613,81,132,385,490,7115.0,7142.0,27.0,-1.214
190,10.18,49.613,132,177,385,490,7120.0,7148.0,28.0,-0.54
190,10.18,49.613,177,227,385,490,7119.0,7151.0,32.0,-0.674
190,10.18,49.613,227,274,385,490,7122.0,7147.0,25.0,-0.27
190,10.18,49.613,274,320,385,490,7121.0,7145.0,24.0,-0.405
190,10.18,49.613,320,369,385,490,7120.0,7149.0,29.0,-0.54
190,10.18,49.613,369,416,385,490,7123.0,7150.0,27.0,-0.135
190,10.18,49.613,416,462,385,490,7124.0,7165.7,41.7,0.0
190,10.18,49.613,462,512,385,490,7122.0,7154.0,32.0,-0.27
190,10.18,49.613,31,82,490,577,7119.0,7159.0,40.0,-0.674
190,10.18,49.613,82,127,490,577,7128.0,7163.0,35.0,0.54
190,10.18,49.613,127,177,490,577,7127.0,7162.0,35.0,0.405
190,10.18,49.613,177,226,490,577,7129.0,7162.0,33.0,0.674
190,10.18,49.613,226,274,490,577,7127.0,7155.0,28.0,0.405
190,10.18,49.613,274,323,490,577,7133.0,7166.0,33.0,1.214
190,10.18,49.613,323,372,490,577,7127.0,7160.0,33.0,0.405
190,10.18,49.613,372,420,490,577,7129.0,7163.0,34.0,0.674
190,10.18,49.613,420,469,490,577,7122.0,7151.0,29.0,-0.27
190,10.18,49.613,469,512,490,577,7122.0,7148.0,26.0,-0.27
195,10.18,49.613,0,35,62,153,7138.0,7177.0,39.0,1.349
195,10.18,49.613,35,82,62,153,7113.0,7137.0,24.0,-1.461
195,10.18,49.613,82,132,62,153,7112.0,7135.62,23.62,-1.574
195,10.18,49.613,132,180,62,153,7118.0,7140.0,22.0,-0.899
195,10.18,49.613,180,229,62,153,7115.0,7138.0,23.0,-1.237
195,10.18,49.613,229,276,62,153,7122.0,7146.0,24.0,-0.45
195,10.18,49.613,276,325,62,153,7122.0,7147.0,25.0,-0.45
195,10.18,49.613,325,371,62,153,7121.0,7148.0,27.0,-0.562
195,10.18,49.613,371,419,62,153,7125.0,7154.0,29.0,-0.112
195,10.18,49.613,419,469,62,153,7124.0,7153.0,29.0,-0.225
195,10.18,49.613,469,509,62,153,7126.0,7153.0,27.0,0.0
195,10.18,49.613,29,78,153,229,7130.0,7161.0,31.0,0.45
195,10.18,49.613,78,128,153,229,7139.0,7171.0,32.0,1.461
195,10.18,49.613,128,177,153,229,7140.0,7173.0,33.0,1.574
195,10.18,49.613,177,226,153,229,7140.0,7173.0,33.0,1.574
195,10.18,49.613,226,276,153,229,7134.0,7168.0,34.0,0.899
195,10.18,49.613,276,326,153,229,7133.0,7160.0,27.0,0.787
195,10.18,49.613,326,376,153,229,7132.0,7161.0,29.0,0.674
195,10.18,49.613,376,426,153,229,7129.0,7159.0,30.0,0.337
195,10.18,49.613,426,475,153,229,7128.0,7162.0,34.0,0.225
195,10.18,49.613,475,512,153,229,7160.5,7225.41,64.91,3.878
195,10.18,49.613,9,57,379,495,7134.0,7202.0,68.0,0.899
195,10.18,49.613,57,104,379,495,7113.0,7145.0,32.0,-1.461
195,10.18,49.613,104,151,379,495,7116.0,7148.0,32.0,-1.124
195,10.18,49.613,151,199,379,495,7118.0,7142.0,24.0,-0.899
195,10.18,49.613,199,244,379,495,7119.0,7148.0,29.0,-0.787
195,10.18,49.613,244,295,379,495,7118.0,7152.0,34.0,-0.899
195,10.18,49.613,295,342,379,495,7122.0,7148.0,26.0,-0.45
195,10.18,49.613,342,389,379,495,7119.0,7147.0,28.0,-0.787
195,10.18,49.613,389,437,379,495,7118.0,7147.0,29.0,-0.899
195,10.18,49.613,437,483,379,495,7120.0,7147.0,27.0,-0.674
195,10.18,49.613,2,53,495,579,7132.0,7160.0,28.0,0.674
195,10.18,49.613,53,99,495,579,7128.0,7161.0,33.0,0.225
195,10.18,49.613,99,150,495,579,7122.0,7162.0,40.0,-0.45
195,10.18,49.613,150,198,495,579,7129.0,7163.0,34.0,0.337
195,10.18,49.613,198,247,495,579,7129.0,7163.0,34.0,0.337
195,10.18,49.613,247,296,495,579,7132.0,7164.0,32.0,0.674
195,10.18,49.613,296,344,495,579,7127.0,7157.0,30.0,0.112
195,10.18,49.613,344,392,495,579,7133.0,7164.0,31.0,0.787
195,10.18,49.613,392,441,495,579,7124.0,7157.0,33.0,-0.225
195,10.18,49.613,441,491,495,579,7126.0,7159.0,33.0,0.0
200,10.18,49.613,6,55,61,154,7133.0,7157.0,24.0,0.467
200,10.18,49.613,55,101,61,154,7138.0,7179.0,41.0,0.986
200,10.18,49.613,101,150,61,154,7116.0,7141.0,25.0,-1.297
200,10.18,49.613,150,198,61,154,7118.0,7142.0,24.0,-1.09
200,10.18,49.613,198,246,61,154,7121.0,7144.0,23.0,-0.778
200,10.18,49.613,246,294,61,154,7118.0,7141.0,23.0,-1.09
200,10.18,49.613,294,341,61,154,7123.0,7149.0,26.0,-0.571
200,10.18,49.613,341,391,61,154,7122.0,7147.0,25.0,-0.674
200,10.18,49.613,391,440,61,154,7122.0,7151.0,29.0,-0.674
200,10.18,49.613,440,490,61,154,7127.0,7156.0,29.0,-0.156
200,10.18,49.613,0,46,154,230,7136.0,7162.35,26.35,0.778
200,10.18,49.613,46,96,154,230,7141.0,7172.86,31.86,1.297
200,10.18,49.613,96,145,154,230,7142.0,7175.0,33.0,1.401
200,10.18,49.613,145,196,154,230,7145.0,7177.0,32.0,1.712
200,10.18,49.613,196,245,154,230,7136.0,7168.0,32.0,0.778
200,10.18,49.613,245,295,154,230,7138.0,7168.0,30.0,0.986
200,10.18,49.613,295,345,154,230,7135.0,7167.0,32.0,0.674
200,10.18,49.613,345,395,154,230,7133.0,7158.0,25.0,0.467
200,10.18,49.613,395,445,154,230,7132.0,7160.0,28.0,0.363
200,10.18,49.613,445,496,154,230,7132.0,7161.61,29.61,0.363
200,10.18,49.613,25,76,380,497,7126.0,7211.36,85.36,-0.259
200,10.18,49.613,76,122,380,497,7142.0,7207.0,65.0,1.401
200,10.18,49.613,122,170,380,497,7117.0,7151.0,34.0,-1.193
200,10.18,49.613,170,218,380,497,7118.0,7148.79,30.79,-1.09
200,10.18,49.613,218,264,380,497,7119.0,7144.0,25.0,-0.986
200,10.18,49.613,264,313,380,497,7120.0,7150.0,30.0,-0.882
200,10.18,49.613,313,361,380,497,7120.0,7151.16,31.16,-0.882
200,10.18,49.613,361,408,380,497,7122.0,7149.0,27.0,-0.674
200,10.18,49.613,408,456,380,497,7117.0,7144.0,27.0,-1.193
200,10.18,49.613,456,503,380,497,7118.0,7148.0,30.0,-1.09
200,10.18,49.613,20,69,497,582,7131.0,7161.0,30.0,0.259
200,10.18,49.613,69,119,497,582,7134.0,7165.46,31.46,0.571
200,10.18,49.613,119,167,497,582,7131.0,7165.0,34.0,0.259
200,10.18,49.613,167,216,497,582,7126.0,7164.0,38.0,-0.259
200,10.18,49.613,216,265,497,582,7131.0,7166.0,35.0,0.259
200,10.18,49.613,265,314,497,582,7131.0,7167.0,36.0,0.259
200,10.18,49.613,314,364,497,582,7131.0,7164.0,33.0,0.259
200,10.18,49.613,364,412,497,582,7126.0,7156.0,30.0,-0.259
200,10.18,49.613,412,461,497,582,7130.0,7164.0,34.0,0.156
200,10.18,49.613,461,510,497,582,7124.0,7158.0,34.0,-0.467
205,10.18,49.613,17,67,68,153,7135.0,7178.0,43.0,0.674
205,10.18,49.613,67,118,68,153,7128.0,7155.0,27.0,-0.052
205,10.18,49.613,118,167,68,153,7136.0,7181.0,45.0,0.778
205,10.18,49.613,167,215,68,153,7117.0,7144.0,27.0,-1.193
205,10.18,49.613,215,263,68,153,7118.0,7141.0,23.0,-1.09
205,10.18,49.613,263,311,68,153,7120.0,7144.0,24.0,-0.882
205,10.18,49.613,311,359,68,153,7115.0,7139.0,24.0,-1.401
205,10.18,49.613,359,408,68,153,7123.0,7149.0,26.0,-0.571
205,10.18,49.613,408,462,68,153,7123.0,7150.51,27.51,-0.571
205,10.18,49.613,462,508,68,153,7122.0,7152.0,30.0,-0.674
205,10.18,49.613,13,62,153,229,7139.0,7170.0,31.0,1.09
205,10.18,49.613,62,112,153,229,7141.0,7171.0,30.0,1.297
205,10.18,49.613,112,163,153,229,7147.0,7179.0,32.0,1.92
205,10.18,49.613,163,212,153,229,7141.0,7173.0,32.0,1.297
205,10.18,49.613,212,263,153,229,7137.0,7171.0,34.0,0.882
205,10.18,49.613,263,313,153,229,7133.0,7165.0,32.0,0.467
205,10.18,49.613,313,363,153,229,7135.0,7164.0,29.0,0.674
205,10.18,49.613,363,414,153,229,7132.0,7165.0,33.0,0.363
205,10.18,49.613,414,463,153,229,7133.0,7159.0,26.0,0.467
205,10.18,49.613,463,512,153,229,7133.0,7161.0,28.0,0.467
205,10.18,49.613,0,40,380,498,7134.0,7166.0,32.0,0.571
205,10.18,49.613,40,88,380,498,7131.0,7166.0,35.0,0.259
205,10.18,49.613,88,136,380,498,7126.0,7224.9,98.9,-0.259
205,10.18,49.613,136,187,380,498,7137.0,7206.0,69.0,0.882
205,10.18,49.613,187,234,380,498,7116.0,7148.0,32.0,-1.297
205,10.18,49.613,234,282,380,498,7118.0,7153.03,35.03,-1.09
205,10.18,49.613,282,331,380,498,7117.0,7143.0,26.0,-1.193
205,10.18,49.613,331,378,380,498,7121.0,7148.0,27.0,-0.778
205,10.18,49.613,378,426,380,498,7119.0,7150.0,31.0,-0.986
205,10.18,49.613,426,473,380,498,7118.0,7146.0,28.0,-1.09
205,10.18,49.613,473,512,380,498,7117.0,7143.0,26.0,-1.193
205,10.18,49.613,34,86,498,584,7135.0,7168.55,33.55,0.674
205,10.18,49.613,86,134,498,584,7131.0,7159.0,28.0,0.259
205,10.18,49.613,134,185,498,584,7135.0,7166.0,31.0,0.674
205,10.18,49.613,185,233,498,584,7129.0,7164.0,35.0,0.052
205,10.18,49.613,233,283,498,584,7126.0,7165.0,39.0,-0.259
205,10.18,49.613,283,332,498,584,7129.0,7165.0,36.0,0.052
205,10.18,49.613,332,381,498,584,7128.0,7162.0,34.0,-0.052
205,10.18,49.613,381,430,498,584,7128.0,7159.0,31.0,-0.052
205,10.18,49.613,430,480,498,584,7122.0,7151.0,29.0,-0.674
210,10.18,49.613,0,38,69,153,7121.0,7149.0,28.0,-0.915
210,10.18,49.613,38,87,69,153,7130.0,7161.0,31.0,-0.048
210,10.18,49.613,87,133,69,153,7138.0,7181.66,43.66,0.723
210,10.18,49.613,133,183,69,153,7134.0,7163.0,29.0,0.337
210,10.18,49.613,183,232,69,153,7142.0,7184.0,42.0,1.108
210,10.18,49.613,232,280,69,153,7119.0,7145.0,26.0,-1.108
210,10.18,49.613,280,329,69,153,7118.0,7144.0,26.0,-1.204
210,10.18,49.613,329,377,69,153,7120.0,7145.0,25.0,-1.012
210,10.18,49.613,377,427,69,153,7117.0,7141.0,24.0,-1.301
210,10.18,49.613,427,477,69,153,7125.0,7152.0,27.0,-0.53
210,10.18,49.613,477,512,69,153,7124.0,7148.0,24.0,-0.626
210,10.18,49.613,28,80,153,230,7138.5,7170.0,31.5,0.771
210,10.18,49.613,80,129,153,230,7149.0,7181.0,32.0,1.783
210,10.18,49.613,129,179,153,230,7149.0,7178.0,29.0,1.783
210,10.18,49.613,179,231,153,230,7143.0,7178.0,35.0,1.204
210,10.18,49.613,231,281,153,230,7135.0,7166.0,31.0,0.434
210,10.18,49.613,281,332,153,230,7137.0,7168.0,31.0,0.626
210,10.18,49.613,332,382,153,230,7132.0,7163.0,31.0,0.145
210,10.18,49.613,382,433,153,230,7135.0,7163.0,28.0,0.434
210,10.18,49.613,433,483,153,230,7134.0,7166.0,32.0,0.337
210,10.18,49.613,15,72,381,500,7127.0,7163.0,36.0,-0.337
210,10.18,49.613,153,203,381,500,7128.0,7220.44,92.44,-0.241
210,10.18,49.613,203,252,381,500,7141.0,7206.0,65.0,1.012
210,10.18,49.613,252,299,381,500,7118.0,7149.0,31.0,-1.204
210,10.18,49.613,299,348,381,500,7118.0,7153.0,35.0,-1.204
210,10.18,49.613,348,393,381,500,7119.0,7144.0,25.0,-1.108
210,10.18,49.613,393,444,381,500,7118.0,7146.4,28.4,-1.204
210,10.18,49.613,444,492,381,500,7118.0,7149.0,31.0,-1.204
210,10.18,49.613,0,53,500,587,7137.0,7170.0,33.0,0.626
210,10.18,49.613,53,102,500,587,7139.0,7171.0,32.0,0.819
210,10.18,49.613,102,151,500,587,7140.0,7172.0,32.0,0.915
210,10.18,49.613,151,201,500,587,7133.0,7162.0,29.0,0.241
210,10.18,49.613,201,251,500,587,7137.0,7167.31,30.31,0.626
210,10.18,49.613,251,301,500,587,7131.0,7169.0,38.0,0.048
210,10.18,49.613,301,351,500,587,7125.0,7165.0,40.0,-0.53
210,10.18,49.613,351,399,500,587,7129.0,7163.0,34.0,-0.145
210,10.18,49.613,399,449,500,587,7125.0,7161.0,36.0,-0.53
210,10.18,49.613,449,499,500,587,7126.0,7157.0,31.0,-0.434
215,10.18,49.613,0,51,66,156,7122.0,7157.0,35.0,-1.124
215,10.18,49.613,51,103,66,156,7122.0,7151.0,29.0,-1.124
215,10.18,49.613,103,150,66,156,7132.0,7169.0,37.0,-0.225
215,10.18,49.613,150,199,66,156,7142.0,7185.0,43.0,0.674
215,10.18,49.613,199,249,66,156,7137.0,7164.0,27.0,0.225
215,10.18,49.613,249,298,66,156,7143.0,7187.0,44.0,0.764
215,10.18,49.613,298,348,66,156,7121.0,7148.0,27.0,-1.214
215,10.18,49.613,348,396,66,156,7121.0,7144.0,23.0,-1.214
215,10.18,49.613,396,447,66,156,7122.0,7147.0,25.0,-1.124
215,10.18,49.613,447,497,66,156,7118.0,7142.29,24.29,-1.484
215,10.18,49.613,0,45,156,230,7135.0,7171.0,36.0,0.045
215,10.18,49.613,45,96,156,230,7142.0,7173.0,31.0,0.674
215,10.18,49.613,96,146,156,230,7152.0,7184.0,32.0,1.574
215,10.18,49.613,146,196,156,230,7154.0,7186.09,32.09,1.754
215,10.18,49.613,196,248,156,230,7144.0,7172.0,28.0,0.854
215,10.18,49.613,248,300,156,230,7143.0,7173.0,30.0,0.764
215,10.18,49.613,300,350,156,230,7138.0,7167.0,29.0,0.315
215,10.18,49.613,350,401,156,230,7138.0,7168.0,30.0,0.315
215,10.18,49.613,401,451,156,230,7134.0,7165.0,31.0,-0.045
215,10.18,49.613,451,503,156,230,7138.0,7166.0,28.0,0.315
215,10.18,49.613,29,72,383,502,7131.0,7161.0,30.0,-0.315
215,10.18,49.613,72,120,383,502,7133.0,7165.0,32.0,-0.135
215,10.18,49.613,120,180,383,502,7132.0,7170.0,38.0,-0.225
215,10.18,49.613,180,218,383,502,7136.0,7172.0,36.0,0.135
215,10.18,49.613,218,268,383,502,7130.0,7224.0,94.0,-0.405
215,10.18,49.613,268,317,383,502,7142.0,7209.0,67.0,0.674
215,10.18,49.613,317,366,383,502,7118.0,7151.0,33.0,-1.484
215,10.18,49.613,366,414,383,502,7121.0,7156.96,35.96,-1.214
215,10.18,49.613,414,462,383,502,7118.0,7143.0,25.0,-1.484
215,10.18,49.613,462,506,383,502,7121.0,7146.0,25.0,-1.214
215,10.18,49.613,19,68,502,590,7140.0,7169.0,29.0,0.495
215,10.18,49.613,68,118,502,590,7139.0,7175.0,36.0,0.405
215,10.18,49.613,118,167,502,590,7142.0,7175.0,33.0,0.674
215,10.18,49.613,167,217,502,590,7141.0,7175.0,34.0,0.585
215,10.18,49.613,217,268,502,590,7135.0,7165.0,30.0,0.045
215,10.18,49.613,268,319,502,590,7138.0,7171.0,33.0,0.315
215,10.18,49.613,319,368,502,590,7131.0,7167.0,36.0,-0.315
215,10.18,49.613,368,418,502,590,7124.0,7164.0,40.0,-0.944
215,10.18,49.613,418,468,502,590,7127.0,7162.0,35.0,-0.674
215,10.18,49.613,468,512,502,590,7126.0,7161.0,35.0,-0.764
220,10.18,49.613,16,69,67,152,7122.0,7155.25,33.25,-1.156
220,10.18,49.613,69,119,67,152,7122.0,7155.0,33.0,-1.156
220,10.18,49.613,119,168,67,152,7125.0,7153.0,28.0,-0.867
220,10.18,49.613,168,215,67,152,7135.0,7167.0,32.0,0.096
220,10.18,49.613,215,264,67,152,7142.0,7186.0,44.0,0.771
220,10.18,49.613,264,315,67,152,7137.0,7164.0,27.0,0.289
220,10.18,49.613,315,364,67,152,7142.0,7184.0,42.0,0.771
220,10.18,49.613,364,414,67,152,7121.0,7146.73,25.73,-1.253
220,10.18,49.613,414,464,67,152,7121.0,7146.0,25.0,-1.253
220,10.18,49.613,464,512,67,152,7123.0,7145.0,22.0,-1.06
220,10.18,49.613,11,62,152,230,7136.0,7170.0,34.0,0.193
220,10.18,49.613,62,112,152,230,7139.0,7177.0,38.0,0.482
220,10.18,49.613,112,161,152,230,7149.0,7182.0,33.0,1.445
220,10.18,49.613,161,213,152,230,7148.0,7181.0,33.0,1.349
220,10.18,49.613,213,264,152,230,7144.0,7177.0,33.0,0.964
220,10.18,49.613,264,316,152,230,7141.0,7169.0,28.0,0.674
220,10.18,49.613,316,368,152,230,7140.5,7171.0,30.5,0.626
220,10.18,49.613,368,419,152,230,7134.0,7165.0,31.0,0.0
220,10.18,49.613,419,470,152,230,7137.0,7168.0,31.0,0.289
220,10.18,49.613,470,512,152,230,7133.0,7166.0,33.0,-0.096
220,10.18,49.613,2,43,382,504,7121.0,7156.77,35.77,-1.253
220,10.18,49.613,43,88,382,504,7126.0,7162.0,36.0,-0.771
220,10.18,49.613,88,135,382,504,7132.0,7162.0,30.0,-0.193
220,10.18,49.613,135,186,382,504,7132.0,7165.0,33.0,-0.193
220,10.18,49.613,186,234,382,504,7138.0,7170.0,32.0,0.385
220,10.18,49.613,234,282,382,504,7136.0,7169.0,33.0,0.193
220,10.18,49.613,282,332,382,504,7128.0,7210.0,82.0,-0.578
220,10.18,49.613,332,382,382,504,7141.0,7207.31,66.31,0.674
220,10.18,49.613,382,431,382,504,7116.0,7148.0,32.0,-1.734
220,10.18,49.613,431,479,382,504,7117.0,7146.0,29.0,-1.638
220,10.18,49.613,34,83,504,592,7133.0,7167.0,34.0,-0.096
220,10.18,49.613,83,134,504,592,7139.0,7170.0,31.0,0.482
220,10.18,49.613,134,182,504,592,7142.0,7176.0,34.0,0.771
220,10.18,49.613,182,233,504,592,7141.0,7172.63,31.63,0.674
220,10.18,49.613,233,283,504,592,7142.0,7182.39,40.39,0.771
220,10.18,49.613,283,335,504,592,7133.0,7164.0,31.0,-0.096
220,10.18,49.613,335,385,504,592,7134.0,7165.0,31.0,0.0
220,10.18,49.613,385,435,504,592,7127.0,7163.0,36.0,-0.674
220,10.18,49.613,435,486,504,592,7119.0,7159.0,40.0,-1.445
225,10.18,49.613,31,81,65,151,7118.0,7142.0,24.0,-1.638
225,10.18,49.613,81,131,65,151,7124.0,7158.0,34.0,-1.06
225,10.18,49.613,131,179,65,151,7129.0,7159.94,30.94,-0.578
225,10.18,49.613,179,231,65,151,7127.0,7156.0,29.0,-0.771
225,10.18,49.613,231,280,65,151,7135.0,7170.0,35.0,0.0
225,10.18,49.613,280,329,65,151,7143.0,7188.0,45.0,0.771
225,10.18,49.613,329,380,65,151,7136.0,7164.0,28.0,0.096
225,10.18,49.613,380,431,65,151,7144.0,7187.0,43.0,0.867
225,10.18,49.613,431,480,65,151,7122.0,7148.0,26.0,-1.253
225,10.18,49.613,25,75,151,230,7137.0,7172.0,35.0,0.193
225,10.18,49.613,75,126,151,230,7145.0,7182.0,37.0,0.964
225,10.18,49.613,126,177,151,230,7146.0,7184.0,38.0,1.06
225,10.18,49.613,177,228,151,230,7144.0,7179.0,35.0,0.867
225,10.18,49.613,228,280,151,230,7143.0,7173.62,30.62,0.771
225,10.18,49.613,280,331,151,230,7144.0,7176.0,32.0,0.867
225,10.18,49.613,331,383,151,230,7139.0,7165.0,26.0,0.385
225,10.18,49.613,383,436,151,230,7139.0,7170.0,31.0,0.385
225,10.18,49.613,436,487,151,230,7135.0,7165.0,30.0,0.0
225,10.18,49.613,0,51,383,505,7121.0,7157.0,36.0,-1.349
225,10.18,49.613,51,100,383,505,7123.0,7159.0,36.0,-1.156
225,10.18,49.613,100,153,383,505,7122.0,7162.0,40.0,-1.253
225,10.18,49.613,153,193,383,505,7135.0,7164.0,29.0,0.0
225,10.18,49.613,193,245,383,505,7129.0,7165.0,36.0,-0.578
225,10.18,49.613,245,296,383,505,7136.0,7169.0,33.0,0.096
225,10.18,49.613,296,347,383,505,7131.0,7171.0,40.0,-0.385
225,10.18,49.613,347,396,383,505,7128.0,7206.46,78.46,-0.674
225,10.18,49.613,396,446,383,505,7138.0,7206.0,68.0,0.289
225,10.18,49.613,446,494,383,505,7113.0,7146.0,33.0,-2.12
225,10.18,49.613,0,43,505,592,7131.0,7161.0,30.0,-0.385
225,10.18,49.613,43,97,505,592,7133.0,7163.0,30.0,-0.193
225,10.18,49.613,97,145,505,592,7137.0,7168.0,31.0,0.193
225,10.18,49.613,145,197,505,592,7142.0,7172.0,30.0,0.674
225,10.18,49.613,197,247,505,592,7142.0,7176.0,34.0,0.674
225,10.18,49.613,247,298,505,592,7142.0,7179.0,37.0,0.674
225,10.18,49.613,298,348,505,592,7141.0,7174.0,33.0,0.578
225,10.18,49.613,348,400,505,592,7131.0,7162.0,31.0,-0.385
225,10.18,49.613,400,450,505,592,7133.0,7162.0,29.0,-0.193
225,10.18,49.613,450,502,505,592,7124.0,7158.0,34.0,-1.06
230,10.18,49.613,0,41,63,149,7112.0,7139.0,27.0,-2.542
230,10.18,49.613,41,91,63,149,7119.0,7149.0,30.0,-1.816
230,10.18,49.613,91,140,63,149,7122.0,7147.0,25.0,-1.505
230,10.18,49.613,140,189,63,149,7131.0,7163.0,32.0,-0.571
230,10.18,49.613,189,241,63,149,7129.0,7164.0,35.0,-0.778
230,10.18,49.613,241,290,63,149,7131.0,7158.0,27.0,-0.571
230,10.18,49.613,290,341,63,149,7137.0,7173.0,36.0,0.052
230,10.18,49.613,341,390,63,149,7144.0,7188.0,44.0,0.778
230,10.18,49.613,390,440,63,149,7140.0,7165.0,25.0,0.363
230,10.18,49.613,440,493,63,149,7144.0,7185.0,41.0,0.778
230,10.18,49.613,0,37,149,228,7128.0,7161.0,33.0,-0.882
230,10.18,49.613,37,86,149,228,7145.0,7179.0,34.0,0.882
230,10.18,49.613,86,137,149,228,7148.0,7185.0,37.0,1.193
230,10.18,49.613,137,187,149,228,7151.0,7188.0,37.0,1.505
230,10.18,49.613,187,239,149,228,7142.0,7181.0,39.0,0.571
230,10.18,49.613,239,291,149,228,7143.0,7176.0,33.0,0.674
230,10.18,49.613,291,342,149,228,7146.0,7176.0,30.0,0.986
230,10.18,49.613,342,394,149,228,7144.0,7176.0,32.0,0.778
230,10.18,49.613,394,447,149,228,7141.0,7167.0,26.0,0.467
230,10.18,49.613,447,499,149,228,7142.0,7171.0,29.0,0.571
230,10.18,49.613,11,59,384,505,7121.0,7144.0,23.0,-1.608
230,10.18,49.613,59,110,384,505,7125.0,7163.0,38.0,-1.193
230,10.18,49.613,110,169,384,505,7122.0,7163.0,41.0,-1.505
230,10.18,49.613,169,207,384,505,7133.0,7168.0,35.0,-0.363
230,10.18,49.613,207,258,384,505,7133.0,7164.0,31.0,-0.363
230,10.18,49.613,258,308,384,505,7133.0,7167.0,34.0,-0.363
230,10.18,49.613,308,355,384,505,7142.0,7171.0,29.0,0.571
230,10.18,49.613,355,406,384,505,7133.0,7172.0,39.0,-0.363
230,10.18,49.613,406,455,384,505,7128.0,7205.54,77.54,-0.882
230,10.18,49.613,455,506,384,505,7136.0,7201.17,65.17,-0.052
230,10.18,49.613,0,55,505,592,7128.0,7159.0,31.0,-0.882
230,10.18,49.613,55,106,505,592,7132.0,7166.0,34.0,-0.467
230,10.18,49.613,106,158,505,592,7137.0,7169.0,32.0,0.052
230,10.18,49.613,158,207,505,592,7139.0,7170.0,31.0,0.259
230,10.18,49.613,207,258,505,592,7144.0,7175.0,31.0,0.778
230,10.18,49.613,258,309,505,592,7143.0,7180.0,37.0,0.674
230,10.18,49.613,309,360,505,592,7142.0,7175.0,33.0,0.571
230,10.18,49.613,360,409,505,592,7141.0,7173.0,32.0,0.467
230,10.18,49.613,409,462,505,592,7129.0,7159.0,30.0,-0.778
230,10.18,49.613,462,512,505,592,7133.0,7163.0,30.0,-0.363
235,10.18,49.613,0,44,60,151,7113.0,7157.0,44.0,-2.12
235,10.18,49.613,44,94,60,151,7116.0,7144.0,28.0,-1.831
235,10.18,49.613,94,140,60,151,7122.0,7152.0,30.0,-1.253
235,10.18,49.613,140,190,60,151,7123.0,7151.0,28.0,-1.156
235,10.18,49.613,190,243,60,151,7129.0,7165.0,36.0,-0.578
235,10.18,49.613,243,293,60,151,7130.0,7165.69,35.69,-0.482
235,10.18,49.613,293,342,60,151,7132.0,7161.0,29.0,-0.289
235,10.18,49.613,342,393,60,151,7136.0,7173.0,37.0,0.096
235,10.18,49.613,393,444,60,151,7145.0,7191.0,46.0,0.964
235,10.18,49.613,444,497,60,151,7139.0,7165.0,26.0,0.385
235,10.18,49.613,0,37,151,227,7127.0,7159.0,32.0,-0.771
235,10.18,49.613,37,90,151,227,7132.0,7165.0,33.0,-0.289
235,10.18,49.613,90,140,151,227,7154.0,7189.0,35.0,1.831
235,10.18,49.613,140,191,151,227,7152.0,7188.0,36.0,1.638
235,10.18,49.613,191,242,151,227,7147.0,7183.0,36.0,1.156
235,10.18,49.613,242,294,151,227,7141.0,7176.0,35.0,0.578
235,10.18,49.613,294,346,151,227,7144.0,7175.0,31.0,0.867
235,10.18,49.613,346,397,151,227,7145.0,7174.0,29.0,0.964
235,10.18,49.613,397,449,151,227,7146.0,7176.0,30.0,1.06
235,10.18,49.613,449,502,151,227,7143.0,7169.0,26.0,0.771
235,10.18,49.613,19,62,383,505,7122.0,7141.0,19.0,-1.253
235,10.18,49.613,62,112,383,505,7121.0,7146.0,25.0,-1.349
235,10.18,49.613,112,162,383,505,7128.0,7163.0,35.0,-0.674
235,10.18,49.613,162,212,383,505,7128.0,7164.0,36.0,-0.674
235,10.18,49.613,212,261,383,505,7129.0,7165.0,36.0,-0.578
235,10.18,49.613,261,311,383,505,7135.0,7164.0,29.0,0.0
235,10.18,49.613,311,360,383,505,7136.0,7166.0,30.0,0.096
235,10.18,49.613,360,412,383,505,7138.0,7170.0,32.0,0.289
235,10.18,49.613,412,458,383,505,7134.0,7172.0,38.0,-0.096
235,10.18,49.613,458,509,383,505,7126.0,7205.73,79.73,-0.867
235,10.18,49.613,6,58,505,592,7127.0,7155.0,28.0,-0.771
235,10.18,49.613,58,108,505,592,7132.0,7163.0,31.0,-0.289
235,10.18,49.613,108,160,505,592,7135.0,7169.0,34.0,0.0
235,10.18,49.613,160,211,505,592,7138.0,7169.0,31.0,0.289
235,10.18,49.613,211,262,505,592,7139.0,7172.0,33.0,0.385
235,10.18,49.613,262,313,505,592,7146.0,7177.0,31.0,1.06
235,10.18,49.613,313,363,505,592,7143.0,7178.0,35.0,0.771
235,10.18,49.613,363,413,505,592,7141.0,7174.0,33.0,0.578
235,10.18,49.613,413,464,505,592,7138.0,7170.0,32.0,0.289
235,10.18,49.613,464,512,505,592,7131.0,7160.0,29.0,-0.385
240,10.18,49.613,7,44,60,151,7142.0,7168.0,26.0,0.491
240,10.18,49.613,44,94,60,151,7119.0,7161.0,42.0,-2.33
240,10.18,49.613,94,144,60,151,7118.0,7149.0,31.0,-2.453
240,10.18,49.613,144,194,60,151,7127.0,7157.0,30.0,-1.349
240,10.18,49.613,194,244,60,151,7127.0,7152.0,25.0,-1.349
240,10.18,49.613,244,293,60,151,7133.0,7168.0,35.0,-0.613
240,10.18,49.613,293,344,60,151,7132.0,7168.0,36.0,-0.736
240,10.18,49.613,344,393,60,151,7133.0,7162.0,29.0,-0.613
240,10.18,49.613,393,443,60,151,7141.0,7172.35,31.35,0.368
240,10.18,49.613,443,495,60,151,7147.0,7189.0,42.0,1.104
240,10.18,49.613,0,37,151,226,7138.0,7166.0,28.0,0.0
240,10.18,49.613,37,89,151,226,7133.0,7167.0,34.0,-0.613
240,10.18,49.613,89,140,151,226,7142.0,7176.0,34.0,0.491
240,10.18,49.613,140,191,151,226,7159.0,7194.0,35.0,2.575
240,10.18,49.613,191,243,151,226,7149.0,7183.27,34.27,1.349
240,10.18,49.613,243,294,151,226,7147.0,7182.0,35.0,1.104
240,10.18,49.613,294,346,151,226,7144.0,7178.0,34.0,0.736
240,10.18,49.613,346,398,151,226,7146.0,7176.0,30.0,0.981
240,10.18,49.613,398,449,151,226,7147.0,7176.0,29.0,1.104
240,10.18,49.613,449,501,151,226,7149.0,7177.0,28.0,1.349
240,10.18,49.613,12,62,386,502,7141.0,7184.0,43.0,0.368
240,10.18,49.613,62,112,386,502,7124.0,7145.0,21.0,-1.717
240,10.18,49.613,112,160,386,502,7126.0,7150.0,24.0,-1.472
240,10.18,49.613,160,211,386,502,7131.0,7167.0,36.0,-0.858
240,10.18,49.613,211,263,386,502,7131.0,7166.0,35.0,-0.858
240,10.18,49.613,263,310,386,502,7136.0,7168.06,32.06,-0.245
240,10.18,49.613,310,360,386,502,7138.0,7165.0,27.0,0.0
240,10.18,49.613,360,409,386,502,7138.0,7170.0,32.0,0.0
240,10.18,49.613,409,458,386,502,7140.0,7169.91,29.91,0.245
240,10.18,49.613,458,508,386,502,7135.0,7171.0,36.0,-0.368
240,10.18,49.613,7,57,502,593,7131.0,7157.0,26.0,-0.858
240,10.18,49.613,57,108,502,593,7132.0,7161.0,29.0,-0.736
240,10.18,49.613,108,158,502,593,7136.0,7169.0,33.0,-0.245
240,10.18,49.613,158,210,502,593,7137.0,7171.0,34.0,-0.123
240,10.18,49.613,210,262,502,593,7141.0,7173.0,32.0,0.368
240,10.18,49.613,262,312,502,593,7142.0,7176.0,34.0,0.491
240,10.18,49.613,312,362,502,593,7145.0,7175.0,30.0,0.858
240,10.18,49.613,362,414,502,593,7142.0,7178.0,36.0,0.491
240,10.18,49.613,414,465,502,593,7139.0,7172.0,33.0,0.123
240,10.18,49.613,465,512,502,593,7139.0,7172.0,33.0,0.123
245,10.18,49.613,0,42,57,150,7138.0,7181.0,43.0,0.27
245,10.18,49.613,42,95,57,150,7145.0,7176.0,31.0,1.214
245,10.18,49.613,95,145,57,150,7116.0,7163.0,47.0,-2.698
245,10.18,49.613,145,195,57,150,7120.0,7152.0,32.0,-2.158
245,10.18,49.613,195,242,57,150,7125.0,7155.0,30.0,-1.484
245,10.18,49.613,242,294,57,150,7123.0,7151.0,28.0,-1.754
245,10.18,49.613,294,343,57,150,7131.0,7165.0,34.0,-0.674
245,10.18,49.613,343,395,57,150,7130.0,7165.0,35.0,-0.809
245,10.18,49.613,395,445,57,150,7132.0,7161.0,29.0,-0.54
245,10.18,49.613,445,498,57,150,7137.0,7169.0,32.0,0.135
245,10.18,49.613,0,39,150,226,7135.0,7162.0,27.0,-0.135
245,10.18,49.613,39,90,150,226,7141.0,7170.0,29.0,0.674
245,10.18,49.613,90,139,150,226,7139.0,7171.0,32.0,0.405
245,10.18,49.613,139,192,150,226,7144.0,7178.0,34.0,1.079
245,10.18,49.613,192,243,150,226,7150.0,7184.0,34.0,1.889
245,10.18,49.613,243,295,150,226,7144.0,7178.0,34.0,1.079
245,10.18,49.613,295,347,150,226,7144.0,7177.0,33.0,1.079
245,10.18,49.613,347,399,150,226,7140.0,7175.0,35.0,0.54
245,10.18,49.613,399,450,150,226,7143.0,7173.51,30.51,0.944
245,10.18,49.613,450,502,150,226,7145.0,7175.0,30.0,1.214
245,10.18,49.613,13,59,385,502,7136.0,7170.0,34.0,0.0
245,10.18,49.613,59,111,385,502,7138.0,7184.0,46.0,0.27
245,10.18,49.613,111,161,385,502,7125.0,7146.0,21.0,-1.484
245,10.18,49.613,161,211,385,502,7123.0,7148.0,25.0,-1.754
245,10.18,49.613,211,261,385,502,7128.0,7164.0,36.0,-1.079
245,10.18,49.613,261,311,385,502,7131.0,7164.59,33.59,-0.674
245,10.18,49.613,311,361,385,502,7131.0,7164.0,33.0,-0.674
245,10.18,49.613,361,411,385,502,7136.0,7164.0,28.0,0.0
245,10.18,49.613,411,461,385,502,7134.0,7165.0,31.0,-0.27
245,10.18,49.613,461,504,385,502,7139.0,7165.0,26.0,0.405
245,10.18,49.613,5,58,502,594,7127.0,7156.0,29.0,-1.214
245,10.18,49.613,58,107,502,594,7132.0,7157.0,25.0,-0.54
245,10.18,49.613,107,157,502,594,7132.0,7162.0,30.0,-0.54
245,10.18,49.613,157,208,502,594,7133.0,7166.0,33.0,-0.405
245,10.18,49.613,208,263,502,594,7133.0,7170.0,37.0,-0.405
245,10.18,49.613,263,314,502,594,7138.0,7172.0,34.0,0.27
245,10.18,49.613,314,364,502,594,7138.0,7172.0,34.0,0.27
245,10.18,49.613,364,415,502,594,7142.0,7173.0,31.0,0.809
245,10.18,49.613,415,466,502,594,7137.0,7175.64,38.64,0.135
245,10.18,49.613,466,512,502,594,7136.0,7169.0,33.0,0.0
250,10.18,49.613,7,45,56,148,7131.0,7161.0,30.0,-0.225
250,10.18,49.613,45,96,56,148,7139.0,7188.19,49.19,0.674
250,10.18,49.613,96,147,56,148,7146.0,7177.0,31.0,1.461
250,10.18,49.613,147,196,56,148,7120.0,7166.0,46.0,-1.461
250,10.18,49.613,196,244,56,148,7119.0,7150.0,31.0,-1.574
250,10.18,49.613,244,295,56,148,7122.0,7155.0,33.0,-1.237
250,10.18,49.613,295,345,56,148,7124.0,7152.0,28.0,-1.012
250,10.18,49.613,345,396,56,148,7131.0,7165.0,34.0,-0.225
250,10.18,49.613,396,447,56,148,7131.0,7166.0,35.0,-0.225
250,10.18,49.613,447,498,56,148,7131.0,7159.0,28.0,-0.225
250,10.18,49.613,0,39,148,225,7135.0,7163.0,28.0,0.225
250,10.18,49.613,39,92,148,225,7138.0,7167.0,29.0,0.562
250,10.18,49.613,92,141,148,225,7147.0,7177.0,30.0,1.574
250,10.18,49.613,141,193,148,225,7140.0,7176.0,36.0,0.787
250,10.18,49.613,193,245,148,225,7140.0,7176.0,36.0,0.787
250,10.18,49.613,245,297,148,225,7147.0,7179.0,32.0,1.574
250,10.18,49.613,297,349,148,225,7143.0,7179.0,36.0,1.124
250,10.18,49.613,349,400,148,225,7143.0,7177.0,34.0,1.124
250,10.18,49.613,400,452,148,225,7139.0,7175.4,36.4,0.674
250,10.18,49.613,452,505,148,225,7142.0,7173.0,31.0,1.012
250,10.18,49.613,10,64,386,505,7127.0,7163.0,36.0,-0.674
250,10.18,49.613,64,114,386,505,7133.0,7172.0,39.0,0.0
250,10.18,49.613,114,163,386,505,7141.0,7185.0,44.0,0.899
250,10.18,49.613,163,214,386,505,7123.0,7143.0,20.0,-1.124
250,10.18,49.613,214,264,386,505,7119.0,7147.0,28.0,-1.574
250,10.18,49.613,264,314,386,505,7126.0,7163.0,37.0,-0.787
250,10.18,49.613,314,363,386,505,7130.0,7164.0,34.0,-0.337
250,10.18,49.613,363,413,386,505,7129.0,7163.0,34.0,-0.45
250,10.18,49.613,413,467,386,505,7128.0,7161.0,33.0,-0.562
250,10.18,49.613,467,512,386,505,7133.0,7161.0,28.0,0.0
250,10.18,49.613,9,60,505,593,7127.0,7157.0,30.0,-0.674
250,10.18,49.613,60,111,505,593,7129.0,7157.0,28.0,-0.45
250,10.18,49.613,111,161,505,593,7133.0,7159.0,26.0,0.0
250,10.18,49.613,161,211,505,593,7131.0,7161.0,30.0,-0.225
250,10.18,49.613,211,262,505,593,7133.0,7166.0,33.0,0.0
250,10.18,49.613,262,316,505,593,7134.0,7169.0,35.0,0.112
250,10.18,49.613,316,367,505,593,7137.0,7168.2,31.2,0.45
250,10.18,49.613,367,418,505,593,7136.0,7171.0,35.0,0.337
250,10.18,49.613,418,470,505,593,7139.0,7169.0,30.0,0.674
250,10.18,49.613,470,512,505,593,7138.0,7171.0,33.0,0.562
255,10.18,49.613,0,50,48,145,7126.0,7155.0,29.0,-0.944
255,10.18,49.613,50,97,48,145,7133.0,7163.0,30.0,0.0
255,10.18,49.613,97,147,48,145,7140.0,7194.0,54.0,0.944
255,10.18,49.613,147,198,48,145,7152.0,7184.0,32.0,2.563
255,10.18,49.613,198,247,48,145,7121.0,7168.2,47.2,-1.619
255,10.18,49.613,247,299,48,145,7118.0,7149.0,31.0,-2.023
255,10.18,49.613,299,345,48,145,7125.0,7157.0,32.0,-1.079
255,10.18,49.613,345,401,48,145,7122.0,7152.0,30.0,-1.484
255,10.18,49.613,401,449,48,145,7133.0,7165.0,32.0,0.0
255,10.18,49.613,449,501,48,145,7129.0,7164.0,35.0,-0.54
255,10.18,49.613,0,40,145,224,7139.0,7164.44,25.44,0.809
255,10.18,49.613,40,92,145,224,7137.0,7166.0,29.0,0.54
255,10.18,49.613,92,142,145,224,7147.0,7174.1,27.1,1.889
255,10.18,49.613,142,195,145,224,7149.0,7181.0,32.0,2.158
255,10.18,49.613,195,246,145,224,7138.0,7173.0,35.0,0.674
255,10.18,49.613,246,298,145,224,7137.0,7169.0,32.0,0.54
255,10.18,49.613,298,350,145,224,7147.0,7180.0,33.0,1.889
255,10.18,49.613,350,404,145,224,7141.0,7175.0,34.0,1.079
255,10.18,49.613,404,454,145,224,7143.0,7177.0,34.0,1.349
255,10.18,49.613,454,506,145,224,7138.0,7173.0,35.0,0.674
255,10.18,49.613,11,65,384,504,7129.0,7160.0,31.0,-0.54
255,10.18,49.613,65,112,384,504,7134.0,7165.0,31.0,0.135
255,10.18,49.613,112,164,384,504,7134.0,7173.0,39.0,0.135
255,10.18,49.613,164,214,384,504,7141.0,7185.25,44.25,1.079
255,10.18,49.613,214,265,384,504,7122.0,7144.93,22.93,-1.484
255,10.18,49.613,265,314,384,504,7121.0,7148.0,27.0,-1.619
255,10.18,49.613,314,365,384,504,7126.0,7163.0,37.0,-0.944
255,10.18,49.613,365,415,384,504,7128.0,7163.0,35.0,-0.674
255,10.18,49.613,415,464,384,504,7127.0,7162.36,35.36,-0.809
255,10.18,49.613,464,512,384,504,7131.0,7158.82,27.82,-0.27
255,10.18,49.613,11,61,504,593,7133.0,7158.0,25.0,0.0
255,10.18,49.613,61,112,504,593,7127.0,7158.0,31.0,-0.809
255,10.18,49.613,112,160,504,593,7133.0,7160.41,27.41,0.0
255,10.18,49.613,160,212,504,593,7133.0,7159.0,26.0,0.0
255,10.18,49.613,212,263,504,593,7132.0,7162.0,30.0,-0.135
255,10.18,49.613,263,315,504,593,7134.0,7172.0,38.0,0.135
255,10.18,49.613,315,367,504,593,7134.0,7169.9,35.9,0.135
255,10.18,49.613,367,420,504,593,7136.0,7166.0,30.0,0.405
255,10.18,49.613,420,471,504,593,7133.0,7167.0,34.0,0.0
255,10.18,49.613,471,512,504,593,7137.0,7166.18,29.18,0.54
260,10.18,49.613,0,48,47,145,7123.0,7149.0,26.0,-1.518
260,10.18,49.613,48,98,47,145,7128.0,7156.0,28.0,-0.674
260,10.18,49.613,98,145,47,145,7133.0,7162.0,29.0,0.169
260,10.18,49.613,145,195,47,145,7144.0,7196.0,52.0,2.023
260,10.18,49.613,195,245,47,145,7152.0,7184.0,32.0,3.372
260,10.18,49.613,245,295,47,145,7120.0,7166.0,46.0,-2.023
260,10.18,49.613,295,346,47,145,7119.0,7152.0,33.0,-2.192
260,10.18,49.613,346,399,47,145,7123.0,7158.0,35.0,-1.518
260,10.18,49.613,399,447,47,145,7128.0,7154.0,26.0,-0.674
260,10.18,49.613,447,498,47,145,7131.0,7163.0,32.0,-0.169
260,10.18,49.613,0,39,145,224,7132.0,7159.0,27.0,0.0
260,10.18,49.613,39,91,145,224,7142.0,7169.0,27.0,1.686
260,10.18,49.613,91,141,145,224,7143.0,7172.0,29.0,1.855
260,10.18,49.613,141,193,145,224,7149.0,7179.0,30.0,2.867
260,10.18,49.613,193,244,145,224,7146.0,7178.0,32.0,2.361
260,10.18,49.613,244,296,145,224,7135.0,7168.0,33.0,0.506
260,10.18,49.613,296,348,145,224,7136.0,7169.0,33.0,0.674
260,10.18,49.613,348,400,145,224,7146.0,7178.0,32.0,2.361
260,10.18,49.613,400,453,145,224,7143.0,7177.0,34.0,1.855
260,10.18,49.613,453,505,145,224,7142.0,7176.0,34.0,1.686
260,10.18,49.613,15,63,384,501,7128.0,7156.0,28.0,-0.674
260,10.18,49.613,63,112,384,501,7133.0,7160.0,27.0,0.169
260,10.18,49.613,112,162,384,501,7136.0,7167.52,31.52,0.674
260,10.18,49.613,162,211,384,501,7136.0,7175.0,39.0,0.674
260,10.18,49.613,211,263,384,501,7141.0,7185.0,44.0,1.518
260,10.18,49.613,263,310,384,501,7126.0,7146.0,20.0,-1.012
260,10.18,49.613,310,359,384,501,7121.0,7146.0,25.0,-1.855
260,10.18,49.613,359,413,384,501,7124.0,7162.0,38.0,-1.349
260,10.18,49.613,413,462,384,501,7128.0,7161.0,33.0,-0.674
260,10.18,49.613,462,507,384,501,7128.0,7158.0,30.0,-0.674
260,10.18,49.613,5,58,501,595,7127.0,7157.0,30.0,-0.843
260,10.18,49.613,58,109,501,595,7132.0,7157.64,25.64,0.0
260,10.18,49.613,109,160,501,595,7129.0,7160.0,31.0,-0.506
260,10.18,49.613,160,210,501,595,7132.0,7159.0,27.0,0.0
260,10.18,49.613,210,261,501,595,7133.0,7159.0,26.0,0.169
260,10.18,49.613,261,312,501,595,7133.0,7168.0,35.0,0.169
260,10.18,49.613,312,365,501,595,7131.0,7165.0,34.0,-0.169
260,10.18,49.613,365,418,501,595,7131.0,7166.0,35.0,-0.169
260,10.18,49.613,418,470,501,595,7132.0,7164.0,32.0,0.0
260,10.18,49.613,470,512,501,595,7132.0,7166.0,34.0,0.0
265,10.18,49.613,2,38,46,145,7122.0,7149.0,27.0,-1.686
265,10.18,49.613,38,88,46,145,7125.0,7152.8,27.8,-1.18
265,10.18,49.613,88,139,46,145,7129.0,7157.0,28.0,-0.506
265,10.18,49.613,139,190,46,145,7136.0,7166.0,30.0,0.674
265,10.18,49.613,190,239,46,145,7144.0,7197.0,53.0,2.023
265,10.18,49.613,239,289,46,145,7151.0,7184.0,33.0,3.204
265,10.18,49.613,289,341,46,145,7120.0,7168.0,48.0,-2.023
265,10.18,49.613,341,391,46,145,7119.0,7151.3,32.3,-2.192
265,10.18,49.613,391,441,46,145,7127.0,7159.0,32.0,-0.843
265,10.18,49.613,441,493,46,145,7124.0,7152.0,28.0,-1.349
265,10.18,49.613,33,84,145,224,7134.0,7163.81,29.81,0.337
265,10.18,49.613,84,133,145,224,7150.0,7176.0,26.0,3.035
265,10.18,49.613,133,186,145,224,7148.0,7179.09,31.09,2.698
265,10.18,49.613,186,238,145,224,7147.0,7177.0,30.0,2.529
265,10.18,49.613,238,290,145,224,7143.5,7172.0,28.5,1.939
265,10.18,49.613,290,342,145,224,7134.0,7168.0,34.0,0.337
265,10.18,49.613,342,394,145,224,7136.0,7166.0,30.0,0.674
265,10.18,49.613,394,447,145,224,7147.0,7179.79,32.79,2.529
265,10.18,49.613,447,499,145,224,7144.0,7177.0,33.0,2.023
265,10.18,49.613,7,57,385,505,7126.0,7154.0,28.0,-1.012
265,10.18,49.613,57,107,385,505,7128.0,7158.0,30.0,-0.674
265,10.18,49.613,107,155,385,505,7136.0,7163.0,27.0,0.674
265,10.18,49.613,155,205,385,505,7134.0,7169.0,35.0,0.337
265,10.18,49.613,205,257,385,505,7134.0,7172.0,38.0,0.337
265,10.18,49.613,257,306,385,505,7143.0,7187.0,44.0,1.855
265,10.18,49.613,306,356,385,505,7123.0,7145.0,22.0,-1.518
265,10.18,49.613,356,406,385,505,7119.0,7147.0,28.0,-2.192
265,10.18,49.613,406,458,385,505,7123.0,7161.0,38.0,-1.518
265,10.18,49.613,458,497,385,505,7128.0,7162.0,34.0,-0.674
265,10.18,49.613,0,52,505,596,7129.0,7159.0,30.0,-0.506
265,10.18,49.613,52,103,505,596,7131.0,7159.0,28.0,-0.169
265,10.18,49.613,103,153,505,596,7136.0,7163.0,27.0,0.674
265,10.18,49.613,153,203,505,596,7131.0,7161.0,30.0,-0.169
265,10.18,49.613,203,255,505,596,7132.0,7161.0,29.0,0.0
265,10.18,49.613,255,306,505,596,7136.0,7167.0,31.0,0.674
265,10.18,49.613,306,359,505,596,7131.0,7161.0,30.0,-0.169
265,10.18,49.613,359,409,505,596,7131.0,7164.0,33.0,-0.169
265,10.18,49.613,409,464,505,596,7129.0,7163.0,34.0,-0.506
265,10.18,49.613,464,512,505,596,7133.0,7164.0,31.0,0.169
270,10.18,49.613,28,84,47,147,7127.0,7157.0,30.0,-0.974
270,10.18,49.613,84,130,47,147,7129.0,7153.0,24.0,-0.674
270,10.18,49.613,130,182,47,147,7133.0,7164.0,31.0,-0.075
270,10.18,49.613,182,230,47,147,7139.0,7169.0,30.0,0.824
270,10.18,49.613,230,283,47,147,7143.0,7199.0,56.0,1.424
270,10.18,49.613,283,332,47,147,7155.0,7188.0,33.0,3.223
270,10.18,49.613,332,384,47,147,7120.0,7168.0,48.0,-2.023
270,10.18,49.613,384,436,47,147,7121.0,7155.0,34.0,-1.874
270,10.18,49.613,436,485,47,147,7128.0,7159.31,31.31,-0.824
270,10.18,49.613,23,74,147,226,7133.0,7163.0,30.0,-0.075
270,10.18,49.613,74,127,147,226,7141.0,7170.0,29.0,1.124
270,10.18,49.613,127,179,147,226,7156.0,7183.0,27.0,3.372
270,10.18,49.613,179,230,147,226,7149.0,7178.0,29.0,2.323
270,10.18,49.613,230,282,147,226,7146.0,7171.0,25.0,1.874
270,10.18,49.613,282,335,147,226,7144.0,7172.0,28.0,1.574
270,10.18,49.613,335,387,147,226,7136.0,7167.0,31.0,0.375
270,10.18,49.613,387,439,147,226,7136.0,7166.0,30.0,0.375
270,10.18,49.613,439,492,147,226,7149.0,7179.0,30.0,2.323
270,10.18,49.613,5,49,387,507,7133.0,7158.0,25.0,-0.075
270,10.18,49.613,49,99,387,507,7128.0,7157.0,29.0,-0.824
270,10.18,49.613,99,148,387,507,7133.0,7162.0,29.0,-0.075
270,10.18,49.613,148,198,387,507,7137.0,7166.0,29.0,0.525
270,10.18,49.613,198,248,387,507,7135.0,7169.0,34.0,0.225
270,10.18,49.613,248,298,387,507,7137.0,7177.0,40.0,0.525
270,10.18,49.613,298,348,387,507,7142.0,7189.0,47.0,1.274
270,10.18,49.613,348,398,387,507,7123.0,7146.0,23.0,-1.574
270,10.18,49.613,398,448,387,507,7118.0,7144.0,26.0,-2.323
270,10.18,49.613,448,502,387,507,7121.0,7161.0,40.0,-1.874
270,10.18,49.613,0,43,507,599,7132.0,7165.0,33.0,-0.225
270,10.18,49.613,43,95,507,599,7132.0,7163.0,31.0,-0.225
270,10.18,49.613,95,145,507,599,7135.0,7163.0,28.0,0.225
270,10.18,49.613,145,197,507,599,7138.0,7164.0,26.0,0.674
270,10.18,49.613,197,247,507,599,7133.0,7163.0,30.0,-0.075
270,10.18,49.613,247,299,507,599,7136.0,7169.0,33.0,0.375
270,10.18,49.613,299,351,507,599,7134.0,7161.0,27.0,0.075
270,10.18,49.613,351,401,507,599,7132.0,7161.0,29.0,-0.225
270,10.18,49.613,401,454,507,599,7129.0,7161.85,32.85,-0.674
270,10.18,49.613,454,505,507,599,7129.0,7164.0,35.0,-0.674
275,10.18,49.613,25,76,46,147,7130.0,7156.0,26.0,-0.54
275,10.18,49.613,76,128,46,147,7128.0,7156.0,28.0,-0.809
275,10.18,49.613,128,179,46,147,7130.0,7156.0,26.0,-0.54
275,10.18,49.613,179,230,46,147,7135.0,7164.0,29.0,0.135
275,10.18,49.613,230,279,46,147,7139.0,7168.0,29.0,0.674
275,10.18,49.613,279,328,46,147,7148.0,7200.0,52.0,1.889
275,10.18,49.613,328,380,46,147,7153.0,7185.0,32.0,2.563
275,10.18,49.613,380,432,46,147,7121.0,7172.89,51.89,-1.754
275,10.18,49.613,432,483,46,147,7123.0,7157.0,34.0,-1.484
275,10.18,49.613,20,72,147,226,7130.0,7163.0,33.0,-0.54
275,10.18,49.613,72,122,147,226,7139.0,7170.0,31.0,0.674
275,10.18,49.613,122,174,147,226,7148.0,7179.0,31.0,1.889
275,10.18,49.613,174,227,147,226,7154.0,7181.0,27.0,2.698
275,10.18,49.613,227,280,147,226,7144.0,7172.0,28.0,1.349
275,10.18,49.613,280,332,147,226,7145.0,7170.53,25.53,1.484
275,10.18,49.613,332,384,147,226,7144.0,7171.0,27.0,1.349
275,10.18,49.613,384,437,147,226,7134.0,7165.0,31.0,0.0
275,10.18,49.613,437,489,147,226,7139.0,7168.0,29.0,0.674
275,10.18,49.613,1,45,389,508,7126.0,7149.0,23.0,-1.079
275,10.18,49.613,45,95,389,508,7133.0,7160.0,27.0,-0.135
275,10.18,49.613,95,145,389,508,7129.0,7158.0,29.0,-0.674
275,10.18,49.613,145,196,389,508,7132.0,7164.0,32.0,-0.27
275,10.18,49.613,196,245,389,508,7138.0,7165.0,27.0,0.54
275,10.18,49.613,245,295,389,508,7137.0,7169.0,32.0,0.405
275,10.18,49.613,295,344,389,508,7138.0,7177.0,39.0,0.54
275,10.18,49.613,344,396,389,508,7141.0,7187.0,46.0,0.944
275,10.18,49.613,396,444,389,508,7123.0,7144.22,21.22,-1.484
275,10.18,49.613,444,496,389,508,7116.0,7146.0,30.0,-2.428
275,10.18,49.613,0,39,508,600,7131.0,7158.0,27.0,-0.405
275,10.18,49.613,39,91,508,600,7133.0,7168.0,35.0,-0.135
275,10.18,49.613,91,142,508,600,7134.0,7166.0,32.0,0.0
275,10.18,49.613,142,192,508,600,7136.0,7166.0,30.0,0.27
275,10.18,49.613,192,244,508,600,7138.0,7164.0,26.0,0.54
275,10.18,49.613,244,296,508,600,7133.0,7171.0,38.0,-0.135
275,10.18,49.613,296,348,508,600,7134.0,7163.0,29.0,0.0
275,10.18,49.613,348,399,508,600,7133.0,7160.0,27.0,-0.135
275,10.18,49.613,399,451,508,600,7129.0,7157.0,28.0,-0.674
275,10.18,49.613,451,505,508,600,7129.0,7161.0,32.0,-0.674
280,10.18,49.613,0,37,46,145,7124.0,7152.0,28.0,-1.619
280,10.18,49.613,37,88,46,145,7129.0,7157.0,28.0,-0.944
280,10.18,49.613,88,139,46,145,7131.0,7157.0,26.0,-0.674
280,10.18,49.613,139,192,46,145,7131.0,7161.0,30.0,-0.674
280,10.18,49.613,192,242,46,145,7133.0,7160.0,27.0,-0.405
280,10.18,49.613,242,293,46,145,7136.0,7165.0,29.0,0.0
280,10.18,49.613,293,343,46,145,7139.0,7171.0,32.0,0.405
280,10.18,49.613,343,391,46,145,7149.0,7200.0,51.0,1.754
280,10.18,49.613,391,444,46,145,7156.0,7189.0,33.0,2.698
280,10.18,49.613,444,500,46,145,7121.0,7169.0,48.0,-2.023
280,10.18,49.613,31,83,145,225,7130.0,7166.0,36.0,-0.809
280,10.18,49.613,83,135,145,225,7138.0,7172.0,34.0,0.27
280,10.18,49.613,135,187,145,225,7148.0,7180.0,32.0,1.619
280,10.18,49.613,187,240,145,225,7143.0,7176.0,33.0,0.944
280,10.18,49.613,240,292,145,225,7150.0,7176.0,26.0,1.889
280,10.18,49.613,292,345,145,225,7143.0,7170.0,27.0,0.944
280,10.18,49.613,345,397,145,225,7143.0,7170.0,27.0,0.944
280,10.18,49.613,397,449,145,225,7144.0,7172.0,28.0,1.079
280,10.18,49.613,449,507,145,225,7134.0,7166.0,32.0,-0.27
280,10.18,49.613,1,56,388,507,7128.0,7160.0,32.0,-1.079
280,10.18,49.613,56,107,388,507,7126.0,7151.0,25.0,-1.349
280,10.18,49.613,107,157,388,507,7136.0,7163.0,27.0,0.0
280,10.18,49.613,157,206,388,507,7133.0,7161.0,28.0,-0.405
280,10.18,49.613,206,257,388,507,7133.0,7163.0,30.0,-0.405
280,10.18,49.613,257,306,388,507,7138.0,7166.0,28.0,0.27
280,10.18,49.613,306,357,388,507,7138.0,7170.0,32.0,0.27
280,10.18,49.613,357,407,388,507,7139.0,7177.0,38.0,0.405
280,10.18,49.613,407,456,388,507,7142.0,7187.0,45.0,0.809
280,10.18,49.613,456,507,388,507,7120.0,7143.0,23.0,-2.158
280,10.18,49.613,0,51,507,599,7126.0,7157.16,31.16,-1.349
280,10.18,49.613,51,102,507,599,7133.0,7161.0,28.0,-0.405
280,10.18,49.613,102,151,507,599,7138.0,7173.0,35.0,0.27
280,10.18,49.613,151,204,507,599,7136.0,7170.0,34.0,0.0
280,10.18,49.613,204,256,507,599,7137.0,7168.0,31.0,0.135
280,10.18,49.613,256,308,507,599,7139.0,7170.0,31.0,0.405
280,10.18,49.613,308,360,507,599,7133.0,7164.0,31.0,-0.405
280,10.18,49.613,360,410,507,599,7134.0,7163.0,29.0,-0.27
280,10.18,49.613,410,463,507,599,7131.0,7158.0,27.0,-0.674
280,10.18,49.613,463,512,507,599,7129.0,7158.0,29.0,-0.944
285,10.18,49.613,7,57,50,148,7121.0,7142.0,21.0,-1.461
285,10.18,49.613,57,99,50,148,7127.0,7154.0,27.0,-0.787
285,10.18,49.613,99,154,50,148,7124.0,7153.0,29.0,-1.124
285,10.18,49.613,154,205,50,148,7132.0,7159.0,27.0,-0.225
285,10.18,49.613,205,255,50,148,7133.0,7162.0,29.0,-0.112
285,10.18,49.613,255,306,50,148,7131.0,7158.58,27.58,-0.337
285,10.18,49.613,306,358,50,148,7133.0,7164.0,31.0,-0.112
285,10.18,49.613,358,406,50,148,7137.0,7169.14,32.14,0.337
285,10.18,49.613,406,458,50,148,7145.0,7197.0,52.0,1.237
285,10.18,49.613,458,512,50,148,7150.0,7183.0,33.0,1.799
285,10.18,49.613,0,47,148,224,7124.0,7158.0,34.0,-1.124
285,10.18,49.613,47,98,148,224,7125.0,7164.0,39.0,-1.012
285,10.18,49.613,98,148,148,224,7138.0,7175.0,37.0,0.45
285,10.18,49.613,148,202,148,224,7142.0,7176.0,34.0,0.899
285,10.18,49.613,202,255,148,224,7141.0,7175.0,34.0,0.787
285,10.18,49.613,255,308,148,224,7141.0,7169.0,28.0,0.787
285,10.18,49.613,308,360,148,224,7149.0,7172.0,23.0,1.686
285,10.18,49.613,360,412,148,224,7141.0,7166.0,25.0,0.787
285,10.18,49.613,412,465,148,224,7141.0,7168.0,27.0,0.787
285,10.18,49.613,465,512,148,224,7144.0,7171.0,27.0,1.124
285,10.18,49.613,16,71,387,506,7137.0,7219.0,82.0,0.337
285,10.18,49.613,71,121,387,506,7130.0,7161.0,31.0,-0.45
285,10.18,49.613,121,171,387,506,7128.0,7152.0,24.0,-0.674
285,10.18,49.613,171,221,387,506,7134.0,7162.0,28.0,0.0
285,10.18,49.613,221,271,387,506,7131.0,7159.0,28.0,-0.337
285,10.18,49.613,271,322,387,506,7132.0,7161.0,29.0,-0.225
285,10.18,49.613,322,371,387,506,7137.0,7164.0,27.0,0.337
285,10.18,49.613,371,421,387,506,7136.0,7166.22,30.22,0.225
285,10.18,49.613,421,472,387,506,7134.0,7171.0,37.0,0.0
285,10.18,49.613,472,512,387,506,7141.0,7179.0,38.0,0.787
285,10.18,49.613,14,66,506,598,7126.0,7157.72,31.72,-0.899
285,10.18,49.613,66,118,506,598,7126.0,7158.0,32.0,-0.899
285,10.18,49.613,118,168,506,598,7133.0,7164.0,31.0,-0.112
285,10.18,49.613,168,218,506,598,7136.0,7171.0,35.0,0.225
285,10.18,49.613,218,271,506,598,7135.0,7170.0,35.0,0.112
285,10.18,49.613,271,322,506,598,7136.0,7166.0,30.0,0.225
285,10.18,49.613,322,375,506,598,7136.0,7163.0,27.0,0.225
285,10.18,49.613,375,426,506,598,7128.0,7159.0,31.0,-0.674
285,10.18,49.613,426,478,506,598,7128.0,7156.0,28.0,-0.674
290,10.18,49.613,17,63,48,148,7123.0,7143.58,20.58,-1.518
290,10.18,49.613,63,114,48,148,7123.0,7144.0,21.0,-1.518
290,10.18,49.613,114,164,48,148,7126.0,7154.64,28.64,-1.012
290,10.18,49.613,164,215,48,148,7129.0,7158.62,29.62,-0.506
290,10.18,49.613,215,262,48,148,7133.0,7160.0,27.0,0.169
290,10.18,49.613,262,316,48,148,7129.0,7162.0,33.0,-0.506
290,10.18,49.613,316,367,48,148,7128.0,7158.0,30.0,-0.674
290,10.18,49.613,367,417,48,148,7133.0,7165.0,32.0,0.169
290,10.18,49.613,417,478,48,148,7131.0,7170.0,39.0,-0.169
290,10.18,49.613,5,58,148,224,7129.0,7162.0,33.0,-0.506
290,10.18,49.613,58,109,148,224,7128.0,7164.0,36.0,-0.674
290,10.18,49.613,109,160,148,224,7134.0,7174.0,40.0,0.337
290,10.18,49.613,160,212,148,224,7139.0,7177.0,38.0,1.18
290,10.18,49.613,212,264,148,224,7137.0,7170.0,33.0,0.843
290,10.18,49.613,264,317,148,224,7138.0,7167.0,29.0,1.012
290,10.18,49.613,317,370,148,224,7139.0,7166.0,27.0,1.18
290,10.18,49.613,370,423,148,224,7146.0,7170.0,24.0,2.361
290,10.18,49.613,423,474,148,224,7141.0,7166.0,25.0,1.518
290,10.18,49.613,474,512,148,224,7141.0,7168.0,27.0,1.518
290,10.18,49.613,30,77,388,506,7132.0,7162.0,30.0,0.0
290,10.18,49.613,77,112,388,506,7153.0,7225.0,72.0,3.541
290,10.18,49.613,112,181,388,506,7129.0,7160.0,31.0,-0.506
290,10.18,49.613,181,231,388,506,7127.0,7150.0,23.0,-0.843
290,10.18,49.613,231,281,388,506,7133.0,7158.0,25.0,0.169
290,10.18,49.613,281,331,388,506,7129.0,7157.0,28.0,-0.506
290,10.18,49.613,331,381,388,506,7131.0,7160.0,29.0,-0.169
290,10.18,49.613,381,431,388,506,7133.0,7161.0,28.0,0.169
290,10.18,49.613,431,497,388,506,7128.0,7162.0,34.0,-0.674
290,10.18,49.613,23,77,506,597,7128.0,7164.0,36.0,-0.674
290,10.18,49.613,77,127,506,597,7128.0,7162.0,34.0,-0.674
290,10.18,49.613,127,179,506,597,7128.0,7162.0,34.0,-0.674
290,10.18,49.613,179,230,506,597,7133.0,7163.0,30.0,0.169
290,10.18,49.613,230,281,506,597,7136.0,7172.0,36.0,0.674
290,10.18,49.613,281,333,506,597,7134.0,7168.0,34.0,0.337
290,10.18,49.613,333,385,506,597,7132.0,7163.0,31.0,0.0
290,10.18,49.613,385,436,506,597,7133.0,7159.0,26.0,0.169
290,10.18,49.613,436,489,506,597,7124.0,7156.38,32.38,-1.349
295,10.18,49.613,23,74,49,143,7142.0,7169.0,27.0,1.124
295,10.18,49.613,74,128,49,143,7127.0,7147.99,20.99,-2.248
295,10.18,49.613,128,175,49,143,7132.0,7153.0,21.0,-1.124
295,10.18,49.613,175,225,49,143,7131.0,7161.0,30.0,-1.349
295,10.18,49.613,225,275,49,143,7136.0,7161.52,25.52,-0.225
295,10.18,49.613,275,326,49,143,7137.0,7167.0,30.0,0.0
295,10.18,49.613,326,375,49,143,7136.0,7164.13,28.13,-0.225
295,10.18,49.613,375,428,49,143,7132.0,7162.7,30.7,-1.124
295,10.18,49.613,428,482,49,143,7137.0,7169.73,32.73,0.0
295,10.18,49.613,18,69,143,222,7147.0,7175.0,28.0,2.248
295,10.18,49.613,69,120,143,222,7139.0,7172.0,33.0,0.45
295,10.18,49.613,120,172,143,222,7139.0,7177.0,38.0,0.45
295,10.18,49.613,172,222,143,222,7138.0,7177.0,39.0,0.225
295,10.18,49.613,222,274,143,222,7137.0,7171.0,34.0,0.0
295,10.18,49.613,274,326,143,222,7138.0,7172.0,34.0,0.225
295,10.18,49.613,326,380,143,222,7141.0,7170.0,29.0,0.899
295,10.18,49.613,380,433,143,222,7141.0,7169.0,28.0,0.899
295,10.18,49.613,433,485,143,222,7151.0,7175.0,24.0,3.148
295,10.18,49.613,0,45,387,504,7142.0,7172.0,30.0,1.124
295,10.18,49.613,45,91,387,504,7140.0,7171.0,31.0,0.674
295,10.18,49.613,91,141,387,504,7137.0,7168.0,31.0,0.0
295,10.18,49.613,141,190,387,504,7148.0,7231.0,83.0,2.473
295,10.18,49.613,190,242,387,504,7135.0,7164.0,29.0,-0.45
295,10.18,49.613,242,292,387,504,7131.0,7156.0,25.0,-1.349
295,10.18,49.613,292,341,387,504,7138.0,7165.0,27.0,0.225
295,10.18,49.613,341,392,387,504,7133.0,7161.0,28.0,-0.899
295,10.18,49.613,392,442,387,504,7133.0,7162.0,29.0,-0.899
295,10.18,49.613,442,491,387,504,7136.0,7161.0,25.0,-0.225
295,10.18,49.613,0,36,504,594,7136.0,7163.1,27.1,-0.225
295,10.18,49.613,36,86,504,594,7141.0,7172.0,31.0,0.899
295,10.18,49.613,86,139,504,594,7135.0,7171.0,36.0,-0.45
295,10.18,49.613,139,190,504,594,7134.0,7168.0,34.0,-0.674
295,10.18,49.613,190,240,504,594,7133.0,7165.0,32.0,-0.899
295,10.18,49.613,240,292,504,594,7138.0,7173.84,35.84,0.225
295,10.18,49.613,292,344,504,594,7139.0,7176.66,37.66,0.45
295,10.18,49.613,344,396,504,594,7137.0,7170.0,33.0,0.0
295,10.18,49.613,396,447,504,594,7134.0,7164.0,30.0,-0.674
295,10.18,49.613,447,500,504,594,7134.0,7162.0,28.0,-0.674
300,10.18,49.613,0,44,48,143,7143.0,7172.0,29.0,1.18
300,10.18,49.613,44,91,48,143,7146.0,7184.43,38.43,1.686
300,10.18,49.613,91,144,48,143,7141.0,7170.0,29.0,0.843
300,10.18,49.613,144,192,48,143,7131.0,7152.0,21.0,-0.843
300,10.18,49.613,192,242,48,143,7130.0,7153.0,23.0,-1.012
300,10.18,49.613,242,291,48,143,7130.0,7158.0,28.0,-1.012
300,10.18,49.613,291,341,48,143,7134.0,7160.0,26.0,-0.337
300,10.18,49.613,341,390,48,143,7137.0,7163.0,26.0,0.169
300,10.18,49.613,390,445,48,143,7132.0,7166.0,34.0,-0.674
300,10.18,49.613,445,496,48,143,7131.0,7161.0,30.0,-0.843
300,10.18,49.613,34,86,143,219,7148.0,7176.95,28.95,2.023
300,10.18,49.613,86,137,143,219,7153.0,7185.0,32.0,2.867
300,10.18,49.613,137,189,143,219,7144.0,7181.0,37.0,1.349
300,10.18,49.613,189,240,143,219,7136.0,7173.0,37.0,0.0
300,10.18,49.613,240,292,143,219,7130.0,7168.0,38.0,-1.012
300,10.18,49.613,292,344,143,219,7136.0,7170.0,34.0,0.0
300,10.18,49.613,344,396,143,219,7136.0,7167.0,31.0,0.0
300,10.18,49.613,396,450,143,219,7139.0,7168.0,29.0,0.506
300,10.18,49.613,450,503,143,219,7141.0,7169.0,28.0,0.843
300,10.18,49.613,2,57,384,500,7137.0,7169.0,32.0,0.169
300,10.18,49.613,57,107,384,500,7142.0,7175.0,33.0,1.012
300,10.18,49.613,107,160,384,500,7138.0,7175.0,37.0,0.337
300,10.18,49.613,160,208,384,500,7137.0,7169.0,32.0,0.169
300,10.18,49.613,208,259,384,500,7146.0,7230.0,84.0,1.686
300,10.18,49.613,259,309,384,500,7134.0,7165.0,31.0,-0.337
300,10.18,49.613,309,358,384,500,7131.0,7155.0,24.0,-0.843
300,10.18,49.613,358,408,384,500,7136.0,7164.0,28.0,0.0
300,10.18,49.613,408,458,384,500,7128.0,7159.0,31.0,-1.349
300,10.18,49.613,458,508,384,500,7130.0,7160.0,30.0,-1.012
300,10.18,49.613,2,54,500,590,7139.0,7168.0,29.0,0.506
300,10.18,49.613,54,105,500,590,7139.0,7169.0,30.0,0.506
300,10.18,49.613,105,155,500,590,7144.0,7176.0,32.0,1.349
300,10.18,49.613,155,206,500,590,7137.0,7171.0,34.0,0.169
300,10.18,49.613,206,258,500,590,7133.0,7167.0,34.0,-0.506
300,10.18,49.613,258,310,500,590,7133.0,7167.0,34.0,-0.506
300,10.18,49.613,310,361,500,590,7136.0,7166.0,30.0,0.0
300,10.18,49.613,361,413,500,590,7137.0,7172.0,35.0,0.169
300,10.18,49.613,413,465,500,590,7133.0,7166.0,33.0,-0.506
300,10.18,49.613,465,512,500,590,7131.0,7162.0,31.0,-0.843
305,10.18,49.613,5,61,42,138,7137.0,7168.0,31.0,0.0
305,10.18,49.613,61,107,42,138,7147.0,7178.0,31.0,1.349
305,10.18,49.613,107,158,42,138,7147.0,7188.18,41.18,1.349
305,10.18,49.613,158,209,42,138,7145.0,7172.0,27.0,1.079
305,10.18,49.613,209,258,42,138,7131.0,7151.0,20.0,-0.809
305,10.18,49.613,258,309,42,138,7129.0,7153.0,24.0,-1.079
305,10.18,49.613,309,358,42,138,7131.0,7161.0,30.0,-0.809
305,10.18,49.613,358,409,42,138,7133.0,7162.0,29.0,-0.54
305,10.18,49.613,409,463,42,138,7135.0,7165.0,30.0,-0.27
305,10.18,49.613,463,512,42,138,7135.0,7166.0,31.0,-0.27
305,10.18,49.613,0,52,138,213,7146.0,7181.0,35.0,1.214
305,10.18,49.613,52,103,138,213,7151.0,7182.02,31.02,1.889
305,10.18,49.613,103,155,138,213,7156.0,7187.0,31.0,2.563
305,10.18,49.613,155,206,138,213,7154.0,7189.0,35.0,2.293
305,10.18,49.613,206,257,138,213,7141.0,7173.0,32.0,0.54
305,10.18,49.613,257,309,138,213,7133.0,7168.0,35.0,-0.54
305,10.18,49.613,309,361,138,213,7132.0,7170.0,38.0,-0.674
305,10.18,49.613,361,413,138,213,7135.0,7169.0,34.0,-0.27
305,10.18,49.613,413,466,138,213,7137.0,7168.0,31.0,0.0
305,10.18,49.613,466,512,138,213,7142.0,7170.0,28.0,0.674
305,10.18,49.613,25,75,379,495,7138.0,7171.0,33.0,0.135
305,10.18,49.613,75,125,379,495,7142.0,7173.0,31.0,0.674
305,10.18,49.613,125,171,379,495,7146.0,7177.0,31.0,1.214
305,10.18,49.613,171,226,379,495,7137.0,7174.0,37.0,0.0
305,10.18,49.613,226,274,379,495,7137.0,7169.83,32.83,0.0
305,10.18,49.613,274,325,379,495,7148.0,7231.0,83.0,1.484
305,10.18,49.613,325,377,379,495,7134.0,7167.0,33.0,-0.405
305,10.18,49.613,377,426,379,495,7130.0,7156.0,26.0,-0.944
305,10.18,49.613,426,476,379,495,7134.0,7164.0,30.0,-0.405
305,10.18,49.613,476,512,379,495,7132.0,7160.0,28.0,-0.674
305,10.18,49.613,19,70,495,584,7138.0,7170.0,32.0,0.135
305,10.18,49.613,70,119,495,584,7143.0,7173.0,30.0,0.809
305,10.18,49.613,119,173,495,584,7141.0,7172.0,31.0,0.54
305,10.18,49.613,173,224,495,584,7143.0,7173.0,30.0,0.809
305,10.18,49.613,224,276,495,584,7137.0,7172.0,35.0,0.0
305,10.18,49.613,276,328,495,584,7136.0,7169.0,33.0,-0.135
305,10.18,49.613,328,379,495,584,7132.0,7164.0,32.0,-0.674
305,10.18,49.613,379,430,495,584,7135.0,7164.0,29.0,-0.27
305,10.18,49.613,430,483,495,584,7135.0,7169.0,34.0,-0.27
310,10.18,49.613,23,78,37,132,7135.0,7166.0,31.0,-0.337
310,10.18,49.613,78,127,37,132,7142.0,7171.0,29.0,0.45
310,10.18,49.613,127,176,37,132,7151.0,7183.0,32.0,1.461
310,10.18,49.613,176,225,37,132,7149.0,7188.49,39.49,1.237
310,10.18,49.613,225,275,37,132,7144.0,7171.0,27.0,0.674
310,10.18,49.613,275,324,37,132,7132.0,7153.0,21.0,-0.674
310,10.18,49.613,324,375,37,132,7129.0,7153.0,24.0,-1.012
310,10.18,49.613,375,426,37,132,7130.0,7161.0,31.0,-0.899
310,10.18,49.613,426,477,37,132,7133.0,7161.23,28.23,-0.562
310,10.18,49.613,477,512,37,132,7132.0,7160.0,28.0,-0.674
310,10.18,49.613,18,70,132,207,7144.0,7181.0,37.0,0.674
310,10.18,49.613,70,121,132,207,7152.0,7189.0,37.0,1.574
310,10.18,49.613,121,172,132,207,7157.0,7191.0,34.0,2.136
310,10.18,49.613,172,223,132,207,7155.0,7187.0,32.0,1.911
310,10.18,49.613,223,275,132,207,7149.0,7181.0,32.0,1.237
310,10.18,49.613,275,327,132,207,7139.0,7172.0,33.0,0.112
310,10.18,49.613,327,379,132,207,7133.0,7166.0,33.0,-0.562
310,10.18,49.613,379,430,132,207,7129.0,7166.0,37.0,-1.012
310,10.18,49.613,430,483,132,207,7135.0,7169.0,34.0,-0.337
310,10.18,49.613,2,42,373,489,7134.0,7165.0,31.0,-0.45
310,10.18,49.613,42,92,373,489,7137.0,7163.0,26.0,-0.112
310,10.18,49.613,92,142,373,489,7142.0,7173.0,31.0,0.45
310,10.18,49.613,142,193,373,489,7144.0,7176.0,32.0,0.674
310,10.18,49.613,193,243,373,489,7143.0,7176.0,33.0,0.562
310,10.18,49.613,243,293,373,489,7141.0,7174.0,33.0,0.337
310,10.18,49.613,293,342,373,489,7138.0,7171.0,33.0,0.0
310,10.18,49.613,342,393,373,489,7145.0,7230.0,85.0,0.787
310,10.18,49.613,393,443,373,489,7133.0,7164.0,31.0,-0.562
310,10.18,49.613,443,493,373,489,7128.0,7152.0,24.0,-1.124
310,10.18,49.613,0,36,489,577,7137.0,7159.57,22.57,-0.112
310,10.18,49.613,36,89,489,577,7137.0,7171.0,34.0,-0.112
310,10.18,49.613,89,139,489,577,7142.0,7172.0,30.0,0.45
310,10.18,49.613,139,189,489,577,7146.0,7176.0,30.0,0.899
310,10.18,49.613,189,241,489,577,7143.0,7170.0,27.0,0.562
310,10.18,49.613,241,294,489,577,7144.0,7176.0,32.0,0.674
310,10.18,49.613,294,346,489,577,7138.0,7171.0,33.0,0.0
310,10.18,49.613,346,397,489,577,7133.0,7164.0,31.0,-0.562
310,10.18,49.613,397,448,489,577,7129.0,7159.21,30.21,-1.012
310,10.18,49.613,448,501,489,577,7132.0,7159.0,27.0,-0.674
315,10.18,49.613,0,40,33,129,7127.0,7151.0,24.0,-1.461
315,10.18,49.613,40,90,33,129,7132.0,7158.0,26.0,-0.899
315,10.18,49.613,90,140,33,129,7140.0,7169.0,29.0,0.0
315,10.18,49.613,140,191,33,129,7145.0,7174.15,29.15,0.562
315,10.18,49.613,191,240,33,129,7151.0,7182.0,31.0,1.237
315,10.18,49.613,240,290,33,129,7147.0,7188.0,41.0,0.787
315,10.18,49.613,290,341,33,129,7144.0,7173.0,29.0,0.45
315,10.18,49.613,341,390,33,129,7132.0,7152.0,20.0,-0.899
315,10.18,49.613,390,439,33,129,7132.0,7154.0,22.0,-0.899
315,10.18,49.613,439,490,33,129,7130.0,7159.0,29.0,-1.124
315,10.18,49.613,0,35,129,204,7137.0,7168.0,31.0,-0.337
315,10.18,49.613,35,86,129,204,7146.0,7179.04,33.04,0.674
315,10.18,49.613,86,137,129,204,7149.0,7189.0,40.0,1.012
315,10.18,49.613,137,188,129,204,7156.0,7196.0,40.0,1.799
315,10.18,49.613,188,239,129,204,7153.0,7186.0,33.0,1.461
315,10.18,49.613,239,291,129,204,7151.0,7180.0,29.0,1.237
315,10.18,49.613,291,342,129,204,7150.0,7182.96,32.96,1.124
315,10.18,49.613,342,393,129,204,7138.0,7171.0,33.0,-0.225
315,10.18,49.613,393,445,129,204,7131.0,7165.34,34.34,-1.012
315,10.18,49.613,445,497,129,204,7131.0,7167.0,36.0,-1.012
315,10.18,49.613,15,55,366,484,7137.0,7167.0,30.0,-0.337
315,10.18,49.613,55,108,366,484,7132.0,7166.0,34.0,-0.899
315,10.18,49.613,108,158,366,484,7139.0,7166.0,27.0,-0.112
315,10.18,49.613,158,208,366,484,7142.0,7173.0,31.0,0.225
315,10.18,49.613,208,258,366,484,7144.0,7173.0,29.0,0.45
315,10.18,49.613,258,308,366,484,7143.0,7176.0,33.0,0.337
315,10.18,49.613,308,359,366,484,7140.0,7173.0,33.0,0.0
315,10.18,49.613,359,436,366,484,7140.0,7224.0,84.0,0.0
315,10.18,49.613,436,507,366,484,7130.0,7162.0,32.0,-1.124
315,10.18,49.613,4,55,484,572,7138.0,7170.0,32.0,-0.225
315,10.18,49.613,55,105,484,572,7138.0,7164.0,26.0,-0.225
315,10.18,49.613,105,156,484,572,7141.0,7173.0,32.0,0.112
315,10.18,49.613,156,207,484,572,7142.0,7173.0,31.0,0.225
315,10.18,49.613,207,258,484,572,7146.0,7175.11,29.11,0.674
315,10.18,49.613,258,309,484,572,7143.0,7170.0,27.0,0.337
315,10.18,49.613,309,361,484,572,7143.0,7173.0,30.0,0.337
315,10.18,49.613,361,412,484,572,7134.0,7167.0,33.0,-0.674
315,10.18,49.613,412,463,484,572,7131.0,7163.0,32.0,-1.012
315,10.18,49.613,463,512,484,572,7128.0,7159.0,31.0,-1.349
320,10.18,49.613,2,54,29,127,7122.0,7151.0,29.0,-2.136
320,10.18,49.613,54,107,29,127,7128.0,7152.0,24.0,-1.461
320,10.18,49.613,107,157,29,127,7137.0,7163.0,26.0,-0.45
320,10.18,49.613,157,205,29,127,7143.0,7170.0,27.0,0.225
320,10.18,49.613,205,255,29,127,7144.0,7171.0,27.0,0.337
320,10.18,49.613,255,304,29,127,7151.0,7182.0,31.0,1.124
320,10.18,49.613,304,355,29,127,7148.0,7188.0,40.0,0.787
320,10.18,49.613,355,403,29,127,7147.0,7172.0,25.0,0.674
320,10.18,49.613,403,454,29,127,7131.0,7152.0,21.0,-1.124
320,10.18,49.613,454,506,29,127,7129.0,7151.0,22.0,-1.349
320,10.18,49.613,0,49,127,201,7137.0,7171.0,34.0,-0.45
320,10.18,49.613,49,101,127,201,7141.0,7175.0,34.0,0.0
320,10.18,49.613,101,152,127,201,7149.0,7189.0,40.0,0.899
320,10.18,49.613,152,203,127,201,7151.0,7193.0,42.0,1.124
320,10.18,49.613,203,254,127,201,7153.0,7189.0,36.0,1.349
320,10.18,49.613,254,306,127,201,7152.0,7185.0,33.0,1.237
320,10.18,49.613,306,358,127,201,7153.0,7183.0,30.0,1.349
320,10.18,49.613,358,409,127,201,7150.0,7179.45,29.45,1.012
320,10.18,49.613,409,460,127,201,7139.0,7170.0,31.0,-0.225
320,10.18,49.613,460,512,127,201,7132.0,7166.0,34.0,-1.012
320,10.18,49.613,25,73,367,482,7129.0,7153.0,24.0,-1.349
320,10.18,49.613,73,122,367,482,7136.0,7170.0,34.0,-0.562
320,10.18,49.613,122,173,367,482,7134.0,7166.0,32.0,-0.787
320,10.18,49.613,173,223,367,482,7138.0,7165.0,27.0,-0.337
320,10.18,49.613,223,272,367,482,7142.0,7173.0,31.0,0.112
320,10.18,49.613,272,323,367,482,7142.0,7173.0,31.0,0.112
320,10.18,49.613,323,371,367,482,7144.0,7176.0,32.0,0.337
320,10.18,49.613,371,423,367,482,7138.0,7173.0,35.0,-0.337
320,10.18,49.613,423,471,367,482,7134.0,7167.0,33.0,-0.787
320,10.18,49.613,471,512,367,482,7148.0,7226.0,78.0,0.787
320,10.18,49.613,19,70,482,570,7132.0,7161.0,29.0,-1.012
320,10.18,49.613,70,118,482,570,7141.0,7173.0,32.0,0.0
320,10.18,49.613,118,171,482,570,7139.0,7167.64,28.64,-0.225
320,10.18,49.613,171,222,482,570,7139.0,7173.0,34.0,-0.225
320,10.18,49.613,222,273,482,570,7142.0,7173.0,31.0,0.112
320,10.18,49.613,273,325,482,570,7144.0,7173.0,29.0,0.337
320,10.18,49.613,325,375,482,570,7143.0,7169.0,26.0,0.225
320,10.18,49.613,375,427,482,570,7141.0,7171.0,30.0,0.0
320,10.18,49.613,427,478,482,570,7132.0,7165.0,33.0,-1.012
325,10.18,49.613,19,68,29,122,7124.0,7151.0,27.0,-2.248
325,10.18,49.613,68,119,29,122,7126.0,7153.0,27.0,-1.949
325,10.18,49.613,119,169,29,122,7134.0,7159.0,25.0,-0.749
325,10.18,49.613,169,218,29,122,7139.0,7164.0,25.0,0.0
325,10.18,49.613,218,267,29,122,7142.0,7170.0,28.0,0.45
325,10.18,49.613,267,317,29,122,7147.0,7174.0,27.0,1.199
325,10.18,49.613,317,368,29,122,7151.0,7182.0,31.0,1.799
325,10.18,49.613,368,419,29,122,7147.0,7187.0,40.0,1.199
325,10.18,49.613,419,468,29,122,7143.0,7171.0,28.0,0.6
325,10.18,49.613,468,512,29,122,7128.0,7151.0,23.0,-1.649
325,10.18,49.613,9,63,122,202,7147.0,7237.0,90.0,1.199
325,10.18,49.613,63,115,122,202,7137.0,7175.33,38.33,-0.3
325,10.18,49.613,115,166,122,202,7143.0,7183.0,40.0,0.6
325,10.18,49.613,166,218,122,202,7147.0,7188.0,41.0,1.199
325,10.18,49.613,218,269,122,202,7147.0,7184.0,37.0,1.199
325,10.18,49.613,269,321,122,202,7151.0,7188.0,37.0,1.799
325,10.18,49.613,321,372,122,202,7151.0,7183.0,32.0,1.799
325,10.18,49.613,372,423,122,202,7149.0,7178.09,29.09,1.499
325,10.18,49.613,423,475,122,202,7149.0,7179.0,30.0,1.499
325,10.18,49.613,475,512,122,202,7135.0,7170.0,35.0,-0.6
325,10.18,49.613,0,42,363,478,7130.0,7158.0,28.0,-1.349
325,10.18,49.613,42,92,363,478,7128.0,7163.0,35.0,-1.649
325,10.18,49.613,92,141,363,478,7131.0,7154.0,23.0,-1.199
325,10.18,49.613,141,191,363,478,7136.0,7171.0,35.0,-0.45
325,10.18,49.613,191,240,363,478,7136.0,7166.0,30.0,-0.45
325,10.18,49.613,240,291,363,478,7138.0,7166.0,28.0,-0.15
325,10.18,49.613,291,340,363,478,7142.0,7174.0,32.0,0.45
325,10.18,49.613,340,388,363,478,7143.0,7173.0,30.0,0.6
325,10.18,49.613,388,439,363,478,7139.0,7173.0,34.0,0.0
325,10.18,49.613,439,491,363,478,7134.0,7169.0,35.0,-0.749
325,10.18,49.613,0,37,478,572,7135.0,7171.0,36.0,-0.6
325,10.18,49.613,37,88,478,572,7128.0,7159.0,31.0,-1.649
325,10.18,49.613,88,139,478,572,7132.0,7163.0,31.0,-1.049
325,10.18,49.613,139,189,478,572,7142.0,7176.0,34.0,0.45
325,10.18,49.613,189,241,478,572,7139.0,7168.0,29.0,0.0
325,10.18,49.613,241,292,478,572,7140.0,7176.0,36.0,0.15
325,10.18,49.613,292,343,478,572,7142.0,7175.0,33.0,0.45
325,10.18,49.613,343,394,478,572,7143.0,7175.0,32.0,0.6
325,10.18,49.613,394,446,478,572,7139.0,7167.0,28.0,0.0
325,10.18,49.613,446,498,478,572,7138.0,7168.0,30.0,-0.15
330,10.18,49.613,33,85,28,120,7125.0,7152.0,27.0,-1.764
330,10.18,49.613,85,135,28,120,7128.0,7157.0,29.0,-1.453
330,10.18,49.613,135,186,28,120,7133.0,7161.0,28.0,-0.934
330,10.18,49.613,186,235,28,120,7137.0,7163.0,26.0,-0.519
330,10.18,49.613,235,287,28,120,7139.0,7165.0,26.0,-0.311
330,10.18,49.613,287,335,28,120,7148.0,7175.0,27.0,0.623
330,10.18,49.613,335,385,28,120,7149.0,7178.0,29.0,0.726
330,10.18,49.613,385,440,28,120,7153.0,7182.0,29.0,1.141
330,10.18,49.613,440,488,28,120,7149.0,7185.0,36.0,0.726
330,10.18,49.613,28,78,120,199,7127.0,7165.0,38.0,-1.557
330,10.18,49.613,78,132,120,199,7157.0,7246.0,89.0,1.557
330,10.18,49.613,132,184,120,199,7143.0,7187.0,44.0,0.104
330,10.18,49.613,184,235,120,199,7146.0,7182.0,36.0,0.415
330,10.18,49.613,235,287,120,199,7149.0,7187.0,38.0,0.726
330,10.18,49.613,287,338,120,199,7151.0,7190.0,39.0,0.934
330,10.18,49.613,338,390,120,199,7152.0,7190.0,38.0,1.038
330,10.18,49.613,390,442,120,199,7153.0,7185.0,32.0,1.141
330,10.18,49.613,442,494,120,199,7153.0,7183.0,30.0,1.141
330,10.18,49.613,7,56,362,477,7131.0,7159.0,28.0,-1.141
330,10.18,49.613,56,103,362,477,7133.0,7162.0,29.0,-0.934
330,10.18,49.613,103,156,362,477,7132.0,7169.0,37.0,-1.038
330,10.18,49.613,156,207,362,477,7132.0,7157.0,25.0,-1.038
330,10.18,49.613,207,256,362,477,7139.0,7173.0,34.0,-0.311
330,10.18,49.613,256,306,362,477,7139.0,7170.0,31.0,-0.311
330,10.18,49.613,306,356,362,477,7142.0,7169.0,27.0,0.0
330,10.18,49.613,356,404,362,477,7146.0,7175.0,29.0,0.415
330,10.18,49.613,404,457,362,477,7141.0,7174.0,33.0,-0.104
330,10.18,49.613,457,508,362,477,7141.0,7172.0,31.0,-0.104
330,10.18,49.613,1,53,477,570,7131.0,7165.0,34.0,-1.141
330,10.18,49.613,53,101,477,570,7143.5,7179.0,35.5,0.156
330,10.18,49.613,101,155,477,570,7133.0,7168.0,35.0,-0.934
330,10.18,49.613,155,205,477,570,7138.0,7169.0,31.0,-0.415
330,10.18,49.613,205,257,477,570,7144.0,7180.0,36.0,0.208
330,10.18,49.613,257,309,477,570,7143.0,7173.0,30.0,0.104
330,10.18,49.613,309,359,477,570,7142.0,7178.0,36.0,0.0
330,10.18,49.613,359,410,477,570,7143.0,7175.0,32.0,0.104
330,10.18,49.613,410,462,477,570,7143.0,7175.0,32.0,0.104
330,10.18,49.613,462,512,477,570,7140.0,7168.0,28.0,-0.208
335,10.18,49.613,0,45,31,118,7137.0,7171.0,34.0,-0.472
335,10.18,49.613,45,97,31,118,7124.0,7149.0,25.0,-2.226
335,10.18,49.613,97,148,31,118,7131.0,7161.0,30.0,-1.282
335,10.18,49.613,148,198,31,118,7133.0,7161.0,28.0,-1.012
335,10.18,49.613,198,249,31,118,7133.0,7163.0,30.0,-1.012
335,10.18,49.613,249,299,31,118,7137.0,7163.0,26.0,-0.472
335,10.18,49.613,299,350,31,118,7143.0,7169.0,26.0,0.337
335,10.18,49.613,350,399,31,118,7149.0,7177.0,28.0,1.147
335,10.18,49.613,399,451,31,118,7149.0,7177.0,28.0,1.147
335,10.18,49.613,451,503,31,118,7152.0,7176.0,24.0,1.551
335,10.18,49.613,0,41,118,197,7144.0,7177.52,33.52,0.472
335,10.18,49.613,41,93,118,197,7128.0,7169.0,41.0,-1.686
335,10.18,49.613,93,143,118,197,7133.0,7173.0,40.0,-1.012
335,10.18,49.613,143,197,118,197,7162.0,7255.0,93.0,2.9
335,10.18,49.613,197,249,118,197,7143.0,7181.0,38.0,0.337
335,10.18,49.613,249,301,118,197,7144.0,7180.0,36.0,0.472
335,10.18,49.613,301,353,118,197,7151.0,7188.0,37.0,1.416
335,10.18,49.613,353,404,118,197,7150.0,7188.0,38.0,1.282
335,10.18,49.613,404,457,118,197,7153.0,7190.0,37.0,1.686
335,10.18,49.613,457,512,118,197,7152.0,7184.0,32.0,1.551
335,10.18,49.613,23,67,364,478,7141.0,7171.0,30.0,0.067
335,10.18,49.613,67,118,364,478,7133.0,7161.0,28.0,-1.012
335,10.18,49.613,118,168,364,478,7135.0,7164.0,29.0,-0.742
335,10.18,49.613,168,219,364,478,7133.0,7170.0,37.0,-1.012
335,10.18,49.613,219,269,364,478,7133.0,7159.0,26.0,-1.012
335,10.18,49.613,269,319,364,478,7139.0,7174.0,35.0,-0.202
335,10.18,49.613,319,368,364,478,7140.0,7167.0,27.0,-0.067
335,10.18,49.613,368,417,364,478,7141.0,7168.0,27.0,0.067
335,10.18,49.613,417,470,364,478,7141.0,7173.71,32.71,0.067
335,10.18,49.613,470,512,364,478,7144.0,7173.0,29.0,0.472
335,10.18,49.613,12,64,478,569,7141.0,7180.0,39.0,0.067
335,10.18,49.613,64,116,478,569,7134.0,7172.0,38.0,-0.877
335,10.18,49.613,116,164,478,569,7147.0,7184.0,37.0,0.877
335,10.18,49.613,164,217,478,569,7136.0,7170.0,34.0,-0.607
335,10.18,49.613,217,269,478,569,7138.0,7171.0,33.0,-0.337
335,10.18,49.613,269,321,478,569,7144.0,7181.0,37.0,0.472
335,10.18,49.613,321,371,478,569,7142.0,7171.0,29.0,0.202
335,10.18,49.613,371,423,478,569,7140.0,7176.0,36.0,-0.067
335,10.18,49.613,423,475,478,569,7139.0,7173.0,34.0,-0.202
335,10.18,49.613,475,512,478,569,7140.0,7172.0,32.0,-0.067
340,10.18,49.613,4,58,32,117,7133.0,7163.88,30.88,-0.674
340,10.18,49.613,58,107,32,117,7139.0,7179.0,40.0,0.135
340,10.18,49.613,107,157,32,117,7129.0,7152.0,23.0,-1.214
340,10.18,49.613,157,207,32,117,7132.0,7161.0,29.0,-0.809
340,10.18,49.613,207,259,32,117,7131.0,7160.0,29.0,-0.944
340,10.18,49.613,259,308,32,117,7136.0,7164.0,28.0,-0.27
340,10.18,49.613,308,358,32,117,7138.0,7166.35,28.35,0.0
340,10.18,49.613,358,408,32,117,7144.0,7173.0,29.0,0.809
340,10.18,49.613,408,461,32,117,7147.0,7177.0,30.0,1.214
340,10.18,49.613,461,512,32,117,7148.0,7178.0,30.0,1.349
340,10.18,49.613,0,51,117,196,7147.0,7184.27,37.27,1.214
340,10.18,49.613,51,102,117,196,7148.0,7183.0,35.0,1.349
340,10.18,49.613,102,154,117,196,7134.0,7179.0,45.0,-0.54
340,10.18,49.613,154,205,117,196,7134.0,7178.0,44.0,-0.54
340,10.18,49.613,205,258,117,196,7160.0,7249.0,89.0,2.968
340,10.18,49.613,258,311,117,196,7143.0,7181.0,38.0,0.674
340,10.18,49.613,311,362,117,196,7146.0,7182.0,36.0,1.079
340,10.18,49.613,362,414,117,196,7149.0,7188.0,39.0,1.484
340,10.18,49.613,414,467,117,196,7151.0,7189.0,38.0,1.754
340,10.18,49.613,467,512,117,196,7154.0,7189.38,35.38,2.158
340,10.18,49.613,16,74,357,478,7127.0,7171.0,44.0,-1.484
340,10.18,49.613,74,127,357,478,7137.0,7174.0,37.0,-0.135
340,10.18,49.613,127,180,357,478,7131.0,7163.0,32.0,-0.944
340,10.18,49.613,180,228,357,478,7135.0,7164.0,29.0,-0.405
340,10.18,49.613,228,278,357,478,7133.0,7169.0,36.0,-0.674
340,10.18,49.613,278,326,357,478,7134.0,7160.0,26.0,-0.54
340,10.18,49.613,326,379,357,478,7137.0,7175.0,38.0,-0.135
340,10.18,49.613,379,429,357,478,7138.0,7167.0,29.0,0.0
340,10.18,49.613,429,473,357,478,7139.0,7166.0,27.0,0.135
340,10.18,49.613,473,512,357,478,7135.0,7173.0,38.0,-0.405
340,10.18,49.613,21,73,478,569,7144.0,7181.0,37.0,0.809
340,10.18,49.613,73,122,478,569,7146.0,7183.51,37.51,1.079
340,10.18,49.613,122,175,478,569,7136.0,7175.0,39.0,-0.27
340,10.18,49.613,175,227,478,569,7144.0,7185.0,41.0,0.809
340,10.18,49.613,227,279,478,569,7137.0,7170.0,33.0,-0.135
340,10.18,49.613,279,330,478,569,7140.0,7171.0,31.0,0.27
340,10.18,49.613,330,381,478,569,7144.0,7180.0,36.0,0.809
340,10.18,49.613,381,433,478,569,7140.0,7170.0,30.0,0.27
340,10.18,49.613,433,485,478,569,7138.0,7173.0,35.0,0.0
345,10.18,49.613,14,64,28,114,7137.0,7165.0,28.0,0.075
345,10.18,49.613,64,114,28,114,7136.0,7163.0,27.0,-0.075
345,10.18,49.613,114,165,28,114,7143.0,7183.0,40.0,0.974
345,10.18,49.613,165,215,28,114,7129.0,7154.0,25.0,-1.124
345,10.18,49.613,215,264,28,114,7131.0,7160.0,29.0,-0.824
345,10.18,49.613,264,316,28,114,7132.0,7161.0,29.0,-0.674
345,10.18,49.613,316,366,28,114,7134.0,7162.0,28.0,-0.375
345,10.18,49.613,366,417,28,114,7138.0,7164.0,26.0,0.225
345,10.18,49.613,417,469,28,114,7139.0,7166.59,27.59,0.375
345,10.18,49.613,469,512,28,114,7143.0,7170.24,27.24,0.974
345,10.18,49.613,6,58,114,194,7146.0,7184.0,38.0,1.424
345,10.18,49.613,58,110,114,194,7150.0,7189.0,39.0,2.023
345,10.18,49.613,110,162,114,194,7152.0,7194.0,42.0,2.323
345,10.18,49.613,162,213,114,194,7134.0,7182.0,48.0,-0.375
345,10.18,49.613,213,265,114,194,7131.0,7172.0,41.0,-0.824
345,10.18,49.613,265,319,114,194,7159.0,7247.07,88.07,3.372
345,10.18,49.613,319,370,114,194,7143.0,7180.0,37.0,0.974
345,10.18,49.613,370,423,114,194,7143.0,7178.0,35.0,0.974
345,10.18,49.613,423,475,114,194,7150.0,7184.0,34.0,2.023
345,10.18,49.613,475,512,114,194,7145.0,7184.0,39.0,1.274
345,10.18,49.613,32,71,351,475,7131.0,7169.0,38.0,-0.824
345,10.18,49.613,71,134,351,475,7129.0,7173.0,44.0,-1.124
345,10.18,49.613,134,185,351,475,7140.0,7176.12,36.12,0.525
345,10.18,49.613,185,235,351,475,7133.0,7160.0,27.0,-0.525
345,10.18,49.613,235,287,351,475,7132.0,7163.0,31.0,-0.674
345,10.18,49.613,287,337,351,475,7132.0,7169.0,37.0,-0.674
345,10.18,49.613,337,387,351,475,7132.0,7156.0,24.0,-0.674
345,10.18,49.613,387,440,351,475,7134.0,7173.0,39.0,-0.375
345,10.18,49.613,440,487,351,475,7136.0,7162.0,26.0,-0.075
345,10.18,49.613,29,78,475,568,7138.0,7184.0,46.0,0.225
345,10.18,49.613,78,130,475,568,7144.0,7183.0,39.0,1.124
345,10.18,49.613,130,183,475,568,7145.0,7187.0,42.0,1.274
345,10.18,49.613,183,235,475,568,7135.0,7175.0,40.0,-0.225
345,10.18,49.613,235,287,475,568,7144.0,7183.0,39.0,1.124
345,10.18,49.613,287,339,475,568,7134.0,7169.0,35.0,-0.375
345,10.18,49.613,339,390,475,568,7136.0,7169.0,33.0,-0.075
345,10.18,49.613,390,443,475,568,7140.0,7176.0,36.0,0.525
345,10.18,49.613,443,495,475,568,7136.0,7166.0,30.0,-0.075
350,10.18,49.613,22,73,18,111,7129.0,7156.0,27.0,-0.674
350,10.18,49.613,73,123,18,111,7139.0,7166.0,27.0,0.674
350,10.18,49.613,123,173,18,111,7140.0,7169.0,29.0,0.809
350,10.18,49.613,173,223,18,111,7142.0,7181.0,39.0,1.079
350,10.18,49.613,223,272,18,111,7127.0,7152.0,25.0,-0.944
350,10.18,49.613,272,323,18,111,7131.0,7159.0,28.0,-0.405
350,10.18,49.613,323,376,18,111,7129.0,7161.0,32.0,-0.674
350,10.18,49.613,376,427,18,111,7133.0,7165.0,32.0,-0.135
350,10.18,49.613,427,479,18,111,7133.0,7161.0,28.0,-0.135
350,10.18,49.613,15,66,111,191,7139.0,7175.0,36.0,0.674
350,10.18,49.613,66,118,111,191,7149.0,7189.1,40.1,2.023
350,10.18,49.613,118,170,111,191,7152.0,7196.0,44.0,2.428
350,10.18,49.613,170,222,111,191,7150.0,7191.0,41.0,2.158
350,10.18,49.613,222,274,111,191,7129.0,7173.0,44.0,-0.674
350,10.18,49.613,274,326,111,191,7128.0,7169.0,41.0,-0.809
350,10.18,49.613,326,380,111,191,7157.0,7247.0,90.0,3.103
350,10.18,49.613,380,433,111,191,7140.0,7176.0,36.0,0.809
350,10.18,49.613,433,486,111,191,7142.0,7177.0,35.0,1.079
350,10.18,49.613,0,39,348,473,7118.0,7156.0,38.0,-2.158
350,10.18,49.613,39,86,348,473,7122.5,7160.0,37.5,-1.551
350,10.18,49.613,86,144,348,473,7127.0,7169.0,42.0,-0.944
350,10.18,49.613,144,193,348,473,7134.0,7173.0,39.0,0.0
350,10.18,49.613,193,244,348,473,7138.0,7171.74,33.74,0.54
350,10.18,49.613,244,295,348,473,7131.0,7159.0,28.0,-0.405
350,10.18,49.613,295,345,348,473,7132.0,7163.0,31.0,-0.27
350,10.18,49.613,345,396,348,473,7129.0,7165.0,36.0,-0.674
350,10.18,49.613,396,445,348,473,7129.0,7154.0,25.0,-0.674
350,10.18,49.613,445,496,348,473,7132.0,7168.0,36.0,-0.27
350,10.18,49.613,34,88,473,566,7134.0,7168.0,34.0,0.0
350,10.18,49.613,88,139,473,566,7138.0,7184.0,46.0,0.54
350,10.18,49.613,139,192,473,566,7144.0,7182.0,38.0,1.349
350,10.18,49.613,192,244,473,566,7142.5,7184.0,41.5,1.147
350,10.18,49.613,244,296,473,566,7134.0,7172.0,38.0,0.0
350,10.18,49.613,296,348,473,566,7142.0,7181.0,39.0,1.079
350,10.18,49.613,348,400,473,566,7131.0,7166.75,35.75,-0.405
350,10.18,49.613,400,452,473,566,7131.0,7163.0,32.0,-0.405
350,10.18,49.613,452,505,473,566,7137.0,7173.0,36.0,0.405
355,10.18,49.613,29,83,14,110,7119.0,7153.0,34.0,-1.608
355,10.18,49.613,83,133,14,110,7135.0,7162.0,27.0,0.052
355,10.18,49.613,133,183,14,110,7146.0,7173.0,27.0,1.193
355,10.18,49.613,183,234,14,110,7141.0,7169.38,28.38,0.674
355,10.18,49.613,234,284,14,110,7143.0,7184.0,41.0,0.882
355,10.18,49.613,284,334,14,110,7129.0,7153.66,24.66,-0.571
355,10.18,49.613,334,385,14,110,7134.0,7164.0,30.0,-0.052
355,10.18,49.613,385,437,14,110,7132.0,7162.0,30.0,-0.259
355,10.18,49.613,437,495,14,110,7126.0,7162.0,36.0,-0.882
355,10.18,49.613,25,77,110,190,7136.0,7175.0,39.0,0.156
355,10.18,49.613,77,130,110,190,7146.0,7183.0,37.0,1.193
355,10.18,49.613,130,181,110,190,7156.0,7199.0,43.0,2.231
355,10.18,49.613,181,234,110,190,7153.0,7193.0,40.0,1.92
355,10.18,49.613,234,286,110,190,7151.0,7186.0,35.0,1.712
355,10.18,49.613,286,338,110,190,7132.0,7173.0,41.0,-0.259
355,10.18,49.613,338,390,110,190,7131.0,7170.0,39.0,-0.363
355,10.18,49.613,390,444,110,190,7159.0,7247.12,88.12,2.542
355,10.18,49.613,444,498,110,190,7143.0,7177.0,34.0,0.882
355,10.18,49.613,0,55,347,474,7116.0,7159.61,43.61,-1.92
355,10.18,49.613,55,100,347,474,7118.0,7156.0,38.0,-1.712
355,10.18,49.613,100,155,347,474,7123.0,7162.0,39.0,-1.193
355,10.18,49.613,155,206,347,474,7129.0,7170.0,41.0,-0.571
355,10.18,49.613,206,255,347,474,7136.0,7175.0,39.0,0.156
355,10.18,49.613,255,307,347,474,7138.0,7173.0,35.0,0.363
355,10.18,49.613,307,357,347,474,7131.0,7159.0,28.0,-0.363
355,10.18,49.613,357,406,347,474,7134.0,7162.0,28.0,-0.052
355,10.18,49.613,406,460,347,474,7127.0,7165.0,38.0,-0.778
355,10.18,49.613,460,508,347,474,7131.0,7154.0,23.0,-0.363
355,10.18,49.613,0,46,474,565,7129.0,7169.0,40.0,-0.571
355,10.18,49.613,46,97,474,565,7128.0,7163.0,35.0,-0.674
355,10.18,49.613,97,151,474,565,7139.0,7172.0,33.0,0.467
355,10.18,49.613,151,204,474,565,7141.0,7188.0,47.0,0.674
355,10.18,49.613,204,256,474,565,7147.0,7185.0,38.0,1.297
355,10.18,49.613,256,308,474,565,7147.0,7187.0,40.0,1.297
355,10.18,49.613,308,361,474,565,7136.0,7173.0,37.0,0.156
355,10.18,49.613,361,412,474,565,7144.0,7182.0,38.0,0.986
355,10.18,49.613,412,465,474,565,7132.0,7166.0,34.0,-0.259
355,10.18,49.613,465,512,474,565,7132.0,7165.0,33.0,-0.259
360,10.18,49.613,0,39,25,112,7114.0,7148.0,34.0,-1.638
360,10.18,49.613,39,94,25,112,7127.0,7157.0,30.0,-0.385
360,10.18,49.613,94,144,25,112,7124.0,7159.0,35.0,-0.674
360,10.18,49.613,144,195,25,112,7137.0,7164.0,27.0,0.578
360,10.18,49.613,195,245,25,112,7143.0,7172.0,29.0,1.156
360,10.18,49.613,245,297,25,112,7138.0,7166.0,28.0,0.674
360,10.18,49.613,297,347,25,112,7143.0,7181.18,38.18,1.156
360,10.18,49.613,347,398,25,112,7128.0,7155.0,27.0,-0.289
360,10.18,49.613,398,449,25,112,7132.0,7161.73,29.73,0.096
360,10.18,49.613,449,501,25,112,7129.0,7159.0,30.0,-0.193
360,10.18,49.613,0,35,112,192,7129.0,7166.0,37.0,-0.193
360,10.18,49.613,35,89,112,192,7137.0,7177.0,40.0,0.578
360,10.18,49.613,89,141,112,192,7142.0,7184.0,42.0,1.06
360,10.18,49.613,141,193,112,192,7149.0,7191.0,42.0,1.734
360,10.18,49.613,193,246,112,192,7152.0,7192.0,40.0,2.023
360,10.18,49.613,246,298,112,192,7152.0,7188.0,36.0,2.023
360,10.18,49.613,298,351,112,192,7150.0,7185.0,35.0,1.831
360,10.18,49.613,351,403,112,192,7129.0,7171.0,42.0,-0.193
360,10.18,49.613,403,455,112,192,7129.0,7169.0,40.0,-0.193
360,10.18,49.613,455,512,112,192,7155.0,7242.0,87.0,2.313
360,10.18,49.613,10,62,348,478,7119.0,7153.0,34.0,-1.156
360,10.18,49.613,62,111,348,478,7119.0,7159.0,40.0,-1.156
360,10.18,49.613,111,163,348,478,7114.0,7156.0,42.0,-1.638
360,10.18,49.613,163,216,348,478,7122.0,7160.0,38.0,-0.867
360,10.18,49.613,216,265,348,478,7129.0,7169.0,40.0,-0.193
360,10.18,49.613,265,317,348,478,7131.0,7171.0,40.0,0.0
360,10.18,49.613,317,370,348,478,7135.0,7170.0,35.0,0.385
360,10.18,49.613,370,419,348,478,7129.0,7158.0,29.0,-0.193
360,10.18,49.613,419,471,348,478,7128.0,7160.0,32.0,-0.289
360,10.18,49.613,471,512,348,478,7129.0,7163.0,34.0,-0.193
360,10.18,49.613,3,57,478,570,7119.0,7151.0,32.0,-1.156
360,10.18,49.613,57,109,478,570,7129.0,7170.0,41.0,-0.193
360,10.18,49.613,109,162,478,570,7127.0,7163.0,36.0,-0.385
360,10.18,49.613,162,216,478,570,7137.0,7170.0,33.0,0.578
360,10.18,49.613,216,269,478,570,7138.0,7186.0,48.0,0.674
360,10.18,49.613,269,322,478,570,7145.0,7183.0,38.0,1.349
360,10.18,49.613,322,373,478,570,7143.0,7184.0,41.0,1.156
360,10.18,49.613,373,426,478,570,7131.0,7170.0,39.0,0.0
360,10.18,49.613,426,479,478,570,7138.0,7179.8,41.8,0.674
365,10.18,49.613,5,59,23,112,7107.0,7139.0,32.0,-3.132
365,10.18,49.613,59,112,23,112,7119.0,7157.0,38.0,-1.975
365,10.18,49.613,112,163,23,112,7139.0,7168.0,29.0,-0.048
365,10.18,49.613,163,214,23,112,7131.0,7166.0,35.0,-0.819
365,10.18,49.613,214,264,23,112,7140.0,7168.0,28.0,0.048
365,10.18,49.613,264,316,23,112,7147.0,7176.0,29.0,0.723
365,10.18,49.613,316,366,23,112,7143.0,7172.0,29.0,0.337
365,10.18,49.613,366,420,23,112,7146.0,7183.0,37.0,0.626
365,10.18,49.613,420,471,23,112,7132.0,7157.0,25.0,-0.723
365,10.18,49.613,471,512,23,112,7133.0,7163.0,30.0,-0.626
365,10.18,49.613,2,55,112,193,7122.0,7163.0,41.0,-1.686
365,10.18,49.613,55,109,112,193,7137.0,7179.0,42.0,-0.241
365,10.18,49.613,109,161,112,193,7149.0,7193.0,44.0,0.915
365,10.18,49.613,161,214,112,193,7146.0,7190.0,44.0,0.626
365,10.18,49.613,214,267,112,193,7149.0,7185.0,36.0,0.915
365,10.18,49.613,267,320,112,193,7156.0,7193.97,37.97,1.59
365,10.18,49.613,320,372,112,193,7155.0,7191.0,36.0,1.494
365,10.18,49.613,372,425,112,193,7152.0,7187.0,35.0,1.204
365,10.18,49.613,425,478,112,193,7134.0,7175.0,41.0,-0.53
365,10.18,49.613,24,78,480,571,7114.0,7143.0,29.0,-2.457
365,10.18,49.613,78,130,480,571,7127.0,7159.0,32.0,-1.204
365,10.18,49.613,130,182,480,571,7136.0,7175.0,39.0,-0.337
365,10.18,49.613,182,235,480,571,7132.0,7168.0,36.0,-0.723
365,10.18,49.613,235,290,480,571,7141.0,7173.0,32.0,0.145
365,10.18,49.613,290,342,480,571,7142.0,7188.0,46.0,0.241
365,10.18,49.613,342,395,480,571,7146.0,7185.0,39.0,0.626
365,10.18,49.613,395,448,480,571,7144.0,7183.0,39.0,0.434
365,10.18,49.613,448,501,480,571,7133.0,7169.0,36.0,-0.626
370,10.18,49.613,29,83,12,113,7099.0,7133.0,34.0,-2.96
370,10.18,49.613,83,134,12,113,7111.0,7142.0,31.0,-2.061
370,10.18,49.613,134,185,12,113,7124.0,7163.0,39.0,-1.087
370,10.18,49.613,185,236,12,113,7137.0,7167.0,30.0,-0.112
370,10.18,49.613,236,287,12,113,7129.0,7165.0,36.0,-0.712
370,10.18,49.613,287,338,12,113,7140.0,7169.0,29.0,0.112
370,10.18,49.613,338,389,12,113,7147.0,7177.0,30.0,0.637
370,10.18,49.613,389,442,12,113,7142.0,7171.0,29.0,0.262
370,10.18,49.613,442,495,12,113,7142.0,7174.0,32.0,0.262
370,10.18,49.613,24,77,113,194,7120.0,7162.0,42.0,-1.386
370,10.18,49.613,77,130,113,194,7127.0,7172.0,45.0,-0.862
370,10.18,49.613,130,184,113,194,7141.0,7188.0,47.0,0.187
370,10.18,49.613,184,237,113,194,7146.0,7186.0,40.0,0.562
370,10.18,49.613,237,290,113,194,7144.0,7183.0,39.0,0.412
370,10.18,49.613,290,343,113,194,7150.0,7185.0,35.0,0.862
370,10.18,49.613,343,396,113,194,7154.0,7191.0,37.0,1.162
370,10.18,49.613,396,449,113,194,7155.0,7188.0,33.0,1.237
370,10.18,49.613,449,503,113,194,7153.0,7185.0,32.0,1.087
370,10.18,49.613,0,46,480,573,7091.0,7118.0,27.0,-3.56
370,10.18,49.613,46,99,480,573,7107.0,7136.0,29.0,-2.361
370,10.18,49.613,99,151,480,573,7117.0,7146.0,29.0,-1.611
370,10.18,49.613,151,205,480,573,7127.0,7161.0,34.0,-0.862
370,10.18,49.613,205,258,480,573,7134.0,7175.0,41.0,-0.337
370,10.18,49.613,258,312,480,573,7132.0,7166.0,34.0,-0.487
370,10.18,49.613,312,366,480,573,7139.0,7172.0,33.0,0.037
370,10.18,49.613,366,419,480,573,7138.0,7185.32,47.32,-0.037
370,10.18,49.613,419,472,480,573,7142.0,7179.0,37.0,0.262
370,10.18,49.613,472,512,480,573,7141.0,7179.22,38.22,0.187
375,10.18,49.613,0,48,10,110,7072.0,7105.0,33.0,-3.372
375,10.18,49.613,48,104,10,110,7100.0,7140.0,40.0,-1.799
375,10.18,49.613,104,158,10,110,7108.5,7142.0,33.5,-1.321
375,10.18,49.613,158,208,10,110,7120.0,7151.0,31.0,-0.674
375,10.18,49.613,208,258,10,110,7128.0,7166.88,38.88,-0.225
375,10.18,49.613,258,311,10,110,7141.0,7171.0,30.0,0.506
375,10.18,49.613,311,363,10,110,7132.0,7169.0,37.0,0.0
375,10.18,49.613,363,418,10,110,7141.0,7173.0,32.0,0.506
375,10.18,49.613,418,467,10,110,7151.0,7179.0,28.0,1.068
375,10.18,49.613,467,512,10,110,7143.0,7173.0,30.0,0.618
375,10.18,49.613,0,45,110,192,7083.0,7118.0,35.0,-2.754
375,10.18,49.613,45,101,110,192,7111.0,7153.0,42.0,-1.18
375,10.18,49.613,101,154,110,192,7129.0,7175.0,46.0,-0.169
375,10.18,49.613,154,207,110,192,7132.0,7179.0,47.0,0.0
375,10.18,49.613,207,260,110,192,7142.0,7181.0,39.0,0.562
375,10.18,49.613,260,314,110,192,7148.0,7186.0,38.0,0.899
375,10.18,49.613,314,366,110,192,7148.0,7185.68,37.68,0.899
375,10.18,49.613,366,420,110,192,7152.0,7185.0,33.0,1.124
375,10.18,49.613,420,474,110,192,7161.0,7195.0,34.0,1.63
375,10.18,49.613,474,512,110,192,7158.0,7192.14,34.14,1.461
375,10.18,49.613,25,69,479,571,7065.0,7094.0,29.0,-3.766
375,10.18,49.613,69,123,479,571,7095.0,7124.0,29.0,-2.08
375,10.18,49.613,123,177,479,571,7113.0,7146.0,33.0,-1.068
375,10.18,49.613,177,229,479,571,7121.0,7150.48,29.48,-0.618
375,10.18,49.613,229,282,479,571,7132.0,7164.0,32.0,0.0
375,10.18,49.613,282,336,479,571,7137.0,7179.0,42.0,0.281
375,10.18,49.613,336,388,479,571,7134.0,7169.0,35.0,0.112
375,10.18,49.613,388,444,479,571,7140.0,7173.0,33.0,0.45
375,10.18,49.613,444,498,479,571,7139.0,7184.55,45.55,0.393
380,10.18,49.613,68,126,7,108,7071.0,7107.0,36.0,-3.431
380,10.18,49.613,126,178,7,108,7107.0,7146.0,39.0,-1.32
380,10.18,49.613,178,231,7,108,7109.0,7142.0,33.0,-1.202
380,10.18,49.613,231,280,7,108,7120.0,7149.0,29.0,-0.557
380,10.18,49.613,280,332,7,108,7128.0,7166.53,38.53,-0.088
380,10.18,49.613,332,384,7,108,7141.0,7175.0,34.0,0.674
380,10.18,49.613,384,436,7,108,7133.0,7168.59,35.59,0.205
380,10.18,49.613,436,490,7,108,7138.0,7170.0,32.0,0.499
380,10.18,49.613,72,123,108,190,7085.0,7124.54,39.54,-2.61
380,10.18,49.613,123,176,108,190,7118.0,7164.0,46.0,-0.674
380,10.18,49.613,176,230,108,190,7128.0,7169.0,41.0,-0.088
380,10.18,49.613,230,283,108,190,7131.0,7172.0,41.0,0.088
380,10.18,49.613,283,337,108,190,7143.0,7182.0,39.0,0.792
380,10.18,49.613,337,390,108,190,7149.0,7185.0,36.0,1.144
380,10.18,49.613,390,443,108,190,7148.0,7183.0,35.0,1.085
380,10.18,49.613,443,498,108,190,7151.0,7183.0,32.0,1.261
380,10.18,49.613,91,143,478,569,7063.0,7096.0,33.0,-3.9
380,10.18,49.613,143,198,478,569,7096.0,7127.0,31.0,-1.965
380,10.18,49.613,198,252,478,569,7113.0,7146.0,33.0,-0.968
380,10.18,49.613,252,305,478,569,7122.0,7151.0,29.0,-0.44
380,10.18,49.613,305,357,478,569,7132.0,7162.0,30.0,0.147
380,10.18,49.613,357,411,478,569,7136.0,7176.0,40.0,0.381
380,10.18,49.613,411,464,478,569,7131.0,7165.0,34.0,0.088
380,10.18,49.613,464,512,478,569,7138.0,7170.0,32.0,0.499
385,10.179,49.613,142,197,2,106,7070.0,7105.45,35.45,-2.806
385,10.179,49.613,197,249,2,106,7101.0,7143.0,42.0,-1.133
385,10.179,49.613,249,302,2,106,7107.0,7141.0,34.0,-0.809
385,10.179,49.613,302,353,2,106,7116.0,7147.0,31.0,-0.324
385,10.179,49.613,353,404,2,106,7126.0,7166.16,40.16,0.216
385,10.179,49.613,404,457,2,106,7134.0,7169.0,35.0,0.648
385,10.179,49.613,457,494,2,106,7128.0,7164.0,36.0,0.324
385,10.179,49.613,142,196,106,187,7083.0,7124.0,41.0,-2.104
385,10.179,49.613,196,249,106,187,7113.0,7153.0,40.0,-0.486
385,10.179,49.613,249,303,106,187,7126.0,7166.0,40.0,0.216
385,10.179,49.613,303,356,106,187,7128.0,7169.0,41.0,0.324
385,10.179,49.613,356,410,106,187,7141.0,7177.0,36.0,1.025
385,10.179,49.613,410,464,106,187,7146.0,7181.0,35.0,1.295
385,10.179,49.613,464,512,106,187,7145.0,7178.0,33.0,1.241
385,10.179,49.613,166,218,477,567,7061.0,7091.0,30.0,-3.292
385,10.179,49.613,218,271,477,567,7094.0,7126.0,32.0,-1.511
385,10.179,49.613,271,326,477,567,7109.0,7144.0,35.0,-0.701
385,10.179,49.613,326,379,477,567,7118.0,7148.0,30.0,-0.216
385,10.179,49.613,379,432,477,567,7126.0,7158.0,32.0,0.216
385,10.179,49.613,432,486,477,567,7129.0,7171.0,42.0,0.378
390,10.179,49.613,198,249,2,103,7069.0,7105.0,36.0,-2.283
390,10.179,49.613,249,301,2,103,7100.0,7142.0,42.0,-0.674
390,10.179,49.613,301,353,2,103,7106.0,7140.0,34.0,-0.363
390,10.179,49.613,353,407,2,103,7113.0,7149.0,36.0,0.0
390,10.179,49.613,407,453,2,103,7126.0,7165.0,39.0,0.674
390,10.179,49.613,453,506,2,103,7128.0,7166.0,38.0,0.778
390,10.179,49.613,198,250,103,184,7081.0,7117.0,36.0,-1.66
390,10.179,49.613,250,303,103,184,7112.0,7150.0,38.0,-0.052
390,10.179,49.613,303,356,103,184,7126.0,7165.0,39.0,0.674
390,10.179,49.613,356,410,103,184,7127.0,7167.0,40.0,0.726
390,10.179,49.613,410,464,103,184,7140.0,7177.0,37.0,1.401
390,10.179,49.613,464,512,103,184,7146.0,7179.0,33.0,1.712
390,10.179,49.613,221,272,469,563,7059.0,7091.0,32.0,-2.802
390,10.179,49.613,272,326,469,563,7094.0,7127.0,33.0,-0.986
390,10.179,49.613,326,379,469,563,7109.0,7143.0,34.0,-0.208
390,10.179,49.613,379,432,469,563,7114.0,7145.0,31.0,0.052
390,10.179,49.613,432,484,469,563,7122.0,7156.0,34.0,0.467
395,10.179,49.613,203,255,2,105,7066.0,7103.0,37.0,-2.264
395,10.179,49.613,255,306,2,105,7099.0,7142.0,43.0,-0.674
395,10.179,49.613,306,357,2,105,7106.0,7139.28,33.28,-0.337
395,10.179,49.613,357,409,2,105,7113.0,7149.0,36.0,0.0
395,10.179,49.613,409,462,2,105,7120.0,7164.0,44.0,0.337
395,10.179,49.613,462,504,2,105,7128.0,7165.0,37.0,0.723
395,10.179,49.613,203,255,105,185,7078.0,7116.0,38.0,-1.686
395,10.179,49.613,255,308,105,185,7111.0,7149.0,38.0,-0.096
395,10.179,49.613,308,362,105,185,7124.0,7163.0,39.0,0.53
395,10.179,49.613,362,415,105,185,7127.0,7165.34,38.34,0.674
395,10.179,49.613,415,469,105,185,7140.0,7176.0,36.0,1.301
395,10.179,49.613,469,512,105,185,7144.0,7178.0,34.0,1.494
395,10.179,49.613,217,278,474,564,7057.0,7089.0,32.0,-2.698
395,10.179,49.613,278,332,474,564,7092.0,7124.0,32.0,-1.012
395,10.179,49.613,332,385,474,564,7108.0,7142.0,34.0,-0.241
395,10.179,49.613,385,437,474,564,7115.0,7143.0,28.0,0.096
395,10.179,49.613,437,491,474,564,7121.0,7153.0,32.0,0.385
400,10.179,49.613,198,249,0,94,7065.0,7103.0,38.0,-2.586
400,10.179,49.613,249,299,0,94,7098.0,7142.0,44.0,-0.731
400,10.179,49.613,299,352,0,94,7102.0,7138.0,36.0,-0.506
400,10.179,49.613,352,404,0,94,7111.0,7147.0,36.0,0.0
400,10.179,49.613,404,457,0,94,7119.0,7161.0,42.0,0.45
400,10.179,49.613,457,512,0,94,7126.0,7162.0,36.0,0.843
400,10.179,49.613,198,250,94,175,7078.0,7116.0,38.0,-1.855
400,10.179,49.613,250,304,94,175,7111.0,7149.0,38.0,0.0
400,10.179,49.613,304,357,94,175,7123.0,7163.77,40.77,0.674
400,10.179,49.613,357,410,94,175,7125.0,7165.0,40.0,0.787
400,10.179,49.613,410,464,94,175,7138.0,7175.0,37.0,1.518
400,10.179,49.613,464,512,94,175,7143.0,7178.0,35.0,1.799
400,10.179,49.613,228,274,338,465,7059.0,7102.0,43.0,-2.923
400,10.179,49.613,274,324,338,465,7093.0,7135.0,42.0,-1.012
400,10.179,49.613,324,376,338,465,7109.0,7169.0,60.0,-0.112
400,10.179,49.613,376,423,338,465,7114.0,7150.0,36.0,0.169
400,10.179,49.613,423,470,338,465,7114.0,7152.0,38.0,0.169
400,10.179,49.613,470,512,338,465,7103.0,7156.0,53.0,-0.45
400,10.179,49.613,211,274,465,555,7058.0,7092.0,34.0,-2.979
400,10.179,49.613,274,327,465,555,7094.0,7126.0,32.0,-0.956
400,10.179,49.613,327,380,465,555,7108.0,7141.0,33.0,-0.169
400,10.179,49.613,380,433,465,555,7114.0,7143.0,29.0,0.169
400,10.179,49.613,433,487,465,555,7122.0,7153.0,31.0,0.618
405,10.179,49.613,195,247,0,85,7061.0,7101.0,40.0,-2.49
405,10.179,49.613,247,299,0,85,7096.0,7137.0,41.0,-0.674
405,10.179,49.613,299,350,0,85,7101.0,7136.0,35.0,-0.415
405,10.179,49.613,350,402,0,85,7109.0,7146.0,37.0,0.0
405,10.179,49.613,402,455,0,85,7117.0,7156.56,39.56,0.415
405,10.179,49.613,455,509,0,85,7126.0,7159.0,33.0,0.882
405,10.179,49.613,195,248,85,166,7074.0,7113.0,39.0,-1.816
405,10.179,49.613,248,301,85,166,7108.0,7146.0,38.0,-0.052
405,10.179,49.613,301,354,85,166,7121.0,7162.0,41.0,0.623
405,10.179,49.613,354,408,85,166,7123.0,7164.0,41.0,0.726
405,10.179,49.613,408,462,85,166,7136.0,7172.0,36.0,1.401
405,10.179,49.613,462,512,85,166,7141.0,7176.0,35.0,1.66
405,10.179,49.613,209,272,453,546,7055.0,7089.0,34.0,-2.802
405,10.179,49.613,272,325,453,546,7092.0,7123.0,31.0,-0.882
405,10.179,49.613,325,378,453,546,7107.0,7139.0,32.0,-0.104
405,10.179,49.613,378,432,453,546,7112.0,7142.0,30.0,0.156
405,10.179,49.613,432,485,453,546,7120.0,7153.0,33.0,0.571
410,10.179,49.613,187,240,42,123,7090.0,7128.0,38.0,-2.216
410,10.179,49.613,240,294,42,123,7122.0,7163.0,41.0,-0.674
410,10.179,49.613,294,348,42,123,7136.0,7173.0,37.0,0.0
410,10.179,49.613,348,402,42,123,7139.0,7178.0,39.0,0.145
410,10.179,49.613,402,456,42,123,7154.0,7190.0,36.0,0.867
410,10.179,49.613,456,512,42,123,7157.0,7193.0,36.0,1.012
410,10.179,49.613,207,265,413,505,7078.0,7112.0,34.0,-2.794
410,10.179,49.613,265,319,413,505,7114.0,7147.0,33.0,-1.06
410,10.179,49.613,319,372,413,505,7128.0,7162.0,34.0,-0.385
410,10.179,49.613,372,426,413,505,7136.0,7165.0,29.0,0.0
410,10.179,49.613,426,480,413,505,7144.0,7177.0,33.0,0.385
415,10.179,49.613,198,260,378,468,7077.0,7114.0,37.0,-2.798
415,10.179,49.613,260,314,378,468,7114.0,7147.0,33.0,-0.949
415,10.179,49.613,314,367,378,468,7129.0,7163.0,34.0,-0.2
415,10.179,49.613,367,421,378,468,7137.0,7167.0,30.0,0.2
415,10.179,49.613,421,475,378,468,7146.0,7178.0,32.0,0.65
415,10.179,49.613,475,512,378,468,7147.0,7185.44,38.44,0.699
425,10.179,49.613,150,198,140,270,7038.0,7122.0,84.0,-4.566
425,10.179,49.613,198,247,140,270,7074.0,7118.0,44.0,-2.698
425,10.179,49.613,247,312,140,270,7098.0,7156.0,58.0,-1.453
425,10.179,49.613,312,353,140,270,7136.0,7190.0,54.0,0.519
425,10.179,49.613,353,408,140,270,7126.0,7172.0,46.0,0.0
425,10.179,49.613,408,446,140,270,7138.0,7176.0,38.0,0.623
425,10.179,49.613,446,488,140,270,7121.0,7182.0,61.0,-0.259
425,10.179,49.613,195,249,270,355,7078.0,7113.64,35.64,-2.49
425,10.179,49.613,249,304,270,355,7116.0,7148.0,32.0,-0.519
425,10.179,49.613,304,358,270,355,7132.0,7165.0,33.0,0.311
425,10.179,49.613,358,413,270,355,7139.0,7167.0,28.0,0.674
425,10.179,49.613,413,468,270,355,7148.0,7179.0,31.0,1.141
425,10.179,49.613,468,512,270,355,7153.0,7194.0,41.0,1.401
430,10.179,49.613,224,278,584,640,7067.0,7104.0,37.0,-2.063
430,10.179,49.613,278,332,584,640,7102.0,7137.0,35.0,-0.674
430,10.179,49.613,332,387,584,640,7108.0,7134.0,26.0,-0.436
430,10.179,49.613,387,445,584,640,7117.0,7143.0,26.0,-0.079
430,10.179,49.613,445,501,584,640,7119.0,7144.0,25.0,0.0
430,10.179,49.613,195,248,78,200,7079.0,7121.39,42.39,-1.587
430,10.179,49.613,248,302,78,200,7115.0,7157.0,42.0,-0.159
430,10.179,49.613,302,353,78,200,7134.0,7190.0,56.0,0.595
430,10.179,49.613,353,406,78,200,7133.0,7175.0,42.0,0.555
430,10.179,49.613,406,461,78,200,7144.0,7180.0,36.0,0.992
430,10.179,49.613,461,512,78,200,7139.0,7185.0,46.0,0.794
430,10.179,49.613,189,248,200,284,7084.0,7121.0,37.0,-1.389
430,10.179,49.613,248,303,200,284,7119.0,7152.79,33.79,0.0
430,10.179,49.613,303,358,200,284,7134.0,7168.0,34.0,0.595
430,10.179,49.613,358,413,200,284,7141.0,7170.0,29.0,0.873
430,10.179,49.613,413,468,200,284,7152.0,7185.0,33.0,1.309
430,10.179,49.613,468,512,200,284,7157.0,7199.0,42.0,1.508
435,10.179,49.613,193,249,15,128,7077.0,7116.0,39.0,-1.981
435,10.179,49.613,249,302,15,128,7113.0,7152.0,39.0,-0.464
435,10.179,49.613,302,354,15,128,7132.0,7183.0,51.0,0.337
435,10.179,49.613,354,409,15,128,7133.0,7171.0,38.0,0.379
435,10.179,49.613,409,464,15,128,7143.0,7177.0,34.0,0.801
435,10.179,49.613,464,507,15,128,7141.0,7181.0,40.0,0.717
435,10.179,49.613,193,248,128,210,7083.0,7122.0,39.0,-1.728
435,10.179,49.613,248,303,128,210,7118.0,7153.0,35.0,-0.253
435,10.179,49.613,303,358,128,210,7134.0,7168.0,34.0,0.422
435,10.179,49.613,358,415,128,210,7140.0,7170.44,30.44,0.674
435,10.179,49.613,415,470,128,210,7152.0,7186.0,34.0,1.18
435,10.179,49.613,470,512,128,210,7154.0,7197.0,43.0,1.265
435,10.179,49.613,210,278,515,612,7073.0,7123.0,50.0,-2.15
435,10.179,49.613,278,335,515,612,7107.0,7143.0,36.0,-0.717
435,10.179,49.613,335,390,515,612,7113.0,7151.0,38.0,-0.464
435,10.179,49.613,390,446,515,612,7122.0,7157.0,35.0,-0.084
435,10.179,49.613,446,503,515,612,7124.0,7155.0,31.0,0.0
440,10.179,49.613,195,251,0,56,7078.0,7108.0,30.0,-2.558
440,10.179,49.613,251,308,0,56,7116.0,7148.0,32.0,-0.791
440,10.179,49.613,308,363,0,56,7129.0,7175.0,46.0,-0.186
440,10.179,49.613,363,415,0,56,7139.0,7166.0,27.0,0.279
440,10.179,49.613,415,471,0,56,7143.0,7171.0,28.0,0.465
440,10.179,49.613,471,512,0,56,7150.0,7177.0,27.0,0.791
440,10.179,49.613,198,251,56,137,7077.0,7115.0,38.0,-2.605
440,10.179,49.613,251,307,56,137,7112.0,7148.0,36.0,-0.977
440,10.179,49.613,307,363,56,137,7127.0,7165.0,38.0,-0.279
440,10.179,49.613,363,420,56,137,7137.0,7168.0,31.0,0.186
440,10.179,49.613,420,477,56,137,7147.0,7183.0,36.0,0.651
440,10.179,49.613,477,512,56,137,7148.0,7184.26,36.26,0.698
445,10.179,49.613,195,248,0,56,7066.0,7102.0,36.0,-2.445
445,10.179,49.613,248,306,0,56,7108.0,7138.0,30.0,-0.674
445,10.179,49.613,306,362,0,56,7124.0,7156.0,32.0,0.0
445,10.179,49.613,362,423,0,56,7126.0,7159.0,33.0,0.084
445,10.179,49.613,423,481,0,56,7141.0,7173.0,32.0,0.717
455,10.179,49.613,208,265,87,214,7070.0,7114.0,44.0,-2.481
455,10.179,49.613,265,319,87,214,7105.0,7159.0,54.0,-0.795
455,10.179,49.613,319,382,87,214,7109.0,7158.0,49.0,-0.602
455,10.179,49.613,382,433,87,214,7122.0,7165.22,43.22,0.024
455,10.179,49.613,433,492,87,214,7124.0,7173.0,49.0,0.12
455,10.179,49.613,208,264,214,301,7083.0,7121.0,38.0,-1.855
455,10.179,49.613,264,322,214,301,7121.0,7158.0,37.0,-0.024
455,10.179,49.613,322,379,214,301,7128.0,7164.0,36.0,0.313
455,10.179,49.613,379,438,214,301,7137.0,7170.0,33.0,0.747
455,10.179,49.613,438,493,214,301,7142.0,7172.0,30.0,0.988
460,10.179,49.613,209,257,19,134,7076.0,7109.0,33.0,-2.231
460,10.179,49.613,257,313,19,134,7104.0,7154.0,50.0,-0.778
460,10.179,49.613,313,367,19,134,7119.0,7155.0,36.0,0.0
460,10.179,49.613,367,428,19,134,7120.0,7163.0,43.0,0.052
460,10.179,49.613,428,480,19,134,7134.0,7171.0,37.0,0.778
460,10.179,49.613,201,257,134,219,7082.0,7123.0,41.0,-1.92
460,10.179,49.613,257,314,134,219,7119.0,7156.0,37.0,0.0
460,10.179,49.613,314,372,134,219,7127.0,7164.0,37.0,0.415
460,10.179,49.613,372,430,134,219,7137.0,7171.0,34.0,0.934
460,10.179,49.613,430,489,134,219,7140.0,7173.0,33.0,1.09
460,10.179,49.613,286,343,533,638,7099.0,7136.0,37.0,-1.038
460,10.179,49.613,343,400,533,638,7108.0,7146.0,38.0,-0.571
460,10.179,49.613,400,458,533,638,7113.0,7148.0,35.0,-0.311
460,10.179,49.613,458,512,533,638,7123.0,7156.0,33.0,0.208
465,10.179,49.613,216,274,500,601,7061.0,7114.0,53.0,-3.533
465,10.179,49.613,274,331,500,601,7099.0,7139.0,40.0,-1.092
465,10.179,49.613,331,389,500,601,7108.0,7148.34,40.34,-0.514
465,10.179,49.613,389,446,500,601,7115.0,7151.0,36.0,-0.064
465,10.179,49.613,446,504,500,601,7125.0,7161.0,36.0,0.578
465,10.179,49.613,193,250,0,97,7066.0,7105.0,39.0,-3.212
465,10.179,49.613,250,306,0,97,7099.0,7148.0,49.0,-1.092
465,10.179,49.613,306,361,0,97,7115.0,7153.0,38.0,-0.064
465,10.179,49.613,361,417,0,97,7120.0,7158.64,38.64,0.257
465,10.179,49.613,417,475,0,97,7125.0,7164.0,39.0,0.578
465,10.179,49.613,475,512,0,97,7128.0,7168.0,40.0,0.771
465,10.179,49.613,193,250,97,183,7079.0,7122.0,43.0,-2.377
465,10.179,49.613,250,308,97,183,7117.0,7156.0,39.0,0.064
465,10.179,49.613,308,365,97,183,7124.0,7166.0,42.0,0.514
465,10.179,49.613,365,423,97,183,7135.0,7172.0,37.0,1.221
465,10.179,49.613,423,481,97,183,7140.0,7173.0,33.0,1.542
470,10.179,49.613,273,330,509,615,7095.0,7133.0,38.0,-1.499
470,10.179,49.613,330,388,509,615,7104.0,7144.0,40.0,-0.824
470,10.179,49.613,388,445,509,615,7111.0,7146.0,35.0,-0.3
470,10.179,49.613,445,504,509,615,7120.0,7155.81,35.81,0.375
470,10.179,49.613,192,249,0,111,7066.0,7104.0,38.0,-3.672
470,10.179,49.613,249,306,0,111,7096.0,7148.0,52.0,-1.424
470,10.179,49.613,306,362,0,111,7114.0,7151.0,37.0,-0.075
470,10.179,49.613,362,417,0,111,7121.0,7158.0,37.0,0.45
470,10.179,49.613,417,474,0,111,7123.0,7163.0,40.0,0.6
470,10.179,49.613,474,512,0,111,7124.0,7166.0,42.0,0.674
470,10.179,49.613,192,248,111,196,7078.0,7118.0,40.0,-2.773
470,10.179,49.613,248,306,111,196,7115.0,7152.0,37.0,0.0
470,10.179,49.613,306,364,111,196,7123.0,7161.0,38.0,0.6
470,10.179,49.613,364,422,111,196,7133.0,7169.0,36.0,1.349
470,10.179,49.613,422,480,111,196,7138.0,7170.0,32.0,1.724
475,10.179,49.613,192,248,0,115,7068.0,7103.94,35.94,-3.103
475,10.179,49.613,248,304,0,115,7097.0,7147.0,50.0,-1.147
475,10.179,49.613,304,357,0,115,7114.0,7152.0,38.0,0.0
475,10.179,49.613,357,413,0,115,7119.0,7157.18,38.18,0.337
475,10.179,49.613,413,481,0,115,7114.0,7162.0,48.0,0.0
475,10.179,49.613,192,247,115,198,7079.0,7118.0,39.0,-2.361
475,10.179,49.613,247,305,115,198,7116.0,7152.0,36.0,0.135
475,10.179,49.613,305,362,115,198,7124.0,7162.0,38.0,0.674
475,10.179,49.613,362,418,115,198,7133.0,7168.0,35.0,1.282
475,10.179,49.613,418,475,115,198,7138.0,7170.0,32.0,1.619
475,10.179,49.613,475,512,115,198,7141.0,7173.0,32.0,1.821
475,10.179,49.613,273,329,505,608,7095.0,7133.0,38.0,-1.282
475,10.179,49.613,329,386,505,608,7105.0,7143.43,38.43,-0.607
475,10.179,49.613,386,442,505,608,7111.0,7146.0,35.0,-0.202
475,10.179,49.613,442,499,505,608,7121.0,7156.0,35.0,0.472
480,10.179,49.613,231,275,352,480,7062.0,7129.81,67.81,-3.507
480,10.179,49.613,275,325,352,480,7095.0,7141.0,46.0,-1.282
480,10.179,49.613,325,376,352,480,7106.0,7145.0,39.0,-0.54
480,10.179,49.613,376,429,352,480,7117.0,7159.0,42.0,0.202
480,10.179,49.613,429,477,352,480,7124.0,7160.0,36.0,0.674
480,10.179,49.613,477,512,352,480,7124.0,7161.0,37.0,0.674
480,10.179,49.613,224,274,480,574,7058.0,7095.0,37.0,-3.777
480,10.179,49.613,274,328,480,574,7095.0,7133.0,38.0,-1.282
480,10.179,49.613,328,380,480,574,7106.0,7143.0,37.0,-0.54
480,10.179,49.613,380,432,480,574,7112.0,7146.0,34.0,-0.135
480,10.179,49.613,432,485,480,574,7123.0,7158.0,35.0,0.607
480,10.179,49.613,200,252,2,117,7063.0,7102.0,39.0,-3.44
480,10.179,49.613,252,303,2,117,7096.0,7147.0,51.0,-1.214
480,10.179,49.613,303,353,2,117,7112.0,7149.0,37.0,-0.135
480,10.179,49.613,353,404,2,117,7118.0,7156.0,38.0,0.27
480,10.179,49.613,404,463,2,117,7116.0,7164.0,48.0,0.135
480,10.179,49.613,463,508,2,117,7125.0,7165.96,40.96,0.742
480,10.179,49.613,200,251,117,194,7077.0,7116.0,39.0,-2.496
480,10.179,49.613,251,304,117,194,7114.0,7149.0,35.0,0.0
480,10.179,49.613,304,356,117,194,7123.0,7159.0,36.0,0.607
480,10.179,49.613,356,409,117,194,7132.0,7167.0,35.0,1.214
480,10.179,49.613,409,462,117,194,7139.0,7169.0,30.0,1.686
480,10.179,49.613,462,512,117,194,7143.0,7173.0,30.0,1.956
485,10.179,49.613,233,275,344,465,7062.0,7127.74,65.74,-3.575
485,10.179,49.613,275,323,344,465,7096.0,7139.0,43.0,-1.282
485,10.179,49.613,323,375,344,465,7104.0,7143.0,39.0,-0.742
485,10.179,49.613,375,421,344,465,7120.0,7158.0,38.0,0.337
485,10.179,49.613,421,470,344,465,7122.0,7160.0,38.0,0.472
485,10.179,49.613,470,512,344,465,7126.0,7160.65,34.65,0.742
485,10.179,49.613,227,276,465,554,7056.0,7091.0,35.0,-3.979
485,10.179,49.613,276,326,465,554,7095.0,7131.0,36.0,-1.349
485,10.179,49.613,326,377,465,554,7106.0,7141.0,35.0,-0.607
485,10.179,49.613,377,426,465,554,7113.0,7144.0,31.0,-0.135
485,10.179,49.613,426,477,465,554,7122.0,7157.0,35.0,0.472
485,10.179,49.613,477,512,465,554,7120.0,7157.0,37.0,0.337
485,10.179,49.613,202,251,4,116,7064.0,7101.0,37.0,-3.44
485,10.179,49.613,251,301,4,116,7095.0,7146.0,51.0,-1.349
485,10.179,49.613,301,350,4,116,7111.5,7149.0,37.5,-0.236
485,10.179,49.613,350,398,4,116,7117.0,7154.0,37.0,0.135
485,10.179,49.613,398,448,4,116,7120.0,7163.0,43.0,0.337
485,10.179,49.613,448,486,4,116,7118.0,7166.0,48.0,0.202
485,10.179,49.613,202,251,116,189,7076.0,7113.0,37.0,-2.631
485,10.179,49.613,251,302,116,189,7113.0,7149.0,36.0,-0.135
485,10.179,49.613,302,353,116,189,7123.0,7160.0,37.0,0.54
485,10.179,49.613,353,403,116,189,7132.0,7165.0,33.0,1.147
485,10.179,49.613,403,454,116,189,7137.0,7170.0,33.0,1.484
485,10.179,49.613,454,506,116,189,7142.0,7173.0,31.0,1.821
490,10.179,49.613,225,267,330,454,7058.0,7117.0,59.0,-3.372
490,10.179,49.613,267,315,330,454,7086.0,7138.0,52.0,-1.574
490,10.179,49.613,315,364,330,454,7103.0,7142.0,39.0,-0.482
490,10.179,49.613,364,412,330,454,7116.0,7157.0,41.0,0.353
490,10.179,49.613,412,466,330,454,7117.0,7159.0,42.0,0.418
490,10.179,49.613,466,509,330,454,7121.0,7161.0,40.0,0.674
490,10.179,49.613,218,267,454,542,7054.0,7090.0,36.0,-3.629
490,10.179,49.613,267,317,454,542,7095.0,7130.0,35.0,-0.996
490,10.179,49.613,317,368,454,542,7105.0,7141.0,36.0,-0.353
490,10.179,49.613,368,418,454,542,7111.0,7144.0,33.0,0.032
490,10.179,49.613,418,469,454,542,7123.0,7156.0,33.0,0.803
490,10.179,49.613,469,512,454,542,7121.0,7157.0,36.0,0.674
490,10.179,49.613,198,243,0,104,7059.0,7099.0,40.0,-3.308
490,10.179,49.613,243,291,0,104,7092.0,7142.0,50.0,-1.188
490,10.179,49.613,291,339,0,104,7104.0,7145.0,41.0,-0.418
490,10.179,49.613,339,389,0,104,7110.0,7153.0,43.0,-0.032
490,10.179,49.613,389,450,0,104,7107.0,7158.0,51.0,-0.225
490,10.179,49.613,450,490,0,104,7121.0,7163.0,42.0,0.674
490,10.179,49.613,192,242,104,177,7073.0,7113.0,40.0,-2.409
490,10.179,49.613,242,292,104,177,7112.0,7148.0,36.0,0.096
490,10.179,49.613,292,343,104,177,7121.0,7159.0,38.0,0.674
490,10.179,49.613,343,394,104,177,7129.0,7165.0,36.0,1.188
490,10.179,49.613,394,445,104,177,7136.0,7168.0,32.0,1.638
490,10.179,49.613,445,496,104,177,7142.0,7172.0,30.0,2.023
495,10.179,49.613,206,248,324,446,7059.0,7112.0,53.0,-3.28
495,10.179,49.613,248,296,324,446,7092.0,7139.0,47.0,-1.257
495,10.179,49.613,296,346,324,446,7103.0,7144.0,41.0,-0.583
495,10.179,49.613,346,397,324,446,7112.0,7157.0,45.0,-0.031
495,10.179,49.613,397,443,324,446,7123.0,7161.0,38.0,0.644
495,10.179,49.613,443,504,324,446,7107.0,7159.0,52.0,-0.337
495,10.179,49.613,199,248,446,530,7055.0,7094.0,39.0,-3.526
495,10.179,49.613,248,298,446,530,7096.0,7133.0,37.0,-1.012
495,10.179,49.613,298,349,446,530,7108.0,7144.0,36.0,-0.276
495,10.179,49.613,349,399,446,530,7113.0,7144.0,31.0,0.031
495,10.179,49.613,399,449,446,530,7125.0,7159.0,34.0,0.766
495,10.179,49.613,449,500,446,530,7122.0,7158.0,36.0,0.583
495,10.179,49.613,172,224,0,90,7057.0,7096.0,39.0,-3.403
495,10.179,49.613,224,272,0,90,7094.0,7139.0,45.0,-1.134
495,10.179,49.613,272,321,0,90,7108.0,7144.0,36.0,-0.276
495,10.179,49.613,321,369,0,90,7113.0,7152.0,39.0,0.031
495,10.179,49.613,369,419,0,90,7119.0,7158.45,39.45,0.399
495,10.179,49.613,419,469,0,90,7123.0,7162.0,39.0,0.644
495,10.179,49.613,469,505,0,90,7124.0,7164.0,40.0,0.705
495,10.179,49.613,172,221,90,167,7069.0,7112.0,43.0,-2.667
495,10.179,49.613,221,273,90,167,7108.0,7147.0,39.0,-0.276
495,10.179,49.613,273,324,90,167,7118.0,7158.0,40.0,0.337
495,10.179,49.613,324,373,90,167,7127.0,7164.0,37.0,0.889
495,10.179,49.613,373,425,90,167,7131.0,7166.0,35.0,1.134
495,10.179,49.613,425,476,90,167,7139.0,7172.0,33.0,1.625
495,10.179,49.613,476,512,90,167,7134.0,7169.0,35.0,1.318
500,10.179,49.613,147,199,0,93,7056.0,7095.0,39.0,-4.523
500,10.179,49.613,199,248,0,93,7090.0,7138.0,48.0,-1.825
500,10.179,49.613,248,297,0,93,7105.0,7141.0,36.0,-0.635
500,10.179,49.613,297,346,0,93,7112.0,7149.0,37.0,-0.079
500,10.179,49.613,346,394,0,93,7117.0,7157.0,40.0,0.317
500,10.179,49.613,394,444,0,93,7120.0,7161.0,41.0,0.555
500,10.179,49.613,444,494,0,93,7119.0,7163.0,44.0,0.476
500,10.179,49.613,147,197,93,167,7068.0,7111.0,43.0,-3.571
500,10.179,49.613,197,247,93,167,7108.0,7144.1,36.1,-0.397
500,10.179,49.613,247,298,93,167,7116.0,7155.0,39.0,0.238
500,10.179,49.613,298,349,93,167,7127.0,7163.0,36.0,1.111
500,10.179,49.613,349,399,93,167,7131.0,7164.0,33.0,1.428
500,10.179,49.613,399,450,93,167,7139.0,7172.0,33.0,2.063
500,10.179,49.613,450,502,93,167,7133.0,7168.0,35.0,1.587
500,10.179,49.613,183,225,324,444,7059.0,7104.0,45.0,-4.285
500,10.179,49.613,225,273,324,444,7092.0,7138.0,46.0,-1.666
500,10.179,49.613,273,322,324,444,7104.0,7143.0,39.0,-0.714
500,10.179,49.613,322,371,324,444,7114.0,7155.96,41.96,0.079
500,10.179,49.613,371,419,324,444,7120.0,7161.0,41.0,0.555
500,10.179,49.613,419,468,324,444,7116.0,7161.0,45.0,0.238
500,10.179,49.613,468,503,324,444,7109.0,7152.0,43.0,-0.317
500,10.179,49.613,174,225,444,529,7054.0,7091.0,37.0,-4.682
500,10.179,49.613,225,274,444,529,7095.0,7130.0,35.0,-1.428
500,10.179,49.613,274,325,444,529,7106.0,7143.5,37.5,-0.555
500,10.179,49.613,325,374,444,529,7112.0,7146.0,34.0,-0.079
500,10.179,49.613,374,425,444,529,7124.0,7158.0,34.0,0.873
500,10.179,49.613,425,476,444,529,7123.0,7159.0,36.0,0.794
500,10.179,49.613,476,512,444,529,7116.0,7156.0,40.0,0.238
505,10.179,49.613,133,178,0,102,7060.0,7095.0,35.0,-5.396
505,10.179,49.613,178,227,0,102,7094.0,7142.0,48.0,-2.12
505,10.179,49.613,227,276,0,102,7109.0,7143.0,34.0,-0.674
505,10.179,49.613,276,325,0,102,7113.0,7152.0,39.0,-0.289
505,10.179,49.613,325,372,0,102,7119.0,7159.0,40.0,0.289
505,10.179,49.613,372,422,0,102,7121.0,7164.0,43.0,0.482
505,10.179,49.613,422,472,0,102,7122.0,7166.0,44.0,0.578
505,10.179,49.613,472,512,0,102,7123.0,7161.0,38.0,0.674
505,10.179,49.613,131,175,102,178,7074.0,7116.0,42.0,-4.047
505,10.179,49.613,175,226,102,178,7109.0,7147.0,38.0,-0.674
505,10.179,49.613,226,276,102,178,7117.0,7155.0,38.0,0.096
505,10.179,49.613,276,327,102,178,7128.0,7164.0,36.0,1.156
505,10.179,49.613,327,377,102,178,7131.0,7164.0,33.0,1.445
505,10.179,49.613,377,427,102,178,7139.0,7172.0,33.0,2.216
505,10.179,49.613,427,478,102,178,7135.0,7170.0,35.0,1.831
505,10.179,49.613,159,206,333,453,7058.0,7104.0,46.0,-5.589
505,10.179,49.613,206,253,333,453,7096.0,7138.0,42.0,-1.927
505,10.179,49.613,253,302,333,453,7105.0,7143.0,38.0,-1.06
505,10.179,49.613,302,350,333,453,7116.0,7156.04,40.04,0.0
505,10.179,49.613,350,399,333,453,7121.0,7159.0,38.0,0.482
505,10.179,49.613,399,447,333,453,7118.0,7161.0,43.0,0.193
505,10.179,49.613,447,496,333,453,7108.0,7151.0,43.0,-0.771
505,10.179,49.613,155,204,453,538,7054.0,7091.0,37.0,-5.974
505,10.179,49.613,204,254,453,538,7094.0,7131.0,37.0,-2.12
505,10.179,49.613,254,304,453,538,7106.0,7143.0,37.0,-0.964
505,10.179,49.613,304,354,453,538,7112.0,7146.0,34.0,-0.385
505,10.179,49.613,354,404,453,538,7123.0,7157.0,34.0,0.674
505,10.179,49.613,404,454,453,538,7123.0,7158.0,35.0,0.674
505,10.179,49.613,454,504,453,538,7116.0,7153.0,37.0,0.0
510,10.179,49.613,103,156,1,107,7059.0,7095.0,36.0,-4.272
510,10.179,49.613,156,205,1,107,7095.0,7138.0,43.0,-1.574
510,10.179,49.613,205,253,1,107,7109.0,7142.0,33.0,-0.525
510,10.179,49.613,253,302,1,107,7113.0,7149.0,36.0,-0.225
510,10.179,49.613,302,351,1,107,7117.0,7157.0,40.0,0.075
510,10.179,49.613,351,402,1,107,7119.0,7163.0,44.0,0.225
510,10.179,49.613,402,448,1,107,7127.0,7166.0,39.0,0.824
510,10.179,49.613,448,501,1,107,7119.0,7160.98,41.98,0.225
510,10.179,49.613,103,153,107,184,7071.0,7116.0,45.0,-3.372
510,10.179,49.613,153,203,107,184,7110.0,7153.0,43.0,-0.45
510,10.179,49.613,203,254,107,184,7115.0,7155.0,40.0,-0.075
510,10.179,49.613,254,304,107,184,7126.0,7163.0,37.0,0.749
510,10.179,49.613,304,353,107,184,7132.0,7166.0,34.0,1.199
510,10.179,49.613,353,404,107,184,7136.0,7169.0,33.0,1.499
510,10.179,49.613,404,455,107,184,7134.0,7169.0,35.0,1.349
510,10.179,49.613,455,506,107,184,7142.0,7179.58,37.58,1.949
510,10.179,49.613,133,183,342,458,7057.0,7106.66,49.66,-4.422
510,10.179,49.613,183,232,342,458,7090.0,7134.0,44.0,-1.949
510,10.179,49.613,232,280,342,458,7104.0,7139.0,35.0,-0.899
510,10.179,49.613,280,328,342,458,7116.0,7154.0,38.0,0.0
510,10.179,49.613,328,376,342,458,7119.0,7156.0,37.0,0.225
510,10.179,49.613,376,425,342,458,7120.0,7159.0,39.0,0.3
510,10.179,49.613,425,474,342,458,7107.0,7152.0,45.0,-0.674
510,10.179,49.613,474,512,342,458,7119.0,7154.0,35.0,0.225
510,10.179,49.613,133,181,458,545,7052.0,7088.0,36.0,-4.796
510,10.179,49.613,181,232,458,545,7091.0,7128.0,37.0,-1.874
510,10.179,49.613,232,281,458,545,7103.0,7141.0,38.0,-0.974
510,10.179,49.613,281,331,458,545,7109.0,7143.48,34.48,-0.525
510,10.179,49.613,331,381,458,545,7119.0,7154.0,35.0,0.225
510,10.179,49.613,381,434,458,545,7118.0,7157.0,39.0,0.15
510,10.179,49.613,434,481,458,545,7116.0,7152.0,36.0,0.0
515,10.18,49.613,77,133,12,120,7059.0,7095.0,36.0,-4.422
515,10.18,49.613,133,181,12,120,7095.0,7139.58,44.58,-1.724
515,10.18,49.613,181,230,12,120,7108.0,7144.0,36.0,-0.749
515,10.18,49.613,230,278,12,120,7114.0,7149.0,35.0,-0.3
515,10.18,49.613,278,327,12,120,7119.0,7157.0,38.0,0.075
515,10.18,49.613,327,374,12,120,7124.0,7162.0,38.0,0.45
515,10.18,49.613,374,429,12,120,7121.0,7168.0,47.0,0.225
515,10.18,49.613,429,473,12,120,7133.0,7165.0,32.0,1.124
515,10.18,49.613,473,512,12,120,7127.0,7167.0,40.0,0.674
515,10.18,49.613,81,126,120,194,7074.0,7113.0,39.0,-3.298
515,10.18,49.613,126,177,120,194,7114.0,7154.0,40.0,-0.3
515,10.18,49.613,177,228,120,194,7118.0,7158.0,40.0,0.0
515,10.18,49.613,228,279,120,194,7127.0,7163.0,36.0,0.674
515,10.18,49.613,279,329,120,194,7133.0,7163.09,30.09,1.124
515,10.18,49.613,329,379,120,194,7137.0,7168.0,31.0,1.424
515,10.18,49.613,379,429,120,194,7134.0,7168.0,34.0,1.199
515,10.18,49.613,429,479,120,194,7146.0,7181.0,35.0,2.098
515,10.18,49.613,103,155,362,470,7062.0,7096.0,34.0,-4.197
515,10.18,49.613,155,204,362,470,7091.0,7135.0,44.0,-2.023
515,10.18,49.613,204,251,362,470,7104.0,7138.0,34.0,-1.049
515,10.18,49.613,251,300,362,470,7114.0,7152.0,38.0,-0.3
515,10.18,49.613,300,349,362,470,7119.0,7157.0,38.0,0.075
515,10.18,49.613,349,398,362,470,7120.0,7157.0,37.0,0.15
515,10.18,49.613,398,447,362,470,7108.0,7149.0,41.0,-0.749
515,10.18,49.613,447,495,362,470,7121.0,7152.0,31.0,0.225
515,10.18,49.613,103,151,470,556,7052.0,7086.0,34.0,-4.946
515,10.18,49.613,151,201,470,556,7090.0,7124.0,34.0,-2.098
515,10.18,49.613,201,252,470,556,7101.0,7139.0,38.0,-1.274
515,10.18,49.613,252,302,470,556,7109.0,7141.0,32.0,-0.674
515,10.18,49.613,302,352,470,556,7121.0,7154.0,33.0,0.225
515,10.18,49.613,352,403,470,556,7118.0,7153.0,35.0,0.0
515,10.18,49.613,403,452,470,556,7114.0,7152.0,38.0,-0.3
515,10.18,49.613,452,503,470,556,7126.0,7154.0,28.0,0.6
520,10.18,49.613,40,99,33,142,7058.0,7095.0,37.0,-3.71
520,10.18,49.613,99,147,33,142,7098.0,7142.0,44.0,-1.257
520,10.18,49.613,147,193,33,142,7111.0,7144.0,33.0,-0.46
520,10.18,49.613,193,242,33,142,7116.0,7151.54,35.54,-0.153
520,10.18,49.613,242,291,33,142,7121.0,7159.0,38.0,0.153
520,10.18,49.613,291,340,33,142,7126.0,7165.0,39.0,0.46
520,10.18,49.613,340,387,33,142,7129.0,7168.0,39.0,0.644
520,10.18,49.613,387,443,33,142,7126.0,7168.0,42.0,0.46
520,10.18,49.613,443,486,33,142,7139.0,7176.0,37.0,1.257
520,10.18,49.613,45,91,142,216,7072.0,7108.1,36.1,-2.851
520,10.18,49.613,91,141,142,216,7117.0,7153.0,36.0,-0.092
520,10.18,49.613,141,191,142,216,7127.0,7162.0,35.0,0.521
520,10.18,49.613,191,241,142,216,7132.0,7168.0,36.0,0.828
520,10.18,49.613,241,291,142,216,7134.0,7166.0,32.0,0.95
520,10.18,49.613,291,342,142,216,7139.0,7171.0,32.0,1.257
520,10.18,49.613,342,391,142,216,7136.0,7169.0,33.0,1.073
520,10.18,49.613,391,442,142,216,7145.0,7182.0,37.0,1.625
520,10.18,49.613,442,493,142,216,7152.0,7184.0,32.0,2.054
520,10.18,49.613,67,119,373,488,7058.0,7116.32,58.32,-3.71
520,10.18,49.613,119,169,373,488,7089.0,7133.0,44.0,-1.809
520,10.18,49.613,169,218,373,488,7103.0,7139.0,36.0,-0.95
520,10.18,49.613,218,265,373,488,7114.0,7153.0,39.0,-0.276
520,10.18,49.613,265,315,373,488,7118.0,7156.8,38.8,-0.031
520,10.18,49.613,315,363,373,488,7121.0,7158.0,37.0,0.153
520,10.18,49.613,363,411,373,488,7109.0,7150.0,41.0,-0.583
520,10.18,49.613,411,460,373,488,7119.0,7153.0,34.0,0.031
520,10.18,49.613,460,507,373,488,7127.0,7159.0,32.0,0.521
520,10.18,49.613,67,115,488,579,7050.0,7085.0,35.0,-4.2
520,10.18,49.613,115,166,488,579,7087.0,7125.0,38.0,-1.931
520,10.18,49.613,166,215,488,579,7100.0,7139.0,39.0,-1.134
520,10.18,49.613,215,265,488,579,7107.0,7143.0,36.0,-0.705
520,10.18,49.613,265,316,488,579,7119.0,7157.0,38.0,0.031
520,10.18,49.613,316,366,488,579,7118.0,7157.0,39.0,-0.031
520,10.18,49.613,366,416,488,579,7112.0,7153.0,41.0,-0.399
520,10.18,49.613,416,466,488,579,7126.0,7156.0,30.0,0.46
520,10.18,49.613,466,512,488,579,7137.0,7172.0,35.0,1.134
525,10.18,49.613,2,62,51,159,7059.0,7094.0,35.0,-3.009
525,10.18,49.613,62,110,51,159,7096.0,7139.0,43.0,-1.09
525,10.18,49.613,110,158,51,159,7109.0,7142.0,33.0,-0.415
525,10.18,49.613,158,205,51,159,7117.0,7151.0,34.0,0.0
525,10.18,49.613,205,254,51,159,7121.0,7159.0,38.0,0.208
525,10.18,49.613,254,302,51,159,7126.0,7164.0,38.0,0.467
525,10.18,49.613,302,350,51,159,7128.0,7168.0,40.0,0.571
525,10.18,49.613,350,399,51,159,7127.0,7165.0,38.0,0.519
525,10.18,49.613,399,448,51,159,7132.0,7173.0,41.0,0.778
525,10.18,49.613,448,498,51,159,7135.0,7176.39,41.39,0.934
525,10.18,49.613,2,52,159,235,7065.0,7105.0,40.0,-2.698
525,10.18,49.613,52,103,159,235,7109.0,7145.67,36.67,-0.415
525,10.18,49.613,103,153,159,235,7126.0,7162.22,36.22,0.467
525,10.18,49.613,153,203,159,235,7133.0,7165.21,32.21,0.83
525,10.18,49.613,203,253,159,235,7134.0,7166.0,32.0,0.882
525,10.18,49.613,253,303,159,235,7139.0,7169.0,30.0,1.141
525,10.18,49.613,303,354,159,235,7133.0,7167.0,34.0,0.83
525,10.18,49.613,354,403,159,235,7143.0,7181.0,38.0,1.349
525,10.18,49.613,403,454,159,235,7149.0,7180.0,31.0,1.66
525,10.18,49.613,454,505,159,235,7147.0,7179.0,32.0,1.557
525,10.18,49.613,27,85,389,509,7052.0,7113.71,61.71,-3.372
525,10.18,49.613,85,132,389,509,7088.0,7131.0,43.0,-1.505
525,10.18,49.613,132,181,389,509,7098.0,7137.0,39.0,-0.986
525,10.18,49.613,181,229,389,509,7110.0,7149.0,39.0,-0.363
525,10.18,49.613,229,278,389,509,7115.0,7153.0,38.0,-0.104
525,10.18,49.613,278,325,389,509,7117.0,7155.0,38.0,0.0
525,10.18,49.613,325,374,389,509,7104.0,7148.0,44.0,-0.674
525,10.18,49.613,374,423,389,509,7116.0,7151.0,35.0,-0.052
525,10.18,49.613,423,471,389,509,7123.0,7158.0,35.0,0.311
525,10.18,49.613,471,509,389,509,7123.0,7158.0,35.0,0.311
525,10.18,49.613,27,76,509,597,7047.0,7081.0,34.0,-3.632
525,10.18,49.613,76,127,509,597,7085.0,7121.0,36.0,-1.66
525,10.18,49.613,127,177,509,597,7098.0,7136.0,38.0,-0.986
525,10.18,49.613,177,227,509,597,7104.0,7138.0,34.0,-0.674
525,10.18,49.613,227,277,509,597,7118.0,7154.0,36.0,0.052
525,10.18,49.613,277,328,509,597,7117.0,7155.0,38.0,0.0
525,10.18,49.613,328,377,509,597,7111.0,7150.0,39.0,-0.311
525,10.18,49.613,377,427,509,597,7123.0,7153.0,30.0,0.311
525,10.18,49.613,427,479,509,597,7133.0,7168.0,35.0,0.83
530,10.18,49.613,19,69,45,150,7097.0,7140.0,43.0,-1.124
530,10.18,49.613,69,116,45,150,7109.0,7143.0,34.0,-0.525
530,10.18,49.613,116,165,45,150,7113.0,7149.0,36.0,-0.325
530,10.18,49.613,165,213,45,150,7121.0,7160.0,39.0,0.075
530,10.18,49.613,213,263,45,150,7126.0,7165.0,39.0,0.325
530,10.18,49.613,263,311,45,150,7128.0,7169.0,41.0,0.425
530,10.18,49.613,311,360,45,150,7128.0,7167.0,39.0,0.425
530,10.18,49.613,360,408,45,150,7132.0,7171.0,39.0,0.625
530,10.18,49.613,408,456,45,150,7137.0,7177.0,40.0,0.874
530,10.18,49.613,456,507,45,150,7133.0,7170.0,37.0,0.674
530,10.18,49.613,10,61,150,228,7104.0,7140.0,36.0,-0.774
530,10.18,49.613,61,112,150,228,7118.0,7157.0,39.0,-0.075
530,10.18,49.613,112,162,150,228,7134.0,7171.0,37.0,0.724
530,10.18,49.613,162,211,150,228,7138.0,7169.0,31.0,0.924
530,10.18,49.613,211,262,150,228,7139.0,7172.0,33.0,0.974
530,10.18,49.613,262,312,150,228,7134.0,7170.0,36.0,0.724
530,10.18,49.613,312,362,150,228,7142.0,7181.0,39.0,1.124
530,10.18,49.613,362,414,150,228,7148.0,7180.0,32.0,1.424
530,10.18,49.613,414,464,150,228,7147.0,7183.0,36.0,1.374
530,10.18,49.613,464,512,150,228,7143.0,7182.0,39.0,1.174
530,10.18,49.613,0,46,390,503,7054.0,7090.0,36.0,-3.273
530,10.18,49.613,46,91,390,503,7093.0,7130.0,37.0,-1.324
530,10.18,49.613,91,141,390,503,7097.0,7137.0,40.0,-1.124
530,10.18,49.613,141,189,390,503,7111.0,7151.0,40.0,-0.425
530,10.18,49.613,189,238,390,503,7115.0,7154.0,39.0,-0.225
530,10.18,49.613,238,287,390,503,7117.0,7156.36,39.36,-0.125
530,10.18,49.613,287,335,390,503,7107.0,7151.0,44.0,-0.625
530,10.18,49.613,335,384,390,503,7116.0,7152.0,36.0,-0.175
530,10.18,49.613,384,432,390,503,7123.0,7159.38,36.38,0.175
530,10.18,49.613,432,481,390,503,7121.0,7162.0,41.0,0.075
530,10.18,49.613,0,35,503,591,7049.0,7081.0,32.0,-3.522
530,10.18,49.613,35,86,503,591,7085.0,7121.0,36.0,-1.724
530,10.18,49.613,86,137,503,591,7096.0,7134.0,38.0,-1.174
530,10.18,49.613,137,186,503,591,7105.0,7138.0,33.0,-0.724
530,10.18,49.613,186,236,503,591,7117.0,7151.0,34.0,-0.125
530,10.18,49.613,236,286,503,591,7118.0,7161.0,43.0,-0.075
530,10.18,49.613,286,337,503,591,7112.0,7153.0,41.0,-0.375
530,10.18,49.613,337,388,503,591,7123.0,7154.0,31.0,0.175
530,10.18,49.613,388,438,503,591,7136.0,7169.0,33.0,0.824
530,10.18,49.613,438,489,503,591,7133.0,7169.0,36.0,0.674
535,10.18,49.613,29,75,35,140,7107.0,7139.34,32.34,-0.956
535,10.18,49.613,75,126,35,140,7108.0,7146.0,38.0,-0.899
535,10.18,49.613,126,174,35,140,7117.0,7155.0,38.0,-0.393
535,10.18,49.613,174,223,35,140,7126.0,7163.0,37.0,0.112
535,10.18,49.613,223,272,35,140,7125.0,7165.0,40.0,0.056
535,10.18,49.613,272,320,35,140,7129.0,7165.0,36.0,0.281
535,10.18,49.613,320,372,35,140,7127.0,7170.0,43.0,0.169
535,10.18,49.613,372,419,35,140,7138.0,7176.0,38.0,0.787
535,10.18,49.613,419,468,35,140,7137.0,7172.0,35.0,0.731
535,10.18,49.613,468,505,35,140,7133.0,7170.0,37.0,0.506
535,10.18,49.613,21,72,140,217,7111.0,7148.0,37.0,-0.731
535,10.18,49.613,72,121,140,217,7127.0,7164.0,37.0,0.169
535,10.18,49.613,121,171,140,217,7137.0,7171.0,34.0,0.731
535,10.18,49.613,171,222,140,217,7141.0,7175.0,34.0,0.956
535,10.18,49.613,222,272,140,217,7133.0,7170.0,37.0,0.506
535,10.18,49.613,272,323,140,217,7142.0,7182.0,40.0,1.012
535,10.18,49.613,323,372,140,217,7149.0,7181.0,32.0,1.405
535,10.18,49.613,372,423,140,217,7145.0,7182.0,37.0,1.18
535,10.18,49.613,423,474,140,217,7143.0,7183.0,40.0,1.068
535,10.18,49.613,474,512,140,217,7138.0,7181.0,43.0,0.787
535,10.18,49.613,3,53,388,494,7087.0,7128.0,41.0,-2.08
535,10.18,49.613,53,103,388,494,7096.0,7136.0,40.0,-1.574
535,10.18,49.613,103,149,388,494,7109.0,7149.0,40.0,-0.843
535,10.18,49.613,149,199,388,494,7114.0,7153.0,39.0,-0.562
535,10.18,49.613,199,247,388,494,7116.0,7156.0,40.0,-0.45
535,10.18,49.613,247,296,388,494,7107.0,7148.0,41.0,-0.956
535,10.18,49.613,296,345,388,494,7117.0,7152.41,35.41,-0.393
535,10.18,49.613,345,394,388,494,7124.0,7161.0,37.0,0.0
535,10.18,49.613,394,443,388,494,7123.0,7163.0,40.0,-0.056
535,10.18,49.613,443,491,388,494,7119.0,7152.0,33.0,-0.281
535,10.18,49.613,0,45,494,582,7082.0,7116.0,34.0,-2.361
535,10.18,49.613,45,96,494,582,7094.0,7131.0,37.0,-1.686
535,10.18,49.613,96,146,494,582,7102.0,7137.1,35.1,-1.237
535,10.18,49.613,146,196,494,582,7114.0,7152.0,38.0,-0.562
535,10.18,49.613,196,246,494,582,7116.0,7154.0,38.0,-0.45
535,10.18,49.613,246,297,494,582,7112.0,7154.0,42.0,-0.674
535,10.18,49.613,297,348,494,582,7124.0,7156.0,32.0,0.0
535,10.18,49.613,348,397,494,582,7136.0,7171.0,35.0,0.674
535,10.18,49.613,397,449,494,582,7136.0,7172.0,36.0,0.674
535,10.18,49.613,449,500,494,582,7124.0,7159.0,35.0,0.0
540,10.18,49.613,31,81,32,136,7111.0,7144.0,33.0,-1.012
540,10.18,49.613,81,131,32,136,7115.0,7151.0,36.0,-0.742
540,10.18,49.613,131,178,32,136,7127.0,7160.0,33.0,0.067
540,10.18,49.613,178,227,32,136,7126.0,7164.0,38.0,0.0
540,10.18,49.613,227,276,32,136,7128.0,7162.25,34.25,0.135
540,10.18,49.613,276,325,32,136,7133.0,7170.0,37.0,0.472
540,10.18,49.613,325,372,32,136,7134.0,7171.0,37.0,0.54
540,10.18,49.613,372,423,32,136,7134.0,7169.0,35.0,0.54
540,10.18,49.613,423,472,32,136,7134.0,7171.0,37.0,0.54
540,10.18,49.613,472,509,32,136,7133.0,7165.0,32.0,0.472
540,10.18,49.613,25,76,136,214,7120.0,7158.0,38.0,-0.405
540,10.18,49.613,76,125,136,214,7131.0,7165.0,34.0,0.337
540,10.18,49.613,125,175,136,214,7144.0,7179.42,35.42,1.214
540,10.18,49.613,175,225,136,214,7137.0,7173.37,36.37,0.742
540,10.18,49.613,225,276,136,214,7142.0,7183.0,41.0,1.079
540,10.18,49.613,276,327,136,214,7149.0,7183.0,34.0,1.551
540,10.18,49.613,327,378,136,214,7145.0,7181.0,36.0,1.282
540,10.18,49.613,378,428,136,214,7142.0,7182.37,40.37,1.079
540,10.18,49.613,428,479,136,214,7143.0,7184.0,41.0,1.147
540,10.18,49.613,6,59,382,490,7094.0,7133.0,39.0,-2.158
540,10.18,49.613,59,105,382,490,7109.0,7147.0,38.0,-1.147
540,10.18,49.613,105,155,382,490,7114.0,7152.0,38.0,-0.809
540,10.18,49.613,155,203,382,490,7119.0,7156.0,37.0,-0.472
540,10.18,49.613,203,251,382,490,7108.0,7149.0,41.0,-1.214
540,10.18,49.613,251,301,382,490,7118.0,7152.0,34.0,-0.54
540,10.18,49.613,301,350,382,490,7127.0,7162.0,35.0,0.067
540,10.18,49.613,350,397,382,490,7127.0,7162.0,35.0,0.067
540,10.18,49.613,397,447,382,490,7121.0,7154.0,33.0,-0.337
540,10.18,49.613,447,496,382,490,7119.0,7155.0,36.0,-0.472
540,10.18,49.613,0,51,490,578,7091.0,7127.17,36.17,-2.361
540,10.18,49.613,51,101,490,578,7101.0,7135.0,34.0,-1.686
540,10.18,49.613,101,151,490,578,7114.0,7149.0,35.0,-0.809
540,10.18,49.613,151,200,490,578,7116.0,7151.0,35.0,-0.674
540,10.18,49.613,200,250,490,578,7112.0,7151.0,39.0,-0.944
540,10.18,49.613,250,301,490,578,7126.0,7157.11,31.11,0.0
540,10.18,49.613,301,352,490,578,7137.0,7173.0,36.0,0.742
540,10.18,49.613,352,403,490,578,7136.0,7172.0,36.0,0.674
540,10.18,49.613,403,453,490,578,7126.0,7161.0,35.0,0.0
540,10.18,49.613,453,504,490,578,7112.0,7157.0,45.0,-0.944
545,10.18,49.613,34,83,36,140,7116.0,7151.0,35.0,-0.742
545,10.18,49.613,83,130,36,140,7127.0,7158.0,31.0,0.0
545,10.18,49.613,130,179,36,140,7124.0,7163.0,39.0,-0.202
545,10.18,49.613,179,227,36,140,7129.0,7163.0,34.0,0.135
545,10.18,49.613,227,276,36,140,7133.0,7168.43,35.43,0.405
545,10.18,49.613,276,324,36,140,7136.0,7172.0,36.0,0.607
545,10.18,49.613,324,372,36,140,7136.0,7168.0,32.0,0.607
545,10.18,49.613,372,422,36,140,7135.0,7170.0,35.0,0.54
545,10.18,49.613,422,472,36,140,7135.0,7167.0,32.0,0.54
545,10.18,49.613,472,512,36,140,7136.0,7169.0,33.0,0.607
545,10.18,49.613,25,75,140,218,7123.0,7157.0,34.0,-0.27
545,10.18,49.613,75,126,140,218,7139.0,7171.79,32.79,0.809
545,10.18,49.613,126,176,140,218,7140.0,7176.37,36.37,0.877
545,10.18,49.613,176,226,140,218,7146.0,7185.0,39.0,1.282
545,10.18,49.613,226,276,140,218,7150.0,7184.0,34.0,1.551
545,10.18,49.613,276,327,140,218,7146.0,7181.0,35.0,1.282
545,10.18,49.613,327,377,140,218,7142.0,7181.33,39.33,1.012
545,10.18,49.613,377,428,140,218,7141.0,7181.0,40.0,0.944
545,10.18,49.613,428,478,140,218,7140.0,7181.0,41.0,0.877
545,10.18,49.613,12,56,380,493,7109.0,7145.0,36.0,-1.214
545,10.18,49.613,56,108,380,493,7113.0,7152.0,39.0,-0.944
545,10.18,49.613,108,155,380,493,7118.0,7154.0,36.0,-0.607
545,10.18,49.613,155,204,380,493,7108.0,7148.27,40.27,-1.282
545,10.18,49.613,204,252,380,493,7118.0,7153.0,35.0,-0.607
545,10.18,49.613,252,301,380,493,7127.0,7162.0,35.0,0.0
545,10.18,49.613,301,350,380,493,7126.0,7161.0,35.0,-0.067
545,10.18,49.613,350,401,380,493,7122.0,7157.0,35.0,-0.337
545,10.18,49.613,401,450,380,493,7119.0,7157.0,38.0,-0.54
545,10.18,49.613,450,496,380,493,7119.0,7150.0,31.0,-0.54
545,10.18,49.613,0,50,493,582,7096.5,7129.0,32.5,-2.057
545,10.18,49.613,50,102,493,582,7110.0,7146.0,36.0,-1.147
545,10.18,49.613,102,152,493,582,7113.0,7151.0,38.0,-0.944
545,10.18,49.613,152,200,493,582,7111.0,7149.0,38.0,-1.079
545,10.18,49.613,200,251,493,582,7124.0,7157.0,33.0,-0.202
545,10.18,49.613,251,301,493,582,7139.0,7175.0,36.0,0.809
545,10.18,49.613,301,353,493,582,7137.0,7173.0,36.0,0.674
545,10.18,49.613,353,402,493,582,7128.0,7163.0,35.0,0.067
545,10.18,49.613,402,453,493,582,7113.0,7159.0,46.0,-0.944
545,10.18,49.613,453,505,493,582,7117.0,7156.17,39.17,-0.674
550,10.18,49.613,0,35,44,142,7113.0,7147.0,34.0,-0.888
550,10.18,49.613,35,85,44,142,7124.0,7157.0,33.0,-0.165
550,10.18,49.613,85,130,44,142,7126.0,7161.0,35.0,-0.033
550,10.18,49.613,130,182,44,142,7124.0,7161.0,37.0,-0.165
550,10.18,49.613,182,230,44,142,7134.0,7169.0,35.0,0.494
550,10.18,49.613,230,279,44,142,7136.0,7172.0,36.0,0.625
550,10.18,49.613,279,326,44,142,7140.0,7171.0,31.0,0.888
550,10.18,49.613,326,376,44,142,7136.0,7169.0,33.0,0.625
550,10.18,49.613,376,426,44,142,7134.0,7166.0,32.0,0.494
550,10.18,49.613,426,475,44,142,7136.5,7169.0,32.5,0.658
550,10.18,49.613,475,512,44,142,7127.0,7166.0,39.0,0.033
550,10.18,49.613,28,79,142,220,7131.0,7163.0,32.0,0.296
550,10.18,49.613,79,128,142,220,7135.0,7171.11,36.11,0.559
550,10.18,49.613,128,178,142,220,7149.0,7187.0,38.0,1.481
550,10.18,49.613,178,229,142,220,7153.0,7187.0,34.0,1.744
550,10.18,49.613,229,279,142,220,7147.0,7182.0,35.0,1.349
550,10.18,49.613,279,331,142,220,7143.0,7182.0,39.0,1.086
550,10.18,49.613,331,382,142,220,7141.0,7179.0,38.0,0.954
550,10.18,49.613,382,431,142,220,7138.0,7178.0,40.0,0.757
550,10.18,49.613,431,483,142,220,7139.0,7179.0,40.0,0.823
550,10.18,49.613,9,59,392,497,7112.0,7149.0,37.0,-0.954
550,10.18,49.613,59,108,392,497,7114.0,7152.39,38.39,-0.823
550,10.18,49.613,108,155,392,497,7108.0,7147.0,39.0,-1.217
550,10.18,49.613,155,207,392,497,7117.0,7154.0,37.0,-0.625
550,10.18,49.613,207,255,392,497,7127.0,7162.73,35.73,0.033
550,10.18,49.613,255,305,392,497,7126.0,7163.0,37.0,-0.033
550,10.18,49.613,305,352,392,497,7124.0,7158.0,34.0,-0.165
550,10.18,49.613,352,401,392,497,7121.0,7157.0,36.0,-0.362
550,10.18,49.613,401,450,392,497,7119.0,7152.0,33.0,-0.494
550,10.18,49.613,450,504,392,497,7113.0,7154.0,41.0,-0.888
550,10.18,49.613,0,55,497,586,7106.0,7139.59,33.59,-1.349
550,10.18,49.613,55,104,497,586,7111.0,7147.0,36.0,-1.02
550,10.18,49.613,104,154,497,586,7109.0,7148.0,39.0,-1.152
550,10.18,49.613,154,204,497,586,7123.0,7153.0,30.0,-0.23
550,10.18,49.613,204,254,497,586,7137.0,7173.0,36.0,0.691
550,10.18,49.613,254,305,497,586,7139.0,7176.0,37.0,0.823
550,10.18,49.613,305,356,497,586,7128.0,7163.0,35.0,0.099
550,10.18,49.613,356,406,497,586,7115.0,7159.0,44.0,-0.757
550,10.18,49.613,406,458,497,586,7117.0,7156.0,39.0,-0.625
550,10.18,49.613,458,512,497,586,7113.0,7152.0,39.0,-0.888
555,10.18,49.613,0,40,49,145,7123.0,7156.0,33.0,-0.317
555,10.18,49.613,40,91,49,145,7121.0,7159.0,38.0,-0.476
555,10.18,49.613,91,140,49,145,7125.0,7159.0,34.0,-0.159
555,10.18,49.613,140,188,49,145,7132.0,7167.0,35.0,0.397
555,10.18,49.613,188,238,49,145,7134.0,7171.0,37.0,0.555
555,10.18,49.613,238,285,49,145,7139.0,7169.0,30.0,0.952
555,10.18,49.613,285,333,49,145,7137.0,7170.0,33.0,0.794
555,10.18,49.613,333,381,49,145,7134.0,7163.0,29.0,0.555
555,10.18,49.613,381,432,49,145,7133.0,7170.0,37.0,0.476
555,10.18,49.613,432,483,49,145,7133.0,7168.0,35.0,0.476
555,10.18,49.613,0,35,145,224,7128.0,7161.0,33.0,0.079
555,10.18,49.613,35,85,145,224,7128.0,7165.0,37.0,0.079
555,10.18,49.613,85,136,145,224,7146.0,7187.0,41.0,1.508
555,10.18,49.613,136,184,145,224,7157.0,7189.0,32.0,2.381
555,10.18,49.613,184,236,145,224,7149.0,7185.0,36.0,1.746
555,10.18,49.613,236,288,145,224,7143.0,7184.0,41.0,1.27
555,10.18,49.613,288,338,145,224,7142.0,7181.0,39.0,1.19
555,10.18,49.613,338,387,145,224,7137.0,7177.68,40.68,0.794
555,10.18,49.613,387,439,145,224,7138.0,7178.0,40.0,0.873
555,10.18,49.613,439,491,145,224,7144.0,7178.0,34.0,1.349
555,10.18,49.613,21,65,393,500,7116.0,7149.0,33.0,-0.873
555,10.18,49.613,65,115,393,500,7103.0,7146.0,43.0,-1.904
555,10.18,49.613,115,165,393,500,7116.0,7152.0,36.0,-0.873
555,10.18,49.613,165,213,393,500,7126.0,7162.0,36.0,-0.079
555,10.18,49.613,213,261,393,500,7124.0,7163.0,39.0,-0.238
555,10.18,49.613,261,312,393,500,7121.0,7157.0,36.0,-0.476
555,10.18,49.613,312,360,393,500,7119.0,7157.0,38.0,-0.635
555,10.18,49.613,360,407,393,500,7119.0,7153.0,34.0,-0.635
555,10.18,49.613,407,460,393,500,7116.0,7157.0,41.0,-0.873
555,10.18,49.613,460,508,393,500,7119.0,7155.0,36.0,-0.635
555,10.18,49.613,11,61,500,589,7108.0,7142.0,34.0,-1.508
555,10.18,49.613,61,111,500,589,7105.0,7143.0,38.0,-1.746
555,10.18,49.613,111,161,500,589,7122.0,7153.0,31.0,-0.397
555,10.18,49.613,161,211,500,589,7135.0,7171.0,36.0,0.635
555,10.18,49.613,211,261,500,589,7138.0,7174.0,36.0,0.873
555,10.18,49.613,261,312,500,589,7129.0,7164.0,35.0,0.159
555,10.18,49.613,312,364,500,589,7114.0,7161.0,47.0,-1.032
555,10.18,49.613,364,414,500,589,7119.0,7158.0,39.0,-0.635
555,10.18,49.613,414,466,500,589,7116.0,7155.0,39.0,-0.873
555,10.18,49.613,466,512,500,589,7118.0,7153.0,35.0,-0.714
560,10.18,49.613,4,49,57,151,7119.0,7155.0,36.0,-0.595
560,10.18,49.613,49,102,57,151,7119.0,7157.0,38.0,-0.595
560,10.18,49.613,102,150,57,151,7131.0,7164.0,33.0,0.357
560,10.18,49.613,150,198,57,151,7133.0,7169.0,36.0,0.516
560,10.18,49.613,198,246,57,151,7138.0,7166.8,28.8,0.913
560,10.18,49.613,246,293,57,151,7137.0,7169.0,32.0,0.833
560,10.18,49.613,293,341,57,151,7133.0,7164.0,31.0,0.516
560,10.18,49.613,341,391,57,151,7130.0,7165.0,35.0,0.278
560,10.18,49.613,391,442,57,151,7134.0,7166.0,32.0,0.595
560,10.18,49.613,442,491,57,151,7141.0,7176.0,35.0,1.151
560,10.18,49.613,0,44,151,229,7124.0,7157.0,33.0,-0.198
560,10.18,49.613,44,95,151,229,7137.0,7177.0,40.0,0.833
560,10.18,49.613,95,145,151,229,7153.0,7188.0,35.0,2.103
560,10.18,49.613,145,195,151,229,7152.0,7187.0,35.0,2.023
560,10.18,49.613,195,245,151,229,7146.0,7187.0,41.0,1.547
560,10.18,49.613,245,297,151,229,7141.0,7181.91,40.91,1.151
560,10.18,49.613,297,345,151,229,7138.0,7178.0,40.0,0.913
560,10.18,49.613,345,398,151,229,7136.0,7177.0,41.0,0.754
560,10.18,49.613,398,448,151,229,7143.0,7178.0,35.0,1.309
560,10.18,49.613,448,498,151,229,7147.0,7182.0,35.0,1.627
560,10.18,49.613,26,75,395,504,7100.0,7141.0,41.0,-2.103
560,10.18,49.613,75,127,395,504,7112.0,7147.0,35.0,-1.151
560,10.18,49.613,127,174,395,504,7126.0,7159.0,33.0,-0.04
560,10.18,49.613,174,221,395,504,7126.0,7161.0,35.0,-0.04
560,10.18,49.613,221,271,395,504,7119.0,7154.0,35.0,-0.595
560,10.18,49.613,271,319,395,504,7119.0,7156.14,37.14,-0.595
560,10.18,49.613,319,367,395,504,7118.0,7152.15,34.15,-0.674
560,10.18,49.613,367,418,395,504,7116.0,7157.0,41.0,-0.833
560,10.18,49.613,418,465,395,504,7120.0,7156.0,36.0,-0.516
560,10.18,49.613,465,512,395,504,7122.0,7157.0,35.0,-0.357
560,10.18,49.613,20,69,504,593,7100.0,7137.0,37.0,-2.103
560,10.18,49.613,69,121,504,593,7116.0,7147.0,31.0,-0.833
560,10.18,49.613,121,170,504,593,7133.0,7169.0,36.0,0.516
560,10.18,49.613,170,220,504,593,7134.0,7171.0,37.0,0.595
560,10.18,49.613,220,271,504,593,7127.0,7162.0,35.0,0.04
560,10.18,49.613,271,322,504,593,7115.0,7159.0,44.0,-0.913
560,10.18,49.613,322,371,504,593,7118.0,7154.78,36.78,-0.674
560,10.18,49.613,371,424,504,593,7113.0,7154.0,41.0,-1.071
560,10.18,49.613,424,475,504,593,7119.0,7154.0,35.0,-0.595
560,10.18,49.613,475,512,504,593,7123.0,7163.0,40.0,-0.278
565,10.18,49.613,14,63,63,157,7120.0,7154.0,34.0,-0.749
565,10.18,49.613,63,112,63,157,7128.0,7164.0,36.0,-0.15
565,10.18,49.613,112,160,63,157,7133.0,7169.0,36.0,0.225
565,10.18,49.613,160,207,63,157,7137.0,7168.0,31.0,0.525
565,10.18,49.613,207,255,63,157,7138.0,7170.0,32.0,0.6
565,10.18,49.613,255,302,63,157,7136.0,7165.0,29.0,0.45
565,10.18,49.613,302,355,63,157,7132.0,7170.0,38.0,0.15
565,10.18,49.613,355,402,63,157,7139.0,7166.0,27.0,0.674
565,10.18,49.613,402,451,63,157,7143.0,7177.0,34.0,0.974
565,10.18,49.613,451,501,63,157,7141.0,7178.0,37.0,0.824
565,10.18,49.613,4,56,157,232,7134.0,7172.0,38.0,0.3
565,10.18,49.613,56,105,157,232,7148.0,7181.0,33.0,1.349
565,10.18,49.613,105,155,157,232,7154.0,7189.0,35.0,1.799
565,10.18,49.613,155,205,157,232,7151.0,7186.0,35.0,1.574
565,10.18,49.613,205,255,157,232,7147.0,7187.0,40.0,1.274
565,10.18,49.613,255,305,157,232,7142.0,7179.0,37.0,0.899
565,10.18,49.613,305,356,157,232,7142.0,7179.0,37.0,0.899
565,10.18,49.613,356,408,157,232,7144.0,7178.4,34.4,1.049
565,10.18,49.613,408,457,157,232,7149.0,7183.0,34.0,1.424
565,10.18,49.613,457,508,157,232,7146.0,7179.0,33.0,1.199
565,10.18,49.613,0,39,401,507,7097.0,7140.0,43.0,-2.473
565,10.18,49.613,39,82,401,507,7117.0,7148.0,31.0,-0.974
565,10.18,49.613,82,134,401,507,7121.0,7158.0,37.0,-0.674
565,10.18,49.613,134,182,401,507,7124.0,7161.0,37.0,-0.45
565,10.18,49.613,182,230,401,507,7122.0,7156.0,34.0,-0.6
565,10.18,49.613,230,278,401,507,7121.0,7156.0,35.0,-0.674
565,10.18,49.613,278,327,401,507,7121.0,7154.0,33.0,-0.674
565,10.18,49.613,327,377,401,507,7119.0,7158.0,39.0,-0.824
565,10.18,49.613,377,425,401,507,7123.0,7157.0,34.0,-0.525
565,10.18,49.613,425,473,401,507,7127.0,7160.0,33.0,-0.225
565,10.18,49.613,473,512,401,507,7128.0,7164.0,36.0,-0.15
565,10.18,49.613,27,79,507,595,7116.0,7146.0,30.0,-1.049
565,10.18,49.613,79,128,507,595,7132.0,7167.0,35.0,0.15
565,10.18,49.613,128,179,507,595,7134.0,7171.0,37.0,0.3
565,10.18,49.613,179,228,507,595,7127.0,7161.0,34.0,-0.225
565,10.18,49.613,228,278,507,595,7118.0,7169.0,51.0,-0.899
565,10.18,49.613,278,328,507,595,7122.5,7162.0,39.5,-0.562
565,10.18,49.613,328,379,507,595,7117.0,7158.0,41.0,-0.974
565,10.18,49.613,379,430,507,595,7122.0,7157.0,35.0,-0.6
565,10.18,49.613,430,481,507,595,7127.0,7165.33,38.33,-0.225
570,10.18,49.613,25,74,62,157,7126.0,7161.0,35.0,-0.245
570,10.18,49.613,74,122,62,157,7131.0,7168.0,37.0,0.061
570,10.18,49.613,122,170,62,157,7134.0,7164.0,30.0,0.245
570,10.18,49.613,170,217,62,157,7134.0,7168.0,34.0,0.245
570,10.18,49.613,217,263,62,157,7134.0,7165.0,31.0,0.245
570,10.18,49.613,263,314,62,157,7131.0,7168.0,37.0,0.061
570,10.18,49.613,314,361,62,157,7138.0,7166.0,28.0,0.491
570,10.18,49.613,361,411,62,157,7139.0,7173.0,34.0,0.552
570,10.18,49.613,411,460,62,157,7143.0,7178.0,35.0,0.797
570,10.18,49.613,460,509,62,157,7143.0,7177.43,34.43,0.797
570,10.18,49.613,16,65,157,231,7143.0,7172.0,29.0,0.797
570,10.18,49.613,65,115,157,231,7147.0,7183.0,36.0,1.042
570,10.18,49.613,115,165,157,231,7152.0,7190.0,38.0,1.349
570,10.18,49.613,165,214,157,231,7150.0,7184.0,34.0,1.226
570,10.18,49.613,214,264,157,231,7142.0,7181.0,39.0,0.736
570,10.18,49.613,264,316,157,231,7141.0,7178.79,37.79,0.674
570,10.18,49.613,316,367,157,231,7144.0,7177.0,33.0,0.858
570,10.18,49.613,367,417,157,231,7147.0,7182.0,35.0,1.042
570,10.18,49.613,417,466,157,231,7147.0,7179.0,32.0,1.042
570,10.18,49.613,466,512,157,231,7144.0,7177.0,33.0,0.858
570,10.18,49.613,0,42,401,503,7114.0,7142.0,28.0,-0.981
570,10.18,49.613,42,95,401,503,7118.0,7153.0,35.0,-0.736
570,10.18,49.613,95,140,401,503,7126.0,7158.0,32.0,-0.245
570,10.18,49.613,140,189,401,503,7121.0,7154.82,33.82,-0.552
570,10.18,49.613,189,238,401,503,7120.0,7155.0,35.0,-0.613
570,10.18,49.613,238,286,401,503,7119.0,7152.0,33.0,-0.674
570,10.18,49.613,286,335,401,503,7119.0,7157.0,38.0,-0.674
570,10.18,49.613,335,387,401,503,7119.0,7155.0,36.0,-0.674
570,10.18,49.613,387,432,401,503,7129.0,7159.0,30.0,-0.061
570,10.18,49.613,432,481,401,503,7128.0,7164.01,36.01,-0.123
570,10.18,49.613,0,36,503,595,7112.0,7139.0,27.0,-1.104
570,10.18,49.613,36,87,503,595,7128.0,7163.0,35.0,-0.123
570,10.18,49.613,87,136,503,595,7132.0,7168.0,36.0,0.123
570,10.18,49.613,136,185,503,595,7125.0,7158.0,33.0,-0.307
570,10.18,49.613,185,235,503,595,7114.0,7158.0,44.0,-0.981
570,10.18,49.613,235,285,503,595,7119.0,7178.0,59.0,-0.674
570,10.18,49.613,285,338,503,595,7115.0,7157.0,42.0,-0.92
570,10.18,49.613,338,388,503,595,7121.0,7155.0,34.0,-0.552
570,10.18,49.613,388,438,503,595,7127.0,7165.0,38.0,-0.184
570,10.18,49.613,438,488,503,595,7122.0,7157.0,35.0,-0.491
575,10.18,49.613,32,81,62,156,7129.0,7165.0,36.0,-0.035
575,10.18,49.613,81,129,62,156,7132.0,7163.0,31.0,0.177
575,10.18,49.613,129,175,62,156,7135.0,7165.0,30.0,0.39
575,10.18,49.613,175,223,62,156,7134.0,7164.0,30.0,0.319
575,10.18,49.613,223,272,62,156,7134.0,7170.0,36.0,0.319
575,10.18,49.613,272,320,62,156,7138.0,7167.0,29.0,0.603
575,10.18,49.613,320,368,62,156,7141.0,7175.0,34.0,0.816
575,10.18,49.613,368,418,62,156,7140.0,7174.0,34.0,0.745
575,10.18,49.613,418,467,62,156,7147.0,7180.0,33.0,1.242
575,10.18,49.613,467,512,62,156,7151.0,7178.0,27.0,1.526
575,10.18,49.613,22,74,156,230,7141.0,7176.0,35.0,0.816
575,10.18,49.613,74,122,156,230,7146.0,7186.0,40.0,1.171
575,10.18,49.613,122,172,156,230,7153.0,7191.0,38.0,1.668
575,10.18,49.613,172,221,156,230,7148.0,7184.0,36.0,1.313
575,10.18,49.613,221,272,156,230,7144.0,7185.0,41.0,1.029
575,10.18,49.613,272,323,156,230,7146.0,7182.0,36.0,1.171
575,10.18,49.613,323,372,156,230,7149.0,7183.0,34.0,1.384
575,10.18,49.613,372,422,156,230,7146.0,7181.0,35.0,1.171
575,10.18,49.613,422,472,156,230,7144.0,7180.0,36.0,1.029
575,10.18,49.613,472,512,156,230,7143.0,7179.0,36.0,0.958
575,10.18,49.613,6,50,398,505,7122.0,7153.0,31.0,-0.532
575,10.18,49.613,50,102,398,505,7118.0,7156.0,38.0,-0.816
575,10.18,49.613,102,145,398,505,7121.0,7153.0,32.0,-0.603
575,10.18,49.613,145,196,398,505,7119.0,7157.0,38.0,-0.745
575,10.18,49.613,196,245,398,505,7119.0,7153.0,34.0,-0.745
575,10.18,49.613,245,295,398,505,7119.0,7158.0,39.0,-0.745
575,10.18,49.613,295,343,398,505,7123.0,7158.0,35.0,-0.461
575,10.18,49.613,343,389,398,505,7129.0,7162.0,33.0,-0.035
575,10.18,49.613,389,439,398,505,7129.0,7168.0,39.0,-0.035
575,10.18,49.613,439,492,398,505,7124.0,7165.0,41.0,-0.39
575,10.18,49.613,0,44,505,592,7126.0,7157.0,31.0,-0.248
575,10.18,49.613,44,94,505,592,7130.0,7165.0,35.0,0.035
575,10.18,49.613,94,143,505,592,7124.0,7157.0,33.0,-0.39
575,10.18,49.613,143,193,505,592,7116.0,7161.0,45.0,-0.958
575,10.18,49.613,193,242,505,592,7121.0,7159.0,38.0,-0.603
575,10.18,49.613,242,294,505,592,7119.0,7165.0,46.0,-0.745
575,10.18,49.613,294,345,505,592,7124.0,7160.0,36.0,-0.39
575,10.18,49.613,345,395,505,592,7129.0,7168.0,39.0,-0.035
575,10.18,49.613,395,445,505,592,7125.0,7161.0,36.0,-0.319
575,10.18,49.613,445,495,505,592,7122.0,7157.0,35.0,-0.532
580,10.18,49.613,0,40,61,153,7125.0,7162.0,37.0,-0.472
580,10.18,49.613,40,89,61,153,7131.0,7165.0,34.0,-0.067
580,10.18,49.613,89,134,61,153,7134.0,7165.0,31.0,0.135
580,10.18,49.613,134,183,61,153,7131.0,7163.29,32.29,-0.067
580,10.18,49.613,183,231,61,153,7134.0,7170.0,36.0,0.135
580,10.18,49.613,231,279,61,153,7138.0,7169.0,31.0,0.405
580,10.18,49.613,279,327,61,153,7142.0,7177.0,35.0,0.674
580,10.18,49.613,327,375,61,153,7141.0,7174.0,33.0,0.607
580,10.18,49.613,375,425,61,153,7144.0,7179.0,35.0,0.809
580,10.18,49.613,425,479,61,153,7146.0,7182.0,36.0,0.944
580,10.18,49.613,32,82,153,226,7141.0,7181.0,40.0,0.607
580,10.18,49.613,82,130,153,226,7149.0,7189.0,40.0,1.147
580,10.18,49.613,130,179,153,226,7151.0,7190.0,39.0,1.282
580,10.18,49.613,179,230,153,226,7149.0,7187.0,38.0,1.147
580,10.18,49.613,230,280,153,226,7149.0,7187.0,38.0,1.147
580,10.18,49.613,280,330,153,226,7152.0,7189.0,37.0,1.349
580,10.18,49.613,330,379,153,226,7148.0,7182.2,34.2,1.079
580,10.18,49.613,379,429,153,226,7146.0,7181.0,35.0,0.944
580,10.18,49.613,429,480,153,226,7148.0,7182.0,34.0,1.079
580,10.18,49.613,14,62,395,497,7121.0,7156.0,35.0,-0.742
580,10.18,49.613,62,105,395,497,7121.0,7154.6,33.6,-0.742
580,10.18,49.613,105,155,395,497,7121.0,7158.86,37.86,-0.742
580,10.18,49.613,155,203,395,497,7123.0,7156.0,33.0,-0.607
580,10.18,49.613,203,251,395,497,7122.0,7159.0,37.0,-0.674
580,10.18,49.613,251,302,395,497,7121.0,7159.0,38.0,-0.742
580,10.18,49.613,302,349,395,497,7133.0,7164.0,31.0,0.067
580,10.18,49.613,349,397,395,497,7133.0,7170.0,37.0,0.067
580,10.18,49.613,397,446,395,497,7132.0,7170.0,38.0,0.0
580,10.18,49.613,446,494,395,497,7134.0,7167.0,33.0,0.135
580,10.18,49.613,3,52,497,587,7128.0,7162.0,34.0,-0.27
580,10.18,49.613,52,101,497,587,7123.0,7157.0,34.0,-0.607
580,10.18,49.613,101,151,497,587,7115.0,7161.0,46.0,-1.147
580,10.18,49.613,151,200,497,587,7121.0,7159.0,38.0,-0.742
580,10.18,49.613,200,253,497,587,7118.0,7158.0,40.0,-0.944
580,10.18,49.613,253,302,497,587,7128.0,7162.0,34.0,-0.27
580,10.18,49.613,302,353,497,587,7131.0,7171.0,40.0,-0.067
580,10.18,49.613,353,402,497,587,7127.0,7163.0,36.0,-0.337
580,10.18,49.613,402,452,497,587,7124.0,7163.0,39.0,-0.54
580,10.18,49.613,452,502,497,587,7121.0,7154.0,33.0,-0.742
585,10.18,49.613,0,45,61,149,7127.0,7161.23,34.23,-0.607
585,10.18,49.613,45,93,61,149,7132.0,7165.0,33.0,-0.27
585,10.18,49.613,93,138,61,149,7133.0,7162.0,29.0,-0.202
585,10.18,49.613,138,186,61,149,7134.0,7170.0,36.0,-0.135
585,10.18,49.613,186,235,61,149,7138.0,7168.57,30.57,0.135
585,10.18,49.613,235,283,61,149,7143.0,7178.0,35.0,0.472
585,10.18,49.613,283,330,61,149,7144.0,7179.0,35.0,0.54
585,10.18,49.613,330,379,61,149,7144.0,7179.0,35.0,0.54
585,10.18,49.613,379,427,61,149,7151.0,7181.0,30.0,1.012
585,10.18,49.613,427,477,61,149,7149.0,7185.0,36.0,0.877
585,10.18,49.613,477,512,61,149,7146.0,7178.0,32.0,0.674
585,10.18,49.613,0,36,149,222,7137.0,7176.0,39.0,0.067
585,10.18,49.613,36,86,149,222,7142.0,7182.0,40.0,0.405
585,10.18,49.613,86,134,149,222,7148.0,7189.0,41.0,0.809
585,10.18,49.613,134,183,149,222,7154.0,7191.0,37.0,1.214
585,10.18,49.613,183,234,149,222,7155.0,7188.0,33.0,1.282
585,10.18,49.613,234,284,149,222,7153.0,7191.0,38.0,1.147
585,10.18,49.613,284,334,149,222,7151.0,7185.0,34.0,1.012
585,10.18,49.613,334,384,149,222,7147.0,7181.0,34.0,0.742
585,10.18,49.613,384,434,149,222,7149.0,7184.0,35.0,0.877
585,10.18,49.613,434,483,149,222,7151.0,7187.0,36.0,1.012
585,10.18,49.613,19,66,390,492,7119.0,7151.0,32.0,-1.147
585,10.18,49.613,66,111,390,492,7123.0,7158.0,35.0,-0.877
585,10.18,49.613,111,159,390,492,7124.0,7157.0,33.0,-0.809
585,10.18,49.613,159,207,390,492,7125.0,7163.0,38.0,-0.742
585,10.18,49.613,207,258,390,492,7125.0,7161.0,36.0,-0.742
585,10.18,49.613,258,304,390,492,7136.0,7166.0,30.0,0.0
585,10.18,49.613,304,353,390,492,7135.0,7171.0,36.0,-0.067
585,10.18,49.613,353,400,390,492,7136.0,7172.0,36.0,0.0
585,10.18,49.613,400,449,390,492,7137.0,7171.0,34.0,0.067
585,10.18,49.613,449,497,390,492,7137.0,7170.0,33.0,0.067
585,10.18,49.613,8,56,492,582,7121.0,7154.0,33.0,-1.012
585,10.18,49.613,56,106,492,582,7114.0,7160.0,46.0,-1.484
585,10.18,49.613,106,156,492,582,7122.0,7162.0,40.0,-0.944
585,10.18,49.613,156,206,492,582,7121.0,7160.0,39.0,-1.012
585,10.18,49.613,206,256,492,582,7128.0,7163.0,35.0,-0.54
585,10.18,49.613,256,306,492,582,7135.0,7176.0,41.0,-0.067
585,10.18,49.613,306,356,492,582,7129.0,7166.0,37.0,-0.472
585,10.18,49.613,356,406,492,582,7127.0,7165.0,38.0,-0.607
585,10.18,49.613,406,455,492,582,7125.0,7161.0,36.0,-0.742
585,10.18,49.613,455,509,492,582,7130.0,7162.0,32.0,-0.405
590,10.18,49.613,0,49,58,146,7127.0,7160.0,33.0,-0.61
590,10.18,49.613,49,96,58,146,7132.0,7161.0,29.0,-0.289
590,10.18,49.613,96,141,58,146,7134.0,7168.0,34.0,-0.161
590,10.18,49.613,141,192,58,146,7136.0,7166.0,30.0,-0.032
590,10.18,49.613,192,239,58,146,7143.0,7177.31,34.31,0.418
590,10.18,49.613,239,286,58,146,7144.0,7179.0,35.0,0.482
590,10.18,49.613,286,335,58,146,7148.0,7182.0,34.0,0.739
590,10.18,49.613,335,381,58,146,7153.0,7180.0,27.0,1.06
590,10.18,49.613,381,431,58,146,7152.0,7183.0,31.0,0.996
590,10.18,49.613,431,479,58,146,7151.0,7183.0,32.0,0.931
590,10.18,49.613,0,40,146,223,7139.0,7176.0,37.0,0.161
590,10.18,49.613,40,88,146,223,7141.0,7181.0,40.0,0.289
590,10.18,49.613,88,138,146,223,7148.0,7190.0,42.0,0.739
590,10.18,49.613,138,187,146,223,7159.0,7195.0,36.0,1.445
590,10.18,49.613,187,236,146,223,7158.0,7196.0,38.0,1.381
590,10.18,49.613,236,286,146,223,7152.0,7189.0,37.0,0.996
590,10.18,49.613,286,335,146,223,7149.0,7184.0,35.0,0.803
590,10.18,49.613,335,386,146,223,7149.0,7184.0,35.0,0.803
590,10.18,49.613,386,436,146,223,7151.0,7188.0,37.0,0.931
590,10.18,49.613,436,485,146,223,7148.0,7183.0,35.0,0.739
590,10.18,49.613,17,59,388,490,7122.0,7156.0,34.0,-0.931
590,10.18,49.613,59,108,388,490,7122.0,7155.0,33.0,-0.931
590,10.18,49.613,108,157,388,490,7124.0,7162.0,38.0,-0.803
590,10.18,49.613,157,206,388,490,7127.0,7163.0,36.0,-0.61
590,10.18,49.613,206,253,388,490,7136.0,7166.0,30.0,-0.032
590,10.18,49.613,253,301,388,490,7137.0,7173.0,36.0,0.032
590,10.18,49.613,301,350,388,490,7137.0,7173.0,36.0,0.032
590,10.18,49.613,350,397,388,490,7141.0,7172.0,31.0,0.289
590,10.18,49.613,397,444,388,490,7141.0,7174.0,33.0,0.289
590,10.18,49.613,444,494,388,490,7134.0,7195.7,61.7,-0.161
590,10.18,49.613,0,55,490,583,7108.0,7155.0,47.0,-1.831
590,10.18,49.613,55,103,490,583,7121.0,7160.32,39.32,-0.996
590,10.18,49.613,103,152,490,583,7122.0,7161.0,39.0,-0.931
590,10.18,49.613,152,203,490,583,7127.0,7164.0,37.0,-0.61
590,10.18,49.613,203,251,490,583,7136.0,7177.0,41.0,-0.032
590,10.18,49.613,251,301,490,583,7132.0,7169.0,37.0,-0.289
590,10.18,49.613,301,350,490,583,7131.0,7168.0,37.0,-0.353
590,10.18,49.613,350,401,490,583,7125.0,7163.0,38.0,-0.739
590,10.18,49.613,401,449,490,583,7136.0,7165.0,29.0,-0.032
590,10.18,49.613,449,500,490,583,7124.0,7156.0,32.0,-0.803
595,10.18,49.613,0,43,55,144,7126.0,7154.0,28.0,-0.674
595,10.18,49.613,43,97,55,144,7127.0,7163.0,36.0,-0.607
595,10.18,49.613,97,144,55,144,7136.0,7164.0,28.0,0.0
595,10.18,49.613,144,190,55,144,7140.0,7173.0,33.0,0.27
595,10.18,49.613,190,237,55,144,7143.0,7176.0,33.0,0.472
595,10.18,49.613,237,285,55,144,7147.0,7181.0,34.0,0.742
595,10.18,49.613,285,333,55,144,7153.0,7181.0,28.0,1.147
595,10.18,49.613,333,380,55,144,7150.0,7179.0,29.0,0.944
595,10.18,49.613,380,430,55,144,7147.0,7180.0,33.0,0.742
595,10.18,49.613,430,477,55,144,7151.0,7181.0,30.0,1.012
595,10.18,49.613,477,512,55,144,7149.0,7176.0,27.0,0.877
595,10.18,49.613,0,38,144,222,7134.0,7175.0,41.0,-0.135
595,10.18,49.613,38,88,144,222,7140.0,7181.0,41.0,0.27
595,10.18,49.613,88,137,144,222,7152.0,7189.0,37.0,1.079
595,10.18,49.613,137,186,144,222,7159.0,7198.0,39.0,1.551
595,10.18,49.613,186,234,144,222,7156.0,7191.0,35.0,1.349
595,10.18,49.613,234,284,144,222,7149.0,7184.87,35.87,0.877
595,10.18,49.613,284,333,144,222,7151.0,7185.0,34.0,1.012
595,10.18,49.613,333,384,144,222,7148.0,7187.0,39.0,0.809
595,10.18,49.613,384,433,144,222,7147.0,7183.0,36.0,0.742
595,10.18,49.613,433,483,144,222,7151.0,7191.0,40.0,1.012
595,10.18,49.613,16,58,386,489,7121.0,7152.0,31.0,-1.012
595,10.18,49.613,58,108,386,489,7120.0,7159.94,39.94,-1.079
595,10.18,49.613,108,157,386,489,7124.0,7161.0,37.0,-0.809
595,10.18,49.613,157,205,386,489,7134.0,7168.0,34.0,-0.135
595,10.18,49.613,205,252,386,489,7137.0,7173.0,36.0,0.067
595,10.18,49.613,252,300,386,489,7136.0,7173.76,37.76,0.0
595,10.18,49.613,300,349,386,489,7139.0,7172.38,33.38,0.202
595,10.18,49.613,349,395,386,489,7142.0,7173.0,31.0,0.405
595,10.18,49.613,395,444,386,489,7136.0,7198.0,62.0,0.0
595,10.18,49.613,444,492,386,489,7132.0,7163.0,31.0,-0.27
595,10.18,49.613,2,52,489,581,7116.0,7155.0,39.0,-1.349
595,10.18,49.613,52,101,489,581,7118.0,7156.0,38.0,-1.214
595,10.18,49.613,101,152,489,581,7126.0,7161.0,35.0,-0.674
595,10.18,49.613,152,200,489,581,7134.0,7173.0,39.0,-0.135
595,10.18,49.613,200,250,489,581,7131.0,7169.0,38.0,-0.337
595,10.18,49.613,250,299,489,581,7131.0,7169.0,38.0,-0.337
595,10.18,49.613,299,349,489,581,7127.0,7164.0,37.0,-0.607
595,10.18,49.613,349,399,489,581,7134.0,7166.0,32.0,-0.135
595,10.18,49.613,399,447,489,581,7127.0,7158.0,31.0,-0.607
595,10.18,49.613,447,498,489,581,7124.0,7155.0,31.0,-0.809
600,10.18,49.613,0,42,61,144,7123.0,7156.0,33.0,-1.124
600,10.18,49.613,42,94,61,144,7131.0,7162.0,31.0,-0.525
600,10.18,49.613,94,140,61,144,7138.0,7171.0,33.0,0.0
600,10.18,49.613,140,187,61,144,7139.0,7172.0,33.0,0.075
600,10.18,49.613,187,235,61,144,7145.0,7177.58,32.58,0.525
600,10.18,49.613,235,281,61,144,7154.0,7181.0,27.0,1.199
600,10.18,49.613,281,330,61,144,7152.0,7183.0,31.0,1.049
600,10.18,49.613,330,378,61,144,7147.0,7179.0,32.0,0.674
600,10.18,49.613,378,427,61,144,7150.0,7181.0,31.0,0.899
600,10.18,49.613,427,475,61,144,7151.0,7178.0,27.0,0.974
600,10.18,49.613,475,512,61,144,7147.0,7170.0,23.0,0.674
600,10.18,49.613,32,85,144,221,7142.0,7181.0,39.0,0.3
600,10.18,49.613,85,134,144,221,7153.0,7192.0,39.0,1.124
600,10.18,49.613,134,183,144,221,7158.0,7195.0,37.0,1.499
600,10.18,49.613,183,232,144,221,7155.0,7190.0,35.0,1.274
600,10.18,49.613,232,281,144,221,7153.0,7188.0,35.0,1.124
600,10.18,49.613,281,330,144,221,7152.0,7190.0,38.0,1.049
600,10.18,49.613,330,381,144,221,7147.0,7183.0,36.0,0.674
600,10.18,49.613,381,431,144,221,7153.0,7190.85,37.85,1.124
600,10.18,49.613,431,480,144,221,7152.0,7187.52,35.52,1.049
600,10.18,49.613,4,57,386,489,7114.0,7154.0,40.0,-1.799
600,10.18,49.613,57,109,386,489,7119.0,7158.0,39.0,-1.424
600,10.18,49.613,109,152,386,489,7135.0,7165.0,30.0,-0.225
600,10.18,49.613,152,202,386,489,7134.0,7173.0,39.0,-0.3
600,10.18,49.613,202,249,386,489,7137.0,7174.0,37.0,-0.075
600,10.18,49.613,249,298,386,489,7140.0,7173.0,33.0,0.15
600,10.18,49.613,298,345,386,489,7142.0,7174.0,32.0,0.3
600,10.18,49.613,345,394,386,489,7137.0,7197.0,60.0,-0.075
600,10.18,49.613,394,441,386,489,7136.0,7166.0,30.0,-0.15
600,10.18,49.613,441,488,386,489,7131.0,7161.0,30.0,-0.525
600,10.18,49.613,0,50,489,580,7112.0,7150.0,38.0,-1.949
600,10.18,49.613,50,100,489,580,7123.0,7156.0,33.0,-1.124
600,10.18,49.613,100,149,489,580,7132.0,7170.0,38.0,-0.45
600,10.18,49.613,149,198,489,580,7131.0,7166.0,35.0,-0.525
600,10.18,49.613,198,247,489,580,7132.0,7169.0,37.0,-0.45
600,10.18,49.613,247,296,489,580,7131.0,7165.0,34.0,-0.525
600,10.18,49.613,296,346,489,580,7138.0,7170.0,32.0,0.0
600,10.18,49.613,346,396,489,580,7128.0,7161.0,33.0,-0.749
600,10.18,49.613,396,444,489,580,7129.0,7159.0,30.0,-0.674
600,10.18,49.613,444,496,489,580,7118.0,7156.0,38.0,-1.499
605,10.18,49.613,0,39,58,145,7128.0,7155.0,27.0,-0.674
605,10.18,49.613,39,87,58,145,7134.0,7169.0,35.0,-0.27
605,10.18,49.613,87,133,58,145,7136.0,7169.0,33.0,-0.135
605,10.18,49.613,133,181,58,145,7141.0,7173.0,32.0,0.202
605,10.18,49.613,181,227,58,145,7150.0,7178.0,28.0,0.809
605,10.18,49.613,227,277,58,145,7148.0,7181.0,33.0,0.674
605,10.18,49.613,277,324,58,145,7148.0,7181.0,33.0,0.674
605,10.18,49.613,324,371,58,145,7147.0,7178.0,31.0,0.607
605,10.18,49.613,371,420,58,145,7146.0,7172.0,26.0,0.54
605,10.18,49.613,420,468,58,145,7145.0,7169.0,24.0,0.472
605,10.18,49.613,468,512,58,145,7148.0,7176.0,28.0,0.674
605,10.18,49.613,31,79,145,218,7146.0,7183.0,37.0,0.54
605,10.18,49.613,79,128,145,218,7148.0,7186.0,38.0,0.674
605,10.18,49.613,128,177,145,218,7156.0,7194.0,38.0,1.214
605,10.18,49.613,177,226,145,218,7157.0,7192.0,35.0,1.282
605,10.18,49.613,226,275,145,218,7154.0,7191.0,37.0,1.079
605,10.18,49.613,275,325,145,218,7149.0,7185.0,36.0,0.742
605,10.18,49.613,325,375,145,218,7153.0,7189.0,36.0,1.012
605,10.18,49.613,375,424,145,218,7151.0,7184.0,33.0,0.877
605,10.18,49.613,424,473,145,218,7150.0,7188.0,38.0,0.809
605,10.18,49.613,473,512,145,218,7142.0,7183.0,41.0,0.27
605,10.18,49.613,7,60,387,487,7117.0,7154.0,37.0,-1.416
605,10.18,49.613,60,103,387,487,7132.0,7163.0,31.0,-0.405
605,10.18,49.613,103,153,387,487,7132.0,7171.0,39.0,-0.405
605,10.18,49.613,153,201,387,487,7136.0,7174.0,38.0,-0.135
605,10.18,49.613,201,247,387,487,7141.0,7173.0,32.0,0.202
605,10.18,49.613,247,296,387,487,7140.0,7174.0,34.0,0.135
605,10.18,49.613,296,343,387,487,7138.0,7197.0,59.0,0.0
605,10.18,49.613,343,391,387,487,7133.0,7165.0,32.0,-0.337
605,10.18,49.613,391,439,387,487,7131.0,7162.0,31.0,-0.472
605,10.18,49.613,439,487,387,487,7129.0,7152.0,23.0,-0.607
605,10.18,49.613,0,51,487,577,7115.0,7152.0,37.0,-1.551
605,10.18,49.613,51,99,487,577,7126.0,7166.0,40.0,-0.809
605,10.18,49.613,99,149,487,577,7126.0,7163.0,37.0,-0.809
605,10.18,49.613,149,197,487,577,7128.0,7166.0,38.0,-0.674
605,10.18,49.613,197,246,487,577,7127.0,7164.0,37.0,-0.742
605,10.18,49.613,246,296,487,577,7137.0,7169.0,32.0,-0.067
605,10.18,49.613,296,345,487,577,7129.0,7162.0,33.0,-0.607
605,10.18,49.613,345,394,487,577,7127.0,7160.0,33.0,-0.742
605,10.18,49.613,394,445,487,577,7119.0,7159.0,40.0,-1.282
605,10.18,49.613,445,494,487,577,7117.0,7160.0,43.0,-1.416
610,10.18,49.613,31,83,60,147,7130.0,7168.0,38.0,-0.637
610,10.18,49.613,83,130,60,147,7139.0,7171.0,32.0,0.037
610,10.18,49.613,130,176,60,147,7148.0,7174.0,26.0,0.712
610,10.18,49.613,176,224,60,147,7147.0,7177.0,30.0,0.637
610,10.18,49.613,224,271,60,147,7145.0,7178.0,33.0,0.487
610,10.18,49.613,271,319,60,147,7146.0,7178.0,32.0,0.562
610,10.18,49.613,319,367,60,147,7145.0,7173.72,28.72,0.487
610,10.18,49.613,367,415,60,147,7142.0,7165.0,23.0,0.262
610,10.18,49.613,415,463,60,147,7148.0,7179.0,31.0,0.712
610,10.18,49.613,463,512,60,147,7145.0,7173.0,28.0,0.487
610,10.18,49.613,27,74,147,220,7142.0,7176.0,34.0,0.262
610,10.18,49.613,74,124,147,220,7146.0,7182.0,36.0,0.562
610,10.18,49.613,124,172,147,220,7157.0,7191.0,34.0,1.386
610,10.18,49.613,172,221,147,220,7158.0,7193.0,35.0,1.461
610,10.18,49.613,221,271,147,220,7149.0,7184.0,35.0,0.787
610,10.18,49.613,271,321,147,220,7152.0,7190.0,38.0,1.012
610,10.18,49.613,321,370,147,220,7150.0,7184.0,34.0,0.862
610,10.18,49.613,370,419,147,220,7148.0,7184.0,36.0,0.712
610,10.18,49.613,419,469,147,220,7143.0,7184.0,41.0,0.337
610,10.18,49.613,469,512,147,220,7146.0,7181.0,35.0,0.562
610,10.18,49.613,9,52,376,488,7127.0,7157.0,30.0,-0.862
610,10.18,49.613,52,104,376,488,7127.0,7168.02,41.02,-0.862
610,10.18,49.613,104,149,376,488,7133.0,7169.0,36.0,-0.412
610,10.18,49.613,149,197,376,488,7138.0,7171.0,33.0,-0.037
610,10.18,49.613,197,243,376,488,7139.0,7172.0,33.0,0.037
610,10.18,49.613,243,291,376,488,7134.0,7194.23,60.23,-0.337
610,10.18,49.613,291,340,376,488,7132.0,7164.0,32.0,-0.487
610,10.18,49.613,340,390,376,488,7128.0,7159.0,31.0,-0.787
610,10.18,49.613,390,433,376,488,7132.0,7155.0,23.0,-0.487
610,10.18,49.613,433,482,376,488,7130.0,7166.0,36.0,-0.637
610,10.18,49.613,1,47,488,578,7121.0,7160.13,39.13,-1.312
610,10.18,49.613,47,95,488,578,7123.0,7159.0,36.0,-1.162
610,10.18,49.613,95,145,488,578,7123.0,7162.0,39.0,-1.162
610,10.18,49.613,145,193,488,578,7124.0,7159.0,35.0,-1.087
610,10.18,49.613,193,242,488,578,7134.0,7165.0,31.0,-0.337
610,10.18,49.613,242,291,488,578,7128.0,7159.0,31.0,-0.787
610,10.18,49.613,291,340,488,578,7128.0,7159.0,31.0,-0.787
610,10.18,49.613,340,391,488,578,7118.0,7158.0,40.0,-1.536
610,10.18,49.613,391,439,488,578,7118.0,7161.0,43.0,-1.536
610,10.18,49.613,439,490,488,578,7117.0,7155.57,38.57,-1.611
615,10.18,49.613,28,79,61,149,7133.0,7170.0,37.0,-0.225
615,10.18,49.613,79,125,61,149,7145.0,7171.0,26.0,0.674
615,10.18,49.613,125,173,61,149,7143.0,7173.0,30.0,0.525
615,10.18,49.613,173,220,61,149,7142.0,7174.0,32.0,0.45
615,10.18,49.613,220,268,61,149,7145.0,7177.0,32.0,0.674
615,10.18,49.613,268,314,61,149,7146.0,7173.0,27.0,0.749
615,10.18,49.613,314,362,61,149,7141.0,7167.81,26.81,0.375
615,10.18,49.613,362,411,61,149,7144.0,7177.0,33.0,0.6
615,10.18,49.613,411,459,61,149,7146.0,7173.0,27.0,0.749
615,10.18,49.613,459,512,61,149,7142.0,7177.0,35.0,0.45
615,10.18,49.613,22,71,149,222,7139.0,7174.0,35.0,0.225
615,10.18,49.613,71,121,149,222,7147.0,7183.0,36.0,0.824
615,10.18,49.613,121,169,149,222,7156.0,7195.0,39.0,1.499
615,10.18,49.613,169,218,149,222,7153.0,7187.0,34.0,1.274
615,10.18,49.613,218,267,149,222,7153.0,7193.2,40.2,1.274
615,10.18,49.613,267,318,149,222,7149.0,7185.0,36.0,0.974
615,10.18,49.613,318,367,149,222,7148.0,7185.0,37.0,0.899
615,10.18,49.613,367,415,149,222,7142.0,7183.0,41.0,0.45
615,10.18,49.613,415,465,149,222,7146.0,7181.0,35.0,0.749
615,10.18,49.613,465,512,149,222,7144.0,7179.0,35.0,0.6
615,10.18,49.613,0,49,377,490,7124.0,7162.0,38.0,-0.899
615,10.18,49.613,49,96,377,490,7128.0,7165.0,37.0,-0.6
615,10.18,49.613,96,146,377,490,7132.0,7168.0,36.0,-0.3
615,10.18,49.613,146,192,377,490,7138.0,7171.0,33.0,0.15
615,10.18,49.613,192,240,377,490,7134.0,7195.6,61.6,-0.15
615,10.18,49.613,240,289,377,490,7129.0,7164.0,35.0,-0.525
615,10.18,49.613,289,342,377,490,7125.0,7160.0,35.0,-0.824
615,10.18,49.613,342,382,377,490,7131.0,7153.0,22.0,-0.375
615,10.18,49.613,382,431,377,490,7130.0,7165.0,35.0,-0.45
615,10.18,49.613,431,479,377,490,7132.0,7166.0,34.0,-0.3
615,10.18,49.613,0,44,490,580,7118.0,7151.0,33.0,-1.349
615,10.18,49.613,44,92,490,580,7121.0,7159.0,38.0,-1.124
615,10.18,49.613,92,142,490,580,7121.0,7157.57,36.57,-1.124
615,10.18,49.613,142,190,490,580,7131.0,7163.0,32.0,-0.375
615,10.18,49.613,190,239,490,580,7126.0,7159.0,33.0,-0.749
615,10.18,49.613,239,288,490,580,7129.0,7158.0,29.0,-0.525
615,10.18,49.613,288,337,490,580,7120.0,7157.0,37.0,-1.199
615,10.18,49.613,337,386,490,580,7117.0,7162.0,45.0,-1.424
615,10.18,49.613,386,435,490,580,7118.0,7157.0,39.0,-1.349
615,10.18,49.613,435,486,490,580,7119.0,7152.0,33.0,-1.274
620,10.18,49.613,31,75,61,150,7141.0,7167.0,26.0,0.262
620,10.18,49.613,75,123,61,150,7141.0,7172.0,31.0,0.262
620,10.18,49.613,123,171,61,150,7141.0,7172.0,31.0,0.262
620,10.18,49.613,171,218,61,150,7144.0,7176.91,32.91,0.487
620,10.18,49.613,218,265,61,150,7146.0,7173.0,27.0,0.637
620,10.18,49.613,265,314,61,150,7142.0,7165.0,23.0,0.337
620,10.18,49.613,314,360,61,150,7146.0,7179.0,33.0,0.637
620,10.18,49.613,360,409,61,150,7143.0,7171.0,28.0,0.412
620,10.18,49.613,409,458,61,150,7148.0,7181.0,33.0,0.787
620,10.18,49.613,458,509,61,150,7146.0,7180.0,34.0,0.637
620,10.18,49.613,22,70,150,223,7141.0,7175.0,34.0,0.262
620,10.18,49.613,70,119,150,223,7147.0,7187.0,40.0,0.712
620,10.18,49.613,119,168,150,223,7152.0,7189.0,37.0,1.087
620,10.18,49.613,168,216,150,223,7159.0,7196.0,37.0,1.611
620,10.18,49.613,216,265,150,223,7152.0,7187.0,35.0,1.087
620,10.18,49.613,265,315,150,223,7150.0,7186.53,36.53,0.937
620,10.18,49.613,315,365,150,223,7143.0,7184.56,41.56,0.412
620,10.18,49.613,365,415,150,223,7145.0,7179.0,34.0,0.562
620,10.18,49.613,415,463,150,223,7147.0,7182.0,35.0,0.712
620,10.18,49.613,463,512,150,223,7149.0,7181.0,32.0,0.862
620,10.18,49.613,5,47,378,491,7128.0,7162.0,34.0,-0.712
620,10.18,49.613,47,96,378,491,7129.0,7165.0,36.0,-0.637
620,10.18,49.613,96,143,378,491,7134.0,7169.0,35.0,-0.262
620,10.18,49.613,143,191,378,491,7134.0,7194.0,60.0,-0.262
620,10.18,49.613,191,240,378,491,7128.0,7163.0,35.0,-0.712
620,10.18,49.613,240,286,378,491,7129.0,7160.0,31.0,-0.637
620,10.18,49.613,286,333,378,491,7128.0,7154.0,26.0,-0.712
620,10.18,49.613,333,383,378,491,7129.0,7165.0,36.0,-0.637
620,10.18,49.613,383,428,378,491,7134.0,7166.0,32.0,-0.262
620,10.18,49.613,428,481,378,491,7131.0,7170.18,39.18,-0.487
620,10.18,49.613,0,43,491,580,7116.0,7151.0,35.0,-1.611
620,10.18,49.613,43,91,491,580,7118.0,7153.0,35.0,-1.461
620,10.18,49.613,91,140,491,580,7129.0,7161.0,32.0,-0.637
620,10.18,49.613,140,188,491,580,7124.0,7155.44,31.44,-1.012
620,10.18,49.613,188,237,491,580,7126.0,7157.0,31.0,-0.862
620,10.18,49.613,237,287,491,580,7121.0,7159.0,38.0,-1.237
620,10.18,49.613,287,336,491,580,7121.0,7165.0,44.0,-1.237
620,10.18,49.613,336,386,491,580,7118.0,7158.0,40.0,-1.461
620,10.18,49.613,386,433,491,580,7123.0,7154.0,31.0,-1.087
620,10.18,49.613,433,484,491,580,7123.0,7159.0,36.0,-1.087
625,10.18,49.613,28,76,64,152,7138.0,7170.0,32.0,0.27
625,10.18,49.613,76,121,64,152,7140.0,7171.52,31.52,0.405
625,10.18,49.613,121,170,64,152,7143.0,7175.0,32.0,0.607
625,10.18,49.613,170,216,64,152,7144.0,7170.41,26.41,0.674
625,10.18,49.613,216,264,64,152,7142.0,7165.0,23.0,0.54
625,10.18,49.613,264,311,64,152,7146.0,7176.0,30.0,0.809
625,10.18,49.613,311,358,64,152,7146.0,7175.0,29.0,0.809
625,10.18,49.613,358,408,64,152,7145.0,7177.0,32.0,0.742
625,10.18,49.613,408,455,64,152,7151.0,7182.0,31.0,1.147
625,10.18,49.613,455,506,64,152,7134.0,7169.0,35.0,0.0
625,10.18,49.613,19,70,152,224,7142.0,7179.0,37.0,0.54
625,10.18,49.613,70,117,152,224,7146.0,7183.0,37.0,0.809
625,10.18,49.613,117,165,152,224,7162.0,7202.0,40.0,1.889
625,10.18,49.613,165,215,152,224,7158.0,7191.0,33.0,1.619
625,10.18,49.613,215,264,152,224,7153.0,7190.0,37.0,1.282
625,10.18,49.613,264,313,152,224,7146.0,7187.0,41.0,0.809
625,10.18,49.613,313,363,152,224,7148.0,7183.0,35.0,0.944
625,10.18,49.613,363,413,152,224,7146.0,7182.0,36.0,0.809
625,10.18,49.613,413,463,152,224,7150.0,7182.0,32.0,1.079
625,10.18,49.613,463,512,152,224,7149.0,7181.0,32.0,1.012
625,10.18,49.613,4,46,382,492,7130.0,7163.0,33.0,-0.27
625,10.18,49.613,46,93,382,492,7131.0,7167.0,36.0,-0.202
625,10.18,49.613,93,142,382,492,7132.0,7195.0,63.0,-0.135
625,10.18,49.613,142,190,382,492,7130.0,7163.09,33.09,-0.27
625,10.18,49.613,190,238,382,492,7129.0,7161.0,32.0,-0.337
625,10.18,49.613,238,285,382,492,7128.0,7155.0,27.0,-0.405
625,10.18,49.613,285,333,382,492,7131.0,7167.0,36.0,-0.202
625,10.18,49.613,333,379,382,492,7134.0,7168.0,34.0,0.0
625,10.18,49.613,379,434,382,492,7131.0,7171.0,40.0,-0.202
625,10.18,49.613,434,475,382,492,7132.0,7166.0,34.0,-0.135
625,10.18,49.613,475,512,382,492,7129.0,7166.0,37.0,-0.337
625,10.18,49.613,0,41,492,582,7115.0,7149.0,34.0,-1.282
625,10.18,49.613,41,90,492,582,7127.0,7158.0,31.0,-0.472
625,10.18,49.613,90,137,492,582,7124.0,7156.0,32.0,-0.674
625,10.18,49.613,137,187,492,582,7125.0,7155.0,30.0,-0.607
625,10.18,49.613,187,236,492,582,7120.0,7159.0,39.0,-0.944
625,10.18,49.613,236,284,492,582,7122.0,7164.0,42.0,-0.809
625,10.18,49.613,284,334,492,582,7120.0,7161.0,41.0,-0.944
625,10.18,49.613,334,384,492,582,7123.0,7157.0,34.0,-0.742
625,10.18,49.613,384,433,492,582,7126.0,7160.0,34.0,-0.54
625,10.18,49.613,433,482,492,582,7122.0,7156.0,34.0,-0.809
630,10.18,49.613,25,69,65,153,7137.0,7166.0,29.0,0.0
630,10.18,49.613,69,119,65,153,7139.0,7171.0,32.0,0.135
630,10.18,49.613,119,166,65,153,7143.0,7167.0,24.0,0.405
630,10.18,49.613,166,212,65,153,7142.0,7163.0,21.0,0.337
630,10.18,49.613,212,259,65,153,7147.0,7178.0,31.0,0.674
630,10.18,49.613,259,307,65,153,7145.0,7174.0,29.0,0.54
630,10.18,49.613,307,354,65,153,7149.0,7183.05,34.05,0.809
630,10.18,49.613,354,405,65,153,7146.5,7179.0,32.5,0.641
630,10.18,49.613,405,453,65,153,7139.0,7171.8,32.8,0.135
630,10.18,49.613,453,502,65,153,7153.0,7182.0,29.0,1.079
630,10.18,49.613,17,65,153,226,7139.0,7175.0,36.0,0.135
630,10.18,49.613,65,113,153,226,7153.0,7189.91,36.91,1.079
630,10.18,49.613,113,162,153,226,7159.0,7197.0,38.0,1.484
630,10.18,49.613,162,210,153,226,7159.0,7193.0,34.0,1.484
630,10.18,49.613,210,259,153,226,7149.0,7190.0,41.0,0.809
630,10.18,49.613,259,309,153,226,7150.0,7185.0,35.0,0.877
630,10.18,49.613,309,358,153,226,7148.0,7184.0,36.0,0.742
630,10.18,49.613,358,409,153,226,7149.0,7181.0,32.0,0.809
630,10.18,49.613,409,461,153,226,7148.0,7181.0,33.0,0.742
630,10.18,49.613,461,512,153,226,7159.0,7193.0,34.0,1.484
630,10.18,49.613,0,42,382,493,7131.0,7163.0,32.0,-0.405
630,10.18,49.613,42,91,382,493,7129.0,7191.97,62.97,-0.54
630,10.18,49.613,91,137,382,493,7129.0,7164.0,35.0,-0.54
630,10.18,49.613,137,187,382,493,7128.0,7158.0,30.0,-0.607
630,10.18,49.613,187,235,382,493,7128.0,7155.0,27.0,-0.607
630,10.18,49.613,235,282,382,493,7132.0,7167.0,35.0,-0.337
630,10.18,49.613,282,328,382,493,7137.0,7169.0,32.0,0.0
630,10.18,49.613,328,386,382,493,7129.0,7171.0,42.0,-0.54
630,10.18,49.613,386,423,382,493,7134.0,7168.0,34.0,-0.202
630,10.18,49.613,423,473,382,493,7132.0,7168.0,36.0,-0.337
630,10.18,49.613,473,512,382,493,7139.0,7172.0,33.0,0.135
630,10.18,49.613,0,38,493,583,7124.0,7152.0,28.0,-0.877
630,10.18,49.613,38,84,493,583,7121.0,7151.0,30.0,-1.079
630,10.18,49.613,84,134,493,583,7122.0,7154.0,32.0,-1.012
630,10.18,49.613,134,183,493,583,7119.0,7158.0,39.0,-1.214
630,10.18,49.613,183,231,493,583,7122.0,7166.0,44.0,-1.012
630,10.18,49.613,231,280,493,583,7123.0,7161.0,38.0,-0.944
630,10.18,49.613,280,329,493,583,7127.0,7160.0,33.0,-0.674
630,10.18,49.613,329,379,493,583,7126.0,7161.0,35.0,-0.742
630,10.18,49.613,379,429,493,583,7123.0,7159.0,36.0,-0.944
630,10.18,49.613,429,478,493,583,7124.0,7157.0,33.0,-0.877
635,10.18,49.613,12,63,64,153,7134.0,7167.0,33.0,-0.307
635,10.18,49.613,63,111,64,153,7141.0,7167.0,26.0,0.123
635,10.18,49.613,111,157,64,153,7141.0,7161.0,20.0,0.123
635,10.18,49.613,157,205,64,153,7145.0,7176.0,31.0,0.368
635,10.18,49.613,205,252,64,153,7146.0,7173.0,27.0,0.429
635,10.18,49.613,252,299,64,153,7150.0,7180.0,30.0,0.674
635,10.18,49.613,299,350,64,153,7148.0,7183.0,35.0,0.552
635,10.18,49.613,350,396,64,153,7139.0,7170.0,31.0,0.0
635,10.18,49.613,396,445,64,153,7154.0,7185.0,31.0,0.92
635,10.18,49.613,445,494,64,153,7150.0,7181.0,31.0,0.674
635,10.18,49.613,8,57,153,225,7146.0,7181.0,35.0,0.429
635,10.18,49.613,57,103,153,225,7152.0,7189.0,37.0,0.797
635,10.18,49.613,103,154,153,225,7157.0,7197.0,40.0,1.104
635,10.18,49.613,154,203,153,225,7154.0,7194.0,40.0,0.92
635,10.18,49.613,203,251,153,225,7155.0,7189.0,34.0,0.981
635,10.18,49.613,251,301,153,225,7151.0,7187.0,36.0,0.736
635,10.18,49.613,301,351,153,225,7152.0,7185.0,33.0,0.797
635,10.18,49.613,351,402,153,225,7149.0,7181.42,32.42,0.613
635,10.18,49.613,402,450,153,225,7162.0,7196.0,34.0,1.41
635,10.18,49.613,450,499,153,225,7154.0,7187.0,33.0,0.92
635,10.18,49.613,0,35,379,493,7127.0,7189.0,62.0,-0.736
635,10.18,49.613,35,86,379,493,7124.0,7161.0,37.0,-0.92
635,10.18,49.613,86,129,379,493,7129.0,7159.0,30.0,-0.613
635,10.18,49.613,129,177,379,493,7128.0,7154.0,26.0,-0.674
635,10.18,49.613,177,225,379,493,7131.0,7169.0,38.0,-0.491
635,10.18,49.613,225,274,379,493,7135.0,7169.05,34.05,-0.245
635,10.18,49.613,274,321,379,493,7138.0,7172.0,34.0,-0.061
635,10.18,49.613,321,369,379,493,7133.0,7170.0,37.0,-0.368
635,10.18,49.613,369,417,379,493,7135.0,7170.0,35.0,-0.245
635,10.18,49.613,417,464,379,493,7141.0,7173.0,32.0,0.123
635,10.18,49.613,464,512,379,493,7145.0,7176.0,31.0,0.368
635,10.18,49.613,30,77,493,582,7122.0,7151.0,29.0,-1.042
635,10.18,49.613,77,126,493,582,7117.0,7157.0,40.0,-1.349
635,10.18,49.613,126,175,493,582,7120.0,7164.0,44.0,-1.165
635,10.18,49.613,175,223,493,582,7121.0,7161.0,40.0,-1.104
635,10.18,49.613,223,272,493,582,7127.0,7159.0,32.0,-0.736
635,10.18,49.613,272,321,493,582,7129.0,7164.0,35.0,-0.613
635,10.18,49.613,321,372,493,582,7126.0,7162.0,36.0,-0.797
635,10.18,49.613,372,421,493,582,7128.0,7162.0,34.0,-0.674
635,10.18,49.613,421,471,493,582,7133.0,7164.0,31.0,-0.368
635,10.18,49.613,471,512,493,582,7135.0,7163.0,28.0,-0.245
640,10.18,49.613,10,58,68,153,7135.0,7162.0,27.0,-0.562
640,10.18,49.613,58,104,68,153,7137.0,7159.0,22.0,-0.412
640,10.18,49.613,104,151,68,153,7144.0,7174.0,30.0,0.112
640,10.18,49.613,151,198,68,153,7146.0,7172.0,26.0,0.262
640,10.18,49.613,198,246,68,153,7149.5,7181.0,31.5,0.525
640,10.18,49.613,246,295,68,153,7149.0,7182.0,33.0,0.487
640,10.18,49.613,295,341,68,153,7141.0,7173.0,32.0,-0.112
640,10.18,49.613,341,389,68,153,7154.0,7185.0,31.0,0.862
640,10.18,49.613,389,438,68,153,7151.0,7182.0,31.0,0.637
640,10.18,49.613,438,487,68,153,7148.0,7181.0,33.0,0.412
640,10.18,49.613,0,48,153,226,7145.0,7178.0,33.0,0.187
640,10.18,49.613,48,97,153,226,7148.0,7186.0,38.0,0.412
640,10.18,49.613,97,146,153,226,7152.0,7196.0,44.0,0.712
640,10.18,49.613,146,195,153,226,7159.0,7193.0,34.0,1.237
640,10.18,49.613,195,244,153,226,7156.0,7189.0,33.0,1.012
640,10.18,49.613,244,295,153,226,7154.0,7189.0,35.0,0.862
640,10.18,49.613,295,345,153,226,7152.0,7184.0,32.0,0.712
640,10.18,49.613,345,395,153,226,7161.0,7197.0,36.0,1.386
640,10.18,49.613,395,443,153,226,7155.0,7188.0,33.0,0.937
640,10.18,49.613,443,493,153,226,7158.0,7192.0,34.0,1.162
640,10.18,49.613,28,75,377,493,7125.0,7155.0,30.0,-1.312
640,10.18,49.613,75,122,377,493,7125.0,7152.0,27.0,-1.312
640,10.18,49.613,122,169,377,493,7133.0,7168.0,35.0,-0.712
640,10.18,49.613,169,219,377,493,7134.0,7170.0,36.0,-0.637
640,10.18,49.613,219,267,377,493,7137.0,7173.0,36.0,-0.412
640,10.18,49.613,267,314,377,493,7135.0,7171.0,36.0,-0.562
640,10.18,49.613,314,362,377,493,7135.0,7172.0,37.0,-0.562
640,10.18,49.613,362,409,377,493,7144.0,7176.0,32.0,0.112
640,10.18,49.613,409,457,377,493,7149.0,7180.59,31.59,0.487
640,10.18,49.613,457,507,377,493,7145.0,7177.0,32.0,0.187
640,10.18,49.613,21,69,493,582,7114.0,7150.0,36.0,-2.136
640,10.18,49.613,69,120,493,582,7117.0,7160.0,43.0,-1.911
640,10.18,49.613,120,169,493,582,7120.0,7157.0,37.0,-1.686
640,10.18,49.613,169,216,493,582,7127.0,7158.1,31.1,-1.162
640,10.18,49.613,216,265,493,582,7129.0,7165.0,36.0,-1.012
640,10.18,49.613,265,314,493,582,7131.0,7166.0,35.0,-0.862
640,10.18,49.613,314,365,493,582,7128.0,7164.0,36.0,-1.087
640,10.18,49.613,365,414,493,582,7136.0,7166.0,30.0,-0.487
640,10.18,49.613,414,464,493,582,7137.0,7165.0,28.0,-0.412
640,10.18,49.613,464,512,493,582,7132.0,7161.0,29.0,-0.787
645,10.18,49.613,3,48,70,154,7132.0,7154.0,22.0,-0.809
645,10.18,49.613,48,98,70,154,7140.0,7171.0,31.0,-0.27
645,10.18,49.613,98,144,70,154,7145.0,7173.0,28.0,0.067
645,10.18,49.613,144,192,70,154,7150.0,7179.0,29.0,0.405
645,10.18,49.613,192,240,70,154,7151.0,7183.0,32.0,0.472
645,10.18,49.613,240,287,70,154,7142.0,7172.0,30.0,-0.135
645,10.18,49.613,287,334,70,154,7158.0,7188.0,30.0,0.944
645,10.18,49.613,334,382,70,154,7152.0,7182.43,30.43,0.54
645,10.18,49.613,382,434,70,154,7148.0,7181.0,33.0,0.27
645,10.18,49.613,434,479,70,154,7154.0,7186.0,32.0,0.674
645,10.18,49.613,0,43,154,228,7144.0,7179.0,35.0,0.0
645,10.18,49.613,43,91,154,228,7144.0,7185.0,41.0,0.0
645,10.18,49.613,91,140,154,228,7154.0,7191.0,37.0,0.674
645,10.18,49.613,140,188,154,228,7160.0,7194.0,34.0,1.079
645,10.18,49.613,188,239,154,228,7158.0,7188.0,30.0,0.944
645,10.18,49.613,239,289,154,228,7154.0,7188.0,34.0,0.674
645,10.18,49.613,289,338,154,228,7164.0,7201.0,37.0,1.349
645,10.18,49.613,338,387,154,228,7156.0,7189.0,33.0,0.809
645,10.18,49.613,387,436,154,228,7160.0,7193.0,33.0,1.079
645,10.18,49.613,436,486,154,228,7156.0,7188.0,32.0,0.809
645,10.18,49.613,22,70,380,494,7124.0,7149.0,25.0,-1.349
645,10.18,49.613,70,116,380,494,7131.0,7167.0,36.0,-0.877
645,10.18,49.613,116,175,380,494,7127.0,7168.0,41.0,-1.147
645,10.18,49.613,175,213,380,494,7141.0,7176.0,35.0,-0.202
645,10.18,49.613,213,260,380,494,7135.0,7171.0,36.0,-0.607
645,10.18,49.613,260,308,380,494,7136.0,7172.0,36.0,-0.54
645,10.18,49.613,308,356,380,494,7146.0,7178.0,32.0,0.135
645,10.18,49.613,356,403,380,494,7152.0,7183.0,31.0,0.54
645,10.18,49.613,403,452,380,494,7150.0,7183.0,33.0,0.405
645,10.18,49.613,452,498,380,494,7151.0,7184.0,33.0,0.472
645,10.18,49.613,17,64,494,583,7116.0,7157.0,41.0,-1.889
645,10.18,49.613,64,113,494,583,7117.0,7154.0,37.0,-1.821
645,10.18,49.613,113,161,494,583,7126.0,7158.0,32.0,-1.214
645,10.18,49.613,161,210,494,583,7129.0,7163.0,34.0,-1.012
645,10.18,49.613,210,258,494,583,7131.0,7167.0,36.0,-0.877
645,10.18,49.613,258,310,494,583,7130.0,7166.0,36.0,-0.944
645,10.18,49.613,310,357,494,583,7139.0,7170.0,31.0,-0.337
645,10.18,49.613,357,409,494,583,7139.0,7170.0,31.0,-0.337
645,10.18,49.613,409,456,494,583,7137.0,7165.0,28.0,-0.472
645,10.18,49.613,456,512,494,583,7133.0,7163.0,30.0,-0.742
650,10.18,49.613,0,45,74,157,7133.0,7161.0,28.0,-0.54
650,10.18,49.613,45,89,74,157,7141.0,7167.0,26.0,0.0
650,10.18,49.613,89,138,74,157,7143.0,7172.73,29.73,0.135
650,10.18,49.613,138,186,74,157,7148.0,7179.0,31.0,0.472
650,10.18,49.613,186,234,74,157,7138.0,7168.0,30.0,-0.202
650,10.18,49.613,234,281,74,157,7157.0,7184.0,27.0,1.079
650,10.18,49.613,281,327,74,157,7152.0,7182.0,30.0,0.742
650,10.18,49.613,327,375,74,157,7148.0,7180.0,32.0,0.472
650,10.18,49.613,375,423,74,157,7151.0,7182.0,31.0,0.674
650,10.18,49.613,423,472,74,157,7148.0,7184.0,36.0,0.472
650,10.18,49.613,472,512,74,157,7141.0,7168.0,27.0,0.0
650,10.18,49.613,0,38,157,230,7136.0,7177.0,41.0,-0.337
650,10.18,49.613,38,85,157,230,7144.0,7180.0,36.0,0.202
650,10.18,49.613,85,134,157,230,7151.0,7185.0,34.0,0.674
650,10.18,49.613,134,184,157,230,7159.0,7193.0,34.0,1.214
650,10.18,49.613,184,233,157,230,7155.0,7184.0,29.0,0.944
650,10.18,49.613,233,282,157,230,7164.0,7199.0,35.0,1.551
650,10.18,49.613,282,331,157,230,7155.0,7188.0,33.0,0.944
650,10.18,49.613,331,379,157,230,7158.0,7191.0,33.0,1.147
650,10.18,49.613,379,429,157,230,7154.0,7185.0,31.0,0.877
650,10.18,49.613,429,478,157,230,7147.0,7187.0,40.0,0.405
650,10.18,49.613,17,65,387,495,7124.0,7159.0,35.0,-1.147
650,10.18,49.613,65,111,387,495,7129.0,7163.0,34.0,-0.809
650,10.18,49.613,111,158,387,495,7134.0,7168.0,34.0,-0.472
650,10.18,49.613,158,206,387,495,7132.0,7168.0,36.0,-0.607
650,10.18,49.613,206,254,387,495,7133.0,7169.0,36.0,-0.54
650,10.18,49.613,254,303,387,495,7143.0,7175.0,32.0,0.135
650,10.18,49.613,303,350,387,495,7151.0,7180.0,29.0,0.674
650,10.18,49.613,350,396,387,495,7151.0,7181.0,30.0,0.674
650,10.18,49.613,396,444,387,495,7151.0,7184.3,33.3,0.674
650,10.18,49.613,444,491,387,495,7141.0,7181.81,40.81,0.0
650,10.18,49.613,12,59,495,583,7112.0,7147.0,35.0,-1.956
650,10.18,49.613,59,107,495,583,7119.0,7151.0,32.0,-1.484
650,10.18,49.613,107,156,495,583,7123.0,7159.0,36.0,-1.214
650,10.18,49.613,156,204,495,583,7127.0,7162.0,35.0,-0.944
650,10.18,49.613,204,255,495,583,7128.0,7162.44,34.44,-0.877
650,10.18,49.613,255,303,495,583,7139.0,7170.0,31.0,-0.135
650,10.18,49.613,303,353,495,583,7139.0,7168.09,29.09,-0.135
650,10.18,49.613,353,400,495,583,7136.0,7164.0,28.0,-0.337
650,10.18,49.613,400,449,495,583,7137.0,7163.0,26.0,-0.27
650,10.18,49.613,449,499,495,583,7127.0,7158.0,31.0,-0.944
655,10.18,49.613,0,43,78,161,7132.0,7157.0,25.0,-0.59
655,10.18,49.613,43,89,78,161,7141.0,7171.0,30.0,0.169
655,10.18,49.613,89,135,78,161,7144.0,7174.0,30.0,0.422
655,10.18,49.613,135,183,78,161,7136.0,7167.0,31.0,-0.253
655,10.18,49.613,183,230,78,161,7155.0,7183.0,28.0,1.349
655,10.18,49.613,230,277,78,161,7149.0,7179.0,30.0,0.843
655,10.18,49.613,277,323,78,161,7147.0,7177.79,30.79,0.674
655,10.18,49.613,323,372,78,161,7147.0,7178.0,31.0,0.674
655,10.18,49.613,372,418,78,161,7145.0,7179.0,34.0,0.506
655,10.18,49.613,418,469,78,161,7137.0,7169.0,32.0,-0.169
655,10.18,49.613,469,512,78,161,7137.0,7161.98,24.98,-0.169
655,10.18,49.613,33,83,161,234,7141.0,7176.0,35.0,0.169
655,10.18,49.613,83,131,161,234,7151.0,7183.0,32.0,1.012
655,10.18,49.613,131,180,161,234,7157.0,7188.31,31.31,1.518
655,10.18,49.613,180,229,161,234,7165.0,7196.0,31.0,2.192
655,10.18,49.613,229,277,161,234,7156.0,7188.0,32.0,1.433
655,10.18,49.613,277,326,161,234,7157.0,7190.0,33.0,1.518
655,10.18,49.613,326,376,161,234,7151.0,7184.0,33.0,1.012
655,10.18,49.613,376,424,161,234,7144.0,7185.0,41.0,0.422
655,10.18,49.613,424,473,161,234,7139.0,7176.0,37.0,0.0
655,10.18,49.613,473,512,161,234,7144.0,7177.0,33.0,0.422
655,10.18,49.613,14,61,391,497,7125.0,7158.0,33.0,-1.18
655,10.18,49.613,61,107,391,497,7129.0,7165.0,36.0,-0.843
655,10.18,49.613,107,155,391,497,7128.0,7163.0,35.0,-0.927
655,10.18,49.613,155,203,391,497,7131.0,7169.0,38.0,-0.674
655,10.18,49.613,203,252,391,497,7142.0,7174.0,32.0,0.253
655,10.18,49.613,252,298,391,497,7148.0,7179.0,31.0,0.759
655,10.18,49.613,298,344,391,497,7148.0,7181.0,33.0,0.759
655,10.18,49.613,344,391,391,497,7148.0,7182.0,34.0,0.759
655,10.18,49.613,391,439,391,497,7138.0,7179.0,41.0,-0.084
655,10.18,49.613,439,487,391,497,7134.0,7173.0,39.0,-0.422
655,10.18,49.613,9,55,497,585,7114.0,7145.0,31.0,-2.108
655,10.18,49.613,55,104,497,585,7118.0,7152.0,34.0,-1.771
655,10.18,49.613,104,153,497,585,7121.0,7157.0,36.0,-1.518
655,10.18,49.613,153,203,497,585,7124.0,7158.0,34.0,-1.265
655,10.18,49.613,203,250,497,585,7137.0,7166.0,29.0,-0.169
655,10.18,49.613,250,299,497,585,7139.0,7168.0,29.0,0.0
655,10.18,49.613,299,348,497,585,7133.0,7163.0,30.0,-0.506
655,10.18,49.613,348,395,497,585,7134.0,7161.0,27.0,-0.422
655,10.18,49.613,395,444,497,585,7127.0,7159.0,32.0,-1.012
655,10.18,49.613,444,493,497,585,7124.0,7164.0,40.0,-1.265
660,10.18,49.613,0,36,82,164,7135.0,7160.0,25.0,-0.225
660,10.18,49.613,36,85,82,164,7137.0,7170.0,33.0,-0.075
660,10.18,49.613,85,133,82,164,7132.0,7161.0,29.0,-0.45
660,10.18,49.613,133,179,82,164,7154.0,7183.0,29.0,1.199
660,10.18,49.613,179,226,82,164,7150.0,7176.0,26.0,0.899
660,10.18,49.613,226,272,82,164,7147.0,7175.16,28.16,0.674
660,10.18,49.613,272,319,82,164,7149.0,7179.0,30.0,0.824
660,10.18,49.613,319,365,82,164,7148.0,7180.0,32.0,0.749
660,10.18,49.613,365,413,82,164,7138.0,7166.0,28.0,0.0
660,10.18,49.613,413,461,82,164,7138.0,7165.0,27.0,0.0
660,10.18,49.613,461,508,82,164,7141.0,7165.0,24.0,0.225
660,10.18,49.613,31,78,164,236,7144.0,7176.0,32.0,0.45
660,10.18,49.613,78,129,164,236,7151.0,7182.0,31.0,0.974
660,10.18,49.613,129,177,164,236,7168.5,7201.0,32.5,2.286
660,10.18,49.613,177,225,164,236,7158.0,7188.0,30.0,1.499
660,10.18,49.613,225,273,164,236,7158.0,7191.29,33.29,1.499
660,10.18,49.613,273,321,164,236,7154.0,7184.0,30.0,1.199
660,10.18,49.613,321,370,164,236,7146.0,7188.0,42.0,0.6
660,10.18,49.613,370,420,164,236,7139.0,7176.07,37.07,0.075
660,10.18,49.613,420,466,164,236,7149.0,7178.0,29.0,0.824
660,10.18,49.613,466,512,164,236,7152.0,7184.0,32.0,1.049
660,10.18,49.613,11,58,391,498,7126.0,7158.0,32.0,-0.899
660,10.18,49.613,58,104,391,498,7124.0,7161.0,37.0,-1.049
660,10.18,49.613,104,153,391,498,7127.0,7165.0,38.0,-0.824
660,10.18,49.613,153,201,391,498,7141.0,7173.0,32.0,0.225
660,10.18,49.613,201,246,391,498,7147.5,7179.0,31.5,0.712
660,10.18,49.613,246,293,391,498,7146.0,7178.0,32.0,0.6
660,10.18,49.613,293,339,391,498,7150.0,7183.0,33.0,0.899
660,10.18,49.613,339,389,391,498,7138.0,7181.0,43.0,0.0
660,10.18,49.613,389,433,391,498,7138.0,7176.0,38.0,0.0
660,10.18,49.613,433,479,391,498,7133.0,7172.0,39.0,-0.375
660,10.18,49.613,5,53,498,586,7113.0,7145.0,32.0,-1.874
660,10.18,49.613,53,101,498,586,7117.0,7151.0,34.0,-1.574
660,10.18,49.613,101,149,498,586,7122.0,7156.0,34.0,-1.199
660,10.18,49.613,149,197,498,586,7133.0,7162.0,29.0,-0.375
660,10.18,49.613,197,245,498,586,7137.0,7166.0,29.0,-0.075
660,10.18,49.613,245,293,498,586,7134.0,7163.0,29.0,-0.3
660,10.18,49.613,293,342,498,586,7136.0,7164.0,28.0,-0.15
660,10.18,49.613,342,389,498,586,7129.0,7161.0,32.0,-0.674
660,10.18,49.613,389,438,498,586,7127.0,7166.4,39.4,-0.824
660,10.18,49.613,438,492,498,586,7129.0,7164.0,35.0,-0.674
665,10.18,49.613,0,37,86,168,7131.0,7161.0,30.0,-0.986
665,10.18,49.613,37,83,86,168,7128.0,7156.0,28.0,-1.297
665,10.18,49.613,83,131,86,168,7147.0,7175.0,28.0,0.674
665,10.18,49.613,131,177,86,168,7149.0,7178.0,29.0,0.882
665,10.18,49.613,177,223,86,168,7147.0,7174.0,27.0,0.674
665,10.18,49.613,223,269,86,168,7149.0,7178.0,29.0,0.882
665,10.18,49.613,269,315,86,168,7144.0,7177.0,33.0,0.363
665,10.18,49.613,315,364,86,168,7136.0,7168.0,32.0,-0.467
665,10.18,49.613,364,409,86,168,7137.0,7162.0,25.0,-0.363
665,10.18,49.613,409,457,86,168,7142.0,7165.37,23.37,0.156
665,10.18,49.613,457,504,86,168,7142.0,7168.0,26.0,0.156
665,10.18,49.613,31,78,168,240,7143.0,7176.0,33.0,0.259
665,10.18,49.613,78,126,168,240,7160.0,7193.0,33.0,2.023
665,10.18,49.613,126,174,168,240,7161.0,7193.0,32.0,2.127
665,10.18,49.613,174,222,168,240,7159.0,7191.0,32.0,1.92
665,10.18,49.613,222,270,168,240,7155.0,7183.0,28.0,1.505
665,10.18,49.613,270,318,168,240,7146.0,7185.0,39.0,0.571
665,10.18,49.613,318,367,168,240,7139.0,7176.0,37.0,-0.156
665,10.18,49.613,367,414,168,240,7147.0,7179.0,32.0,0.674
665,10.18,49.613,414,465,168,240,7153.0,7184.0,31.0,1.297
665,10.18,49.613,465,512,168,240,7151.0,7184.0,33.0,1.09
665,10.18,49.613,4,56,396,501,7117.0,7155.0,38.0,-2.439
665,10.18,49.613,56,104,396,501,7123.0,7162.0,39.0,-1.816
665,10.18,49.613,104,150,396,501,7138.0,7171.0,33.0,-0.259
665,10.18,49.613,150,196,396,501,7143.0,7178.0,35.0,0.259
665,10.18,49.613,196,244,396,501,7144.0,7177.0,33.0,0.363
665,10.18,49.613,244,289,396,501,7148.0,7181.0,33.0,0.778
665,10.18,49.613,289,336,396,501,7138.0,7179.0,41.0,-0.259
665,10.18,49.613,336,382,396,501,7137.0,7174.0,37.0,-0.363
665,10.18,49.613,382,429,396,501,7133.0,7175.0,42.0,-0.778
665,10.18,49.613,429,475,396,501,7144.0,7180.0,36.0,0.363
665,10.18,49.613,475,512,396,501,7142.0,7177.0,35.0,0.156
665,10.18,49.613,3,52,501,587,7111.0,7143.0,32.0,-3.061
665,10.18,49.613,52,98,501,587,7118.0,7148.0,30.0,-2.335
665,10.18,49.613,98,146,501,587,7129.0,7159.0,30.0,-1.193
665,10.18,49.613,146,195,501,587,7134.0,7162.0,28.0,-0.674
665,10.18,49.613,195,242,501,587,7133.0,7162.0,29.0,-0.778
665,10.18,49.613,242,290,501,587,7136.0,7162.0,26.0,-0.467
665,10.18,49.613,290,338,501,587,7129.0,7161.0,32.0,-1.193
665,10.18,49.613,338,387,501,587,7128.0,7166.0,38.0,-1.297
665,10.18,49.613,387,434,501,587,7134.0,7167.0,33.0,-0.674
665,10.18,49.613,434,481,501,587,7137.0,7168.0,31.0,-0.363
670,10.18,49.613,34,81,85,169,7142.0,7170.0,28.0,0.276
670,10.18,49.613,81,126,85,169,7143.0,7171.0,28.0,0.399
670,10.18,49.613,126,174,85,169,7143.0,7175.0,32.0,0.399
670,10.18,49.613,174,220,85,169,7148.0,7176.0,28.0,1.012
670,10.18,49.613,220,267,85,169,7144.0,7176.0,32.0,0.521
670,10.18,49.613,267,316,85,169,7135.0,7164.0,29.0,-0.583
670,10.18,49.613,316,363,85,169,7136.0,7161.0,25.0,-0.46
670,10.18,49.613,363,412,85,169,7141.0,7163.0,22.0,0.153
670,10.18,49.613,412,457,85,169,7144.0,7171.0,27.0,0.521
670,10.18,49.613,457,505,85,169,7142.0,7171.0,29.0,0.276
670,10.18,49.613,25,75,169,243,7151.0,7189.0,38.0,1.38
670,10.18,49.613,75,122,169,243,7152.0,7184.0,32.0,1.502
670,10.18,49.613,122,171,169,243,7161.0,7196.0,35.0,2.606
670,10.18,49.613,171,219,169,243,7155.0,7184.0,29.0,1.87
670,10.18,49.613,219,268,169,243,7146.0,7185.0,39.0,0.766
670,10.18,49.613,268,317,169,243,7139.0,7175.0,36.0,-0.092
670,10.18,49.613,317,366,169,243,7145.0,7179.0,34.0,0.644
670,10.18,49.613,366,414,169,243,7152.0,7183.0,31.0,1.502
670,10.18,49.613,414,463,169,243,7150.0,7184.0,34.0,1.257
670,10.18,49.613,463,512,169,243,7148.0,7182.0,34.0,1.012
670,10.18,49.613,4,57,397,506,7117.0,7156.0,39.0,-2.79
670,10.18,49.613,57,99,397,506,7135.0,7165.0,30.0,-0.583
670,10.18,49.613,99,146,397,506,7139.0,7173.0,34.0,-0.092
670,10.18,49.613,146,195,397,506,7141.0,7177.0,36.0,0.153
670,10.18,49.613,195,243,397,506,7144.0,7179.0,35.0,0.521
670,10.18,49.613,243,288,397,506,7138.0,7179.0,41.0,-0.215
670,10.18,49.613,288,336,397,506,7134.0,7175.0,41.0,-0.705
670,10.18,49.613,336,382,397,506,7133.0,7175.0,42.0,-0.828
670,10.18,49.613,382,432,397,506,7140.5,7181.0,40.5,0.092
670,10.18,49.613,432,480,397,506,7137.0,7178.0,41.0,-0.337
670,10.18,49.613,1,45,506,595,7112.0,7142.0,30.0,-3.403
670,10.18,49.613,45,96,506,595,7123.0,7154.0,31.0,-2.054
670,10.18,49.613,96,145,506,595,7129.0,7161.0,32.0,-1.318
670,10.18,49.613,145,192,506,595,7129.0,7159.0,30.0,-1.318
670,10.18,49.613,192,240,506,595,7133.0,7160.0,27.0,-0.828
670,10.18,49.613,240,289,506,595,7128.0,7164.0,36.0,-1.441
670,10.18,49.613,289,338,506,595,7127.0,7171.0,44.0,-1.564
670,10.18,49.613,338,387,506,595,7134.0,7169.0,35.0,-0.705
670,10.18,49.613,387,434,506,595,7138.0,7170.0,32.0,-0.215
670,10.18,49.613,434,483,506,595,7137.0,7172.0,35.0,-0.337
675,10.18,49.613,31,79,84,167,7137.0,7166.0,29.0,-0.112
675,10.18,49.613,79,127,84,167,7136.0,7166.0,30.0,-0.225
675,10.18,49.613,127,174,84,167,7146.0,7175.0,29.0,0.899
675,10.18,49.613,174,220,84,167,7144.0,7172.45,28.45,0.674
675,10.18,49.613,220,267,84,167,7136.0,7163.0,27.0,-0.225
675,10.18,49.613,267,316,84,167,7134.0,7160.24,26.24,-0.45
675,10.18,49.613,316,362,84,167,7140.5,7164.0,23.5,0.281
675,10.18,49.613,362,409,84,167,7142.0,7169.0,27.0,0.45
675,10.18,49.613,409,460,84,167,7141.0,7173.0,32.0,0.337
675,10.18,49.613,460,504,84,167,7141.0,7168.0,27.0,0.337
675,10.18,49.613,27,74,167,240,7144.0,7177.58,33.58,0.674
675,10.18,49.613,74,123,167,240,7154.0,7188.0,34.0,1.799
675,10.18,49.613,123,171,167,240,7159.0,7188.0,29.0,2.361
675,10.18,49.613,171,219,167,240,7147.0,7186.0,39.0,1.012
675,10.18,49.613,219,268,167,240,7141.0,7175.0,34.0,0.337
675,10.18,49.613,268,317,167,240,7146.0,7178.0,32.0,0.899
675,10.18,49.613,317,364,167,240,7152.0,7182.0,30.0,1.574
675,10.18,49.613,364,414,167,240,7148.0,7183.0,35.0,1.124
675,10.18,49.613,414,461,167,240,7149.0,7183.0,34.0,1.237
675,10.18,49.613,461,512,167,240,7144.0,7177.0,33.0,0.674
675,10.18,49.613,6,54,394,502,7128.0,7160.53,32.53,-1.124
675,10.18,49.613,54,101,394,502,7135.0,7170.0,35.0,-0.337
675,10.18,49.613,101,147,394,502,7141.0,7174.0,33.0,0.337
675,10.18,49.613,147,196,394,502,7143.0,7178.0,35.0,0.562
675,10.18,49.613,196,241,394,502,7138.0,7176.0,38.0,0.0
675,10.18,49.613,241,288,394,502,7134.0,7173.0,39.0,-0.45
675,10.18,49.613,288,336,394,502,7132.0,7173.0,41.0,-0.674
675,10.18,49.613,336,374,394,502,7148.0,7180.0,32.0,1.124
675,10.18,49.613,374,428,394,502,7133.0,7178.0,45.0,-0.562
675,10.18,49.613,428,475,394,502,7132.0,7168.0,36.0,-0.674
675,10.18,49.613,475,512,394,502,7138.0,7170.67,32.67,0.0
675,10.18,49.613,0,45,502,591,7119.0,7147.0,28.0,-2.136
675,10.18,49.613,45,97,502,591,7124.0,7154.0,30.0,-1.574
675,10.18,49.613,97,145,502,591,7126.0,7156.0,30.0,-1.349
675,10.18,49.613,145,193,502,591,7130.0,7157.36,27.36,-0.899
675,10.18,49.613,193,240,502,591,7127.0,7158.0,31.0,-1.237
675,10.18,49.613,240,289,502,591,7128.0,7171.0,43.0,-1.124
675,10.18,49.613,289,338,502,591,7136.0,7170.0,34.0,-0.225
675,10.18,49.613,338,386,502,591,7138.0,7172.0,34.0,0.0
675,10.18,49.613,386,433,502,591,7140.0,7176.0,36.0,0.225
675,10.18,49.613,433,481,502,591,7127.0,7161.0,34.0,-1.237
680,10.18,49.613,30,79,75,162,7132.0,7165.0,33.0,-0.809
680,10.18,49.613,79,126,75,162,7139.0,7170.0,31.0,0.135
680,10.18,49.613,126,172,75,162,7140.0,7171.83,31.83,0.27
680,10.18,49.613,172,218,75,162,7133.0,7161.0,28.0,-0.674
680,10.18,49.613,218,265,75,162,7133.0,7159.0,26.0,-0.674
680,10.18,49.613,265,313,75,162,7138.0,7161.0,23.0,0.0
680,10.18,49.613,313,359,75,162,7139.0,7169.0,30.0,0.135
680,10.18,49.613,359,409,75,162,7137.0,7170.0,33.0,-0.135
680,10.18,49.613,409,453,75,162,7141.0,7172.0,31.0,0.405
680,10.18,49.613,453,501,75,162,7138.0,7170.0,32.0,0.0
680,10.18,49.613,24,72,162,235,7146.0,7183.0,37.0,1.079
680,10.18,49.613,72,121,162,235,7149.0,7181.0,32.0,1.484
680,10.18,49.613,121,169,162,235,7150.0,7189.0,39.0,1.619
680,10.18,49.613,169,217,162,235,7142.0,7178.0,36.0,0.54
680,10.18,49.613,217,265,162,235,7146.0,7180.0,34.0,1.079
680,10.18,49.613,265,315,162,235,7150.0,7182.53,32.53,1.619
680,10.18,49.613,315,362,162,235,7148.0,7182.0,34.0,1.349
680,10.18,49.613,362,410,162,235,7146.0,7181.0,35.0,1.079
680,10.18,49.613,410,458,162,235,7146.0,7178.0,32.0,1.079
680,10.18,49.613,458,507,162,235,7144.0,7176.0,32.0,0.809
680,10.18,49.613,6,52,389,496,7133.0,7165.0,32.0,-0.674
680,10.18,49.613,52,99,389,496,7136.0,7171.0,35.0,-0.27
680,10.18,49.613,99,146,389,496,7142.0,7177.0,35.0,0.54
680,10.18,49.613,146,193,389,496,7136.0,7176.0,40.0,-0.27
680,10.18,49.613,193,240,389,496,7134.0,7173.0,39.0,-0.54
680,10.18,49.613,240,287,389,496,7132.0,7173.0,41.0,-0.809
680,10.18,49.613,287,331,389,496,7146.0,7182.0,36.0,1.079
680,10.18,49.613,331,379,389,496,7139.0,7178.6,39.6,0.135
680,10.18,49.613,379,426,389,496,7133.0,7170.0,37.0,-0.674
680,10.18,49.613,426,472,389,496,7137.0,7172.93,35.93,-0.135
680,10.18,49.613,472,512,389,496,7133.0,7170.0,37.0,-0.674
680,10.18,49.613,0,49,496,585,7120.0,7146.0,26.0,-2.428
680,10.18,49.613,49,95,496,585,7122.0,7151.0,29.0,-2.158
680,10.18,49.613,95,143,496,585,7128.0,7155.0,27.0,-1.349
680,10.18,49.613,143,191,496,585,7123.0,7157.0,34.0,-2.023
680,10.18,49.613,191,239,496,585,7126.0,7167.0,41.0,-1.619
680,10.18,49.613,239,287,496,585,7136.0,7170.0,34.0,-0.27
680,10.18,49.613,287,334,496,585,7141.0,7173.0,32.0,0.405
680,10.18,49.613,334,382,496,585,7139.0,7176.0,37.0,0.135
680,10.18,49.613,382,431,496,585,7128.0,7163.0,35.0,-1.349
680,10.18,49.613,431,478,496,585,7127.0,7163.0,36.0,-1.484
685,10.18,49.613,24,75,70,155,7129.0,7163.0,34.0,-0.944
685,10.18,49.613,75,121,70,155,7134.0,7168.0,34.0,-0.27
685,10.18,49.613,121,168,70,155,7129.0,7157.0,28.0,-0.944
685,10.18,49.613,168,215,70,155,7131.0,7156.02,25.02,-0.674
685,10.18,49.613,215,263,70,155,7136.0,7159.89,23.89,0.0
685,10.18,49.613,263,310,70,155,7139.0,7166.0,27.0,0.405
685,10.18,49.613,310,357,70,155,7139.0,7170.0,31.0,0.405
685,10.18,49.613,357,405,70,155,7136.0,7167.0,31.0,0.0
685,10.18,49.613,405,455,70,155,7138.0,7171.0,33.0,0.27
685,10.18,49.613,455,502,70,155,7133.0,7161.0,28.0,-0.405
685,10.18,49.613,19,68,155,228,7139.0,7171.0,32.0,0.405
685,10.18,49.613,68,116,155,228,7141.0,7183.0,42.0,0.674
685,10.18,49.613,116,165,155,228,7144.0,7181.2,37.2,1.079
685,10.18,49.613,165,213,155,228,7148.5,7179.87,31.37,1.686
685,10.18,49.613,213,262,155,228,7153.0,7185.0,32.0,2.293
685,10.18,49.613,262,311,155,228,7149.0,7183.0,34.0,1.754
685,10.18,49.613,311,360,155,228,7146.0,7183.0,37.0,1.349
685,10.18,49.613,360,409,155,228,7143.0,7177.0,34.0,0.944
685,10.18,49.613,409,457,155,228,7146.0,7176.0,30.0,1.349
685,10.18,49.613,457,509,155,228,7138.0,7173.0,35.0,0.27
685,10.18,49.613,0,48,381,492,7133.0,7164.0,31.0,-0.405
685,10.18,49.613,48,95,381,492,7139.0,7173.0,34.0,0.405
685,10.18,49.613,95,143,381,492,7134.0,7176.0,42.0,-0.27
685,10.18,49.613,143,190,381,492,7134.0,7175.0,41.0,-0.27
685,10.18,49.613,190,238,381,492,7131.0,7174.0,43.0,-0.674
685,10.18,49.613,238,281,381,492,7147.0,7180.38,33.38,1.484
685,10.18,49.613,281,330,381,492,7139.0,7181.0,42.0,0.405
685,10.18,49.613,330,378,381,492,7133.0,7170.0,37.0,-0.405
685,10.18,49.613,378,424,381,492,7138.0,7175.0,37.0,0.27
685,10.18,49.613,424,471,381,492,7132.0,7173.0,41.0,-0.54
685,10.18,49.613,471,508,381,492,7134.0,7169.0,35.0,-0.27
685,10.18,49.613,0,43,492,581,7117.0,7144.0,27.0,-2.563
685,10.18,49.613,43,91,492,581,7123.0,7151.0,28.0,-1.754
685,10.18,49.613,91,140,492,581,7120.0,7154.0,34.0,-2.158
685,10.18,49.613,140,187,492,581,7125.0,7167.59,42.59,-1.484
685,10.18,49.613,187,236,492,581,7134.0,7168.06,34.06,-0.27
685,10.18,49.613,236,284,492,581,7141.0,7174.0,33.0,0.674
685,10.18,49.613,284,332,492,581,7143.0,7179.0,36.0,0.944
685,10.18,49.613,332,382,492,581,7129.0,7166.0,37.0,-0.944
685,10.18,49.613,382,430,492,581,7129.0,7167.0,38.0,-0.944
685,10.18,49.613,430,478,492,581,7127.0,7170.0,43.0,-1.214
690,10.18,49.613,19,69,53,146,7126.0,7164.0,38.0,-1.274
690,10.18,49.613,69,115,53,146,7125.0,7155.0,30.0,-1.424
690,10.18,49.613,115,163,53,146,7126.0,7151.0,25.0,-1.274
690,10.18,49.613,163,211,53,146,7133.0,7155.0,22.0,-0.225
690,10.18,49.613,211,258,53,146,7136.0,7166.0,30.0,0.225
690,10.18,49.613,258,305,53,146,7137.0,7170.0,33.0,0.375
690,10.18,49.613,305,353,53,146,7138.0,7169.0,31.0,0.525
690,10.18,49.613,353,400,53,146,7138.0,7170.0,32.0,0.525
690,10.18,49.613,400,445,53,146,7136.0,7167.0,31.0,0.225
690,10.18,49.613,445,496,53,146,7122.0,7154.0,32.0,-1.874
690,10.18,49.613,13,62,146,218,7133.0,7173.0,40.0,-0.225
690,10.18,49.613,62,112,146,218,7133.0,7174.0,41.0,-0.225
690,10.18,49.613,112,160,146,218,7152.0,7186.0,34.0,2.623
690,10.18,49.613,160,209,146,218,7154.0,7185.0,31.0,2.923
690,10.18,49.613,209,257,146,218,7149.0,7185.0,36.0,2.173
690,10.18,49.613,257,306,146,218,7147.0,7183.0,36.0,1.874
690,10.18,49.613,306,355,146,218,7145.0,7179.0,34.0,1.574
690,10.18,49.613,355,404,146,218,7146.0,7179.0,33.0,1.724
690,10.18,49.613,404,454,146,218,7141.0,7176.0,35.0,0.974
690,10.18,49.613,454,503,146,218,7132.0,7164.0,32.0,-0.375
690,10.18,49.613,0,43,373,486,7139.0,7173.0,34.0,0.674
690,10.18,49.613,43,90,373,486,7131.5,7175.0,43.5,-0.45
690,10.18,49.613,90,138,373,486,7130.0,7174.0,44.0,-0.674
690,10.18,49.613,138,185,373,486,7130.5,7176.0,45.5,-0.6
690,10.18,49.613,185,232,373,486,7143.0,7184.0,41.0,1.274
690,10.18,49.613,232,281,373,486,7136.0,7182.0,46.0,0.225
690,10.18,49.613,281,326,373,486,7137.0,7175.0,38.0,0.375
690,10.18,49.613,326,373,373,486,7139.0,7180.0,41.0,0.674
690,10.18,49.613,373,420,373,486,7134.0,7181.0,47.0,-0.075
690,10.18,49.613,420,467,373,486,7136.0,7176.0,40.0,0.225
690,10.18,49.613,467,512,373,486,7126.0,7165.0,39.0,-1.274
690,10.18,49.613,0,36,486,571,7126.0,7148.0,22.0,-1.274
690,10.18,49.613,36,87,486,571,7118.0,7152.0,34.0,-2.473
690,10.18,49.613,87,135,486,571,7123.0,7163.0,40.0,-1.724
690,10.18,49.613,135,183,486,571,7134.0,7169.0,35.0,-0.075
690,10.18,49.613,183,231,486,571,7141.0,7172.0,31.0,0.974
690,10.18,49.613,231,280,486,571,7143.0,7179.08,36.08,1.274
690,10.18,49.613,280,327,486,571,7135.0,7168.0,33.0,0.075
690,10.18,49.613,327,377,486,571,7133.0,7170.0,37.0,-0.225
690,10.18,49.613,377,424,486,571,7133.0,7175.0,42.0,-0.225
690,10.18,49.613,424,473,486,571,7132.0,7167.0,35.0,-0.375
690,10.18,49.613,473,512,486,571,7118.0,7157.0,39.0,-2.473
695,10.18,49.613,18,64,54,140,7122.0,7151.0,29.0,-1.778
695,10.18,49.613,64,112,54,140,7125.0,7152.0,27.0,-1.41
695,10.18,49.613,112,160,54,140,7133.0,7156.0,23.0,-0.429
695,10.18,49.613,160,206,54,140,7136.0,7164.0,28.0,-0.061
695,10.18,49.613,206,254,54,140,7138.0,7170.71,32.71,0.184
695,10.18,49.613,254,302,54,140,7137.0,7169.0,32.0,0.061
695,10.18,49.613,302,349,54,140,7141.0,7172.66,31.66,0.552
695,10.18,49.613,349,395,54,140,7134.0,7163.0,29.0,-0.307
695,10.18,49.613,395,447,54,140,7123.0,7157.0,34.0,-1.656
695,10.18,49.613,447,496,54,140,7148.0,7229.0,81.0,1.41
695,10.18,49.613,11,60,140,212,7128.0,7169.0,41.0,-1.042
695,10.18,49.613,60,108,140,212,7146.0,7181.0,35.0,1.165
695,10.18,49.613,108,156,140,212,7159.0,7195.0,36.0,2.759
695,10.18,49.613,156,205,140,212,7154.0,7190.0,36.0,2.146
695,10.18,49.613,205,253,140,212,7151.0,7189.0,38.0,1.778
695,10.18,49.613,253,302,140,212,7146.0,7183.0,37.0,1.165
695,10.18,49.613,302,352,140,212,7146.0,7181.0,35.0,1.165
695,10.18,49.613,352,401,140,212,7140.0,7177.0,37.0,0.429
695,10.18,49.613,401,450,140,212,7133.0,7169.0,36.0,-0.429
695,10.18,49.613,450,499,140,212,7141.0,7175.0,34.0,0.552
695,10.18,49.613,0,40,365,480,7135.0,7173.0,38.0,-0.184
695,10.18,49.613,40,88,365,480,7131.0,7173.0,42.0,-0.674
695,10.18,49.613,88,134,365,480,7132.0,7177.0,45.0,-0.552
695,10.18,49.613,134,184,365,480,7142.0,7185.0,43.0,0.674
695,10.18,49.613,184,230,365,480,7142.0,7184.0,42.0,0.674
695,10.18,49.613,230,275,365,480,7138.0,7176.0,38.0,0.184
695,10.18,49.613,275,323,365,480,7139.0,7183.0,44.0,0.307
695,10.18,49.613,323,370,365,480,7136.0,7181.0,45.0,-0.061
695,10.18,49.613,370,416,365,480,7138.0,7177.0,39.0,0.184
695,10.18,49.613,416,465,365,480,7128.0,7167.0,39.0,-1.042
695,10.18,49.613,465,512,365,480,7128.0,7171.0,43.0,-1.042
695,10.18,49.613,0,35,480,564,7121.0,7148.53,27.53,-1.901
695,10.18,49.613,35,83,480,564,7123.0,7164.0,41.0,-1.656
695,10.18,49.613,83,132,480,564,7134.0,7168.0,34.0,-0.307
695,10.18,49.613,132,179,480,564,7142.0,7175.0,33.0,0.674
695,10.18,49.613,179,228,480,564,7145.0,7181.0,36.0,1.042
695,10.18,49.613,228,276,480,564,7136.0,7171.0,35.0,-0.061
695,10.18,49.613,276,325,480,564,7137.0,7175.0,38.0,0.061
695,10.18,49.613,325,372,480,564,7137.0,7177.0,40.0,0.061
695,10.18,49.613,372,422,480,564,7135.0,7169.0,34.0,-0.184
695,10.18,49.613,422,470,480,564,7124.0,7159.0,35.0,-1.533
695,10.18,49.613,470,512,480,564,7124.0,7157.19,33.19,-1.533
700,10.18,49.613,22,74,59,145,7119.0,7146.0,27.0,-1.799
700,10.18,49.613,74,121,59,145,7132.0,7152.0,20.0,-0.337
700,10.18,49.613,121,167,59,145,7134.0,7161.0,27.0,-0.112
700,10.18,49.613,167,214,59,145,7138.0,7168.0,30.0,0.337
700,10.18,49.613,214,261,59,145,7136.0,7167.03,31.03,0.112
700,10.18,49.613,261,309,59,145,7141.0,7170.0,29.0,0.674
700,10.18,49.613,309,358,59,145,7134.0,7165.0,31.0,-0.112
700,10.18,49.613,358,404,59,145,7125.0,7155.0,30.0,-1.124
700,10.18,49.613,404,455,59,145,7146.0,7231.31,85.31,1.237
700,10.18,49.613,455,500,59,145,7122.0,7144.0,22.0,-1.461
700,10.18,49.613,18,66,145,218,7138.0,7170.0,32.0,0.337
700,10.18,49.613,66,116,145,218,7153.0,7187.0,34.0,2.023
700,10.18,49.613,116,164,145,218,7155.0,7189.0,34.0,2.248
700,10.18,49.613,164,213,145,218,7151.0,7186.0,35.0,1.799
700,10.18,49.613,213,262,145,218,7147.0,7182.0,35.0,1.349
700,10.18,49.613,262,311,145,218,7146.0,7180.0,34.0,1.237
700,10.18,49.613,311,360,145,218,7140.0,7175.0,35.0,0.562
700,10.18,49.613,360,409,145,218,7132.0,7166.0,34.0,-0.337
700,10.18,49.613,409,458,145,218,7139.0,7174.0,35.0,0.45
700,10.18,49.613,458,507,145,218,7128.0,7162.29,34.29,-0.787
700,10.18,49.613,5,48,371,485,7128.0,7168.0,40.0,-0.787
700,10.18,49.613,48,95,371,485,7128.0,7173.0,45.0,-0.787
700,10.18,49.613,95,147,371,485,7139.0,7182.0,43.0,0.45
700,10.18,49.613,147,188,371,485,7146.0,7184.0,38.0,1.237
700,10.18,49.613,188,237,371,485,7134.0,7175.0,41.0,-0.112
700,10.18,49.613,237,285,371,485,7139.0,7179.0,40.0,0.45
700,10.18,49.613,285,331,371,485,7137.0,7181.0,44.0,0.225
700,10.18,49.613,331,377,371,485,7138.0,7176.0,38.0,0.337
700,10.18,49.613,377,426,371,485,7128.0,7167.0,39.0,-0.787
700,10.18,49.613,426,476,371,485,7127.0,7170.0,43.0,-0.899
700,10.18,49.613,476,512,371,485,7128.0,7167.0,39.0,-0.787
700,10.18,49.613,0,43,485,570,7118.0,7156.0,38.0,-1.911
700,10.18,49.613,43,91,485,570,7131.0,7163.0,32.0,-0.45
700,10.18,49.613,91,140,485,570,7138.0,7171.0,33.0,0.337
700,10.18,49.613,140,189,485,570,7143.0,7179.0,36.0,0.899
700,10.18,49.613,189,236,485,570,7134.0,7169.0,35.0,-0.112
700,10.18,49.613,236,285,485,570,7135.0,7172.38,37.38,0.0
700,10.18,49.613,285,333,485,570,7137.0,7176.0,39.0,0.225
700,10.18,49.613,333,381,485,570,7135.0,7168.0,33.0,0.0
700,10.18,49.613,381,431,485,570,7124.0,7159.0,35.0,-1.237
700,10.18,49.613,431,479,485,570,7124.0,7156.0,32.0,-1.237
705,10.18,49.613,11,59,59,149,7121.0,7146.0,25.0,-2.158
705,10.18,49.613,59,110,59,149,7129.0,7151.0,22.0,-1.079
705,10.18,49.613,110,156,59,149,7136.0,7163.0,27.0,-0.135
705,10.18,49.613,156,203,59,149,7138.0,7168.0,30.0,0.135
705,10.18,49.613,203,251,59,149,7137.5,7168.0,30.5,0.067
705,10.18,49.613,251,299,59,149,7141.0,7171.0,30.0,0.54
705,10.18,49.613,299,344,59,149,7137.0,7166.0,29.0,0.0
705,10.18,49.613,344,396,59,149,7122.0,7155.0,33.0,-2.023
705,10.18,49.613,396,441,59,149,7150.0,7231.0,81.0,1.754
705,10.18,49.613,441,489,59,149,7123.0,7148.0,25.0,-1.889
705,10.18,49.613,7,55,149,221,7139.0,7171.0,32.0,0.27
705,10.18,49.613,55,103,149,221,7153.0,7186.0,33.0,2.158
705,10.18,49.613,103,152,149,221,7157.0,7192.69,35.69,2.698
705,10.18,49.613,152,202,149,221,7154.0,7188.0,34.0,2.293
705,10.18,49.613,202,251,149,221,7149.0,7184.0,35.0,1.619
705,10.18,49.613,251,300,149,221,7148.0,7180.0,32.0,1.484
705,10.18,49.613,300,349,149,221,7142.0,7176.0,34.0,0.674
705,10.18,49.613,349,400,149,221,7133.0,7166.0,33.0,-0.54
705,10.18,49.613,400,447,149,221,7142.0,7173.0,31.0,0.674
705,10.18,49.613,447,496,149,221,7132.0,7164.0,32.0,-0.674
705,10.18,49.613,1,37,374,488,7128.0,7170.89,42.89,-1.214
705,10.18,49.613,37,85,374,488,7128.0,7172.0,44.0,-1.214
705,10.18,49.613,85,138,374,488,7137.0,7182.0,45.0,0.0
705,10.18,49.613,138,177,374,488,7146.0,7184.0,38.0,1.214
705,10.18,49.613,177,226,374,488,7133.0,7175.0,42.0,-0.54
705,10.18,49.613,226,274,374,488,7139.0,7178.49,39.49,0.27
705,10.18,49.613,274,320,374,488,7138.0,7182.0,44.0,0.135
705,10.18,49.613,320,367,374,488,7138.0,7178.0,40.0,0.135
705,10.18,49.613,449,512,374,488,7117.0,7166.0,49.0,-2.698
705,10.18,49.613,33,80,488,574,7132.0,7163.0,31.0,-0.674
705,10.18,49.613,80,129,488,574,7138.0,7170.0,32.0,0.135
705,10.18,49.613,129,177,488,574,7143.0,7178.0,35.0,0.809
705,10.18,49.613,177,226,488,574,7134.0,7169.0,35.0,-0.405
705,10.18,49.613,226,274,488,574,7137.0,7173.0,36.0,0.0
705,10.18,49.613,274,322,488,574,7138.0,7177.25,39.25,0.135
705,10.18,49.613,322,370,488,574,7136.0,7170.0,34.0,-0.135
705,10.18,49.613,370,420,488,574,7125.0,7163.0,38.0,-1.619
705,10.18,49.613,420,468,488,574,7126.0,7159.0,33.0,-1.484
705,10.18,49.613,468,512,488,574,7119.0,7155.0,36.0,-2.428
710,10.18,49.613,0,48,56,149,7118.0,7144.0,26.0,-1.799
710,10.18,49.613,48,99,56,149,7126.0,7149.0,23.0,-0.899
710,10.18,49.613,99,144,56,149,7133.0,7160.03,27.03,-0.112
710,10.18,49.613,144,192,56,149,7134.0,7164.0,30.0,0.0
710,10.18,49.613,192,239,56,149,7134.0,7164.0,30.0,0.0
710,10.18,49.613,239,287,56,149,7138.0,7168.0,30.0,0.45
710,10.18,49.613,287,337,56,149,7132.0,7164.0,32.0,-0.225
710,10.18,49.613,337,385,56,149,7123.0,7153.0,30.0,-1.237
710,10.18,49.613,385,429,56,149,7147.0,7230.0,83.0,1.461
710,10.18,49.613,429,477,56,149,7121.0,7145.0,24.0,-1.461
710,10.18,49.613,477,512,56,149,7116.0,7142.0,26.0,-2.023
710,10.18,49.613,0,43,149,221,7137.0,7168.0,31.0,0.337
710,10.18,49.613,43,92,149,221,7148.0,7182.0,34.0,1.574
710,10.18,49.613,92,141,149,221,7153.0,7190.0,37.0,2.136
710,10.18,49.613,141,189,149,221,7152.0,7186.0,34.0,2.023
710,10.18,49.613,189,238,149,221,7147.0,7181.0,34.0,1.461
710,10.18,49.613,238,288,149,221,7146.0,7179.0,33.0,1.349
710,10.18,49.613,288,337,149,221,7140.0,7175.0,35.0,0.674
710,10.18,49.613,337,386,149,221,7131.0,7164.0,33.0,-0.337
710,10.18,49.613,386,435,149,221,7139.0,7171.0,32.0,0.562
710,10.18,49.613,435,484,149,221,7128.0,7163.0,35.0,-0.674
710,10.18,49.613,26,73,374,486,7125.0,7169.0,44.0,-1.012
710,10.18,49.613,73,120,374,486,7141.0,7181.0,40.0,0.787
710,10.18,49.613,120,168,374,486,7138.0,7181.0,43.0,0.45
710,10.18,49.613,168,214,374,486,7134.0,7173.0,39.0,0.0
710,10.18,49.613,214,263,374,486,7137.0,7177.0,40.0,0.337
710,10.18,49.613,263,309,374,486,7136.0,7179.0,43.0,0.225
710,10.18,49.613,309,356,374,486,7137.0,7176.0,39.0,0.337
710,10.18,49.613,356,404,374,486,7127.0,7168.0,41.0,-0.787
710,10.18,49.613,404,450,374,486,7132.0,7170.0,38.0,-0.225
710,10.18,49.613,450,499,374,486,7121.0,7166.0,45.0,-1.461
710,10.18,49.613,21,68,486,574,7127.0,7158.0,31.0,-0.787
710,10.18,49.613,68,117,486,574,7134.0,7166.0,32.0,0.0
710,10.18,49.613,117,166,486,574,7139.0,7175.0,36.0,0.562
710,10.18,49.613,166,214,486,574,7131.0,7165.0,34.0,-0.337
710,10.18,49.613,214,262,486,574,7133.5,7171.0,37.5,-0.056
710,10.18,49.613,262,311,486,574,7135.0,7176.0,41.0,0.112
710,10.18,49.613,311,358,486,574,7135.0,7170.0,35.0,0.112
710,10.18,49.613,358,409,486,574,7122.0,7159.0,37.0,-1.349
710,10.18,49.613,409,457,486,574,7123.0,7156.0,33.0,-1.237
710,10.18,49.613,457,505,486,574,7117.0,7152.0,35.0,-1.911
715,10.18,49.613,23,74,61,148,7125.0,7148.0,23.0,-1.214
715,10.18,49.613,74,120,61,148,7132.0,7161.0,29.0,-0.27
715,10.18,49.613,120,167,61,148,7136.0,7166.0,30.0,0.27
715,10.18,49.613,167,215,61,148,7134.0,7166.0,32.0,0.0
715,10.18,49.613,215,263,61,148,7139.0,7170.0,31.0,0.674
715,10.18,49.613,263,310,61,148,7134.0,7164.0,30.0,0.0
715,10.18,49.613,310,357,61,148,7125.0,7155.0,30.0,-1.214
715,10.18,49.613,357,408,61,148,7143.0,7231.0,88.0,1.214
715,10.18,49.613,408,453,61,148,7123.0,7146.0,23.0,-1.484
715,10.18,49.613,453,502,61,148,7118.0,7145.0,27.0,-2.158
715,10.18,49.613,19,66,148,221,7146.0,7178.0,32.0,1.619
715,10.18,49.613,66,116,148,221,7149.0,7186.0,37.0,2.023
715,10.18,49.613,116,165,148,221,7156.0,7192.0,36.0,2.968
715,10.18,49.613,165,213,148,221,7150.0,7183.0,33.0,2.158
715,10.18,49.613,213,262,148,221,7149.0,7182.0,33.0,2.023
715,10.18,49.613,262,312,148,221,7141.0,7177.0,36.0,0.944
715,10.18,49.613,312,362,148,221,7132.0,7166.0,34.0,-0.27
715,10.18,49.613,362,411,148,221,7139.0,7173.0,34.0,0.674
715,10.18,49.613,411,459,148,221,7131.0,7165.0,34.0,-0.405
715,10.18,49.613,459,512,148,221,7132.0,7162.0,30.0,-0.27
715,10.18,49.613,2,49,377,486,7124.0,7166.97,42.97,-1.349
715,10.18,49.613,49,93,377,486,7142.0,7179.0,37.0,1.079
715,10.18,49.613,93,144,377,486,7136.0,7181.0,45.0,0.27
715,10.18,49.613,144,191,377,486,7136.0,7175.0,39.0,0.27
715,10.18,49.613,191,239,377,486,7141.0,7179.0,38.0,0.944
715,10.18,49.613,239,285,377,486,7137.0,7179.0,42.0,0.405
715,10.18,49.613,285,332,377,486,7139.0,7178.0,39.0,0.674
715,10.18,49.613,332,380,377,486,7129.0,7168.0,39.0,-0.674
715,10.18,49.613,380,427,377,486,7134.0,7173.0,39.0,0.0
715,10.18,49.613,427,474,377,486,7124.0,7169.0,45.0,-1.349
715,10.18,49.613,474,512,377,486,7128.0,7159.0,31.0,-0.809
715,10.18,49.613,0,43,486,574,7126.0,7156.0,30.0,-1.079
715,10.18,49.613,43,93,486,574,7133.0,7166.0,33.0,-0.135
715,10.18,49.613,93,140,486,574,7139.0,7176.0,37.0,0.674
715,10.18,49.613,140,190,486,574,7131.0,7166.0,35.0,-0.405
715,10.18,49.613,190,238,486,574,7134.0,7171.0,37.0,0.0
715,10.18,49.613,238,287,486,574,7136.0,7178.0,42.0,0.27
715,10.18,49.613,287,335,486,574,7136.0,7170.0,34.0,0.27
715,10.18,49.613,335,384,486,574,7123.0,7161.0,38.0,-1.484
715,10.18,49.613,384,433,486,574,7126.0,7159.0,33.0,-1.079
715,10.18,49.613,433,482,486,574,7118.0,7154.0,36.0,-2.158
720,10.18,49.613,0,42,55,147,7121.0,7143.0,22.0,-1.349
720,10.18,49.613,42,90,55,147,7128.0,7158.0,30.0,-0.562
720,10.18,49.613,90,137,55,147,7134.0,7165.0,31.0,0.112
720,10.18,49.613,137,182,55,147,7136.0,7164.1,28.1,0.337
720,10.18,49.613,182,229,55,147,7139.0,7170.0,31.0,0.674
720,10.18,49.613,229,277,55,147,7133.0,7164.92,31.92,0.0
720,10.18,49.613,277,326,55,147,7124.0,7156.0,32.0,-1.012
720,10.18,49.613,326,375,55,147,7148.0,7232.0,84.0,1.686
720,10.18,49.613,375,423,55,147,7121.0,7145.0,24.0,-1.349
720,10.18,49.613,423,469,55,147,7122.0,7147.0,25.0,-1.237
720,10.18,49.613,469,507,55,147,7117.0,7143.0,26.0,-1.799
720,10.18,49.613,34,83,147,220,7143.0,7180.3,37.3,1.124
720,10.18,49.613,83,130,147,220,7152.0,7188.0,36.0,2.136
720,10.18,49.613,130,179,147,220,7152.0,7187.0,35.0,2.136
720,10.18,49.613,179,227,147,220,7151.0,7182.0,31.0,2.023
720,10.18,49.613,227,277,147,220,7143.0,7179.0,36.0,1.124
720,10.18,49.613,277,327,147,220,7135.0,7167.0,32.0,0.225
720,10.18,49.613,327,376,147,220,7141.0,7173.0,32.0,0.899
720,10.18,49.613,376,424,147,220,7130.0,7164.0,34.0,-0.337
720,10.18,49.613,424,474,147,220,7134.0,7162.0,28.0,0.112
720,10.18,49.613,474,512,147,220,7129.0,7160.0,31.0,-0.45
720,10.18,49.613,19,60,374,488,7139.0,7177.0,38.0,0.674
720,10.18,49.613,60,109,374,488,7133.0,7179.0,46.0,0.0
720,10.18,49.613,109,154,374,488,7133.0,7172.0,39.0,0.0
720,10.18,49.613,154,201,374,488,7139.0,7180.0,41.0,0.674
720,10.18,49.613,201,248,374,488,7134.0,7179.0,45.0,0.112
720,10.18,49.613,248,295,374,488,7139.0,7177.0,38.0,0.674
720,10.18,49.613,295,344,374,488,7128.0,7169.0,41.0,-0.562
720,10.18,49.613,344,391,374,488,7132.0,7173.0,41.0,-0.112
720,10.18,49.613,391,438,374,488,7126.0,7171.0,45.0,-0.787
720,10.18,49.613,438,488,374,488,7123.0,7161.0,38.0,-1.124
720,10.18,49.613,2,56,488,572,7127.0,7163.0,36.0,-0.674
720,10.18,49.613,56,105,488,572,7137.0,7170.0,33.0,0.45
720,10.18,49.613,105,152,488,572,7131.0,7165.0,34.0,-0.225
720,10.18,49.613,152,200,488,572,7134.0,7170.0,36.0,0.112
720,10.18,49.613,200,248,488,572,7136.0,7177.25,41.25,0.337
720,10.18,49.613,248,296,488,572,7137.0,7172.0,35.0,0.45
720,10.18,49.613,296,346,488,572,7127.0,7165.0,38.0,-0.674
720,10.18,49.613,346,396,488,572,7126.0,7159.0,33.0,-0.787
720,10.18,49.613,396,443,488,572,7121.0,7156.03,35.03,-1.349
720,10.18,49.613,443,492,488,572,7123.0,7159.0,36.0,-1.124
725,10.18,49.613,0,39,57,149,7124.0,7151.0,27.0,-1.079
725,10.18,49.613,39,87,57,149,7130.0,7160.0,30.0,-0.27
725,10.18,49.613,87,137,57,149,7130.0,7163.0,33.0,-0.27
725,10.18,49.613,137,180,57,149,7142.0,7169.0,27.0,1.349
725,10.18,49.613,180,230,57,149,7132.0,7162.0,30.0,0.0
725,10.18,49.613,230,279,57,149,7123.0,7154.0,31.0,-1.214
725,10.18,49.613,279,326,57,149,7149.0,7233.67,84.67,2.293
725,10.18,49.613,326,373,57,149,7123.0,7148.0,25.0,-1.214
725,10.18,49.613,373,419,57,149,7121.0,7146.0,25.0,-1.484
725,10.18,49.613,419,468,57,149,7118.0,7147.0,29.0,-1.889
725,10.18,49.613,468,512,57,149,7114.0,7136.0,22.0,-2.428
725,10.18,49.613,34,82,149,221,7144.0,7181.0,37.0,1.619
725,10.18,49.613,82,131,149,221,7150.0,7186.0,36.0,2.428
725,10.18,49.613,131,178,149,221,7155.0,7188.0,33.0,3.103
725,10.18,49.613,178,228,149,221,7144.0,7178.0,34.0,1.619
725,10.18,49.613,228,277,149,221,7137.0,7167.0,30.0,0.674
725,10.18,49.613,277,326,149,221,7143.0,7176.0,33.0,1.484
725,10.18,49.613,326,375,149,221,7132.0,7165.0,33.0,0.0
725,10.18,49.613,375,424,149,221,7136.0,7162.0,26.0,0.54
725,10.18,49.613,424,472,149,221,7133.0,7161.0,28.0,0.135
725,10.18,49.613,472,512,149,221,7135.0,7166.0,31.0,0.405
725,10.18,49.613,14,66,375,489,7126.0,7173.0,47.0,-0.809
725,10.18,49.613,66,107,375,489,7133.0,7170.0,37.0,0.135
725,10.18,49.613,107,154,375,489,7136.0,7177.0,41.0,0.54
725,10.18,49.613,154,200,375,489,7135.0,7181.0,46.0,0.405
725,10.18,49.613,200,250,375,489,7136.0,7176.0,40.0,0.54
725,10.18,49.613,250,295,375,489,7132.0,7168.0,36.0,0.0
725,10.18,49.613,295,343,375,489,7131.0,7173.0,42.0,-0.135
725,10.18,49.613,343,390,375,489,7126.0,7170.0,44.0,-0.809
725,10.18,49.613,390,440,375,489,7123.0,7162.0,39.0,-1.214
725,10.18,49.613,440,483,375,489,7125.0,7163.0,38.0,-0.944
725,10.18,49.613,3,56,489,572,7131.0,7166.0,35.0,-0.135
725,10.18,49.613,56,104,489,572,7127.0,7161.8,34.8,-0.674
725,10.18,49.613,104,152,489,572,7132.0,7169.76,37.76,0.0
725,10.18,49.613,152,199,489,572,7136.0,7176.0,40.0,0.54
725,10.18,49.613,199,247,489,572,7137.0,7172.0,35.0,0.674
725,10.18,49.613,247,297,489,572,7127.0,7165.0,38.0,-0.674
725,10.18,49.613,297,346,489,572,7129.0,7162.0,33.0,-0.405
725,10.18,49.613,346,394,489,572,7123.0,7159.0,36.0,-1.214
725,10.18,49.613,394,441,489,572,7127.0,7164.0,37.0,-0.674
725,10.18,49.613,441,491,489,572,7123.0,7156.0,33.0,-1.214
730,10.18,49.613,29,77,63,152,7123.0,7154.0,31.0,-0.674
730,10.18,49.613,77,119,63,152,7134.0,7162.0,28.0,0.739
730,10.18,49.613,119,169,63,152,7130.5,7159.0,28.5,0.289
730,10.18,49.613,169,216,63,152,7124.0,7154.0,30.0,-0.546
730,10.18,49.613,216,263,63,152,7148.0,7232.0,84.0,2.537
730,10.18,49.613,263,310,63,152,7121.0,7144.0,23.0,-0.931
730,10.18,49.613,310,355,63,152,7122.0,7146.0,24.0,-0.803
730,10.18,49.613,355,405,63,152,7115.0,7144.0,29.0,-1.702
730,10.18,49.613,405,452,63,152,7115.0,7137.0,22.0,-1.702
730,10.18,49.613,452,499,63,152,7112.0,7142.0,30.0,-2.088
730,10.18,49.613,20,68,152,224,7138.0,7172.0,34.0,1.253
730,10.18,49.613,68,116,152,224,7146.0,7178.0,32.0,2.28
730,10.18,49.613,116,165,152,224,7148.0,7182.0,34.0,2.537
730,10.18,49.613,165,214,152,224,7138.0,7169.0,31.0,1.253
730,10.18,49.613,214,262,152,224,7144.0,7175.0,31.0,2.023
730,10.18,49.613,262,310,152,224,7133.0,7166.0,33.0,0.61
730,10.18,49.613,310,359,152,224,7136.0,7163.0,27.0,0.996
730,10.18,49.613,359,408,152,224,7132.0,7160.0,28.0,0.482
730,10.18,49.613,408,456,152,224,7136.0,7166.0,30.0,0.996
730,10.18,49.613,456,506,152,224,7134.0,7163.0,29.0,0.739
730,10.18,49.613,1,48,373,487,7125.0,7162.46,37.46,-0.418
730,10.18,49.613,48,94,373,487,7132.0,7172.0,40.0,0.482
730,10.18,49.613,94,140,373,487,7132.0,7175.83,43.83,0.482
730,10.18,49.613,140,186,373,487,7137.0,7175.0,38.0,1.124
730,10.18,49.613,186,237,373,487,7127.0,7168.0,41.0,-0.161
730,10.18,49.613,237,282,373,487,7133.0,7172.0,39.0,0.61
730,10.18,49.613,282,329,373,487,7127.0,7170.0,43.0,-0.161
730,10.18,49.613,329,374,373,487,7128.5,7161.0,32.5,0.032
730,10.18,49.613,374,420,373,487,7126.0,7164.0,38.0,-0.289
730,10.18,49.613,420,472,373,487,7121.0,7162.0,41.0,-0.931
730,10.18,49.613,472,510,373,487,7129.0,7166.0,37.0,0.096
730,10.18,49.613,0,43,487,574,7118.0,7151.31,33.31,-1.317
730,10.18,49.613,43,90,487,574,7125.0,7162.0,37.0,-0.418
730,10.18,49.613,90,138,487,574,7129.0,7170.0,41.0,0.096
730,10.18,49.613,138,185,487,574,7132.0,7166.0,34.0,0.482
730,10.18,49.613,185,235,487,574,7123.0,7162.78,39.78,-0.674
730,10.18,49.613,235,282,487,574,7128.0,7161.0,33.0,-0.032
730,10.18,49.613,282,330,487,574,7122.0,7159.0,37.0,-0.803
730,10.18,49.613,330,379,487,574,7126.0,7164.0,38.0,-0.289
730,10.18,49.613,379,427,487,574,7125.0,7160.0,35.0,-0.418
730,10.18,49.613,427,474,487,574,7123.0,7158.0,35.0,-0.674
730,10.18,49.613,474,512,487,574,7118.0,7159.0,41.0,-1.317
735,10.18,49.613,9,52,68,157,7124.0,7152.0,28.0,0.169
735,10.18,49.613,52,100,68,157,7121.0,7151.7,30.7,-0.337
735,10.18,49.613,100,147,68,157,7118.0,7148.0,30.0,-0.843
735,10.18,49.613,147,195,68,157,7146.0,7232.0,86.0,3.878
735,10.18,49.613,195,241,68,157,7121.0,7144.0,23.0,-0.337
735,10.18,49.613,241,288,68,157,7118.0,7144.0,26.0,-0.843
735,10.18,49.613,288,336,68,157,7114.0,7142.0,28.0,-1.518
735,10.18,49.613,336,383,68,157,7111.0,7134.0,23.0,-2.023
735,10.18,49.613,383,429,68,157,7110.0,7141.0,31.0,-2.192
735,10.18,49.613,429,476,68,157,7121.0,7148.0,27.0,-0.337
735,10.18,49.613,476,512,68,157,7130.0,7157.45,27.45,1.18
735,10.18,49.613,0,47,157,229,7133.0,7167.0,34.0,1.686
735,10.18,49.613,47,97,157,229,7136.0,7172.0,36.0,2.192
735,10.18,49.613,97,145,157,229,7137.0,7168.0,31.0,2.361
735,10.18,49.613,145,192,157,229,7147.0,7177.0,30.0,4.047
735,10.18,49.613,192,240,157,229,7132.0,7164.0,32.0,1.518
735,10.18,49.613,240,288,157,229,7136.0,7161.0,25.0,2.192
735,10.18,49.613,288,336,157,229,7132.0,7160.0,28.0,1.518
735,10.18,49.613,336,385,157,229,7133.0,7165.0,32.0,1.686
735,10.18,49.613,385,433,157,229,7132.0,7162.0,30.0,1.518
735,10.18,49.613,433,482,157,229,7126.0,7156.0,30.0,0.506
735,10.18,49.613,28,74,376,490,7125.0,7167.0,42.0,0.337
735,10.18,49.613,74,120,376,490,7131.0,7169.0,38.0,1.349
735,10.18,49.613,120,168,376,490,7126.0,7163.0,37.0,0.506
735,10.18,49.613,168,219,376,490,7121.0,7169.0,48.0,-0.337
735,10.18,49.613,219,261,376,490,7124.0,7169.0,45.0,0.169
735,10.18,49.613,261,305,376,490,7125.0,7160.0,35.0,0.337
735,10.18,49.613,305,351,376,490,7121.0,7161.0,40.0,-0.337
735,10.18,49.613,351,400,376,490,7121.0,7160.49,39.49,-0.337
735,10.18,49.613,400,445,376,490,7123.0,7166.0,43.0,0.0
735,10.18,49.613,445,491,376,490,7117.0,7161.0,44.0,-1.012
735,10.18,49.613,23,69,490,576,7122.0,7161.0,39.0,-0.169
735,10.18,49.613,69,117,490,576,7124.0,7160.0,36.0,0.169
735,10.18,49.613,117,165,490,576,7117.0,7154.0,37.0,-1.012
735,10.18,49.613,165,213,490,576,7122.0,7156.0,34.0,-0.169
735,10.18,49.613,213,260,490,576,7119.0,7158.0,39.0,-0.674
735,10.18,49.613,260,308,490,576,7126.0,7164.0,38.0,0.506
735,10.18,49.613,308,356,490,576,7123.0,7159.68,36.68,0.0
735,10.18,49.613,356,404,490,576,7122.0,7157.0,35.0,-0.169
735,10.18,49.613,404,451,490,576,7119.0,7158.38,39.38,-0.674
735,10.18,49.613,451,499,490,576,7114.0,7147.0,33.0,-1.518
740,10.18,49.613,0,35,72,161,7112.0,7139.0,27.0,-1.41
740,10.18,49.613,35,79,72,161,7113.0,7143.0,30.0,-1.288
740,10.18,49.613,79,128,72,161,7139.0,7226.0,87.0,1.901
740,10.18,49.613,128,172,72,161,7123.0,7147.0,24.0,-0.061
740,10.18,49.613,172,218,72,161,7124.0,7150.0,26.0,0.061
740,10.18,49.613,218,264,72,161,7118.0,7144.0,26.0,-0.674
740,10.18,49.613,264,311,72,161,7112.0,7136.0,24.0,-1.41
740,10.18,49.613,311,357,72,161,7111.0,7143.0,32.0,-1.533
740,10.18,49.613,357,405,72,161,7121.0,7151.0,30.0,-0.307
740,10.18,49.613,405,450,72,161,7133.0,7161.83,28.83,1.165
740,10.18,49.613,450,498,72,161,7129.0,7161.0,32.0,0.674
740,10.18,49.613,26,74,161,233,7126.0,7158.0,32.0,0.307
740,10.18,49.613,74,120,161,233,7141.0,7172.0,31.0,2.146
740,10.18,49.613,120,168,161,233,7138.0,7170.0,32.0,1.778
740,10.18,49.613,168,216,161,233,7139.0,7165.0,26.0,1.901
740,10.18,49.613,216,263,161,233,7136.0,7163.0,27.0,1.533
740,10.18,49.613,263,311,161,233,7138.0,7166.0,28.0,1.778
740,10.18,49.613,311,360,161,233,7133.0,7165.0,32.0,1.165
740,10.18,49.613,360,408,161,233,7128.0,7158.0,30.0,0.552
740,10.18,49.613,408,456,161,233,7136.0,7166.0,30.0,1.533
740,10.18,49.613,456,507,161,233,7138.0,7169.49,31.49,1.778
740,10.18,49.613,4,48,378,495,7122.0,7163.0,41.0,-0.184
740,10.18,49.613,48,111,378,495,7111.0,7159.0,48.0,-1.533
740,10.18,49.613,111,154,378,495,7118.0,7166.0,48.0,-0.674
740,10.18,49.613,154,191,378,495,7125.0,7170.0,45.0,0.184
740,10.18,49.613,191,237,378,495,7124.0,7161.0,37.0,0.061
740,10.18,49.613,237,284,378,495,7119.0,7163.0,44.0,-0.552
740,10.18,49.613,284,327,378,495,7126.0,7163.2,37.2,0.307
740,10.18,49.613,327,376,378,495,7119.0,7166.0,47.0,-0.552
740,10.18,49.613,376,445,378,495,7116.0,7164.0,48.0,-0.92
740,10.18,49.613,445,495,378,495,7114.0,7161.0,47.0,-1.165
740,10.18,49.613,0,49,495,577,7118.5,7153.0,34.5,-0.613
740,10.18,49.613,49,94,495,577,7117.0,7151.0,34.0,-0.797
740,10.18,49.613,94,144,495,577,7119.0,7153.0,34.0,-0.552
740,10.18,49.613,144,189,495,577,7121.0,7156.0,35.0,-0.307
740,10.18,49.613,189,236,495,577,7127.0,7165.0,38.0,0.429
740,10.18,49.613,236,284,495,577,7127.0,7164.0,37.0,0.429
740,10.18,49.613,284,331,495,577,7126.0,7162.0,36.0,0.307
740,10.18,49.613,331,379,495,577,7121.0,7160.0,39.0,-0.307
740,10.18,49.613,379,427,495,577,7118.0,7153.0,35.0,-0.674
740,10.18,49.613,427,473,495,577,7129.0,7160.0,31.0,0.674
740,10.18,49.613,473,512,495,577,7122.0,7157.0,35.0,-0.184
745,10.18,49.613,5,55,81,166,7127.0,7211.0,84.0,0.506
745,10.18,49.613,55,101,81,166,7109.0,7132.0,23.0,-1.012
745,10.18,49.613,101,145,81,166,7116.0,7140.0,24.0,-0.422
745,10.18,49.613,145,188,81,166,7121.0,7144.0,23.0,0.0
745,10.18,49.613,188,236,81,166,7112.0,7135.0,23.0,-0.759
745,10.18,49.613,236,282,81,166,7110.0,7139.0,29.0,-0.927
745,10.18,49.613,282,328,81,166,7120.0,7145.0,25.0,-0.084
745,10.18,49.613,328,376,81,166,7129.0,7159.0,30.0,0.674
745,10.18,49.613,376,420,81,166,7130.0,7158.0,28.0,0.759
745,10.18,49.613,420,469,81,166,7124.0,7157.0,33.0,0.253
745,10.18,49.613,469,512,81,166,7130.0,7156.0,26.0,0.759
745,10.18,49.613,0,47,166,237,7127.0,7159.0,32.0,0.506
745,10.18,49.613,47,93,166,237,7124.0,7159.0,35.0,0.253
745,10.18,49.613,93,140,166,237,7136.0,7163.0,27.0,1.265
745,10.18,49.613,140,187,166,237,7139.0,7165.0,26.0,1.518
745,10.18,49.613,187,234,166,237,7137.0,7165.0,28.0,1.349
745,10.18,49.613,234,282,166,237,7133.0,7162.71,29.71,1.012
745,10.18,49.613,282,330,166,237,7128.0,7155.0,27.0,0.59
745,10.18,49.613,330,379,166,237,7133.0,7165.0,32.0,1.012
745,10.18,49.613,379,426,166,237,7138.0,7166.0,28.0,1.433
745,10.18,49.613,426,474,166,237,7132.0,7165.0,33.0,0.927
745,10.18,49.613,474,512,166,237,7133.0,7165.21,32.21,1.012
745,10.18,49.613,7,43,381,497,7105.0,7148.0,43.0,-1.349
745,10.18,49.613,43,87,381,497,7111.0,7157.0,46.0,-0.843
745,10.18,49.613,171,208,381,497,7121.0,7160.0,39.0,0.0
745,10.18,49.613,208,255,381,497,7117.0,7160.0,43.0,-0.337
745,10.18,49.613,255,302,381,497,7119.0,7164.57,45.57,-0.169
745,10.18,49.613,302,338,381,497,7116.0,7161.0,45.0,-0.422
745,10.18,49.613,338,387,381,497,7112.0,7163.0,51.0,-0.759
745,10.18,49.613,387,440,381,497,7108.0,7158.0,50.0,-1.096
745,10.18,49.613,440,488,381,497,7115.0,7160.0,45.0,-0.506
745,10.18,49.613,20,69,497,579,7112.0,7144.0,32.0,-0.759
745,10.18,49.613,69,116,497,579,7111.0,7146.0,35.0,-0.843
745,10.18,49.613,116,160,497,579,7122.0,7157.0,35.0,0.084
745,10.18,49.613,160,208,497,579,7121.0,7157.22,36.22,0.0
745,10.18,49.613,208,255,497,579,7123.0,7158.0,35.0,0.169
745,10.18,49.613,255,302,497,579,7121.0,7159.0,38.0,0.0
745,10.18,49.613,302,350,497,579,7117.0,7152.0,35.0,-0.337
745,10.18,49.613,350,397,497,579,7129.0,7160.95,31.95,0.674
745,10.18,49.613,397,444,497,579,7123.0,7158.0,35.0,0.169
745,10.18,49.613,444,491,497,579,7117.0,7151.0,34.0,-0.337
750,10.18,49.613,17,65,84,167,7104.0,7132.0,28.0,-1.619
750,10.18,49.613,65,113,84,167,7109.0,7134.0,25.0,-1.169
750,10.18,49.613,113,157,84,167,7112.0,7132.0,20.0,-0.899
750,10.18,49.613,157,202,84,167,7116.0,7143.0,27.0,-0.54
750,10.18,49.613,202,249,84,167,7126.0,7152.0,26.0,0.36
750,10.18,49.613,249,295,84,167,7133.0,7160.46,27.46,0.989
750,10.18,49.613,295,341,84,167,7132.0,7162.0,30.0,0.899
750,10.18,49.613,341,389,84,167,7126.0,7158.0,32.0,0.36
750,10.18,49.613,389,434,84,167,7132.0,7164.0,32.0,0.899
750,10.18,49.613,434,483,84,167,7123.0,7156.0,33.0,0.09
750,10.18,49.613,11,59,167,239,7124.0,7150.46,26.46,0.18
750,10.18,49.613,59,106,167,239,7130.0,7158.0,28.0,0.719
750,10.18,49.613,106,152,167,239,7141.0,7170.61,29.61,1.709
750,10.18,49.613,152,200,167,239,7140.0,7169.33,29.33,1.619
750,10.18,49.613,200,248,167,239,7131.0,7159.0,28.0,0.809
750,10.18,49.613,248,296,167,239,7138.0,7166.0,28.0,1.439
750,10.18,49.613,296,345,167,239,7139.0,7169.0,30.0,1.529
750,10.18,49.613,345,392,167,239,7134.0,7168.0,34.0,1.079
750,10.18,49.613,392,439,167,239,7136.0,7167.0,31.0,1.259
750,10.18,49.613,439,488,167,239,7137.0,7162.0,25.0,1.349
750,10.18,49.613,0,41,382,496,7114.0,7153.0,39.0,-0.719
750,10.18,49.613,41,82,382,496,7115.0,7151.0,36.0,-0.63
750,10.18,49.613,82,132,382,496,7113.0,7156.0,43.0,-0.809
750,10.18,49.613,132,176,382,496,7122.0,7159.0,37.0,0.0
750,10.18,49.613,176,222,382,496,7122.0,7165.0,43.0,0.0
750,10.18,49.613,222,264,382,496,7117.0,7164.0,47.0,-0.45
750,10.18,49.613,264,315,382,496,7116.0,7165.0,49.0,-0.54
750,10.18,49.613,315,359,382,496,7122.0,7161.0,39.0,0.0
750,10.18,49.613,359,405,382,496,7121.0,7164.0,43.0,-0.09
750,10.18,49.613,405,455,382,496,7114.0,7162.0,48.0,-0.719
750,10.18,49.613,455,497,382,496,7122.0,7158.0,36.0,0.0
750,10.18,49.613,0,35,496,582,7105.0,7136.98,31.98,-1.529
750,10.18,49.613,35,82,496,582,7115.0,7151.0,36.0,-0.63
750,10.18,49.613,82,128,496,582,7118.0,7153.0,35.0,-0.36
750,10.18,49.613,128,173,496,582,7121.0,7156.0,35.0,-0.09
750,10.18,49.613,173,221,496,582,7119.0,7161.0,42.0,-0.27
750,10.18,49.613,221,267,496,582,7120.0,7153.0,33.0,-0.18
750,10.18,49.613,267,315,496,582,7133.0,7164.0,31.0,0.989
750,10.18,49.613,315,362,496,582,7124.0,7162.0,38.0,0.18
750,10.18,49.613,362,408,496,582,7121.0,7158.0,37.0,-0.09
750,10.18,49.613,408,456,496,582,7117.0,7155.0,38.0,-0.45
750,10.18,49.613,456,508,496,582,7114.0,7149.0,35.0,-0.719
755,10.18,49.613,26,73,86,168,7099.0,7121.38,22.38,-1.934
755,10.18,49.613,73,119,86,168,7102.0,7130.16,28.16,-1.664
755,10.18,49.613,119,166,86,168,7122.0,7148.0,26.0,0.135
755,10.18,49.613,166,212,86,168,7137.0,7165.0,28.0,1.484
755,10.18,49.613,212,258,86,168,7134.0,7164.44,30.44,1.214
755,10.18,49.613,258,303,86,168,7128.0,7158.23,30.23,0.674
755,10.18,49.613,303,352,86,168,7132.0,7164.0,32.0,1.034
755,10.18,49.613,352,397,86,168,7126.0,7154.0,28.0,0.495
755,10.18,49.613,397,443,86,168,7119.0,7146.13,27.13,-0.135
755,10.18,49.613,443,492,86,168,7113.0,7145.0,32.0,-0.674
755,10.18,49.613,20,68,168,240,7126.0,7157.0,31.0,0.495
755,10.18,49.613,68,115,168,240,7131.0,7163.0,32.0,0.944
755,10.18,49.613,115,161,168,240,7135.0,7162.0,27.0,1.304
755,10.18,49.613,161,209,168,240,7141.0,7171.0,30.0,1.844
755,10.18,49.613,209,257,168,240,7140.0,7169.0,29.0,1.754
755,10.18,49.613,257,305,168,240,7135.0,7165.0,30.0,1.304
755,10.18,49.613,305,353,168,240,7135.0,7167.0,32.0,1.304
755,10.18,49.613,353,402,168,240,7137.0,7162.0,25.0,1.484
755,10.18,49.613,402,450,168,240,7126.0,7158.0,32.0,0.495
755,10.18,49.613,450,499,168,240,7121.0,7154.0,33.0,0.045
755,10.18,49.613,4,57,384,497,7103.0,7146.0,43.0,-1.574
755,10.18,49.613,57,94,384,497,7120.0,7152.0,32.0,-0.045
755,10.18,49.613,94,139,384,497,7117.0,7160.0,43.0,-0.315
755,10.18,49.613,139,186,384,497,7111.0,7162.0,51.0,-0.854
755,10.18,49.613,186,233,384,497,7120.0,7164.0,44.0,-0.045
755,10.18,49.613,233,277,384,497,7120.0,7159.0,39.0,-0.045
755,10.18,49.613,277,322,384,497,7121.0,7163.0,42.0,0.045
755,10.18,49.613,322,369,384,497,7118.0,7163.0,45.0,-0.225
755,10.18,49.613,369,412,384,497,7122.0,7159.0,37.0,0.135
755,10.18,49.613,412,460,384,497,7113.0,7147.0,34.0,-0.674
755,10.18,49.613,460,508,384,497,7111.0,7140.79,29.79,-0.854
755,10.18,49.613,0,43,497,583,7108.0,7139.75,31.75,-1.124
755,10.18,49.613,43,91,497,583,7112.0,7147.0,35.0,-0.764
755,10.18,49.613,91,137,497,583,7114.0,7154.0,40.0,-0.585
755,10.18,49.613,137,182,497,583,7116.0,7149.0,33.0,-0.405
755,10.18,49.613,182,230,497,583,7130.0,7161.0,31.0,0.854
755,10.18,49.613,230,276,497,583,7125.0,7161.0,36.0,0.405
755,10.18,49.613,276,324,497,583,7122.0,7158.0,36.0,0.135
755,10.18,49.613,324,372,497,583,7118.0,7157.0,39.0,-0.225
755,10.18,49.613,372,418,497,583,7119.0,7154.0,35.0,-0.135
755,10.18,49.613,418,466,497,583,7103.0,7137.0,34.0,-1.574
755,10.18,49.613,466,512,497,583,7105.0,7135.0,30.0,-1.394
760,10.18,49.613,33,78,85,173,7112.0,7139.0,27.0,-0.915
760,10.18,49.613,78,127,85,173,7126.0,7153.0,27.0,0.434
760,10.18,49.613,127,172,85,173,7135.0,7163.0,28.0,1.301
760,10.18,49.613,172,217,85,173,7134.0,7166.0,32.0,1.204
760,10.18,49.613,217,264,85,173,7137.0,7167.36,30.36,1.494
760,10.18,49.613,264,309,85,173,7128.0,7157.2,29.2,0.626
760,10.18,49.613,309,358,85,173,7119.0,7149.0,30.0,-0.241
760,10.18,49.613,358,405,85,173,7114.0,7144.0,30.0,-0.723
760,10.18,49.613,405,450,85,173,7120.0,7153.0,33.0,-0.145
760,10.18,49.613,450,497,85,173,7116.0,7151.0,35.0,-0.53
760,10.18,49.613,26,73,173,244,7123.0,7152.0,29.0,0.145
760,10.18,49.613,73,121,173,244,7137.0,7167.0,30.0,1.494
760,10.18,49.613,121,167,173,244,7147.0,7175.0,28.0,2.457
760,10.18,49.613,167,215,173,244,7139.0,7171.0,32.0,1.686
760,10.18,49.613,215,262,173,244,7138.0,7170.0,32.0,1.59
760,10.18,49.613,262,310,173,244,7139.0,7163.0,24.0,1.686
760,10.18,49.613,310,358,173,244,7127.0,7158.0,31.0,0.53
760,10.18,49.613,358,408,173,244,7123.0,7158.58,35.58,0.145
760,10.18,49.613,408,457,173,244,7132.0,7163.0,31.0,1.012
760,10.18,49.613,457,503,173,244,7130.0,7161.0,31.0,0.819
760,10.18,49.613,15,64,383,503,7104.0,7154.0,50.0,-1.686
760,10.18,49.613,64,107,383,503,7105.0,7157.0,52.0,-1.59
760,10.18,49.613,107,143,383,503,7123.0,7161.0,38.0,0.145
760,10.18,49.613,143,189,383,503,7109.0,7159.0,50.0,-1.204
760,10.18,49.613,189,236,383,503,7114.0,7163.0,49.0,-0.723
760,10.18,49.613,236,281,383,503,7118.0,7163.0,45.0,-0.337
760,10.18,49.613,281,329,383,503,7116.0,7161.0,45.0,-0.53
760,10.18,49.613,329,372,383,503,7116.0,7149.0,33.0,-0.53
760,10.18,49.613,372,421,383,503,7110.0,7144.0,34.0,-1.108
760,10.18,49.613,421,465,383,503,7119.0,7152.7,33.7,-0.241
760,10.18,49.613,465,501,383,503,7121.0,7153.42,32.42,-0.048
760,10.18,49.613,2,52,503,585,7106.0,7143.0,37.0,-1.494
760,10.18,49.613,52,95,503,585,7112.0,7143.89,31.89,-0.915
760,10.18,49.613,95,141,503,585,7127.0,7157.0,30.0,0.53
760,10.18,49.613,141,189,503,585,7122.0,7158.0,36.0,0.048
760,10.18,49.613,189,235,503,585,7122.0,7157.0,35.0,0.048
760,10.18,49.613,235,282,503,585,7123.0,7159.0,36.0,0.145
760,10.18,49.613,282,329,503,585,7123.0,7159.0,36.0,0.145
760,10.18,49.613,329,376,503,585,7107.0,7139.0,32.0,-1.397
760,10.18,49.613,376,424,503,585,7109.0,7141.0,32.0,-1.204
760,10.18,49.613,424,471,503,585,7116.0,7144.0,28.0,-0.53
760,10.18,49.613,471,512,503,585,7115.0,7143.0,28.0,-0.626
765,10.18,49.613,33,79,85,175,7122.0,7151.0,29.0,0.337
765,10.18,49.613,79,125,85,175,7124.0,7157.0,33.0,0.562
765,10.18,49.613,125,173,85,175,7137.0,7167.2,30.2,2.023
765,10.18,49.613,173,218,85,175,7136.0,7166.0,30.0,1.911
765,10.18,49.613,218,266,85,175,7125.0,7156.0,31.0,0.674
765,10.18,49.613,266,313,85,175,7119.0,7149.0,30.0,0.0
765,10.18,49.613,313,361,85,175,7120.0,7154.79,34.79,0.112
765,10.18,49.613,361,408,85,175,7116.0,7154.0,38.0,-0.337
765,10.18,49.613,408,454,85,175,7121.0,7151.0,30.0,0.225
765,10.18,49.613,454,502,85,175,7125.0,7155.0,30.0,0.674
765,10.18,49.613,27,75,175,248,7132.0,7162.03,30.03,1.461
765,10.18,49.613,75,122,175,248,7136.0,7170.0,34.0,1.911
765,10.18,49.613,122,168,175,248,7144.0,7175.25,31.25,2.81
765,10.18,49.613,168,216,175,248,7144.0,7169.0,25.0,2.81
765,10.18,49.613,216,265,175,248,7128.0,7161.0,33.0,1.012
765,10.18,49.613,265,314,175,248,7126.0,7159.0,33.0,0.787
765,10.18,49.613,314,363,175,248,7133.0,7164.0,31.0,1.574
765,10.18,49.613,363,411,175,248,7129.0,7162.92,33.92,1.124
765,10.18,49.613,411,460,175,248,7129.0,7163.3,34.3,1.124
765,10.18,49.613,460,507,175,248,7129.0,7164.0,35.0,1.124
765,10.18,49.613,23,60,386,507,7109.0,7152.0,43.0,-1.124
765,10.18,49.613,60,103,386,507,7109.0,7153.0,44.0,-1.124
765,10.18,49.613,103,146,386,507,7115.0,7161.0,46.0,-0.45
765,10.18,49.613,146,193,386,507,7115.0,7162.0,47.0,-0.45
765,10.18,49.613,193,240,386,507,7116.0,7161.0,45.0,-0.337
765,10.18,49.613,240,286,386,507,7112.0,7149.0,37.0,-0.787
765,10.18,49.613,286,330,386,507,7115.5,7144.0,28.5,-0.393
765,10.18,49.613,330,378,386,507,7116.0,7154.0,38.0,-0.337
765,10.18,49.613,378,444,386,507,7116.0,7157.0,41.0,-0.337
765,10.18,49.613,444,504,386,507,7113.0,7151.0,38.0,-0.674
765,10.18,49.613,0,51,507,591,7116.0,7146.0,30.0,-0.337
765,10.18,49.613,51,97,507,591,7116.0,7151.0,35.0,-0.337
765,10.18,49.613,97,144,507,591,7118.0,7154.0,36.0,-0.112
765,10.18,49.613,144,190,507,591,7119.0,7154.0,35.0,0.0
765,10.18,49.613,190,237,507,591,7122.0,7156.0,34.0,0.337
765,10.18,49.613,237,284,507,591,7109.0,7146.0,37.0,-1.124
765,10.18,49.613,284,331,507,591,7113.0,7146.0,33.0,-0.674
765,10.18,49.613,331,380,507,591,7119.0,7147.0,28.0,0.0
765,10.18,49.613,380,426,507,591,7118.0,7147.0,29.0,-0.112
765,10.18,49.613,426,474,507,591,7115.0,7145.0,30.0,-0.45
765,10.18,49.613,474,512,507,591,7105.0,7139.18,34.18,-1.574
770,10.18,49.613,33,83,85,176,7123.0,7157.0,34.0,0.09
770,10.18,49.613,83,126,85,176,7125.0,7153.0,28.0,0.27
770,10.18,49.613,126,173,85,176,7124.0,7156.0,32.0,0.18
770,10.18,49.613,173,219,85,176,7126.0,7157.0,31.0,0.36
770,10.18,49.613,219,266,85,176,7126.0,7161.0,35.0,0.36
770,10.18,49.613,266,313,85,176,7118.0,7158.0,40.0,-0.36
770,10.18,49.613,313,357,85,176,7124.0,7153.0,29.0,0.18
770,10.18,49.613,357,411,85,176,7121.0,7157.0,36.0,-0.09
770,10.18,49.613,411,453,85,176,7129.0,7158.0,29.0,0.63
770,10.18,49.613,453,504,85,176,7122.5,7159.0,36.5,0.045
770,10.18,49.613,27,75,176,248,7130.0,7162.0,32.0,0.719
770,10.18,49.613,75,122,176,248,7139.0,7166.0,27.0,1.529
770,10.18,49.613,122,169,176,248,7136.0,7166.0,30.0,1.259
770,10.18,49.613,169,217,176,248,7130.0,7164.0,34.0,0.719
770,10.18,49.613,217,265,176,248,7135.0,7166.0,31.0,1.169
770,10.18,49.613,265,313,176,248,7132.0,7163.0,31.0,0.899
770,10.18,49.613,313,361,176,248,7131.0,7166.0,35.0,0.809
770,10.18,49.613,361,409,176,248,7131.0,7166.0,35.0,0.809
770,10.18,49.613,409,458,176,248,7130.0,7162.71,32.71,0.719
770,10.18,49.613,458,507,176,248,7131.0,7159.0,28.0,0.809
770,10.18,49.613,8,58,392,503,7104.0,7151.0,47.0,-1.619
770,10.18,49.613,58,108,392,503,7107.0,7157.0,50.0,-1.349
770,10.18,49.613,108,146,392,503,7122.0,7160.0,38.0,0.0
770,10.18,49.613,146,191,392,503,7111.0,7148.52,37.52,-0.989
770,10.18,49.613,191,239,392,503,7113.0,7144.0,31.0,-0.809
770,10.18,49.613,239,285,392,503,7121.0,7155.0,34.0,-0.09
770,10.18,49.613,285,331,392,503,7123.0,7157.0,34.0,0.09
770,10.18,49.613,331,375,392,503,7120.0,7156.0,36.0,-0.18
770,10.18,49.613,375,420,392,503,7122.0,7153.26,31.26,0.0
770,10.18,49.613,420,468,392,503,7119.0,7154.0,35.0,-0.27
770,10.18,49.613,468,512,392,503,7119.0,7150.0,31.0,-0.27
770,10.18,49.613,4,52,503,591,7107.0,7141.0,34.0,-1.349
770,10.18,49.613,52,98,503,591,7113.0,7149.0,36.0,-0.809
770,10.18,49.613,98,142,503,591,7118.0,7152.0,34.0,-0.36
770,10.18,49.613,142,189,503,591,7106.0,7138.0,32.0,-1.439
770,10.18,49.613,189,237,503,591,7110.0,7144.0,34.0,-1.079
770,10.18,49.613,237,284,503,591,7122.0,7152.0,30.0,0.0
770,10.18,49.613,284,331,503,591,7120.0,7152.0,32.0,-0.18
770,10.18,49.613,331,378,503,591,7118.0,7148.0,30.0,-0.36
770,10.18,49.613,378,425,503,591,7111.0,7146.0,35.0,-0.989
770,10.18,49.613,425,472,503,591,7112.0,7142.0,30.0,-0.899
770,10.18,49.613,472,512,503,591,7112.0,7141.43,29.43,-0.899
775,10.18,49.613,34,79,88,177,7109.0,7139.0,30.0,-0.964
775,10.18,49.613,79,123,88,177,7113.0,7142.0,29.0,-0.578
775,10.18,49.613,123,171,88,177,7123.0,7159.0,36.0,0.385
775,10.18,49.613,171,216,88,177,7123.0,7161.21,38.21,0.385
775,10.18,49.613,216,263,88,177,7124.0,7159.0,35.0,0.482
775,10.18,49.613,263,308,88,177,7127.0,7159.0,32.0,0.771
775,10.18,49.613,308,353,88,177,7128.0,7158.0,30.0,0.867
775,10.18,49.613,353,401,88,177,7124.0,7162.0,38.0,0.482
775,10.18,49.613,401,449,88,177,7122.0,7156.0,34.0,0.289
775,10.18,49.613,449,496,88,177,7128.0,7160.98,32.98,0.867
775,10.18,49.613,24,73,177,249,7118.0,7151.0,33.0,-0.096
775,10.18,49.613,73,119,177,249,7126.0,7159.0,33.0,0.674
775,10.18,49.613,119,167,177,249,7139.0,7169.0,30.0,1.927
775,10.18,49.613,167,213,177,249,7136.0,7166.0,30.0,1.638
775,10.18,49.613,213,261,177,249,7132.0,7164.0,32.0,1.253
775,10.18,49.613,261,309,177,249,7131.0,7164.0,33.0,1.156
775,10.18,49.613,309,357,177,249,7131.0,7163.0,32.0,1.156
775,10.18,49.613,357,406,177,249,7131.0,7161.0,30.0,1.156
775,10.18,49.613,406,454,177,249,7127.0,7157.0,30.0,0.771
775,10.18,49.613,454,502,177,249,7132.0,7164.0,32.0,1.253
775,10.18,49.613,6,54,393,503,7102.0,7148.0,46.0,-1.638
775,10.18,49.613,54,98,393,503,7105.0,7142.0,37.0,-1.349
775,10.18,49.613,98,145,393,503,7107.0,7139.0,32.0,-1.156
775,10.18,49.613,145,192,393,503,7117.0,7151.0,34.0,-0.193
775,10.18,49.613,192,235,393,503,7122.0,7155.48,33.48,0.289
775,10.18,49.613,235,281,393,503,7116.0,7153.0,37.0,-0.289
775,10.18,49.613,281,327,393,503,7120.0,7151.0,31.0,0.096
775,10.18,49.613,327,373,393,503,7120.0,7154.0,34.0,0.096
775,10.18,49.613,373,418,393,503,7118.0,7152.0,34.0,-0.096
775,10.18,49.613,418,463,393,503,7114.0,7148.41,34.41,-0.482
775,10.18,49.613,463,509,393,503,7119.0,7152.0,33.0,0.0
775,10.18,49.613,0,47,503,590,7106.0,7138.0,32.0,-1.253
775,10.18,49.613,47,95,503,590,7097.0,7132.0,35.0,-2.12
775,10.18,49.613,95,140,503,590,7106.0,7138.0,32.0,-1.253
775,10.18,49.613,140,187,503,590,7117.0,7145.0,28.0,-0.193
775,10.18,49.613,187,234,503,590,7117.0,7148.0,31.0,-0.193
775,10.18,49.613,234,280,503,590,7119.0,7154.0,35.0,0.0
775,10.18,49.613,280,328,503,590,7112.0,7147.67,35.67,-0.674
775,10.18,49.613,328,374,503,590,7114.0,7146.0,32.0,-0.482
775,10.18,49.613,374,422,503,590,7114.0,7145.0,31.0,-0.482
775,10.18,49.613,422,471,503,590,7102.0,7132.0,30.0,-1.638
775,10.18,49.613,471,512,503,590,7108.0,7134.67,26.67,-1.06
780,10.18,49.613,27,74,83,177,7108.0,7143.0,35.0,-0.833
780,10.18,49.613,74,119,83,177,7113.0,7149.0,36.0,-0.436
780,10.18,49.613,119,166,83,177,7125.0,7156.0,31.0,0.516
780,10.18,49.613,166,213,83,177,7132.0,7165.0,33.0,1.071
780,10.18,49.613,213,260,83,177,7132.0,7166.0,34.0,1.071
780,10.18,49.613,260,306,83,177,7128.0,7162.0,34.0,0.754
780,10.18,49.613,306,354,83,177,7124.0,7158.0,34.0,0.436
780,10.18,49.613,354,402,83,177,7129.0,7162.0,33.0,0.833
780,10.18,49.613,402,449,83,177,7125.0,7161.0,36.0,0.516
780,10.18,49.613,449,499,83,177,7110.0,7144.78,34.78,-0.674
780,10.18,49.613,21,69,177,249,7124.0,7153.44,29.44,0.436
780,10.18,49.613,69,115,177,249,7131.0,7163.0,32.0,0.992
780,10.18,49.613,115,163,177,249,7136.0,7169.0,33.0,1.389
780,10.18,49.613,163,211,177,249,7136.0,7172.0,36.0,1.389
780,10.18,49.613,211,259,177,249,7133.0,7163.0,30.0,1.151
780,10.18,49.613,259,307,177,249,7134.0,7162.0,28.0,1.23
780,10.18,49.613,307,356,177,249,7129.0,7158.0,29.0,0.833
780,10.18,49.613,356,405,177,249,7133.0,7165.0,32.0,1.151
780,10.18,49.613,405,454,177,249,7130.0,7163.0,33.0,0.913
780,10.18,49.613,454,502,177,249,7123.0,7153.0,30.0,0.357
780,10.18,49.613,3,50,394,505,7098.0,7131.0,33.0,-1.627
780,10.18,49.613,50,96,394,505,7112.0,7146.0,34.0,-0.516
780,10.18,49.613,96,141,394,505,7116.0,7152.0,36.0,-0.198
780,10.18,49.613,141,189,394,505,7113.0,7153.0,40.0,-0.436
780,10.18,49.613,189,235,394,505,7119.0,7152.0,33.0,0.04
780,10.18,49.613,235,279,394,505,7121.0,7156.0,35.0,0.198
780,10.18,49.613,279,326,394,505,7118.0,7154.0,36.0,-0.04
780,10.18,49.613,326,371,394,505,7117.0,7151.0,34.0,-0.119
780,10.18,49.613,371,417,394,505,7123.0,7155.0,32.0,0.357
780,10.18,49.613,417,463,394,505,7121.0,7158.0,37.0,0.198
780,10.18,49.613,463,508,394,505,7104.0,7138.0,34.0,-1.151
780,10.18,49.613,0,45,505,593,7096.0,7127.0,31.0,-1.785
780,10.18,49.613,45,93,505,593,7109.0,7138.0,29.0,-0.754
780,10.18,49.613,93,139,505,593,7113.0,7142.27,29.27,-0.436
780,10.18,49.613,139,184,505,593,7116.5,7146.0,29.5,-0.159
780,10.18,49.613,184,231,505,593,7111.0,7146.0,35.0,-0.595
780,10.18,49.613,231,278,505,593,7117.0,7151.0,34.0,-0.119
780,10.18,49.613,278,326,505,593,7118.0,7149.0,31.0,-0.04
780,10.18,49.613,326,374,505,593,7107.0,7137.0,30.0,-0.913
780,10.18,49.613,374,422,505,593,7109.0,7141.0,32.0,-0.754
780,10.18,49.613,422,468,505,593,7110.0,7139.0,29.0,-0.674
780,10.18,49.613,468,512,505,593,7099.0,7130.09,31.09,-1.547
785,10.18,49.613,33,83,86,178,7112.0,7143.0,31.0,-0.422
785,10.18,49.613,83,125,86,178,7127.0,7154.0,27.0,0.843
785,10.18,49.613,125,173,86,178,7132.0,7163.0,31.0,1.265
785,10.18,49.613,173,220,86,178,7134.0,7171.0,37.0,1.433
785,10.18,49.613,220,265,86,178,7131.0,7163.71,32.71,1.18
785,10.18,49.613,265,313,86,178,7131.0,7163.0,32.0,1.18
785,10.18,49.613,313,360,86,178,7128.0,7164.0,36.0,0.927
785,10.18,49.613,360,405,86,178,7117.0,7149.0,32.0,0.0
785,10.18,49.613,405,452,86,178,7116.0,7149.0,33.0,-0.084
785,10.18,49.613,452,504,86,178,7112.5,7145.0,32.5,-0.379
785,10.18,49.613,26,74,178,251,7124.0,7158.0,34.0,0.59
785,10.18,49.613,74,122,178,251,7133.0,7168.0,35.0,1.349
785,10.18,49.613,122,168,178,251,7139.0,7171.0,32.0,1.855
785,10.18,49.613,168,217,178,251,7138.0,7169.0,31.0,1.771
785,10.18,49.613,217,265,178,251,7131.0,7159.0,28.0,1.18
785,10.18,49.613,265,313,178,251,7136.0,7167.0,31.0,1.602
785,10.18,49.613,313,361,178,251,7132.0,7164.0,32.0,1.265
785,10.18,49.613,361,410,178,251,7125.0,7158.0,33.0,0.674
785,10.18,49.613,410,457,178,251,7123.0,7156.0,33.0,0.506
785,10.18,49.613,457,507,178,251,7127.0,7160.66,33.66,0.843
785,10.18,49.613,11,52,395,506,7111.0,7144.08,33.08,-0.506
785,10.18,49.613,52,101,395,506,7108.0,7148.4,40.4,-0.759
785,10.18,49.613,101,147,395,506,7116.0,7149.0,33.0,-0.084
785,10.18,49.613,147,191,395,506,7118.0,7154.0,36.0,0.084
785,10.18,49.613,191,239,395,506,7117.0,7153.0,36.0,0.0
785,10.18,49.613,239,284,395,506,7117.0,7151.0,34.0,0.0
785,10.18,49.613,284,331,395,506,7123.0,7158.0,35.0,0.506
785,10.18,49.613,331,375,395,506,7124.0,7161.0,37.0,0.59
785,10.18,49.613,375,422,395,506,7107.0,7141.0,34.0,-0.843
785,10.18,49.613,422,468,395,506,7106.0,7136.0,30.0,-0.927
785,10.18,49.613,468,512,395,506,7109.0,7141.0,32.0,-0.674
785,10.18,49.613,4,47,506,594,7106.0,7133.33,27.33,-0.927
785,10.18,49.613,47,98,506,594,7110.0,7141.0,31.0,-0.59
785,10.18,49.613,98,145,506,594,7109.0,7145.0,36.0,-0.674
785,10.18,49.613,145,189,506,594,7115.0,7144.0,29.0,-0.169
785,10.18,49.613,189,237,506,594,7117.0,7148.0,31.0,0.0
785,10.18,49.613,237,284,506,594,7109.0,7153.0,44.0,-0.674
785,10.18,49.613,284,331,506,594,7114.0,7146.0,32.0,-0.253
785,10.18,49.613,331,379,506,594,7112.0,7144.0,32.0,-0.422
785,10.18,49.613,379,425,506,594,7104.0,7137.0,33.0,-1.096
785,10.18,49.613,425,473,506,594,7096.0,7131.0,35.0,-1.771
785,10.18,49.613,473,512,506,594,7098.0,7131.0,33.0,-1.602
790,10.18,49.613,2,43,89,181,7113.0,7141.0,28.0,-0.213
790,10.18,49.613,43,89,89,181,7122.0,7153.0,31.0,0.426
790,10.18,49.613,89,135,89,181,7126.0,7159.0,33.0,0.71
790,10.18,49.613,135,181,89,181,7130.0,7164.0,34.0,0.994
790,10.18,49.613,181,229,89,181,7135.0,7171.0,36.0,1.349
790,10.18,49.613,229,275,89,181,7132.0,7170.0,38.0,1.136
790,10.18,49.613,275,324,89,181,7117.0,7152.0,35.0,0.071
790,10.18,49.613,324,369,89,181,7116.0,7151.0,35.0,0.0
790,10.18,49.613,369,415,89,181,7118.0,7148.0,30.0,0.142
790,10.18,49.613,415,463,89,181,7115.0,7144.0,29.0,-0.071
790,10.18,49.613,463,512,89,181,7113.0,7148.0,35.0,-0.213
790,10.18,49.613,0,37,181,253,7121.0,7155.0,34.0,0.355
790,10.18,49.613,37,84,181,253,7127.0,7161.0,34.0,0.781
790,10.18,49.613,84,133,181,253,7135.0,7166.0,31.0,1.349
790,10.18,49.613,133,180,181,253,7139.0,7168.0,29.0,1.633
790,10.18,49.613,180,227,181,253,7141.0,7171.0,30.0,1.775
790,10.18,49.613,227,275,181,253,7134.0,7165.0,31.0,1.278
790,10.18,49.613,275,323,181,253,7127.0,7159.0,32.0,0.781
790,10.18,49.613,323,373,181,253,7122.0,7156.0,34.0,0.426
790,10.18,49.613,373,420,181,253,7131.0,7164.0,33.0,1.065
790,10.18,49.613,420,468,181,253,7131.0,7163.0,32.0,1.065
790,10.18,49.613,468,512,181,253,7127.0,7156.0,29.0,0.781
790,10.18,49.613,22,67,397,507,7107.0,7141.2,34.2,-0.639
790,10.18,49.613,67,112,397,507,7113.0,7148.0,35.0,-0.213
790,10.18,49.613,112,157,397,507,7116.0,7151.0,35.0,0.0
790,10.18,49.613,157,205,397,507,7113.0,7149.0,36.0,-0.213
790,10.18,49.613,205,251,397,507,7124.0,7159.0,35.0,0.568
790,10.18,49.613,251,294,397,507,7126.0,7162.0,36.0,0.71
790,10.18,49.613,294,338,397,507,7111.0,7144.0,33.0,-0.355
790,10.18,49.613,338,387,397,507,7106.0,7137.0,31.0,-0.71
790,10.18,49.613,387,430,397,507,7113.0,7142.0,29.0,-0.213
790,10.18,49.613,430,478,397,507,7101.0,7137.0,36.0,-1.065
790,10.18,49.613,16,62,507,594,7102.0,7134.0,32.0,-0.994
790,10.18,49.613,62,109,507,594,7108.0,7139.0,31.0,-0.568
790,10.18,49.613,109,156,507,594,7114.0,7144.0,30.0,-0.142
790,10.18,49.613,156,201,507,594,7107.0,7136.0,29.0,-0.639
790,10.18,49.613,201,247,507,594,7114.0,7143.0,29.0,-0.142
790,10.18,49.613,247,294,507,594,7116.0,7157.0,41.0,0.0
790,10.18,49.613,294,342,507,594,7106.0,7139.0,33.0,-0.71
790,10.18,49.613,342,390,507,594,7099.0,7134.35,35.35,-1.207
790,10.18,49.613,390,435,507,594,7103.0,7137.0,34.0,-0.923
790,10.18,49.613,435,484,507,594,7105.0,7137.0,32.0,-0.781
795,10.18,49.613,5,56,87,179,7116.0,7149.0,33.0,-0.337
795,10.18,49.613,56,99,87,179,7126.0,7156.0,30.0,0.506
795,10.18,49.613,99,145,87,179,7133.0,7164.0,31.0,1.096
795,10.18,49.613,145,192,87,179,7136.0,7172.0,36.0,1.349
795,10.18,49.613,192,241,87,179,7126.0,7161.0,35.0,0.506
795,10.18,49.613,241,287,87,179,7124.0,7159.0,35.0,0.337
795,10.18,49.613,287,332,87,179,7124.0,7154.0,30.0,0.337
795,10.18,49.613,332,380,87,179,7120.0,7151.0,31.0,0.0
795,10.18,49.613,380,430,87,179,7118.0,7154.0,36.0,-0.169
795,10.18,49.613,430,476,87,179,7125.0,7160.0,35.0,0.422
795,10.18,49.613,476,512,87,179,7124.0,7159.0,35.0,0.337
795,10.18,49.613,0,47,179,252,7126.0,7157.0,31.0,0.506
795,10.18,49.613,47,94,179,252,7132.0,7163.0,31.0,1.012
795,10.18,49.613,94,141,179,252,7142.0,7175.0,33.0,1.855
795,10.18,49.613,141,190,179,252,7142.0,7175.0,33.0,1.855
795,10.18,49.613,190,238,179,252,7134.0,7165.87,31.87,1.18
795,10.18,49.613,238,286,179,252,7129.0,7162.87,33.87,0.759
795,10.18,49.613,286,335,179,252,7135.0,7169.0,34.0,1.265
795,10.18,49.613,335,383,179,252,7136.0,7165.0,29.0,1.349
795,10.18,49.613,383,434,179,252,7129.0,7161.0,32.0,0.759
795,10.18,49.613,434,482,179,252,7137.0,7165.0,28.0,1.433
795,10.18,49.613,30,76,402,508,7112.0,7148.0,36.0,-0.674
795,10.18,49.613,76,122,402,508,7112.0,7149.0,37.0,-0.674
795,10.18,49.613,122,167,402,508,7124.0,7159.59,35.59,0.337
795,10.18,49.613,167,213,402,508,7126.0,7164.0,38.0,0.506
795,10.18,49.613,213,261,402,508,7112.0,7147.0,35.0,-0.674
795,10.18,49.613,261,306,402,508,7114.0,7143.84,29.84,-0.506
795,10.18,49.613,306,352,402,508,7114.0,7149.0,35.0,-0.506
795,10.18,49.613,352,398,402,508,7108.0,7144.0,36.0,-1.012
795,10.18,49.613,398,445,402,508,7106.0,7144.0,38.0,-1.18
795,10.18,49.613,445,491,402,508,7117.0,7147.0,30.0,-0.253
795,10.18,49.613,24,72,508,596,7111.0,7139.0,28.0,-0.759
795,10.18,49.613,72,118,508,596,7107.0,7134.0,27.0,-1.096
795,10.18,49.613,118,163,508,596,7114.0,7144.0,30.0,-0.506
795,10.18,49.613,163,211,508,596,7116.0,7147.0,31.0,-0.337
795,10.18,49.613,211,258,508,596,7110.0,7142.0,32.0,-0.843
795,10.18,49.613,258,305,508,596,7108.0,7162.0,54.0,-1.012
795,10.18,49.613,305,353,508,596,7109.0,7142.09,33.09,-0.927
795,10.18,49.613,353,401,508,596,7113.0,7146.0,33.0,-0.59
795,10.18,49.613,401,450,508,596,7103.0,7138.0,35.0,-1.433
795,10.18,49.613,450,498,508,596,7107.0,7136.0,29.0,-1.096
800,10.18,49.613,15,60,67,178,7120.0,7147.02,27.02,0.337
800,10.18,49.613,60,108,67,178,7121.0,7158.0,37.0,0.422
800,10.18,49.613,108,157,67,178,7114.5,7148.0,33.5,-0.126
800,10.18,49.613,157,202,67,178,7125.0,7159.0,34.0,0.759
800,10.18,49.613,202,249,67,178,7124.0,7155.0,31.0,0.674
800,10.18,49.613,249,297,67,178,7119.0,7148.0,29.0,0.253
800,10.18,49.613,297,343,67,178,7118.0,7153.0,35.0,0.169
800,10.18,49.613,343,391,67,178,7120.0,7157.25,37.25,0.337
800,10.18,49.613,391,441,67,178,7123.0,7159.0,36.0,0.59
800,10.18,49.613,441,488,67,178,7124.0,7157.0,33.0,0.674
800,10.18,49.613,8,56,178,251,7127.0,7158.0,31.0,0.927
800,10.18,49.613,56,105,178,251,7130.0,7165.0,35.0,1.18
800,10.18,49.613,105,152,178,251,7132.0,7164.0,32.0,1.349
800,10.18,49.613,152,199,178,251,7135.0,7166.0,31.0,1.602
800,10.18,49.613,199,248,178,251,7135.0,7168.25,33.25,1.602
800,10.18,49.613,248,297,178,251,7134.0,7164.0,30.0,1.518
800,10.18,49.613,297,347,178,251,7127.0,7159.0,32.0,0.927
800,10.18,49.613,347,397,178,251,7134.0,7162.0,28.0,1.518
800,10.18,49.613,397,445,178,251,7135.0,7165.0,30.0,1.602
800,10.18,49.613,445,494,178,251,7137.0,7167.0,30.0,1.771
800,10.18,49.613,0,40,398,511,7107.0,7139.0,32.0,-0.759
800,10.18,49.613,40,86,398,511,7115.0,7152.0,37.0,-0.084
800,10.18,49.613,86,131,398,511,7118.0,7157.0,39.0,0.169
800,10.18,49.613,131,176,398,511,7108.0,7143.0,35.0,-0.674
800,10.18,49.613,176,225,398,511,7108.0,7140.0,32.0,-0.674
800,10.18,49.613,225,271,398,511,7111.0,7145.0,34.0,-0.422
800,10.18,49.613,271,315,398,511,7109.0,7143.82,34.82,-0.59
800,10.18,49.613,315,363,398,511,7103.0,7144.0,41.0,-1.096
800,10.18,49.613,363,410,398,511,7116.0,7148.89,32.89,0.0
800,10.18,49.613,410,456,398,511,7115.0,7149.74,34.74,-0.084
800,10.18,49.613,456,502,398,511,7109.0,7142.0,33.0,-0.59
800,10.18,49.613,34,81,511,596,7107.0,7133.0,26.0,-0.759
800,10.18,49.613,81,128,511,596,7109.0,7138.56,29.56,-0.59
800,10.18,49.613,128,174,511,596,7106.0,7138.0,32.0,-0.843
800,10.18,49.613,174,221,511,596,7103.0,7136.0,33.0,-1.096
800,10.18,49.613,221,268,511,596,7108.0,7142.0,34.0,-0.674
800,10.18,49.613,268,316,511,596,7115.0,7154.0,39.0,-0.084
800,10.18,49.613,316,364,511,596,7104.0,7139.0,35.0,-1.012
800,10.18,49.613,364,414,511,596,7108.0,7141.0,33.0,-0.674
800,10.18,49.613,414,460,511,596,7113.0,7141.0,28.0,-0.253
800,10.18,49.613,460,512,511,596,7103.0,7133.0,30.0,-1.096
805,10.18,49.613,24,71,63,174,7104.0,7133.0,29.0,-0.974
805,10.18,49.613,71,119,63,174,7112.0,7144.0,32.0,-0.375
805,10.18,49.613,119,163,63,174,7122.0,7149.0,27.0,0.375
805,10.18,49.613,163,212,63,174,7123.0,7152.0,29.0,0.45
805,10.18,49.613,212,259,63,174,7126.0,7157.0,31.0,0.674
805,10.18,49.613,259,309,63,174,7122.0,7158.0,36.0,0.375
805,10.18,49.613,309,354,63,174,7129.0,7162.0,33.0,0.899
805,10.18,49.613,354,403,63,174,7127.0,7158.0,31.0,0.749
805,10.18,49.613,403,439,63,174,7126.0,7162.0,36.0,0.674
805,10.18,49.613,439,499,63,174,7122.0,7166.0,44.0,0.375
805,10.18,49.613,17,66,174,247,7119.0,7151.39,32.39,0.15
805,10.18,49.613,66,114,174,247,7126.0,7161.0,35.0,0.674
805,10.18,49.613,114,161,174,247,7141.0,7172.0,31.0,1.799
805,10.18,49.613,161,209,174,247,7142.0,7169.0,27.0,1.874
805,10.18,49.613,209,259,174,247,7129.0,7162.0,33.0,0.899
805,10.18,49.613,259,308,174,247,7138.0,7165.0,27.0,1.574
805,10.18,49.613,308,358,174,247,7137.0,7166.0,29.0,1.499
805,10.18,49.613,358,406,174,247,7141.0,7171.0,30.0,1.799
805,10.18,49.613,406,455,174,247,7133.0,7164.0,31.0,1.199
805,10.18,49.613,455,505,174,247,7137.0,7164.0,27.0,1.499
805,10.18,49.613,4,49,393,505,7114.0,7150.0,36.0,-0.225
805,10.18,49.613,49,94,393,505,7104.0,7137.0,33.0,-0.974
805,10.18,49.613,94,151,393,505,7102.0,7136.0,34.0,-1.124
805,10.18,49.613,151,186,393,505,7117.0,7144.0,27.0,0.0
805,10.18,49.613,186,233,393,505,7107.0,7143.0,36.0,-0.749
805,10.18,49.613,233,279,393,505,7107.0,7143.0,36.0,-0.749
805,10.18,49.613,279,327,393,505,7118.0,7150.0,32.0,0.075
805,10.18,49.613,327,373,393,505,7119.0,7151.0,32.0,0.15
805,10.18,49.613,373,418,393,505,7116.0,7148.0,32.0,-0.075
805,10.18,49.613,418,464,393,505,7113.0,7149.0,36.0,-0.3
805,10.18,49.613,464,512,393,505,7117.0,7150.0,33.0,0.0
805,10.18,49.613,0,43,505,593,7102.0,7129.0,27.0,-1.124
805,10.18,49.613,43,89,505,593,7100.0,7131.0,31.0,-1.274
805,10.18,49.613,89,138,505,593,7098.0,7133.7,35.7,-1.424
805,10.18,49.613,138,184,505,593,7106.0,7139.0,33.0,-0.824
805,10.18,49.613,184,231,505,593,7113.0,7146.0,33.0,-0.3
805,10.18,49.613,231,278,505,593,7108.0,7141.0,33.0,-0.674
805,10.18,49.613,278,328,505,593,7113.0,7145.0,32.0,-0.3
805,10.18,49.613,328,376,505,593,7116.0,7146.0,30.0,-0.075
805,10.18,49.613,376,422,505,593,7111.0,7141.0,30.0,-0.45
805,10.18,49.613,422,472,505,593,7109.0,7141.0,32.0,-0.6
805,10.18,49.613,472,512,505,593,7105.0,7134.0,29.0,-0.899
810,10.18,49.613,29,79,65,168,7108.0,7137.0,29.0,-0.899
810,10.18,49.613,79,123,65,168,7114.0,7138.0,24.0,-0.45
810,10.18,49.613,123,172,65,168,7120.0,7151.0,31.0,0.0
810,10.18,49.613,172,219,65,168,7128.0,7161.0,33.0,0.6
810,10.18,49.613,219,269,65,168,7128.0,7161.0,33.0,0.6
810,10.18,49.613,269,315,65,168,7129.0,7158.0,29.0,0.674
810,10.18,49.613,315,364,65,168,7126.0,7161.0,35.0,0.45
810,10.18,49.613,364,410,65,168,7134.0,7170.0,36.0,1.049
810,10.18,49.613,410,462,65,168,7128.0,7169.0,41.0,0.6
810,10.18,49.613,462,512,65,168,7129.0,7170.0,41.0,0.674
810,10.18,49.613,22,71,168,242,7125.0,7159.0,34.0,0.375
810,10.18,49.613,71,119,168,242,7134.0,7166.0,32.0,1.049
810,10.18,49.613,119,168,168,242,7135.0,7168.0,33.0,1.124
810,10.18,49.613,168,218,168,242,7142.0,7169.0,27.0,1.649
810,10.18,49.613,218,267,168,242,7138.0,7169.0,31.0,1.349
810,10.18,49.613,267,316,168,242,7141.0,7172.0,31.0,1.574
810,10.18,49.613,316,366,168,242,7133.0,7164.0,31.0,0.974
810,10.18,49.613,366,416,168,242,7138.0,7166.0,28.0,1.349
810,10.18,49.613,416,466,168,242,7142.0,7172.0,30.0,1.649
810,10.18,49.613,466,512,168,242,7142.0,7178.0,36.0,1.649
810,10.18,49.613,2,69,389,506,7093.0,7131.0,38.0,-2.023
810,10.18,49.613,69,105,389,506,7104.0,7138.0,34.0,-1.199
810,10.18,49.613,105,146,389,506,7107.0,7140.0,33.0,-0.974
810,10.18,49.613,146,194,389,506,7102.0,7143.0,41.0,-1.349
810,10.18,49.613,194,243,389,506,7117.0,7150.77,33.77,-0.225
810,10.18,49.613,243,286,389,506,7121.0,7153.0,32.0,0.075
810,10.18,49.613,286,335,389,506,7115.0,7149.0,34.0,-0.375
810,10.18,49.613,335,381,389,506,7114.0,7151.0,37.0,-0.45
810,10.18,49.613,381,427,389,506,7121.0,7155.0,34.0,0.075
810,10.18,49.613,427,477,389,506,7117.0,7153.0,36.0,-0.225
810,10.18,49.613,477,512,389,506,7107.0,7148.0,41.0,-0.974
810,10.18,49.613,0,48,506,590,7092.0,7123.0,31.0,-2.098
810,10.18,49.613,48,96,506,590,7101.0,7133.0,32.0,-1.424
810,10.18,49.613,96,144,506,590,7109.0,7141.0,32.0,-0.824
810,10.18,49.613,144,192,506,590,7106.0,7138.0,32.0,-1.049
810,10.18,49.613,192,240,506,590,7113.0,7144.0,31.0,-0.525
810,10.18,49.613,240,287,506,590,7121.0,7157.0,36.0,0.075
810,10.18,49.613,287,335,506,590,7115.0,7146.0,31.0,-0.375
810,10.18,49.613,335,384,506,590,7113.0,7143.0,30.0,-0.525
810,10.18,49.613,384,431,506,590,7112.0,7142.0,30.0,-0.6
810,10.18,49.613,431,482,506,590,7116.0,7144.0,28.0,-0.3
815,10.18,49.613,31,83,51,167,7104.0,7136.0,32.0,-1.147
815,10.18,49.613,83,129,51,167,7118.0,7147.0,29.0,-0.202
815,10.18,49.613,129,176,51,167,7129.0,7159.0,30.0,0.54
815,10.18,49.613,176,222,51,167,7134.0,7163.0,29.0,0.877
815,10.18,49.613,222,271,51,167,7127.0,7160.0,33.0,0.405
815,10.18,49.613,271,319,51,167,7132.0,7169.0,37.0,0.742
815,10.18,49.613,319,367,51,167,7131.0,7168.0,37.0,0.674
815,10.18,49.613,367,416,51,167,7131.0,7170.0,39.0,0.674
815,10.18,49.613,416,463,51,167,7141.0,7175.0,34.0,1.349
815,10.18,49.613,463,512,51,167,7133.0,7169.0,36.0,0.809
815,10.18,49.613,25,74,167,241,7118.0,7151.97,33.97,-0.202
815,10.18,49.613,74,124,167,241,7136.0,7164.0,28.0,1.012
815,10.18,49.613,124,172,167,241,7143.0,7173.0,30.0,1.484
815,10.18,49.613,172,221,167,241,7143.0,7174.81,31.81,1.484
815,10.18,49.613,221,270,167,241,7134.0,7164.0,30.0,0.877
815,10.18,49.613,270,320,167,241,7139.0,7165.0,26.0,1.214
815,10.18,49.613,320,370,167,241,7141.0,7171.0,30.0,1.349
815,10.18,49.613,370,420,167,241,7140.0,7178.0,38.0,1.282
815,10.18,49.613,420,469,167,241,7154.0,7180.0,26.0,2.226
815,10.18,49.613,469,512,167,241,7154.0,7185.0,31.0,2.226
815,10.18,49.613,11,57,383,501,7096.0,7129.0,33.0,-1.686
815,10.18,49.613,57,104,383,501,7096.0,7136.0,40.0,-1.686
815,10.18,49.613,104,148,383,501,7116.0,7146.0,30.0,-0.337
815,10.18,49.613,148,197,383,501,7116.0,7150.0,34.0,-0.337
815,10.18,49.613,197,243,383,501,7116.0,7149.0,33.0,-0.337
815,10.18,49.613,243,288,383,501,7115.0,7152.0,37.0,-0.405
815,10.18,49.613,288,338,383,501,7122.0,7156.0,34.0,0.067
815,10.18,49.613,338,387,383,501,7121.0,7155.0,34.0,0.0
815,10.18,49.613,387,431,383,501,7109.0,7151.0,42.0,-0.809
815,10.18,49.613,431,477,383,501,7118.0,7154.0,36.0,-0.202
815,10.18,49.613,477,512,383,501,7123.0,7160.98,37.98,0.135
815,10.18,49.613,3,52,501,589,7098.0,7127.0,29.0,-1.551
815,10.18,49.613,52,99,501,589,7097.0,7129.0,32.0,-1.619
815,10.18,49.613,99,148,501,589,7108.0,7137.0,29.0,-0.877
815,10.18,49.613,148,195,501,589,7114.0,7143.0,29.0,-0.472
815,10.18,49.613,195,243,501,589,7112.0,7141.0,29.0,-0.607
815,10.18,49.613,243,290,501,589,7115.0,7153.0,38.0,-0.405
815,10.18,49.613,290,339,501,589,7112.0,7143.0,31.0,-0.607
815,10.18,49.613,339,388,501,589,7118.0,7147.0,29.0,-0.202
815,10.18,49.613,388,437,501,589,7113.0,7146.0,33.0,-0.54
815,10.18,49.613,437,483,501,589,7125.0,7159.0,34.0,0.27
820,10.181,49.613,0,36,52,165,7105.0,7131.0,26.0,-0.899
820,10.181,49.613,36,84,52,165,7113.0,7144.0,31.0,-0.45
820,10.181,49.613,84,132,52,165,7121.0,7148.0,27.0,0.0
820,10.181,49.613,132,179,52,165,7127.0,7158.0,31.0,0.337
820,10.181,49.613,179,226,52,165,7134.0,7169.0,35.0,0.731
820,10.181,49.613,226,274,52,165,7130.0,7166.0,36.0,0.506
820,10.181,49.613,274,323,52,165,7130.0,7168.0,38.0,0.506
820,10.181,49.613,323,372,52,165,7134.0,7173.0,39.0,0.731
820,10.181,49.613,372,408,52,165,7141.0,7171.0,30.0,1.124
820,10.181,49.613,408,466,52,165,7131.0,7173.88,42.88,0.562
820,10.181,49.613,466,512,52,165,7141.0,7176.0,35.0,1.124
820,10.181,49.613,30,79,165,240,7126.0,7158.0,32.0,0.281
820,10.181,49.613,79,127,165,240,7137.0,7169.0,32.0,0.899
820,10.181,49.613,127,175,165,240,7138.0,7169.0,31.0,0.956
820,10.181,49.613,175,224,165,240,7139.0,7168.0,29.0,1.012
820,10.181,49.613,224,273,165,240,7140.0,7169.0,29.0,1.068
820,10.181,49.613,273,324,165,240,7138.0,7176.0,38.0,0.956
820,10.181,49.613,324,375,165,240,7148.0,7176.0,28.0,1.518
820,10.181,49.613,375,423,165,240,7152.0,7183.0,31.0,1.742
820,10.181,49.613,423,473,165,240,7148.0,7180.0,32.0,1.518
820,10.181,49.613,473,512,165,240,7145.0,7175.0,30.0,1.349
820,10.181,49.613,15,61,381,501,7106.0,7136.0,30.0,-0.843
820,10.181,49.613,61,108,381,501,7108.0,7142.0,34.0,-0.731
820,10.181,49.613,108,154,381,501,7109.0,7143.0,34.0,-0.674
820,10.181,49.613,154,200,381,501,7113.0,7149.0,36.0,-0.45
820,10.181,49.613,200,248,381,501,7119.0,7154.0,35.0,-0.112
820,10.181,49.613,248,293,381,501,7121.0,7154.0,33.0,0.0
820,10.181,49.613,293,340,381,501,7108.0,7152.0,44.0,-0.731
820,10.181,49.613,340,386,381,501,7118.0,7154.0,36.0,-0.169
820,10.181,49.613,386,433,381,501,7119.0,7163.0,44.0,-0.112
820,10.181,49.613,433,480,381,501,7117.0,7159.0,42.0,-0.225
820,10.181,49.613,5,55,501,589,7096.0,7124.0,28.0,-1.405
820,10.181,49.613,55,105,501,589,7104.0,7133.0,29.0,-0.956
820,10.181,49.613,105,151,501,589,7106.0,7134.0,28.0,-0.843
820,10.181,49.613,151,198,501,589,7109.0,7139.16,30.16,-0.674
820,10.181,49.613,198,246,501,589,7109.0,7139.0,30.0,-0.674
820,10.181,49.613,246,294,501,589,7120.0,7151.0,31.0,-0.056
820,10.181,49.613,294,342,501,589,7113.0,7147.0,34.0,-0.45
820,10.181,49.613,342,392,501,589,7124.0,7157.0,33.0,0.169
820,10.181,49.613,392,438,501,589,7120.0,7148.0,28.0,-0.056
820,10.181,49.613,438,488,501,589,7116.0,7145.6,29.6,-0.281
825,10.181,49.613,2,50,53,166,7109.0,7134.0,25.0,-0.863
825,10.181,49.613,50,97,53,166,7118.0,7147.0,29.0,-0.378
825,10.181,49.613,97,147,53,166,7129.0,7163.0,34.0,0.216
825,10.181,49.613,147,193,53,166,7137.0,7169.0,32.0,0.648
825,10.181,49.613,193,243,53,166,7134.0,7169.0,35.0,0.486
825,10.181,49.613,243,293,53,166,7139.0,7173.0,34.0,0.755
825,10.181,49.613,293,338,53,166,7144.0,7175.0,31.0,1.025
825,10.181,49.613,338,387,53,166,7141.0,7177.0,36.0,0.863
825,10.181,49.613,387,435,53,166,7146.0,7181.2,35.2,1.133
825,10.181,49.613,435,483,53,166,7149.0,7185.0,36.0,1.295
825,10.181,49.613,0,45,166,241,7126.0,7155.0,29.0,0.054
825,10.181,49.613,45,94,166,241,7128.0,7159.0,31.0,0.162
825,10.181,49.613,94,142,166,241,7141.0,7168.0,27.0,0.863
825,10.181,49.613,142,192,166,241,7150.0,7180.0,30.0,1.349
825,10.181,49.613,192,242,166,241,7140.0,7177.0,37.0,0.809
825,10.181,49.613,242,293,166,241,7153.0,7178.0,25.0,1.511
825,10.181,49.613,293,343,166,241,7155.0,7187.0,32.0,1.619
825,10.181,49.613,343,392,166,241,7150.0,7183.35,33.35,1.349
825,10.181,49.613,392,441,166,241,7148.0,7177.0,29.0,1.241
825,10.181,49.613,441,490,166,241,7152.0,7180.0,28.0,1.457
825,10.181,49.613,29,76,384,503,7104.0,7138.0,34.0,-1.133
825,10.181,49.613,76,122,384,503,7111.0,7145.0,34.0,-0.755
825,10.181,49.613,122,169,384,503,7121.0,7151.0,30.0,-0.216
825,10.181,49.613,169,217,384,503,7120.0,7154.0,34.0,-0.27
825,10.181,49.613,217,262,384,503,7112.0,7152.0,40.0,-0.701
825,10.181,49.613,262,312,384,503,7118.0,7157.0,39.0,-0.378
825,10.181,49.613,312,358,384,503,7126.0,7164.0,38.0,0.054
825,10.181,49.613,358,404,384,503,7124.0,7164.0,40.0,-0.054
825,10.181,49.613,404,455,384,503,7121.0,7163.0,42.0,-0.216
825,10.181,49.613,455,501,384,503,7123.0,7161.0,38.0,-0.108
825,10.181,49.613,22,71,503,591,7100.0,7128.0,28.0,-1.349
825,10.181,49.613,71,120,503,591,7104.0,7135.0,31.0,-1.133
825,10.181,49.613,120,166,503,591,7109.0,7141.0,32.0,-0.863
825,10.181,49.613,166,215,503,591,7118.0,7147.0,29.0,-0.378
825,10.181,49.613,215,262,503,591,7116.0,7148.0,32.0,-0.486
825,10.181,49.613,262,311,503,591,7130.0,7167.0,37.0,0.27
825,10.181,49.613,311,360,503,591,7123.0,7154.0,31.0,-0.108
825,10.181,49.613,360,408,503,591,7122.0,7154.0,32.0,-0.162
825,10.181,49.613,408,456,503,591,7119.0,7145.0,26.0,-0.324
825,10.181,49.613,456,506,503,591,7116.0,7146.0,30.0,-0.486
830,10.181,49.613,0,40,50,169,7128.0,7157.0,29.0,0.059
830,10.181,49.613,40,90,50,169,7128.0,7161.0,33.0,0.059
830,10.181,49.613,90,138,50,169,7133.0,7168.0,35.0,0.352
830,10.181,49.613,138,188,50,169,7146.0,7181.0,35.0,1.114
830,10.181,49.613,188,236,50,169,7142.0,7173.0,31.0,0.88
830,10.181,49.613,236,283,50,169,7142.0,7178.0,36.0,0.88
830,10.181,49.613,283,332,50,169,7146.0,7182.0,36.0,1.114
830,10.181,49.613,332,380,50,169,7149.0,7188.0,39.0,1.29
830,10.181,49.613,380,428,50,169,7148.0,7185.0,37.0,1.232
830,10.181,49.613,428,479,50,169,7136.0,7188.0,52.0,0.528
830,10.181,49.613,0,35,169,244,7128.0,7154.0,26.0,0.059
830,10.181,49.613,35,84,169,244,7133.0,7164.0,31.0,0.352
830,10.181,49.613,84,134,169,244,7141.0,7179.0,38.0,0.821
830,10.181,49.613,134,183,169,244,7153.0,7180.0,27.0,1.525
830,10.181,49.613,183,233,169,244,7151.0,7183.0,32.0,1.408
830,10.181,49.613,233,283,169,244,7145.0,7177.0,32.0,1.056
830,10.181,49.613,283,332,169,244,7143.0,7172.0,29.0,0.938
830,10.181,49.613,332,383,169,244,7146.0,7176.0,30.0,1.114
830,10.181,49.613,383,430,169,244,7147.0,7181.0,34.0,1.173
830,10.181,49.613,430,482,169,244,7143.0,7181.0,38.0,0.938
830,10.181,49.613,19,67,389,506,7116.0,7145.0,29.0,-0.645
830,10.181,49.613,67,113,389,506,7118.0,7152.0,34.0,-0.528
830,10.181,49.613,113,159,389,506,7110.0,7150.0,40.0,-0.997
830,10.181,49.613,159,208,389,506,7119.0,7156.0,37.0,-0.469
830,10.181,49.613,208,254,389,506,7123.0,7162.0,39.0,-0.235
830,10.181,49.613,254,302,389,506,7121.0,7161.0,40.0,-0.352
830,10.181,49.613,302,351,389,506,7121.0,7162.0,41.0,-0.352
830,10.181,49.613,351,395,389,506,7126.0,7161.0,35.0,-0.059
830,10.181,49.613,395,440,389,506,7121.0,7157.0,36.0,-0.352
830,10.181,49.613,440,490,389,506,7115.0,7156.74,41.74,-0.704
830,10.181,49.613,14,61,506,594,7106.0,7138.0,32.0,-1.232
830,10.181,49.613,61,110,506,594,7115.0,7149.0,34.0,-0.704
830,10.181,49.613,110,157,506,594,7113.0,7149.0,36.0,-0.821
830,10.181,49.613,157,205,506,594,7126.0,7164.0,38.0,-0.059
830,10.181,49.613,205,253,506,594,7122.0,7156.0,34.0,-0.293
830,10.181,49.613,253,301,506,594,7123.0,7163.0,40.0,-0.235
830,10.181,49.613,301,350,506,594,7118.0,7150.0,32.0,-0.528
830,10.181,49.613,350,399,506,594,7117.0,7153.0,36.0,-0.587
830,10.181,49.613,399,448,506,594,7117.0,7149.0,32.0,-0.587
830,10.181,49.613,448,498,506,594,7109.0,7149.0,40.0,-1.056
835,10.181,49.613,2,54,45,167,7125.0,7163.0,38.0,-0.393
835,10.181,49.613,54,100,45,167,7143.0,7173.0,30.0,0.618
835,10.181,49.613,100,149,45,167,7145.0,7176.0,31.0,0.731
835,10.181,49.613,149,197,45,167,7147.0,7183.0,36.0,0.843
835,10.181,49.613,197,243,45,167,7147.0,7182.0,35.0,0.843
835,10.181,49.613,243,291,45,167,7149.0,7187.0,38.0,0.956
835,10.181,49.613,291,346,45,167,7144.0,7188.0,44.0,0.674
835,10.181,49.613,346,388,45,167,7146.0,7187.0,41.0,0.787
835,10.181,49.613,388,435,45,167,7143.0,7189.0,46.0,0.618
835,10.181,49.613,435,475,45,167,7159.0,7204.0,45.0,1.518
835,10.181,49.613,475,512,45,167,7123.0,7195.0,72.0,-0.506
835,10.181,49.613,0,44,167,241,7132.0,7169.0,37.0,0.0
835,10.181,49.613,44,97,167,241,7151.0,7181.0,30.0,1.068
835,10.181,49.613,97,145,167,241,7161.0,7192.45,31.45,1.63
835,10.181,49.613,145,195,167,241,7150.0,7183.0,33.0,1.012
835,10.181,49.613,195,243,167,241,7146.0,7175.0,29.0,0.787
835,10.181,49.613,243,293,167,241,7148.0,7178.0,30.0,0.899
835,10.181,49.613,293,342,167,241,7148.0,7183.0,35.0,0.899
835,10.181,49.613,342,393,167,241,7144.0,7182.0,38.0,0.674
835,10.181,49.613,393,442,167,241,7156.0,7185.0,29.0,1.349
835,10.181,49.613,442,490,167,241,7162.0,7190.0,28.0,1.686
835,10.181,49.613,29,75,386,506,7108.0,7147.68,39.68,-1.349
835,10.181,49.613,75,122,386,506,7119.0,7153.0,34.0,-0.731
835,10.181,49.613,122,169,386,506,7126.0,7163.0,37.0,-0.337
835,10.181,49.613,169,215,386,506,7122.0,7161.0,39.0,-0.562
835,10.181,49.613,215,262,386,506,7122.0,7162.0,40.0,-0.562
835,10.181,49.613,262,310,386,506,7124.0,7162.0,38.0,-0.45
835,10.181,49.613,310,358,386,506,7122.0,7158.0,36.0,-0.562
835,10.181,49.613,358,404,386,506,7118.0,7161.0,43.0,-0.787
835,10.181,49.613,404,452,386,506,7134.0,7169.0,35.0,0.112
835,10.181,49.613,452,489,386,506,7141.0,7175.0,34.0,0.506
835,10.181,49.613,23,71,506,591,7112.0,7146.0,34.0,-1.124
835,10.181,49.613,71,119,506,591,7126.0,7163.0,37.0,-0.337
835,10.181,49.613,119,166,506,591,7122.0,7154.0,32.0,-0.562
835,10.181,49.613,166,214,506,591,7123.0,7157.0,34.0,-0.506
835,10.181,49.613,214,262,506,591,7122.0,7154.0,32.0,-0.562
835,10.181,49.613,262,311,506,591,7121.0,7158.0,37.0,-0.618
835,10.181,49.613,311,360,506,591,7119.0,7153.0,34.0,-0.731
835,10.181,49.613,360,410,506,591,7114.0,7154.0,40.0,-1.012
835,10.181,49.613,410,459,506,591,7125.0,7157.0,32.0,-0.393
835,10.181,49.613,459,507,506,591,7130.0,7158.0,28.0,-0.112
840,10.181,49.613,19,64,38,163,7137.0,7165.0,28.0,0.026
840,10.181,49.613,64,117,38,163,7139.0,7176.0,37.0,0.13
840,10.181,49.613,117,164,38,163,7149.0,7185.0,36.0,0.649
840,10.181,49.613,164,211,38,163,7154.0,7187.0,33.0,0.908
840,10.181,49.613,211,261,38,163,7148.0,7185.0,37.0,0.597
840,10.181,49.613,261,310,38,163,7145.0,7188.0,43.0,0.441
840,10.181,49.613,310,356,38,163,7156.0,7191.0,35.0,1.012
840,10.181,49.613,356,402,38,163,7158.0,7203.0,45.0,1.116
840,10.181,49.613,402,466,38,163,7131.0,7195.14,64.14,-0.285
840,10.181,49.613,466,512,38,163,7140.0,7189.0,49.0,0.182
840,10.181,49.613,14,64,163,236,7149.0,7183.0,34.0,0.649
840,10.181,49.613,64,113,163,236,7153.0,7187.0,34.0,0.856
840,10.181,49.613,113,162,163,236,7153.0,7182.0,29.0,0.856
840,10.181,49.613,162,211,163,236,7151.0,7179.0,28.0,0.752
840,10.181,49.613,211,260,163,236,7149.0,7184.0,35.0,0.649
840,10.181,49.613,260,311,163,236,7144.0,7182.0,38.0,0.389
840,10.181,49.613,311,362,163,236,7154.0,7183.0,29.0,0.908
840,10.181,49.613,362,409,163,236,7164.0,7189.0,25.0,1.427
840,10.181,49.613,409,456,163,236,7161.0,7189.0,28.0,1.271
840,10.181,49.613,456,505,163,236,7151.0,7186.0,35.0,0.752
840,10.181,49.613,2,43,373,501,7121.0,7150.0,29.0,-0.804
840,10.181,49.613,43,97,373,501,7119.0,7158.0,39.0,-0.908
840,10.181,49.613,97,140,373,501,7121.0,7161.0,40.0,-0.804
840,10.181,49.613,140,184,373,501,7125.0,7164.0,39.0,-0.597
840,10.181,49.613,184,232,373,501,7125.0,7163.0,38.0,-0.597
840,10.181,49.613,232,279,373,501,7124.0,7158.0,34.0,-0.649
840,10.181,49.613,279,325,373,501,7122.0,7159.0,37.0,-0.752
840,10.181,49.613,325,373,373,501,7136.0,7171.58,35.58,-0.026
840,10.181,49.613,373,416,373,501,7144.0,7179.0,35.0,0.389
840,10.181,49.613,416,451,373,501,7139.0,7183.0,44.0,0.13
840,10.181,49.613,451,508,373,501,7127.0,7170.0,43.0,-0.493
840,10.181,49.613,0,38,501,587,7123.0,7156.0,33.0,-0.7
840,10.181,49.613,38,87,501,587,7119.0,7151.0,32.0,-0.908
840,10.181,49.613,87,135,501,587,7121.0,7155.0,34.0,-0.804
840,10.181,49.613,135,182,501,587,7121.0,7151.0,30.0,-0.804
840,10.181,49.613,182,231,501,587,7121.0,7156.0,35.0,-0.804
840,10.181,49.613,231,278,501,587,7123.0,7169.0,46.0,-0.7
840,10.181,49.613,278,331,501,587,7115.0,7156.0,41.0,-1.116
840,10.181,49.613,331,378,501,587,7128.0,7159.0,31.0,-0.441
840,10.181,49.613,378,426,501,587,7136.0,7163.0,27.0,-0.026
840,10.181,49.613,426,475,501,587,7132.0,7160.0,28.0,-0.233
840,10.181,49.613,475,512,501,587,7127.0,7162.0,35.0,-0.493
845,10.181,49.613,0,39,50,153,7137.0,7167.0,30.0,-0.323
845,10.181,49.613,39,89,50,153,7141.0,7175.0,34.0,-0.088
845,10.181,49.613,89,134,50,153,7154.0,7187.0,33.0,0.674
845,10.181,49.613,134,184,50,153,7152.0,7188.0,36.0,0.557
845,10.181,49.613,184,233,50,153,7147.0,7188.0,41.0,0.264
845,10.181,49.613,233,282,50,153,7157.0,7190.0,33.0,0.85
845,10.181,49.613,282,351,50,153,7158.0,7201.0,43.0,0.909
845,10.181,49.613,351,422,50,153,7149.0,7192.0,43.0,0.381
845,10.181,49.613,422,469,50,153,7159.0,7193.0,34.0,0.968
845,10.181,49.613,469,512,50,153,7154.0,7181.0,27.0,0.674
845,10.181,49.613,33,83,153,230,7145.0,7177.0,32.0,0.147
845,10.181,49.613,83,131,153,230,7157.0,7189.0,32.0,0.85
845,10.181,49.613,131,181,153,230,7154.0,7189.0,35.0,0.674
845,10.181,49.613,181,234,153,230,7144.0,7182.0,38.0,0.088
845,10.181,49.613,234,283,153,230,7154.0,7182.0,28.0,0.674
845,10.181,49.613,283,331,153,230,7159.0,7189.0,30.0,0.968
845,10.181,49.613,331,379,153,230,7158.0,7187.0,29.0,0.909
845,10.181,49.613,379,428,153,230,7151.0,7187.0,36.0,0.499
845,10.181,49.613,428,477,153,230,7153.0,7189.0,36.0,0.616
845,10.181,49.613,477,512,153,230,7151.0,7188.0,37.0,0.499
845,10.181,49.613,15,61,367,494,7119.0,7158.0,39.0,-1.378
845,10.181,49.613,61,108,367,494,7123.0,7162.0,39.0,-1.144
845,10.181,49.613,108,155,367,494,7126.0,7164.0,38.0,-0.968
845,10.181,49.613,155,204,367,494,7126.0,7161.0,35.0,-0.968
845,10.181,49.613,204,251,367,494,7123.0,7161.0,38.0,-1.144
845,10.181,49.613,251,300,367,494,7137.0,7173.0,36.0,-0.323
845,10.181,49.613,300,347,367,494,7145.0,7179.0,34.0,0.147
845,10.181,49.613,347,393,367,494,7145.0,7184.0,39.0,0.147
845,10.181,49.613,393,439,367,494,7134.0,7174.0,40.0,-0.499
845,10.181,49.613,439,487,367,494,7133.0,7181.0,48.0,-0.557
845,10.181,49.613,254,302,494,579,7129.0,7162.0,33.0,-0.792
845,10.181,49.613,302,349,494,579,7137.0,7163.0,26.0,-0.323
845,10.181,49.613,349,398,494,579,7134.0,7164.0,30.0,-0.499
845,10.181,49.613,398,446,494,579,7129.0,7165.0,36.0,-0.792
845,10.181,49.613,446,493,494,579,7126.0,7169.0,43.0,-0.968
845,10.181,49.613,7,57,498,581,7119.0,7152.0,33.0,-1.378
845,10.181,49.613,57,106,498,581,7119.0,7149.0,30.0,-1.378
845,10.181,49.613,106,154,498,581,7121.0,7155.78,34.78,-1.261
845,10.181,49.613,154,201,498,581,7122.0,7155.0,33.0,-1.202
845,10.181,49.613,201,253,498,581,7117.0,7157.0,40.0,-1.496
850,10.181,49.613,3,54,47,148,7144.0,7178.84,34.84,-0.135
850,10.181,49.613,54,104,47,148,7145.0,7181.0,36.0,-0.067
850,10.181,49.613,104,154,47,148,7149.0,7184.57,35.57,0.202
850,10.181,49.613,154,205,47,148,7156.0,7190.0,34.0,0.674
850,10.181,49.613,205,253,47,148,7164.0,7203.0,39.0,1.214
850,10.181,49.613,253,299,47,148,7161.0,7197.0,36.0,1.012
850,10.181,49.613,299,349,47,148,7152.0,7190.0,38.0,0.405
850,10.181,49.613,349,396,47,148,7159.0,7191.88,32.88,0.877
850,10.181,49.613,396,443,47,148,7156.0,7184.0,28.0,0.674
850,10.181,49.613,443,496,47,148,7142.0,7188.0,46.0,-0.27
850,10.181,49.613,0,48,148,226,7146.0,7177.06,31.06,0.0
850,10.181,49.613,48,97,148,226,7151.0,7188.0,37.0,0.337
850,10.181,49.613,97,152,148,226,7151.0,7191.0,40.0,0.337
850,10.181,49.613,152,203,148,226,7157.0,7186.0,29.0,0.742
850,10.181,49.613,203,253,148,226,7162.0,7190.44,28.44,1.079
850,10.181,49.613,253,303,148,226,7159.0,7189.0,30.0,0.877
850,10.181,49.613,303,352,148,226,7152.0,7187.0,35.0,0.405
850,10.181,49.613,352,402,148,226,7153.0,7187.0,34.0,0.472
850,10.181,49.613,402,450,148,226,7157.0,7191.0,34.0,0.742
850,10.181,49.613,450,504,148,226,7153.0,7189.0,36.0,0.472
850,10.181,49.613,28,76,367,497,7123.0,7161.0,38.0,-1.551
850,10.181,49.613,76,125,367,497,7124.0,7159.0,35.0,-1.484
850,10.181,49.613,125,176,367,497,7123.0,7161.0,38.0,-1.551
850,10.181,49.613,176,224,367,497,7139.0,7175.0,36.0,-0.472
850,10.181,49.613,224,272,367,497,7147.0,7179.84,32.84,0.067
850,10.181,49.613,272,320,367,497,7146.0,7183.0,37.0,0.0
850,10.181,49.613,320,367,367,497,7139.0,7176.31,37.31,-0.472
850,10.181,49.613,367,415,367,497,7137.0,7183.0,46.0,-0.607
850,10.181,49.613,415,462,367,497,7132.0,7174.0,42.0,-0.944
850,10.181,49.613,462,509,367,497,7132.0,7173.0,41.0,-0.944
850,10.181,49.613,175,224,497,584,7131.0,7161.0,30.0,-1.012
850,10.181,49.613,224,273,497,584,7141.0,7172.44,31.44,-0.337
850,10.181,49.613,273,323,497,584,7137.0,7166.0,29.0,-0.607
850,10.181,49.613,323,371,497,584,7131.0,7168.0,37.0,-1.012
850,10.181,49.613,371,420,497,584,7130.0,7172.0,42.0,-1.079
850,10.181,49.613,420,469,497,584,7127.0,7161.0,34.0,-1.282
850,10.181,49.613,469,512,497,584,7125.0,7162.0,37.0,-1.416
855,10.181,49.613,24,78,39,149,7139.0,7181.0,42.0,-0.739
855,10.181,49.613,78,128,39,149,7154.0,7188.0,34.0,0.225
855,10.181,49.613,128,177,39,149,7162.0,7201.0,39.0,0.739
855,10.181,49.613,177,225,39,149,7158.0,7199.0,41.0,0.482
855,10.181,49.613,225,274,39,149,7152.0,7191.0,39.0,0.096
855,10.181,49.613,274,320,39,149,7161.0,7193.98,32.98,0.674
855,10.181,49.613,320,372,39,149,7153.0,7183.0,30.0,0.161
855,10.181,49.613,372,416,39,149,7153.0,7191.0,38.0,0.161
855,10.181,49.613,416,464,39,149,7153.0,7193.0,40.0,0.161
855,10.181,49.613,464,503,39,149,7155.0,7197.0,42.0,0.289
855,10.181,49.613,20,72,149,224,7146.0,7184.0,38.0,-0.289
855,10.181,49.613,72,124,149,224,7164.0,7193.0,29.0,0.867
855,10.181,49.613,124,174,149,224,7166.0,7194.0,28.0,0.996
855,10.181,49.613,174,225,149,224,7162.0,7191.0,29.0,0.739
855,10.181,49.613,225,275,149,224,7153.0,7189.0,36.0,0.161
855,10.181,49.613,275,325,149,224,7154.0,7190.0,36.0,0.225
855,10.181,49.613,325,373,149,224,7157.0,7193.0,36.0,0.418
855,10.181,49.613,373,422,149,224,7159.0,7193.0,34.0,0.546
855,10.181,49.613,422,471,149,224,7163.0,7193.0,30.0,0.803
855,10.181,49.613,471,512,149,224,7161.0,7190.0,29.0,0.674
855,10.181,49.613,0,49,365,495,7124.0,7158.0,34.0,-1.702
855,10.181,49.613,49,101,365,495,7121.0,7161.0,40.0,-1.895
855,10.181,49.613,101,147,365,495,7141.0,7175.0,34.0,-0.61
855,10.181,49.613,147,196,365,495,7149.0,7182.0,33.0,-0.096
855,10.181,49.613,196,244,365,495,7148.0,7187.0,39.0,-0.161
855,10.181,49.613,244,293,365,495,7139.0,7178.0,39.0,-0.739
855,10.181,49.613,293,341,365,495,7139.0,7184.0,45.0,-0.739
855,10.181,49.613,341,388,365,495,7138.0,7177.0,39.0,-0.803
855,10.181,49.613,388,439,365,495,7134.0,7177.49,43.49,-1.06
855,10.181,49.613,439,482,365,495,7153.0,7184.0,31.0,0.161
855,10.181,49.613,95,146,495,583,7129.0,7161.0,32.0,-1.381
855,10.181,49.613,146,196,495,583,7139.0,7166.0,27.0,-0.739
855,10.181,49.613,196,245,495,583,7140.0,7168.0,28.0,-0.674
855,10.181,49.613,245,295,495,583,7134.0,7171.0,37.0,-1.06
855,10.181,49.613,295,345,495,583,7132.0,7176.0,44.0,-1.188
855,10.181,49.613,345,393,495,583,7131.0,7166.0,35.0,-1.253
855,10.181,49.613,393,441,495,583,7129.0,7167.0,38.0,-1.381
855,10.181,49.613,441,491,495,583,7142.0,7178.0,36.0,-0.546
860,10.181,49.613,2,51,51,148,7149.0,7182.0,33.0,-0.317
860,10.181,49.613,51,103,51,148,7159.0,7200.0,41.0,0.476
860,10.181,49.613,103,151,51,148,7162.0,7194.0,32.0,0.714
860,10.181,49.613,151,200,51,148,7154.0,7191.0,37.0,0.079
860,10.181,49.613,200,249,51,148,7159.0,7195.0,36.0,0.476
860,10.181,49.613,249,294,51,148,7158.0,7188.0,30.0,0.397
860,10.181,49.613,294,343,51,148,7151.0,7189.0,38.0,-0.159
860,10.181,49.613,343,391,51,148,7156.0,7195.0,39.0,0.238
860,10.181,49.613,391,438,51,148,7162.0,7203.0,41.0,0.714
860,10.181,49.613,438,485,51,148,7162.0,7199.0,37.0,0.714
860,10.181,49.613,0,47,148,226,7158.0,7185.0,27.0,0.397
860,10.181,49.613,47,96,148,226,7172.0,7200.0,28.0,1.508
860,10.181,49.613,96,148,148,226,7167.0,7198.0,31.0,1.111
860,10.181,49.613,148,197,148,226,7158.0,7194.0,36.0,0.397
860,10.181,49.613,197,247,148,226,7158.0,7193.0,35.0,0.397
860,10.181,49.613,247,297,148,226,7158.0,7193.0,35.0,0.397
860,10.181,49.613,297,346,148,226,7159.0,7194.0,35.0,0.476
860,10.181,49.613,346,395,148,226,7165.0,7197.0,32.0,0.952
860,10.181,49.613,395,444,148,226,7162.0,7193.0,31.0,0.714
860,10.181,49.613,444,493,148,226,7161.0,7190.19,29.19,0.635
860,10.181,49.613,22,70,372,493,7139.0,7174.0,35.0,-1.111
860,10.181,49.613,70,120,372,493,7149.0,7182.32,33.32,-0.317
860,10.181,49.613,120,168,372,493,7152.0,7188.0,36.0,-0.079
860,10.181,49.613,168,216,372,493,7139.0,7180.08,41.08,-1.111
860,10.181,49.613,216,263,372,493,7146.0,7187.0,41.0,-0.555
860,10.181,49.613,263,311,372,493,7140.0,7179.0,39.0,-1.032
860,10.181,49.613,311,359,372,493,7144.0,7178.0,34.0,-0.714
860,10.181,49.613,359,405,372,493,7157.0,7187.0,30.0,0.317
860,10.181,49.613,405,452,372,493,7155.0,7187.0,32.0,0.159
860,10.181,49.613,452,500,372,493,7148.0,7187.0,39.0,-0.397
860,10.181,49.613,15,67,493,582,7130.0,7160.0,30.0,-1.825
860,10.181,49.613,67,117,493,582,7141.0,7168.0,27.0,-0.952
860,10.181,49.613,117,165,493,582,7140.0,7168.0,28.0,-1.032
860,10.181,49.613,165,215,493,582,7136.0,7172.0,36.0,-1.349
860,10.181,49.613,215,264,493,582,7136.0,7181.0,45.0,-1.349
860,10.181,49.613,264,313,493,582,7133.0,7168.0,35.0,-1.587
860,10.181,49.613,313,363,493,582,7132.0,7171.0,39.0,-1.666
860,10.181,49.613,363,410,493,582,7148.0,7184.98,36.98,-0.397
860,10.181,49.613,410,458,493,582,7143.0,7184.0,41.0,-0.794
860,10.181,49.613,458,507,493,582,7137.0,7172.0,35.0,-1.27
865,10.181,49.613,19,70,150,227,7162.0,7191.12,29.12,0.787
865,10.181,49.613,70,120,150,227,7163.0,7200.0,37.0,0.843
865,10.181,49.613,120,169,150,227,7161.0,7194.95,33.95,0.731
865,10.181,49.613,169,218,150,227,7158.0,7194.0,36.0,0.562
865,10.181,49.613,218,268,150,227,7158.0,7194.0,36.0,0.562
865,10.181,49.613,268,317,150,227,7163.0,7194.0,31.0,0.843
865,10.181,49.613,317,365,150,227,7161.0,7192.0,31.0,0.731
865,10.181,49.613,365,413,150,227,7159.0,7191.0,32.0,0.618
865,10.181,49.613,413,463,150,227,7158.0,7191.0,33.0,0.562
865,10.181,49.613,463,512,150,227,7155.0,7185.0,30.0,0.393
865,10.181,49.613,0,38,495,582,7136.0,7161.0,25.0,-0.674
865,10.181,49.613,38,88,495,582,7137.0,7164.0,27.0,-0.618
865,10.181,49.613,88,135,495,582,7134.0,7170.0,36.0,-0.787
865,10.181,49.613,135,186,495,582,7134.0,7178.0,44.0,-0.787
865,10.181,49.613,186,235,495,582,7132.0,7167.1,35.1,-0.899
865,10.181,49.613,235,284,495,582,7133.0,7171.16,38.16,-0.843
865,10.181,49.613,284,333,495,582,7148.0,7185.0,37.0,0.0
865,10.181,49.613,333,382,495,582,7144.0,7186.0,42.0,-0.225
865,10.181,49.613,382,428,495,582,7140.0,7175.0,35.0,-0.45
865,10.181,49.613,428,476,495,582,7139.0,7176.0,37.0,-0.506
865,10.181,49.613,476,512,495,582,7133.0,7168.75,35.75,-0.843
995,10.181,49.613,0,38,0,117,7101.0,7131.0,30.0,-1.619
995,10.181,49.613,38,92,0,117,7104.0,7136.0,32.0,-1.214
995,10.181,49.613,92,145,0,117,7102.0,7133.93,31.93,-1.484
995,10.181,49.613,145,198,0,117,7108.0,7136.0,28.0,-0.674
995,10.181,49.613,198,250,0,117,7119.0,7152.0,33.0,0.809
995,10.181,49.613,250,302,0,117,7122.0,7152.0,30.0,1.214
995,10.181,49.613,302,352,0,117,7123.0,7148.0,25.0,1.349
995,10.181,49.613,352,404,0,117,7125.0,7175.0,50.0,1.619
995,10.181,49.613,404,448,0,117,7127.0,7148.0,21.0,1.889
995,10.181,49.613,448,512,0,117,7096.0,7146.0,50.0,-2.293
995,10.181,49.613,16,68,368,488,7109.0,7141.0,32.0,-0.54
995,10.181,49.613,68,121,368,488,7114.0,7145.0,31.0,0.135
995,10.181,49.613,121,172,368,488,7116.0,7147.0,31.0,0.405
995,10.181,49.613,172,224,368,488,7110.0,7142.0,32.0,-0.405
995,10.181,49.613,224,276,368,488,7113.0,7147.0,34.0,0.0
995,10.181,49.613,276,327,368,488,7117.0,7149.05,32.05,0.54
995,10.181,49.613,327,377,368,488,7114.0,7148.0,34.0,0.135
995,10.181,49.613,377,429,368,488,7115.0,7150.0,35.0,0.27
995,10.181,49.613,429,476,368,488,7110.0,7139.0,29.0,-0.405
995,10.181,49.613,476,512,368,488,7100.0,7130.0,30.0,-1.754
995,10.181,49.613,10,63,486,582,7107.0,7135.0,28.0,-0.809
995,10.181,49.613,63,117,486,582,7109.0,7138.0,29.0,-0.54
995,10.181,49.613,117,169,486,582,7113.0,7143.0,30.0,0.0
995,10.181,49.613,169,223,486,582,7106.0,7143.0,37.0,-0.944
995,10.181,49.613,223,278,486,582,7113.0,7147.0,34.0,0.0
995,10.181,49.613,278,331,486,582,7119.0,7148.0,29.0,0.809
995,10.181,49.613,331,382,486,582,7116.0,7143.0,27.0,0.405
995,10.181,49.613,382,434,486,582,7113.0,7141.0,28.0,0.0
995,10.181,49.613,434,485,486,582,7108.0,7136.0,28.0,-0.674
1000,10.181,49.613,13,68,0,115,7113.0,7136.0,23.0,0.0
1000,10.181,49.613,68,122,0,115,7106.0,7140.0,34.0,-1.574
1000,10.181,49.613,122,175,0,115,7109.0,7142.0,33.0,-0.899
1000,10.181,49.613,175,227,0,115,7104.0,7137.0,33.0,-2.023
1000,10.181,49.613,227,279,0,115,7110.0,7139.0,29.0,-0.674
1000,10.181,49.613,279,332,0,115,7118.0,7153.0,35.0,1.124
1000,10.181,49.613,332,383,0,115,7122.0,7153.0,31.0,2.023
1000,10.181,49.613,383,434,0,115,7122.0,7146.0,24.0,2.023
1000,10.181,49.613,434,486,0,115,7122.5,7172.0,49.5,2.136
1000,10.181,49.613,5,63,115,192,7118.0,7154.0,36.0,1.124
1000,10.181,49.613,63,118,115,192,7112.0,7154.0,42.0,-0.225
1000,10.181,49.613,118,172,115,192,7117.0,7157.0,40.0,0.899
1000,10.181,49.613,172,226,115,192,7115.5,7150.0,34.5,0.562
1000,10.181,49.613,226,283,115,192,7113.0,7146.0,33.0,0.0
1000,10.181,49.613,283,336,115,192,7127.0,7159.0,32.0,3.148
1000,10.181,49.613,336,389,115,192,7126.0,7160.0,34.0,2.923
1000,10.181,49.613,389,442,115,192,7124.0,7160.0,36.0,2.473
1000,10.181,49.613,442,495,115,192,7123.0,7159.0,36.0,2.248
1000,10.181,49.613,0,46,372,485,7111.0,7142.0,31.0,-0.45
1000,10.181,49.613,46,95,372,485,7114.0,7146.0,32.0,0.225
1000,10.181,49.613,95,149,372,485,7111.0,7145.0,34.0,-0.45
1000,10.181,49.613,149,201,372,485,7116.0,7148.0,32.0,0.674
1000,10.181,49.613,201,253,372,485,7116.0,7148.0,32.0,0.674
1000,10.181,49.613,253,303,372,485,7112.0,7143.0,31.0,-0.225
1000,10.181,49.613,303,356,372,485,7113.0,7148.0,35.0,0.0
1000,10.181,49.613,356,406,372,485,7118.0,7148.97,30.97,1.124
1000,10.181,49.613,406,457,372,485,7112.0,7147.0,35.0,-0.225
1000,10.181,49.613,457,509,372,485,7113.0,7147.0,34.0,0.0
1000,10.181,49.613,0,40,481,577,7105.0,7133.33,28.33,-1.799
1000,10.181,49.613,40,95,481,577,7108.0,7137.0,29.0,-1.124
1000,10.181,49.613,95,145,481,577,7111.0,7138.0,27.0,-0.45
1000,10.181,49.613,145,199,481,577,7111.0,7141.0,30.0,-0.45
1000,10.181,49.613,199,252,481,577,7114.0,7147.0,33.0,0.225
1000,10.181,49.613,252,306,481,577,7108.0,7144.0,36.0,-1.124
1000,10.181,49.613,306,361,481,577,7113.0,7147.0,34.0,0.0
1000,10.181,49.613,361,412,481,577,7119.0,7147.0,28.0,1.349
1000,10.181,49.613,412,464,481,577,7113.0,7142.0,29.0,0.0
1000,10.181,49.613,464,512,481,577,7112.0,7138.0,26.0,-0.225
1005,10.181,49.613,0,39,17,107,7111.0,7129.0,18.0,-0.899
1005,10.181,49.613,39,93,17,107,7117.0,7136.0,19.0,0.45
1005,10.181,49.613,93,147,17,107,7124.0,7146.0,22.0,2.023
1005,10.181,49.613,147,198,17,107,7113.0,7146.0,33.0,-0.45
1005,10.181,49.613,198,249,17,107,7115.0,7146.0,31.0,0.0
1005,10.181,49.613,249,303,17,107,7107.0,7140.0,33.0,-1.799
1005,10.181,49.613,303,353,17,107,7112.0,7139.0,27.0,-0.674
1005,10.181,49.613,353,408,17,107,7116.0,7152.0,36.0,0.225
1005,10.181,49.613,408,465,17,107,7119.0,7151.0,32.0,0.899
1005,10.181,49.613,465,512,17,107,7121.0,7144.0,23.0,1.349
1005,10.181,49.613,0,37,107,194,7112.0,7151.0,39.0,-0.674
1005,10.181,49.613,37,90,107,194,7123.0,7162.0,39.0,1.799
1005,10.181,49.613,90,144,107,194,7129.0,7168.0,39.0,3.148
1005,10.181,49.613,144,199,107,194,7115.0,7159.0,44.0,0.0
1005,10.181,49.613,199,253,107,194,7111.0,7153.0,42.0,-0.899
1005,10.181,49.613,253,307,107,194,7111.0,7148.0,37.0,-0.899
1005,10.181,49.613,307,363,107,194,7111.0,7146.0,35.0,-0.899
1005,10.181,49.613,363,416,107,194,7126.0,7158.0,32.0,2.473
1005,10.181,49.613,416,469,107,194,7124.0,7161.42,37.42,2.023
1005,10.181,49.613,469,512,107,194,7122.0,7158.0,36.0,1.574
1005,10.181,49.613,25,78,371,481,7110.0,7142.6,32.6,-1.124
1005,10.181,49.613,78,129,371,481,7118.0,7148.0,30.0,0.674
1005,10.181,49.613,129,184,371,481,7115.0,7148.97,33.97,0.0
1005,10.181,49.613,184,234,371,481,7116.0,7145.28,29.28,0.225
1005,10.181,49.613,234,285,371,481,7117.0,7147.0,30.0,0.45
1005,10.181,49.613,285,336,371,481,7117.0,7146.33,29.33,0.45
1005,10.181,49.613,336,388,371,481,7112.0,7141.0,29.0,-0.674
1005,10.181,49.613,388,442,371,481,7112.0,7146.0,34.0,-0.674
1005,10.181,49.613,442,492,371,481,7116.0,7148.0,32.0,0.225
1005,10.181,49.613,20,74,481,581,7104.0,7134.0,30.0,-2.473
1005,10.181,49.613,74,129,481,581,7111.0,7141.0,30.0,-0.899
1005,10.181,49.613,129,182,481,581,7112.0,7141.0,29.0,-0.674
1005,10.181,49.613,182,236,481,581,7113.0,7139.0,26.0,-0.45
1005,10.181,49.613,236,289,481,581,7113.0,7143.0,30.0,-0.45
1005,10.181,49.613,289,341,481,581,7115.0,7145.0,30.0,0.0
1005,10.181,49.613,341,395,481,581,7107.0,7143.0,36.0,-1.799
1005,10.181,49.613,395,448,481,581,7113.0,7145.0,32.0,-0.45
1005,10.181,49.613,448,500,481,581,7118.0,7144.0,26.0,0.674
1010,10.181,49.613,12,63,19,112,7108.0,7131.0,23.0,-1.265
1010,10.181,49.613,63,119,19,112,7121.0,7143.0,22.0,0.927
1010,10.181,49.613,119,172,19,112,7124.0,7145.0,21.0,1.433
1010,10.181,49.613,172,224,19,112,7131.0,7153.0,22.0,2.614
1010,10.181,49.613,224,277,19,112,7117.0,7153.0,36.0,0.253
1010,10.181,49.613,277,328,19,112,7117.0,7151.0,34.0,0.253
1010,10.181,49.613,328,381,19,112,7108.0,7144.0,36.0,-1.265
1010,10.181,49.613,381,435,19,112,7112.0,7143.0,31.0,-0.59
1010,10.181,49.613,435,492,19,112,7114.0,7153.0,39.0,-0.253
1010,10.181,49.613,5,63,112,196,7112.0,7152.0,40.0,-0.59
1010,10.181,49.613,63,118,112,196,7129.0,7169.0,40.0,2.276
1010,10.181,49.613,118,172,112,196,7134.0,7174.0,40.0,3.12
1010,10.181,49.613,172,226,112,196,7132.0,7169.0,37.0,2.782
1010,10.181,49.613,226,280,112,196,7114.0,7157.0,43.0,-0.253
1010,10.181,49.613,280,334,112,196,7112.0,7152.0,40.0,-0.59
1010,10.181,49.613,334,388,112,196,7113.0,7149.0,36.0,-0.422
1010,10.181,49.613,388,444,112,196,7115.0,7148.0,33.0,-0.084
1010,10.181,49.613,444,497,112,196,7127.0,7160.0,33.0,1.939
1010,10.181,49.613,0,52,370,484,7107.0,7137.0,30.0,-1.433
1010,10.181,49.613,52,105,370,484,7107.0,7146.0,39.0,-1.433
1010,10.181,49.613,105,158,370,484,7116.0,7149.0,33.0,0.084
1010,10.181,49.613,158,208,370,484,7122.0,7153.0,31.0,1.096
1010,10.181,49.613,208,260,370,484,7118.0,7152.0,34.0,0.422
1010,10.181,49.613,260,312,370,484,7116.0,7148.0,32.0,0.084
1010,10.181,49.613,312,362,370,484,7120.0,7149.0,29.0,0.759
1010,10.181,49.613,362,413,370,484,7118.0,7147.0,29.0,0.422
1010,10.181,49.613,413,466,370,484,7111.0,7141.0,30.0,-0.759
1010,10.181,49.613,466,512,370,484,7116.0,7145.0,29.0,0.084
1010,10.181,49.613,0,48,484,584,7099.0,7123.0,24.0,-2.782
1010,10.181,49.613,48,102,484,584,7100.0,7135.0,35.0,-2.614
1010,10.181,49.613,102,156,484,584,7111.0,7141.0,30.0,-0.759
1010,10.181,49.613,156,209,484,584,7117.0,7147.0,30.0,0.253
1010,10.181,49.613,209,263,484,584,7116.0,7147.0,31.0,0.084
1010,10.181,49.613,263,315,484,584,7116.0,7143.0,27.0,0.084
1010,10.181,49.613,315,367,484,584,7115.0,7143.0,28.0,-0.084
1010,10.181,49.613,367,421,484,584,7115.0,7143.0,28.0,-0.084
1010,10.181,49.613,421,476,484,584,7106.0,7142.0,36.0,-1.602
1010,10.181,49.613,476,512,484,584,7111.0,7144.0,33.0,-0.759
1015,10.181,49.613,0,38,21,115,7102.0,7123.0,21.0,-1.855
1015,10.181,49.613,38,92,21,115,7109.0,7131.32,22.32,-0.674
1015,10.181,49.613,92,145,21,115,7112.0,7136.0,24.0,-0.169
1015,10.181,49.613,145,197,21,115,7123.0,7146.0,23.0,1.686
1015,10.181,49.613,197,250,21,115,7127.0,7149.0,22.0,2.361
1015,10.181,49.613,250,303,21,115,7130.0,7155.0,25.0,2.867
1015,10.181,49.613,303,358,21,115,7115.0,7152.0,37.0,0.337
1015,10.181,49.613,358,407,21,115,7117.5,7152.0,34.5,0.759
1015,10.181,49.613,407,465,21,115,7107.0,7144.0,37.0,-1.012
1015,10.181,49.613,465,512,21,115,7110.0,7138.0,28.0,-0.506
1015,10.181,49.613,34,89,115,200,7112.0,7149.0,37.0,-0.169
1015,10.181,49.613,89,144,115,200,7122.0,7162.0,40.0,1.518
1015,10.181,49.613,144,198,115,200,7133.0,7170.0,37.0,3.372
1015,10.181,49.613,198,253,115,200,7129.0,7168.0,39.0,2.698
1015,10.181,49.613,253,307,115,200,7129.0,7164.0,35.0,2.698
1015,10.181,49.613,307,360,115,200,7114.0,7153.0,39.0,0.169
1015,10.181,49.613,360,414,115,200,7111.0,7153.0,42.0,-0.337
1015,10.181,49.613,414,469,115,200,7113.0,7149.0,36.0,0.0
1015,10.181,49.613,469,512,115,200,7113.0,7146.0,33.0,0.0
1015,10.181,49.613,25,78,375,493,7102.0,7133.0,31.0,-1.855
1015,10.181,49.613,78,130,375,493,7107.0,7141.0,34.0,-1.012
1015,10.181,49.613,130,182,375,493,7106.0,7147.0,41.0,-1.18
1015,10.181,49.613,182,234,375,493,7115.0,7149.0,34.0,0.337
1015,10.181,49.613,234,285,375,493,7120.0,7151.0,31.0,1.18
1015,10.181,49.613,285,336,375,493,7117.0,7151.0,34.0,0.674
1015,10.181,49.613,336,388,375,493,7116.0,7147.0,31.0,0.506
1015,10.181,49.613,388,439,375,493,7117.0,7147.0,30.0,0.674
1015,10.181,49.613,439,490,375,493,7114.0,7144.0,30.0,0.169
1015,10.181,49.613,19,74,482,588,7095.0,7123.0,28.0,-3.035
1015,10.181,49.613,74,126,482,588,7102.0,7129.0,27.0,-1.855
1015,10.181,49.613,126,181,482,588,7100.0,7136.0,36.0,-2.192
1015,10.181,49.613,181,235,482,588,7111.0,7144.0,33.0,-0.337
1015,10.181,49.613,235,289,482,588,7117.0,7148.0,31.0,0.674
1015,10.181,49.613,289,341,482,588,7116.0,7146.0,30.0,0.506
1015,10.181,49.613,341,394,482,588,7113.0,7141.0,28.0,0.0
1015,10.181,49.613,394,447,482,588,7112.0,7139.0,27.0,-0.169
1015,10.181,49.613,447,500,482,588,7111.0,7138.0,27.0,-0.337
1020,10.181,49.613,11,65,20,116,7103.0,7125.0,22.0,-1.104
1020,10.181,49.613,65,119,20,116,7107.0,7132.0,25.0,-0.613
1020,10.181,49.613,119,171,20,116,7116.0,7139.0,23.0,0.491
1020,10.181,49.613,171,225,20,116,7113.0,7141.0,28.0,0.123
1020,10.181,49.613,225,275,20,116,7129.0,7152.0,23.0,2.085
1020,10.181,49.613,275,328,20,116,7127.0,7151.0,24.0,1.84
1020,10.181,49.613,328,385,20,116,7126.0,7155.69,29.69,1.717
1020,10.181,49.613,385,433,20,116,7118.0,7153.0,35.0,0.736
1020,10.181,49.613,433,487,20,116,7112.0,7150.0,38.0,0.0
1020,10.181,49.613,7,59,116,200,7107.0,7144.0,37.0,-0.613
1020,10.181,49.613,59,116,116,200,7115.0,7152.0,37.0,0.368
1020,10.181,49.613,116,170,116,200,7124.0,7161.0,37.0,1.472
1020,10.181,49.613,170,225,116,200,7127.0,7163.0,36.0,1.84
1020,10.181,49.613,225,280,116,200,7129.0,7165.57,36.57,2.085
1020,10.181,49.613,280,333,116,200,7129.0,7164.0,35.0,2.085
1020,10.181,49.613,333,387,116,200,7128.0,7163.0,35.0,1.962
1020,10.181,49.613,387,441,116,200,7113.0,7154.0,41.0,0.123
1020,10.181,49.613,441,497,116,200,7111.0,7153.0,42.0,-0.123
1020,10.181,49.613,1,48,372,493,7099.0,7131.45,32.45,-1.594
1020,10.181,49.613,48,99,372,493,7100.0,7138.0,38.0,-1.472
1020,10.181,49.613,99,153,372,493,7103.0,7139.0,36.0,-1.104
1020,10.181,49.613,153,203,372,493,7108.0,7143.0,35.0,-0.491
1020,10.181,49.613,203,254,372,493,7108.0,7149.0,41.0,-0.491
1020,10.181,49.613,254,308,372,493,7111.0,7149.0,38.0,-0.123
1020,10.181,49.613,308,359,372,493,7118.0,7152.0,34.0,0.736
1020,10.181,49.613,359,411,372,493,7114.0,7150.0,36.0,0.245
1020,10.181,49.613,411,461,372,493,7112.0,7146.0,34.0,0.0
1020,10.181,49.613,461,512,372,493,7113.0,7143.0,30.0,0.123
1020,10.181,49.613,0,41,485,587,7092.0,7117.0,25.0,-2.453
1020,10.181,49.613,41,94,485,587,7095.0,7122.4,27.4,-2.085
1020,10.181,49.613,94,149,485,587,7098.0,7126.0,28.0,-1.717
1020,10.181,49.613,149,203,485,587,7104.0,7131.0,27.0,-0.981
1020,10.181,49.613,203,258,485,587,7102.0,7138.0,36.0,-1.226
1020,10.181,49.613,258,313,485,587,7112.0,7143.0,31.0,0.0
1020,10.181,49.613,313,365,485,587,7116.0,7146.0,30.0,0.491
1020,10.181,49.613,365,418,485,587,7112.0,7141.0,29.0,0.0
1020,10.181,49.613,418,470,485,587,7110.0,7137.0,27.0,-0.245
1020,10.181,49.613,470,512,485,587,7108.0,7135.0,27.0,-0.491
1025,10.181,49.613,0,37,8,117,7094.0,7127.0,33.0,-1.518
1025,10.181,49.613,37,90,8,117,7103.0,7131.0,28.0,-0.759
1025,10.181,49.613,90,143,8,117,7109.0,7134.0,25.0,-0.253
1025,10.181,49.613,143,195,8,117,7112.0,7137.0,25.0,0.0
1025,10.181,49.613,195,248,8,117,7117.0,7142.0,25.0,0.422
1025,10.181,49.613,248,299,8,117,7118.0,7145.0,27.0,0.506
1025,10.181,49.613,299,352,8,117,7129.0,7152.0,23.0,1.433
1025,10.181,49.613,352,404,8,117,7128.0,7152.0,24.0,1.349
1025,10.181,49.613,404,457,8,117,7131.0,7158.0,27.0,1.602
1025,10.181,49.613,457,497,8,117,7118.0,7152.86,34.86,0.506
1025,10.181,49.613,30,86,117,202,7108.0,7148.0,40.0,-0.337
1025,10.181,49.613,86,140,117,202,7116.0,7153.0,37.0,0.337
1025,10.181,49.613,140,195,117,202,7125.0,7163.0,38.0,1.096
1025,10.181,49.613,195,249,117,202,7124.0,7158.0,34.0,1.012
1025,10.181,49.613,249,303,117,202,7123.0,7159.25,36.25,0.927
1025,10.181,49.613,303,358,117,202,7129.0,7166.0,37.0,1.433
1025,10.181,49.613,358,411,117,202,7131.0,7166.0,35.0,1.602
1025,10.181,49.613,411,465,117,202,7131.0,7165.0,34.0,1.602
1025,10.181,49.613,465,512,117,202,7114.0,7154.0,40.0,0.169
1025,10.181,49.613,21,73,365,488,7101.0,7131.0,30.0,-0.927
1025,10.181,49.613,73,119,365,488,7104.0,7136.0,32.0,-0.674
1025,10.181,49.613,119,174,365,488,7100.0,7141.0,41.0,-1.012
1025,10.181,49.613,174,224,365,488,7107.0,7138.0,31.0,-0.422
1025,10.181,49.613,224,276,365,488,7107.0,7142.0,35.0,-0.422
1025,10.181,49.613,276,329,365,488,7105.0,7148.0,43.0,-0.59
1025,10.181,49.613,329,382,365,488,7112.0,7149.0,37.0,0.0
1025,10.181,49.613,382,439,365,488,7113.0,7150.0,37.0,0.084
1025,10.181,49.613,439,486,365,488,7113.0,7149.0,36.0,0.084
1025,10.181,49.613,13,66,488,587,7098.0,7125.68,27.68,-1.18
1025,10.181,49.613,66,120,488,587,7095.0,7123.0,28.0,-1.433
1025,10.181,49.613,120,174,488,587,7099.0,7128.0,29.0,-1.096
1025,10.181,49.613,174,227,488,587,7099.0,7128.0,29.0,-1.096
1025,10.181,49.613,227,280,488,587,7105.0,7132.0,27.0,-0.59
1025,10.181,49.613,280,335,488,587,7103.0,7139.72,36.72,-0.759
1025,10.181,49.613,335,388,488,587,7112.0,7142.0,30.0,0.0
1025,10.181,49.613,388,441,488,587,7115.0,7143.0,28.0,0.253
1025,10.181,49.613,441,494,488,587,7111.0,7139.0,28.0,-0.084
1030,10.181,49.613,4,58,22,126,7102.0,7132.0,30.0,-0.674
1030,10.181,49.613,58,111,22,126,7106.0,7139.0,33.0,-0.315
1030,10.181,49.613,111,160,22,126,7110.0,7142.0,32.0,0.045
1030,10.181,49.613,160,214,22,126,7115.0,7141.0,26.0,0.495
1030,10.181,49.613,214,266,22,126,7116.0,7143.0,27.0,0.585
1030,10.181,49.613,266,320,22,126,7119.0,7149.0,30.0,0.854
1030,10.181,49.613,320,372,22,126,7121.0,7152.0,31.0,1.034
1030,10.181,49.613,372,425,22,126,7131.0,7157.0,26.0,1.934
1030,10.181,49.613,425,481,22,126,7127.0,7157.0,30.0,1.574
1030,10.181,49.613,0,51,126,209,7109.0,7147.0,38.0,-0.045
1030,10.181,49.613,51,108,126,209,7118.0,7152.0,34.0,0.764
1030,10.181,49.613,108,161,126,209,7124.0,7164.0,40.0,1.304
1030,10.181,49.613,161,216,126,209,7124.0,7163.0,39.0,1.304
1030,10.181,49.613,216,270,126,209,7126.0,7158.0,32.0,1.484
1030,10.181,49.613,270,324,126,209,7124.0,7157.0,33.0,1.304
1030,10.181,49.613,324,377,126,209,7127.0,7162.0,35.0,1.574
1030,10.181,49.613,377,431,126,209,7133.0,7169.0,36.0,2.113
1030,10.181,49.613,431,486,126,209,7135.0,7169.0,34.0,2.293
1030,10.181,49.613,0,41,367,493,7095.0,7125.0,30.0,-1.304
1030,10.181,49.613,41,91,367,493,7102.0,7133.0,31.0,-0.674
1030,10.181,49.613,91,140,367,493,7107.0,7138.0,31.0,-0.225
1030,10.181,49.613,140,185,367,493,7107.0,7139.0,32.0,-0.225
1030,10.181,49.613,185,246,367,493,7099.0,7143.86,44.86,-0.944
1030,10.181,49.613,246,297,367,493,7107.0,7141.0,34.0,-0.225
1030,10.181,49.613,297,348,367,493,7108.0,7144.0,36.0,-0.135
1030,10.181,49.613,348,402,367,493,7106.0,7150.0,44.0,-0.315
1030,10.181,49.613,402,452,367,493,7113.0,7151.0,38.0,0.315
1030,10.181,49.613,452,505,367,493,7115.0,7149.0,34.0,0.495
1030,10.181,49.613,0,37,493,592,7090.0,7119.0,29.0,-1.754
1030,10.181,49.613,37,87,493,592,7102.0,7130.0,28.0,-0.674
1030,10.181,49.613,87,141,493,592,7102.0,7131.0,29.0,-0.674
1030,10.181,49.613,141,194,493,592,7100.0,7129.0,29.0,-0.854
1030,10.181,49.613,194,247,493,592,7103.0,7132.0,29.0,-0.585
1030,10.181,49.613,247,300,493,592,7103.0,7132.0,29.0,-0.585
1030,10.181,49.613,300,353,493,592,7107.0,7134.0,27.0,-0.225
1030,10.181,49.613,353,408,493,592,7104.0,7138.57,34.57,-0.495
1030,10.181,49.613,408,460,493,592,7111.0,7141.0,30.0,0.135
1030,10.181,49.613,460,512,493,592,7113.0,7142.0,29.0,0.315
1035,10.181,49.613,29,83,15,132,7106.0,7136.0,30.0,-0.385
1035,10.181,49.613,83,136,15,132,7112.0,7144.0,32.0,0.193
1035,10.181,49.613,136,189,15,132,7113.0,7150.0,37.0,0.289
1035,10.181,49.613,189,239,15,132,7115.0,7146.0,31.0,0.482
1035,10.181,49.613,239,290,15,132,7122.0,7146.0,24.0,1.156
1035,10.181,49.613,290,346,15,132,7117.0,7148.0,31.0,0.674
1035,10.181,49.613,346,399,15,132,7121.0,7151.0,30.0,1.06
1035,10.181,49.613,399,447,15,132,7125.0,7152.0,27.0,1.445
1035,10.181,49.613,447,494,15,132,7135.0,7159.0,24.0,2.409
1035,10.181,49.613,22,78,132,216,7109.0,7147.0,38.0,-0.096
1035,10.181,49.613,78,133,132,216,7121.0,7160.0,39.0,1.06
1035,10.181,49.613,133,187,132,216,7132.0,7166.0,34.0,2.12
1035,10.181,49.613,187,241,132,216,7124.0,7162.0,38.0,1.349
1035,10.181,49.613,241,294,132,216,7121.0,7158.0,37.0,1.06
1035,10.181,49.613,294,348,132,216,7124.0,7158.0,34.0,1.349
1035,10.181,49.613,348,402,132,216,7124.0,7158.0,34.0,1.349
1035,10.181,49.613,402,455,132,216,7128.0,7164.0,36.0,1.734
1035,10.181,49.613,455,509,132,216,7137.0,7172.0,35.0,2.602
1035,10.181,49.613,15,51,375,498,7109.0,7138.93,29.93,-0.096
1035,10.181,49.613,51,113,375,498,7098.0,7133.0,35.0,-1.156
1035,10.181,49.613,113,169,375,498,7102.0,7137.0,35.0,-0.771
1035,10.181,49.613,169,214,375,498,7112.0,7141.0,29.0,0.193
1035,10.181,49.613,214,269,375,498,7104.0,7141.0,37.0,-0.578
1035,10.181,49.613,269,320,375,498,7108.0,7144.0,36.0,-0.193
1035,10.181,49.613,320,370,375,498,7110.0,7142.0,32.0,0.0
1035,10.181,49.613,370,420,375,498,7108.0,7143.0,35.0,-0.193
1035,10.181,49.613,420,475,375,498,7103.0,7148.0,45.0,-0.674
1035,10.181,49.613,475,512,375,498,7116.0,7148.0,32.0,0.578
1035,10.181,49.613,9,59,498,595,7103.0,7132.0,29.0,-0.674
1035,10.181,49.613,59,112,498,595,7098.0,7131.0,33.0,-1.156
1035,10.181,49.613,112,165,498,595,7106.0,7136.0,30.0,-0.385
1035,10.181,49.613,165,218,498,595,7106.0,7136.0,30.0,-0.385
1035,10.181,49.613,218,270,498,595,7103.0,7132.0,29.0,-0.674
1035,10.181,49.613,270,323,498,595,7105.0,7134.0,29.0,-0.482
1035,10.181,49.613,323,374,498,595,7104.0,7133.0,29.0,-0.578
1035,10.181,49.613,374,427,498,595,7106.0,7133.0,27.0,-0.385
1035,10.181,49.613,427,484,498,595,7102.0,7137.0,35.0,-0.771
1040,10.181,49.613,4,58,26,141,7122.0,7248.14,126.14,0.927
1040,10.181,49.613,58,107,26,141,7123.0,7148.0,25.0,1.012
1040,10.181,49.613,107,162,26,141,7109.0,7143.0,34.0,-0.169
1040,10.181,49.613,162,214,26,141,7116.0,7147.0,31.0,0.422
1040,10.181,49.613,214,264,26,141,7114.0,7152.0,38.0,0.253
1040,10.181,49.613,264,315,26,141,7116.0,7152.0,36.0,0.422
1040,10.181,49.613,315,368,26,141,7123.0,7151.0,28.0,1.012
1040,10.181,49.613,368,419,26,141,7119.0,7148.0,29.0,0.674
1040,10.181,49.613,419,472,26,141,7121.0,7153.0,32.0,0.843
1040,10.181,49.613,472,507,26,141,7123.0,7151.0,28.0,1.012
1040,10.181,49.613,0,51,141,224,7119.0,7149.0,30.0,0.674
1040,10.181,49.613,51,105,141,224,7122.0,7157.0,35.0,0.927
1040,10.181,49.613,105,160,141,224,7122.0,7158.0,36.0,0.927
1040,10.181,49.613,160,214,141,224,7127.0,7163.0,36.0,1.349
1040,10.181,49.613,214,268,141,224,7127.0,7156.29,29.29,1.349
1040,10.181,49.613,268,320,141,224,7122.0,7158.0,36.0,0.927
1040,10.181,49.613,320,374,141,224,7121.0,7156.0,35.0,0.843
1040,10.181,49.613,374,427,141,224,7124.0,7157.0,33.0,1.096
1040,10.181,49.613,427,484,141,224,7125.0,7158.0,33.0,1.18
1040,10.181,49.613,0,41,377,503,7107.0,7139.0,32.0,-0.337
1040,10.181,49.613,41,93,377,503,7112.0,7142.0,30.0,0.084
1040,10.181,49.613,93,144,377,503,7111.0,7142.0,31.0,0.0
1040,10.181,49.613,144,195,377,503,7100.0,7136.0,36.0,-0.927
1040,10.181,49.613,195,241,377,503,7109.0,7138.48,29.48,-0.169
1040,10.181,49.613,241,294,377,503,7107.0,7141.0,34.0,-0.337
1040,10.181,49.613,294,343,377,503,7107.0,7141.44,34.44,-0.337
1040,10.181,49.613,343,398,377,503,7102.0,7143.0,41.0,-0.759
1040,10.181,49.613,398,449,377,503,7104.0,7140.0,36.0,-0.59
1040,10.181,49.613,449,496,377,503,7103.0,7141.0,38.0,-0.674
1040,10.181,49.613,0,37,503,600,7096.0,7124.0,28.0,-1.265
1040,10.181,49.613,37,89,503,600,7107.0,7139.0,32.0,-0.337
1040,10.181,49.613,89,140,503,600,7106.0,7136.0,30.0,-0.422
1040,10.181,49.613,140,192,503,600,7101.5,7134.0,32.5,-0.801
1040,10.181,49.613,192,244,503,600,7107.0,7137.0,30.0,-0.337
1040,10.181,49.613,244,296,503,600,7109.0,7142.0,33.0,-0.169
1040,10.181,49.613,296,348,503,600,7103.0,7131.0,28.0,-0.674
1040,10.181,49.613,348,400,503,600,7103.0,7131.0,28.0,-0.674
1040,10.181,49.613,400,451,503,600,7100.0,7128.0,28.0,-0.927
1040,10.181,49.613,451,504,503,600,7102.0,7127.0,25.0,-0.759
1045,10.181,49.613,0,35,30,146,7125.0,7159.0,34.0,0.759
1045,10.181,49.613,35,85,30,146,7128.0,7171.0,43.0,1.012
1045,10.181,49.613,85,136,30,146,7131.0,7259.14,128.14,1.265
1045,10.181,49.613,136,187,30,146,7127.0,7155.0,28.0,0.927
1045,10.181,49.613,187,241,30,146,7114.0,7149.0,35.0,-0.169
1045,10.181,49.613,241,292,30,146,7119.0,7155.0,36.0,0.253
1045,10.181,49.613,292,344,30,146,7117.0,7158.0,41.0,0.084
1045,10.181,49.613,344,395,30,146,7118.0,7156.0,38.0,0.169
1045,10.181,49.613,395,446,30,146,7126.0,7153.0,27.0,0.843
1045,10.181,49.613,446,494,30,146,7124.0,7152.0,28.0,0.674
1045,10.181,49.613,29,82,146,227,7120.0,7159.0,39.0,0.337
1045,10.181,49.613,82,135,146,227,7131.0,7163.0,32.0,1.265
1045,10.181,49.613,135,188,146,227,7137.0,7168.0,31.0,1.771
1045,10.181,49.613,188,242,146,227,7124.0,7158.0,34.0,0.674
1045,10.181,49.613,242,295,146,227,7124.0,7158.0,34.0,0.674
1045,10.181,49.613,295,349,146,227,7127.0,7157.0,30.0,0.927
1045,10.181,49.613,349,401,146,227,7123.0,7160.0,37.0,0.59
1045,10.181,49.613,401,454,146,227,7122.0,7157.22,35.22,0.506
1045,10.181,49.613,454,508,146,227,7128.0,7159.0,31.0,1.012
1045,10.181,49.613,17,67,383,508,7109.0,7139.0,30.0,-0.59
1045,10.181,49.613,67,118,383,508,7109.0,7146.0,37.0,-0.59
1045,10.181,49.613,118,168,383,508,7118.0,7149.0,31.0,0.169
1045,10.181,49.613,168,216,383,508,7116.0,7146.0,30.0,0.0
1045,10.181,49.613,216,267,383,508,7102.0,7137.0,35.0,-1.18
1045,10.181,49.613,267,318,383,508,7108.0,7140.0,32.0,-0.674
1045,10.181,49.613,318,367,383,508,7111.0,7142.0,31.0,-0.422
1045,10.181,49.613,367,417,383,508,7106.0,7143.0,37.0,-0.843
1045,10.181,49.613,417,468,383,508,7108.0,7142.0,34.0,-0.674
1045,10.181,49.613,468,512,383,508,7108.0,7139.0,31.0,-0.674
1045,10.181,49.613,11,63,508,602,7102.0,7129.0,27.0,-1.18
1045,10.181,49.613,63,114,508,602,7105.0,7134.0,29.0,-0.927
1045,10.181,49.613,114,164,508,602,7113.0,7146.0,33.0,-0.253
1045,10.181,49.613,164,217,508,602,7109.0,7139.0,30.0,-0.59
1045,10.181,49.613,217,268,508,602,7106.0,7138.0,32.0,-0.843
1045,10.181,49.613,268,320,508,602,7111.0,7142.0,31.0,-0.422
1045,10.181,49.613,320,371,508,602,7108.0,7139.0,31.0,-0.674
1045,10.181,49.613,371,423,508,602,7101.0,7131.0,30.0,-1.265
1045,10.181,49.613,423,475,508,602,7101.0,7129.0,28.0,-1.265
1045,10.181,49.613,475,512,508,602,7099.0,7128.0,29.0,-1.433
1050,10.181,49.613,14,65,40,148,7127.0,7179.0,52.0,1.253
1050,10.181,49.613,65,113,40,148,7128.0,7170.0,42.0,1.349
1050,10.181,49.613,113,168,40,148,7127.0,7172.0,45.0,1.253
1050,10.181,49.613,168,219,40,148,7134.0,7264.29,130.29,1.927
1050,10.181,49.613,219,272,40,148,7127.0,7157.0,30.0,1.253
1050,10.181,49.613,272,324,40,148,7114.0,7153.0,39.0,0.0
1050,10.181,49.613,324,375,40,148,7119.0,7157.0,38.0,0.482
1050,10.181,49.613,375,411,40,148,7120.0,7158.0,38.0,0.578
1050,10.181,49.613,411,447,40,148,7106.0,7155.0,49.0,-0.771
1050,10.181,49.613,447,504,40,148,7115.0,7154.0,39.0,0.096
1050,10.181,49.613,6,58,148,225,7120.0,7153.0,33.0,0.578
1050,10.181,49.613,58,111,148,225,7124.0,7158.0,34.0,0.964
1050,10.181,49.613,111,164,148,225,7132.0,7170.0,38.0,1.734
1050,10.181,49.613,164,217,148,225,7139.0,7170.0,31.0,2.409
1050,10.181,49.613,217,270,148,225,7132.0,7163.0,31.0,1.734
1050,10.181,49.613,270,325,148,225,7121.0,7154.0,33.0,0.674
1050,10.181,49.613,325,378,148,225,7124.0,7158.64,34.64,0.964
1050,10.181,49.613,378,431,148,225,7128.0,7157.0,29.0,1.349
1050,10.181,49.613,431,484,148,225,7124.0,7161.0,37.0,0.964
1050,10.181,49.613,5,41,384,509,7114.0,7144.0,30.0,0.0
1050,10.181,49.613,41,87,384,509,7106.0,7138.0,32.0,-0.771
1050,10.181,49.613,87,141,384,509,7110.0,7144.0,34.0,-0.385
1050,10.181,49.613,141,192,384,509,7112.0,7148.0,36.0,-0.193
1050,10.181,49.613,192,241,384,509,7118.0,7148.0,30.0,0.385
1050,10.181,49.613,241,291,384,509,7114.0,7146.0,32.0,0.0
1050,10.181,49.613,291,339,384,509,7104.0,7137.0,33.0,-0.964
1050,10.181,49.613,339,391,384,509,7107.0,7141.0,34.0,-0.674
1050,10.181,49.613,391,444,384,509,7108.0,7139.0,31.0,-0.578
1050,10.181,49.613,444,491,384,509,7107.0,7142.0,35.0,-0.674
1050,10.181,49.613,0,35,509,600,7107.0,7132.0,25.0,-0.674
1050,10.181,49.613,35,86,509,600,7109.0,7138.0,29.0,-0.482
1050,10.181,49.613,86,135,509,600,7107.0,7136.0,29.0,-0.674
1050,10.181,49.613,135,187,509,600,7108.0,7138.0,30.0,-0.578
1050,10.181,49.613,187,240,509,600,7114.0,7146.0,32.0,0.0
1050,10.181,49.613,240,291,509,600,7112.0,7152.0,40.0,-0.193
1050,10.181,49.613,291,343,509,600,7104.0,7137.0,33.0,-0.964
1050,10.181,49.613,343,395,509,600,7108.0,7138.0,30.0,-0.578
1050,10.181,49.613,395,446,509,600,7106.0,7136.0,30.0,-0.771
1050,10.181,49.613,446,499,509,600,7098.0,7127.0,29.0,-1.542
1055,10.181,49.613,0,36,42,148,7111.0,7145.0,34.0,-0.084
1055,10.181,49.613,36,83,42,148,7125.0,7191.0,66.0,1.096
1055,10.181,49.613,83,138,42,148,7125.0,7185.0,60.0,1.096
1055,10.181,49.613,138,191,42,148,7128.0,7170.0,42.0,1.349
1055,10.181,49.613,191,241,42,148,7134.0,7175.0,41.0,1.855
1055,10.181,49.613,241,292,42,148,7132.0,7263.06,131.06,1.686
1055,10.181,49.613,292,343,42,148,7127.0,7158.0,31.0,1.265
1055,10.181,49.613,343,397,42,148,7111.0,7152.0,41.0,-0.084
1055,10.181,49.613,397,444,42,148,7120.0,7154.0,34.0,0.674
1055,10.181,49.613,444,499,42,148,7113.0,7156.0,43.0,0.084
1055,10.181,49.613,27,83,148,225,7116.5,7149.85,33.35,0.379
1055,10.181,49.613,83,133,148,225,7127.0,7160.0,33.0,1.265
1055,10.181,49.613,133,187,148,225,7134.0,7166.09,32.09,1.855
1055,10.181,49.613,187,240,148,225,7131.0,7168.0,37.0,1.602
1055,10.181,49.613,240,293,148,225,7131.0,7159.0,28.0,1.602
1055,10.181,49.613,293,347,148,225,7127.0,7157.0,30.0,1.265
1055,10.181,49.613,347,400,148,225,7118.0,7152.0,34.0,0.506
1055,10.181,49.613,400,454,148,225,7122.0,7156.0,34.0,0.843
1055,10.181,49.613,454,507,148,225,7128.0,7155.0,27.0,1.349
1055,10.181,49.613,10,58,383,509,7097.0,7132.0,35.0,-1.265
1055,10.181,49.613,58,112,383,509,7107.0,7146.0,39.0,-0.422
1055,10.181,49.613,112,161,383,509,7107.0,7139.79,32.79,-0.422
1055,10.181,49.613,161,212,383,509,7112.0,7144.81,32.81,0.0
1055,10.181,49.613,212,262,383,509,7112.0,7148.0,36.0,0.0
1055,10.181,49.613,262,312,383,509,7117.0,7149.0,32.0,0.422
1055,10.181,49.613,312,365,383,509,7110.0,7144.0,34.0,-0.169
1055,10.181,49.613,365,412,383,509,7101.0,7136.0,35.0,-0.927
1055,10.181,49.613,412,462,383,509,7104.0,7136.85,32.85,-0.674
1055,10.181,49.613,462,512,383,509,7106.0,7134.19,28.19,-0.506
1055,10.181,49.613,0,57,509,600,7092.0,7124.0,32.0,-1.686
1055,10.181,49.613,57,107,509,600,7109.0,7138.0,29.0,-0.253
1055,10.181,49.613,107,157,509,600,7111.0,7139.58,28.58,-0.084
1055,10.181,49.613,157,209,509,600,7106.0,7136.0,30.0,-0.506
1055,10.181,49.613,209,262,509,600,7108.0,7139.0,31.0,-0.337
1055,10.181,49.613,262,313,509,600,7116.0,7151.29,35.29,0.337
1055,10.181,49.613,313,365,509,600,7108.0,7139.0,31.0,-0.337
1055,10.181,49.613,365,417,509,600,7100.0,7134.0,34.0,-1.012
1055,10.181,49.613,417,468,509,600,7104.0,7133.0,29.0,-0.674
1055,10.181,49.613,468,512,509,600,7102.0,7130.0,28.0,-0.843
1060,10.181,49.613,5,57,43,146,7112.0,7144.0,32.0,-0.3
1060,10.181,49.613,57,108,43,146,7119.5,7153.0,33.5,0.262
1060,10.181,49.613,108,160,43,146,7129.0,7197.0,68.0,0.974
1060,10.181,49.613,160,210,43,146,7135.0,7189.0,54.0,1.424
1060,10.181,49.613,210,261,43,146,7131.0,7172.0,41.0,1.124
1060,10.181,49.613,261,313,43,146,7131.0,7175.0,44.0,1.124
1060,10.181,49.613,313,365,43,146,7134.0,7263.0,129.0,1.349
1060,10.181,49.613,365,416,43,146,7128.0,7159.19,31.19,0.899
1060,10.181,49.613,416,467,43,146,7117.0,7152.0,35.0,0.075
1060,10.181,49.613,467,505,43,146,7116.0,7154.0,38.0,0.0
1060,10.181,49.613,0,50,146,224,7110.0,7144.0,34.0,-0.45
1060,10.181,49.613,50,102,146,224,7116.0,7148.0,32.0,0.0
1060,10.181,49.613,102,155,146,224,7128.0,7161.0,33.0,0.899
1060,10.181,49.613,155,209,146,224,7133.0,7168.0,35.0,1.274
1060,10.181,49.613,209,262,146,224,7128.0,7160.0,32.0,0.899
1060,10.181,49.613,262,315,146,224,7125.0,7163.0,38.0,0.674
1060,10.181,49.613,315,369,146,224,7129.0,7161.0,32.0,0.974
1060,10.181,49.613,369,421,146,224,7127.0,7158.0,31.0,0.824
1060,10.181,49.613,421,474,146,224,7119.0,7152.0,33.0,0.225
1060,10.181,49.613,474,512,146,224,7124.0,7159.0,35.0,0.6
1060,10.181,49.613,31,81,383,509,7098.0,7136.0,38.0,-1.349
1060,10.181,49.613,81,131,383,509,7102.0,7138.0,36.0,-1.049
1060,10.181,49.613,131,182,383,509,7116.0,7151.0,35.0,0.0
1060,10.181,49.613,182,234,383,509,7107.0,7139.0,32.0,-0.674
1060,10.181,49.613,234,283,383,509,7114.0,7145.0,31.0,-0.15
1060,10.181,49.613,283,333,383,509,7113.0,7148.0,35.0,-0.225
1060,10.181,49.613,333,384,383,509,7118.0,7149.0,31.0,0.15
1060,10.181,49.613,384,433,383,509,7112.0,7145.0,33.0,-0.3
1060,10.181,49.613,433,500,383,509,7096.0,7135.0,39.0,-1.499
1060,10.181,49.613,25,76,509,600,7100.0,7136.0,36.0,-1.199
1060,10.181,49.613,76,128,509,600,7100.0,7129.09,29.09,-1.199
1060,10.181,49.613,128,179,509,600,7114.0,7142.0,28.0,-0.15
1060,10.181,49.613,179,231,509,600,7112.0,7142.0,30.0,-0.3
1060,10.181,49.613,231,283,509,600,7109.0,7151.0,42.0,-0.525
1060,10.181,49.613,283,335,509,600,7110.0,7141.0,31.0,-0.45
1060,10.181,49.613,335,386,509,600,7114.0,7146.0,32.0,-0.15
1060,10.181,49.613,386,438,509,600,7106.0,7137.0,31.0,-0.749
1060,10.181,49.613,438,490,509,600,7099.0,7129.0,30.0,-1.274
1065,10.181,49.613,26,78,41,147,7113.0,7141.41,28.41,-0.169
1065,10.181,49.613,78,128,41,147,7121.0,7153.0,32.0,0.371
1065,10.181,49.613,128,179,41,147,7124.0,7159.0,35.0,0.573
1065,10.181,49.613,179,231,41,147,7134.0,7201.22,67.22,1.248
1065,10.181,49.613,231,283,41,147,7134.0,7194.0,60.0,1.248
1065,10.181,49.613,283,335,41,147,7131.0,7172.0,41.0,1.045
1065,10.181,49.613,335,386,41,147,7132.0,7177.0,45.0,1.113
1065,10.181,49.613,386,438,41,147,7134.0,7259.26,125.26,1.248
1065,10.181,49.613,438,490,41,147,7126.0,7159.0,33.0,0.708
1065,10.181,49.613,19,72,147,225,7111.0,7143.0,32.0,-0.304
1065,10.181,49.613,72,125,147,225,7119.0,7157.0,38.0,0.236
1065,10.181,49.613,125,177,147,225,7128.0,7159.0,31.0,0.843
1065,10.181,49.613,177,231,147,225,7130.0,7163.0,33.0,0.978
1065,10.181,49.613,231,284,147,225,7128.0,7159.0,31.0,0.843
1065,10.181,49.613,284,337,147,225,7126.0,7157.17,31.17,0.708
1065,10.181,49.613,337,391,147,225,7124.0,7163.0,39.0,0.573
1065,10.181,49.613,391,444,147,225,7129.0,7159.0,30.0,0.911
1065,10.181,49.613,444,498,147,225,7129.0,7158.0,29.0,0.911
1065,10.181,49.613,2,52,385,511,7088.0,7131.0,43.0,-1.855
1065,10.181,49.613,52,104,385,511,7092.0,7134.0,42.0,-1.585
1065,10.181,49.613,104,155,385,511,7103.0,7141.0,38.0,-0.843
1065,10.181,49.613,155,204,385,511,7106.0,7141.0,35.0,-0.641
1065,10.181,49.613,204,253,385,511,7117.0,7152.0,35.0,0.101
1065,10.181,49.613,253,305,385,511,7108.0,7141.0,33.0,-0.506
1065,10.181,49.613,305,356,385,511,7114.0,7146.0,32.0,-0.101
1065,10.181,49.613,356,406,385,511,7112.0,7149.0,37.0,-0.236
1065,10.181,49.613,406,458,385,511,7115.0,7148.0,33.0,-0.034
1065,10.181,49.613,458,502,385,511,7111.0,7143.0,32.0,-0.304
1065,10.181,49.613,0,46,511,601,7101.0,7132.0,31.0,-0.978
1065,10.181,49.613,46,99,511,601,7101.0,7137.0,36.0,-0.978
1065,10.181,49.613,99,150,511,601,7104.0,7139.0,35.0,-0.776
1065,10.181,49.613,150,203,511,601,7103.0,7134.85,31.85,-0.843
1065,10.181,49.613,203,255,511,601,7116.0,7145.0,29.0,0.034
1065,10.181,49.613,255,307,511,601,7116.0,7151.0,35.0,0.034
1065,10.181,49.613,307,360,511,601,7108.0,7138.0,30.0,-0.506
1065,10.181,49.613,360,411,511,601,7108.0,7136.0,28.0,-0.506
1065,10.181,49.613,411,463,511,601,7111.0,7142.0,31.0,-0.304
1065,10.181,49.613,463,512,511,601,7106.0,7136.0,30.0,-0.641
1070,10.18,49.613,2,50,46,147,7121.0,7153.0,32.0,0.236
1070,10.18,49.613,50,101,46,147,7122.0,7152.0,30.0,0.304
1070,10.18,49.613,101,152,46,147,7119.0,7148.0,29.0,0.101
1070,10.18,49.613,152,203,46,147,7126.0,7157.0,31.0,0.573
1070,10.18,49.613,203,257,46,147,7127.0,7162.0,35.0,0.641
1070,10.18,49.613,257,308,46,147,7137.0,7207.0,70.0,1.315
1070,10.18,49.613,308,360,46,147,7136.0,7191.0,55.0,1.248
1070,10.18,49.613,360,411,46,147,7135.0,7176.0,41.0,1.18
1070,10.18,49.613,411,465,46,147,7132.0,7179.0,47.0,0.978
1070,10.18,49.613,465,512,46,147,7138.0,7252.93,114.93,1.383
1070,10.18,49.613,0,43,147,225,7110.0,7143.0,33.0,-0.506
1070,10.18,49.613,43,95,147,225,7117.0,7152.0,35.0,-0.034
1070,10.18,49.613,95,149,147,225,7121.0,7154.0,33.0,0.236
1070,10.18,49.613,149,203,147,225,7129.0,7166.0,37.0,0.776
1070,10.18,49.613,203,257,147,225,7124.0,7155.0,31.0,0.438
1070,10.18,49.613,257,310,147,225,7126.0,7157.0,31.0,0.573
1070,10.18,49.613,310,364,147,225,7126.0,7158.0,32.0,0.573
1070,10.18,49.613,364,418,147,225,7127.0,7157.0,30.0,0.641
1070,10.18,49.613,418,470,147,225,7127.0,7164.0,37.0,0.641
1070,10.18,49.613,470,512,147,225,7132.0,7163.0,31.0,0.978
1070,10.18,49.613,25,75,386,513,7098.0,7133.0,35.0,-1.315
1070,10.18,49.613,75,126,386,513,7092.0,7137.0,45.0,-1.72
1070,10.18,49.613,126,174,386,513,7099.0,7138.0,39.0,-1.248
1070,10.18,49.613,174,228,386,513,7105.0,7143.0,38.0,-0.843
1070,10.18,49.613,228,281,386,513,7104.0,7141.0,37.0,-0.911
1070,10.18,49.613,281,331,386,513,7118.0,7151.0,33.0,0.034
1070,10.18,49.613,331,380,386,513,7112.0,7144.0,32.0,-0.371
1070,10.18,49.613,380,430,386,513,7116.0,7147.0,31.0,-0.101
1070,10.18,49.613,430,483,386,513,7110.0,7147.89,37.89,-0.506
1070,10.18,49.613,19,69,513,603,7102.0,7133.0,31.0,-1.045
1070,10.18,49.613,69,120,513,603,7107.0,7141.0,34.0,-0.708
1070,10.18,49.613,120,173,513,603,7106.0,7143.0,37.0,-0.776
1070,10.18,49.613,173,227,513,603,7107.0,7143.0,36.0,-0.708
1070,10.18,49.613,227,280,513,603,7107.0,7149.0,42.0,-0.708
1070,10.18,49.613,280,332,513,603,7117.0,7146.0,29.0,-0.034
1070,10.18,49.613,332,384,513,603,7115.0,7145.0,30.0,-0.169
1070,10.18,49.613,384,436,513,603,7107.0,7136.0,29.0,-0.708
1070,10.18,49.613,436,488,513,603,7106.0,7133.0,27.0,-0.776
1075,10.18,49.613,26,82,45,146,7124.0,7190.52,66.52,0.754
1075,10.18,49.613,82,129,45,146,7126.0,7158.0,32.0,0.913
1075,10.18,49.613,129,181,45,146,7123.0,7150.0,27.0,0.674
1075,10.18,49.613,181,225,45,146,7123.0,7149.75,26.75,0.674
1075,10.18,49.613,225,284,45,146,7118.0,7156.0,38.0,0.278
1075,10.18,49.613,284,338,45,146,7125.0,7163.0,38.0,0.833
1075,10.18,49.613,338,387,45,146,7134.0,7202.0,68.0,1.547
1075,10.18,49.613,387,440,45,146,7131.0,7190.0,59.0,1.309
1075,10.18,49.613,440,493,45,146,7129.0,7173.0,44.0,1.151
1075,10.18,49.613,18,72,146,224,7121.0,7153.0,32.0,0.516
1075,10.18,49.613,72,126,146,224,7116.0,7152.0,36.0,0.119
1075,10.18,49.613,126,179,146,224,7126.0,7161.2,35.2,0.913
1075,10.18,49.613,179,232,146,224,7122.0,7156.0,34.0,0.595
1075,10.18,49.613,232,286,146,224,7119.0,7154.45,35.45,0.357
1075,10.18,49.613,286,339,146,224,7119.0,7149.0,30.0,0.357
1075,10.18,49.613,339,393,146,224,7121.0,7154.0,33.0,0.516
1075,10.18,49.613,393,447,146,224,7123.0,7155.0,32.0,0.674
1075,10.18,49.613,447,504,146,224,7123.0,7154.0,31.0,0.674
1075,10.18,49.613,3,50,385,512,7106.0,7131.0,25.0,-0.674
1075,10.18,49.613,50,101,385,512,7115.0,7139.0,24.0,0.04
1075,10.18,49.613,101,150,385,512,7099.0,7135.0,36.0,-1.23
1075,10.18,49.613,150,204,385,512,7093.0,7136.0,43.0,-1.706
1075,10.18,49.613,204,252,385,512,7098.0,7138.0,40.0,-1.309
1075,10.18,49.613,252,304,385,512,7104.0,7142.0,38.0,-0.833
1075,10.18,49.613,304,354,385,512,7104.0,7141.0,37.0,-0.833
1075,10.18,49.613,354,403,385,512,7114.0,7148.0,34.0,-0.04
1075,10.18,49.613,403,458,385,512,7103.0,7140.0,37.0,-0.913
1075,10.18,49.613,458,508,385,512,7110.0,7142.0,32.0,-0.357
1075,10.18,49.613,0,45,512,604,7104.0,7134.0,30.0,-0.833
1075,10.18,49.613,45,97,512,604,7107.0,7135.0,28.0,-0.595
1075,10.18,49.613,97,146,512,604,7102.0,7134.0,32.0,-0.992
1075,10.18,49.613,146,199,512,604,7106.0,7141.0,35.0,-0.674
1075,10.18,49.613,199,253,512,604,7104.0,7142.0,38.0,-0.833
1075,10.18,49.613,253,307,512,604,7106.0,7154.0,48.0,-0.674
1075,10.18,49.613,307,360,512,604,7102.0,7134.0,32.0,-0.992
1075,10.18,49.613,360,411,512,604,7113.0,7141.0,28.0,-0.119
1075,10.18,49.613,411,464,512,604,7108.0,7136.82,28.82,-0.516
1075,10.18,49.613,464,512,512,604,7100.0,7129.0,29.0,-1.151
1080,10.18,49.613,5,60,43,143,7109.0,7158.0,49.0,-0.45
1080,10.18,49.613,60,108,43,143,7131.0,7193.83,62.83,1.199
1080,10.18,49.613,108,165,43,143,7128.0,7197.0,69.0,0.974
1080,10.18,49.613,165,214,43,143,7129.0,7160.09,31.09,1.049
1080,10.18,49.613,214,268,43,143,7124.0,7153.0,29.0,0.674
1080,10.18,49.613,268,319,43,143,7122.0,7152.0,30.0,0.525
1080,10.18,49.613,319,372,43,143,7124.0,7156.0,32.0,0.674
1080,10.18,49.613,372,423,43,143,7127.0,7160.0,33.0,0.899
1080,10.18,49.613,423,476,43,143,7133.0,7199.0,66.0,1.349
1080,10.18,49.613,476,512,43,143,7134.0,7193.0,59.0,1.424
1080,10.18,49.613,0,52,143,221,7111.0,7142.0,31.0,-0.3
1080,10.18,49.613,52,107,143,221,7118.0,7153.0,35.0,0.225
1080,10.18,49.613,107,161,143,221,7132.0,7165.0,33.0,1.274
1080,10.18,49.613,161,214,143,221,7124.0,7160.17,36.17,0.674
1080,10.18,49.613,214,268,143,221,7120.0,7156.0,36.0,0.375
1080,10.18,49.613,268,322,143,221,7116.0,7149.0,33.0,0.075
1080,10.18,49.613,322,375,143,221,7117.0,7153.0,36.0,0.15
1080,10.18,49.613,375,429,143,221,7117.0,7148.0,31.0,0.15
1080,10.18,49.613,429,483,143,221,7123.0,7155.0,32.0,0.6
1080,10.18,49.613,33,83,383,510,7109.0,7136.0,27.0,-0.45
1080,10.18,49.613,83,134,383,510,7109.0,7136.0,27.0,-0.45
1080,10.18,49.613,134,185,383,510,7117.0,7143.0,26.0,0.15
1080,10.18,49.613,185,236,383,510,7100.0,7137.0,37.0,-1.124
1080,10.18,49.613,236,285,383,510,7096.0,7137.0,41.0,-1.424
1080,10.18,49.613,285,337,383,510,7097.0,7137.0,40.0,-1.349
1080,10.18,49.613,337,390,383,510,7105.0,7142.0,37.0,-0.749
1080,10.18,49.613,390,441,383,510,7103.0,7138.44,35.44,-0.899
1080,10.18,49.613,441,482,383,510,7115.0,7147.0,32.0,0.0
1080,10.18,49.613,25,75,510,602,7099.0,7130.0,31.0,-1.199
1080,10.18,49.613,75,128,510,602,7108.0,7142.0,34.0,-0.525
1080,10.18,49.613,128,183,510,602,7109.0,7140.0,31.0,-0.45
1080,10.18,49.613,183,234,510,602,7104.0,7137.0,33.0,-0.824
1080,10.18,49.613,234,287,510,602,7108.0,7155.0,47.0,-0.525
1080,10.18,49.613,287,340,510,602,7105.0,7144.0,39.0,-0.749
1080,10.18,49.613,340,394,510,602,7104.0,7141.0,37.0,-0.824
1080,10.18,49.613,394,446,510,602,7100.0,7129.75,29.75,-1.124
1080,10.18,49.613,446,500,510,602,7108.0,7135.0,27.0,-0.525
1085,10.18,49.613,0,42,43,137,7117.0,7146.0,29.0,0.225
1085,10.18,49.613,42,95,43,137,7128.0,7159.0,31.0,1.214
1085,10.18,49.613,95,150,43,137,7115.0,7165.84,50.84,0.045
1085,10.18,49.613,150,202,43,137,7134.0,7201.0,67.0,1.754
1085,10.18,49.613,202,253,43,137,7135.0,7201.41,66.41,1.844
1085,10.18,49.613,253,303,43,137,7130.0,7164.0,34.0,1.394
1085,10.18,49.613,303,358,43,137,7124.0,7154.0,30.0,0.854
1085,10.18,49.613,358,410,43,137,7121.0,7151.0,30.0,0.585
1085,10.18,49.613,410,461,43,137,7126.0,7156.0,30.0,1.034
1085,10.18,49.613,461,512,43,137,7125.0,7158.0,33.0,0.944
1085,10.18,49.613,0,35,137,215,7110.0,7139.17,29.17,-0.405
1085,10.18,49.613,35,90,137,215,7116.0,7146.0,30.0,0.135
1085,10.18,49.613,90,144,137,215,7120.0,7153.0,33.0,0.495
1085,10.18,49.613,144,198,137,215,7131.0,7165.0,34.0,1.484
1085,10.18,49.613,198,253,137,215,7129.0,7162.78,33.78,1.304
1085,10.18,49.613,253,307,137,215,7116.0,7151.0,35.0,0.135
1085,10.18,49.613,307,360,137,215,7117.0,7152.0,35.0,0.225
1085,10.18,49.613,360,414,137,215,7114.0,7148.0,34.0,-0.045
1085,10.18,49.613,414,468,137,215,7116.0,7153.0,37.0,0.135
1085,10.18,49.613,468,512,137,215,7116.0,7149.0,33.0,0.135
1085,10.18,49.613,18,67,378,506,7107.0,7139.0,32.0,-0.674
1085,10.18,49.613,67,120,378,506,7107.0,7138.89,31.89,-0.674
1085,10.18,49.613,120,170,378,506,7114.0,7139.0,25.0,-0.045
1085,10.18,49.613,170,223,378,506,7110.0,7136.0,26.0,-0.405
1085,10.18,49.613,223,274,378,506,7117.0,7141.0,24.0,0.225
1085,10.18,49.613,274,325,378,506,7100.0,7135.0,35.0,-1.304
1085,10.18,49.613,325,375,378,506,7096.0,7137.0,41.0,-1.664
1085,10.18,49.613,375,426,378,506,7095.0,7135.0,40.0,-1.754
1085,10.18,49.613,426,478,378,506,7101.0,7139.0,38.0,-1.214
1085,10.18,49.613,12,60,506,597,7112.0,7142.0,30.0,-0.225
1085,10.18,49.613,60,117,506,597,7112.0,7141.0,29.0,-0.225
1085,10.18,49.613,117,167,506,597,7103.0,7135.61,32.61,-1.034
1085,10.18,49.613,167,221,506,597,7110.0,7144.0,34.0,-0.405
1085,10.18,49.613,221,274,506,597,7112.0,7145.0,33.0,-0.225
1085,10.18,49.613,274,327,506,597,7103.0,7137.0,34.0,-1.034
1085,10.18,49.613,327,379,506,597,7106.0,7141.0,35.0,-0.764
1085,10.18,49.613,379,432,506,597,7102.0,7138.0,36.0,-1.124
1085,10.18,49.613,432,486,506,597,7099.0,7134.0,35.0,-1.394
1090,10.18,49.613,26,80,37,134,7118.0,7151.0,33.0,0.112
1090,10.18,49.613,80,130,37,134,7124.0,7153.0,29.0,0.787
1090,10.18,49.613,130,185,37,134,7130.0,7162.59,32.59,1.461
1090,10.18,49.613,185,238,37,134,7120.0,7169.0,49.0,0.337
1090,10.18,49.613,238,290,37,134,7137.0,7201.32,64.32,2.248
1090,10.18,49.613,290,343,37,134,7137.0,7203.3,66.3,2.248
1090,10.18,49.613,343,395,37,134,7132.0,7163.0,31.0,1.686
1090,10.18,49.613,395,447,37,134,7129.0,7157.0,28.0,1.349
1090,10.18,49.613,447,500,37,134,7123.0,7154.0,31.0,0.674
1090,10.18,49.613,20,75,134,212,7111.0,7147.0,36.0,-0.674
1090,10.18,49.613,75,128,134,212,7120.0,7153.0,33.0,0.337
1090,10.18,49.613,128,181,134,212,7131.0,7164.0,33.0,1.574
1090,10.18,49.613,181,236,134,212,7124.0,7157.0,33.0,0.787
1090,10.18,49.613,236,291,134,212,7123.0,7156.0,33.0,0.674
1090,10.18,49.613,291,345,134,212,7127.0,7159.0,32.0,1.124
1090,10.18,49.613,345,398,134,212,7116.0,7153.0,37.0,-0.112
1090,10.18,49.613,398,452,134,212,7118.0,7154.0,36.0,0.112
1090,10.18,49.613,452,507,134,212,7116.0,7149.0,33.0,-0.112
1090,10.18,49.613,3,53,387,499,7099.0,7127.0,28.0,-2.023
1090,10.18,49.613,53,105,387,499,7106.0,7136.71,30.71,-1.237
1090,10.18,49.613,105,157,387,499,7114.0,7145.0,31.0,-0.337
1090,10.18,49.613,157,208,387,499,7114.0,7143.0,29.0,-0.337
1090,10.18,49.613,208,259,387,499,7118.0,7141.0,23.0,0.112
1090,10.18,49.613,259,310,387,499,7115.0,7139.47,24.47,-0.225
1090,10.18,49.613,310,361,387,499,7122.0,7144.15,22.15,0.562
1090,10.18,49.613,361,414,387,499,7102.0,7137.0,35.0,-1.686
1090,10.18,49.613,414,465,387,499,7097.0,7136.0,39.0,-2.248
1090,10.18,49.613,465,512,387,499,7096.0,7133.0,37.0,-2.361
1090,10.18,49.613,0,48,499,594,7111.0,7142.0,31.0,-0.674
1090,10.18,49.613,48,102,499,594,7118.0,7151.0,33.0,0.112
1090,10.18,49.613,102,151,499,594,7117.0,7149.0,32.0,0.0
1090,10.18,49.613,151,206,499,594,7117.0,7148.0,31.0,0.0
1090,10.18,49.613,206,259,499,594,7106.0,7142.0,36.0,-1.237
1090,10.18,49.613,259,311,499,594,7116.0,7148.0,32.0,-0.112
1090,10.18,49.613,311,364,499,594,7113.0,7144.0,31.0,-0.45
1090,10.18,49.613,364,416,499,594,7103.0,7139.0,36.0,-1.574
1090,10.18,49.613,416,469,499,594,7104.0,7141.0,37.0,-1.461
1090,10.18,49.613,469,512,499,594,7099.0,7137.0,38.0,-2.023
1095,10.18,49.613,12,62,34,128,7118.0,7147.0,29.0,0.0
1095,10.18,49.613,62,114,34,128,7122.0,7158.0,36.0,0.54
1095,10.18,49.613,114,163,34,128,7124.0,7156.0,32.0,0.809
1095,10.18,49.613,163,219,34,128,7123.0,7157.0,34.0,0.674
1095,10.18,49.613,219,272,34,128,7132.0,7166.0,34.0,1.889
1095,10.18,49.613,272,324,34,128,7123.0,7172.0,49.0,0.674
1095,10.18,49.613,324,377,34,128,7136.0,7200.41,64.41,2.428
1095,10.18,49.613,377,429,34,128,7136.0,7200.0,64.0,2.428
1095,10.18,49.613,429,481,34,128,7129.0,7164.0,35.0,1.484
1095,10.18,49.613,0,55,128,206,7110.0,7146.0,36.0,-1.079
1095,10.18,49.613,55,109,128,206,7116.0,7149.0,33.0,-0.27
1095,10.18,49.613,109,163,128,206,7123.0,7159.0,36.0,0.674
1095,10.18,49.613,163,217,128,206,7126.0,7159.0,33.0,1.079
1095,10.18,49.613,217,271,128,206,7124.0,7153.0,29.0,0.809
1095,10.18,49.613,271,326,128,206,7118.0,7151.0,33.0,0.0
1095,10.18,49.613,326,381,128,206,7119.0,7153.0,34.0,0.135
1095,10.18,49.613,381,435,128,206,7124.0,7158.0,34.0,0.809
1095,10.18,49.613,435,489,128,206,7114.0,7149.0,35.0,-0.54
1095,10.18,49.613,0,36,383,498,7109.0,7135.0,26.0,-1.214
1095,10.18,49.613,36,87,383,498,7099.0,7133.35,34.35,-2.563
1095,10.18,49.613,87,139,383,498,7101.0,7132.0,31.0,-2.293
1095,10.18,49.613,139,190,383,498,7107.0,7140.0,33.0,-1.484
1095,10.18,49.613,190,242,383,498,7116.0,7147.0,31.0,-0.27
1095,10.18,49.613,242,293,383,498,7113.0,7143.0,30.0,-0.674
1095,10.18,49.613,293,341,383,498,7117.0,7142.0,25.0,-0.135
1095,10.18,49.613,341,395,383,498,7113.0,7137.0,24.0,-0.674
1095,10.18,49.613,395,446,383,498,7118.0,7142.0,24.0,0.0
1095,10.18,49.613,446,499,383,498,7097.5,7133.0,35.5,-2.765
1095,10.18,49.613,30,84,498,589,7114.0,7144.0,30.0,-0.54
1095,10.18,49.613,84,136,498,589,7116.0,7146.03,30.03,-0.27
1095,10.18,49.613,136,189,498,589,7123.0,7155.0,32.0,0.674
1095,10.18,49.613,189,241,498,589,7121.0,7151.0,30.0,0.405
1095,10.18,49.613,241,294,498,589,7122.0,7150.0,28.0,0.54
1095,10.18,49.613,294,347,498,589,7106.0,7139.0,33.0,-1.619
1095,10.18,49.613,347,399,498,589,7112.0,7144.0,32.0,-0.809
1095,10.18,49.613,399,452,498,589,7111.0,7138.0,27.0,-0.944
1095,10.18,49.613,452,505,498,589,7099.0,7131.0,32.0,-2.563
1100,10.18,49.613,0,35,33,126,7113.0,7137.66,24.66,-0.562
1100,10.18,49.613,35,89,33,126,7121.0,7151.0,30.0,0.337
1100,10.18,49.613,89,142,33,126,7124.0,7151.0,27.0,0.674
1100,10.18,49.613,142,194,33,126,7126.0,7160.0,34.0,0.899
1100,10.18,49.613,194,246,33,126,7125.0,7156.0,31.0,0.787
1100,10.18,49.613,246,297,33,126,7129.0,7162.0,33.0,1.237
1100,10.18,49.613,297,349,33,126,7133.0,7168.0,35.0,1.686
1100,10.18,49.613,349,402,33,126,7122.0,7170.0,48.0,0.45
1100,10.18,49.613,402,457,33,126,7134.0,7195.47,61.47,1.799
1100,10.18,49.613,457,510,33,126,7134.0,7195.0,61.0,1.799
1100,10.18,49.613,30,84,126,204,7112.0,7151.0,39.0,-0.674
1100,10.18,49.613,84,137,126,204,7120.0,7157.0,37.0,0.225
1100,10.18,49.613,137,190,126,204,7127.0,7162.0,35.0,1.012
1100,10.18,49.613,190,245,126,204,7121.0,7156.78,35.78,0.337
1100,10.18,49.613,245,299,126,204,7121.0,7152.0,31.0,0.337
1100,10.18,49.613,299,353,126,204,7120.0,7151.0,31.0,0.225
1100,10.18,49.613,353,408,126,204,7116.0,7149.0,33.0,-0.225
1100,10.18,49.613,408,462,126,204,7119.0,7153.0,34.0,0.112
1100,10.18,49.613,462,512,126,204,7126.0,7158.44,32.44,0.899
1100,10.18,49.613,12,63,382,497,7105.0,7132.08,27.08,-1.461
1100,10.18,49.613,63,114,382,497,7112.0,7139.0,27.0,-0.674
1100,10.18,49.613,114,166,382,497,7103.0,7137.0,34.0,-1.686
1100,10.18,49.613,166,217,382,497,7106.0,7133.0,27.0,-1.349
1100,10.18,49.613,217,268,382,497,7108.0,7139.0,31.0,-1.124
1100,10.18,49.613,268,320,382,497,7116.0,7146.0,30.0,-0.225
1100,10.18,49.613,320,371,382,497,7112.0,7142.0,30.0,-0.674
1100,10.18,49.613,371,421,382,497,7117.0,7140.0,23.0,-0.112
1100,10.18,49.613,421,472,382,497,7111.0,7137.0,26.0,-0.787
1100,10.18,49.613,472,512,382,497,7118.0,7139.0,21.0,0.0
1100,10.18,49.613,5,57,497,588,7108.0,7136.0,28.0,-1.124
1100,10.18,49.613,57,110,497,588,7117.0,7154.0,37.0,-0.112
1100,10.18,49.613,110,163,497,588,7117.0,7149.0,32.0,-0.112
1100,10.18,49.613,163,216,497,588,7117.0,7149.0,32.0,-0.112
1100,10.18,49.613,216,268,497,588,7126.0,7158.0,32.0,0.899
1100,10.18,49.613,268,321,497,588,7119.0,7152.0,33.0,0.112
1100,10.18,49.613,321,374,497,588,7118.0,7147.0,29.0,0.0
1100,10.18,49.613,374,427,497,588,7103.0,7137.0,34.0,-1.686
1100,10.18,49.613,427,479,497,588,7108.0,7141.0,33.0,-1.124
1105,10.18,49.613,2,57,34,127,7119.0,7155.9,36.9,0.0
1105,10.18,49.613,57,108,34,127,7121.0,7150.0,29.0,0.225
1105,10.18,49.613,108,160,34,127,7127.0,7156.0,29.0,0.899
1105,10.18,49.613,160,215,34,127,7128.0,7158.0,30.0,1.012
1105,10.18,49.613,215,266,34,127,7129.0,7163.49,34.49,1.124
1105,10.18,49.613,266,319,34,127,7128.0,7162.0,34.0,1.012
1105,10.18,49.613,319,369,34,127,7131.0,7162.0,31.0,1.349
1105,10.18,49.613,369,426,34,127,7128.0,7165.0,37.0,1.012
1105,10.18,49.613,426,477,34,127,7124.0,7171.0,47.0,0.562
1105,10.18,49.613,477,512,34,127,7134.0,7198.0,64.0,1.686
1105,10.18,49.613,0,51,127,205,7108.0,7145.0,37.0,-1.237
1105,10.18,49.613,51,103,127,205,7117.0,7152.0,35.0,-0.225
1105,10.18,49.613,103,159,127,205,7123.0,7162.0,39.0,0.45
1105,10.18,49.613,159,212,127,205,7128.0,7164.0,36.0,1.012
1105,10.18,49.613,212,266,127,205,7121.0,7153.0,32.0,0.225
1105,10.18,49.613,266,320,127,205,7117.0,7153.0,36.0,-0.225
1105,10.18,49.613,320,374,127,205,7119.0,7151.0,32.0,0.0
1105,10.18,49.613,374,428,127,205,7120.0,7150.51,30.51,0.112
1105,10.18,49.613,428,483,127,205,7119.0,7152.0,33.0,0.0
1105,10.18,49.613,29,82,383,499,7109.0,7136.0,27.0,-1.124
1105,10.18,49.613,82,133,383,499,7108.0,7136.0,28.0,-1.237
1105,10.18,49.613,133,186,383,499,7114.0,7141.0,27.0,-0.562
1105,10.18,49.613,186,237,383,499,7105.0,7138.0,33.0,-1.574
1105,10.18,49.613,237,289,383,499,7105.0,7133.0,28.0,-1.574
1105,10.18,49.613,289,340,383,499,7108.0,7139.0,31.0,-1.237
1105,10.18,49.613,340,391,383,499,7115.0,7146.0,31.0,-0.45
1105,10.18,49.613,391,440,383,499,7112.0,7141.0,29.0,-0.787
1105,10.18,49.613,440,493,383,499,7113.0,7139.0,26.0,-0.674
1105,10.18,49.613,24,79,499,590,7109.0,7139.0,30.0,-1.124
1105,10.18,49.613,79,131,499,590,7112.0,7138.0,26.0,-0.787
1105,10.18,49.613,131,183,499,590,7119.0,7157.0,38.0,0.0
1105,10.18,49.613,183,236,499,590,7119.0,7152.0,33.0,0.0
1105,10.18,49.613,236,289,499,590,7120.0,7153.0,33.0,0.112
1105,10.18,49.613,289,343,499,590,7123.0,7154.0,31.0,0.45
1105,10.18,49.613,343,395,499,590,7118.0,7149.99,31.99,-0.112
1105,10.18,49.613,395,447,499,590,7116.0,7143.0,27.0,-0.337
1105,10.18,49.613,447,501,499,590,7100.0,7132.0,32.0,-2.136
1110,10.18,49.613,32,82,32,127,7132.0,7165.0,33.0,1.461
1110,10.18,49.613,82,135,32,127,7128.5,7163.0,34.5,1.068
1110,10.18,49.613,135,185,32,127,7126.0,7153.63,27.63,0.787
1110,10.18,49.613,185,239,32,127,7129.0,7160.5,31.5,1.124
1110,10.18,49.613,239,291,32,127,7132.0,7163.0,31.0,1.461
1110,10.18,49.613,291,345,32,127,7128.0,7168.0,40.0,1.012
1110,10.18,49.613,345,396,32,127,7128.0,7162.0,34.0,1.012
1110,10.18,49.613,396,448,32,127,7129.0,7161.0,32.0,1.124
1110,10.18,49.613,448,501,32,127,7131.0,7168.0,37.0,1.349
1110,10.18,49.613,21,77,127,205,7121.0,7159.0,38.0,0.225
1110,10.18,49.613,77,130,127,205,7118.0,7155.0,37.0,-0.112
1110,10.18,49.613,130,184,127,205,7127.0,7165.0,38.0,0.899
1110,10.18,49.613,184,239,127,205,7124.0,7161.0,37.0,0.562
1110,10.18,49.613,239,292,127,205,7122.0,7157.0,35.0,0.337
1110,10.18,49.613,292,346,127,205,7118.0,7151.0,33.0,-0.112
1110,10.18,49.613,346,400,127,205,7116.0,7152.0,36.0,-0.337
1110,10.18,49.613,400,454,127,205,7119.0,7150.0,31.0,0.0
1110,10.18,49.613,454,509,127,205,7121.0,7151.0,30.0,0.225
1110,10.18,49.613,2,54,386,495,7119.0,7145.0,26.0,0.0
1110,10.18,49.613,54,106,386,495,7126.0,7151.0,25.0,0.787
1110,10.18,49.613,106,160,386,495,7114.0,7139.0,25.0,-0.562
1110,10.18,49.613,160,209,386,495,7113.0,7138.0,25.0,-0.674
1110,10.18,49.613,209,263,386,495,7116.0,7143.0,27.0,-0.337
1110,10.18,49.613,263,314,386,495,7108.0,7141.0,33.0,-1.237
1110,10.18,49.613,314,365,386,495,7107.0,7133.0,26.0,-1.349
1110,10.18,49.613,365,416,386,495,7109.0,7139.0,30.0,-1.124
1110,10.18,49.613,416,470,386,495,7113.0,7144.0,31.0,-0.674
1110,10.18,49.613,470,512,386,495,7112.0,7139.0,27.0,-0.787
1110,10.18,49.613,0,49,495,591,7113.0,7142.0,29.0,-0.674
1110,10.18,49.613,49,103,495,591,7116.0,7144.0,28.0,-0.337
1110,10.18,49.613,103,155,495,591,7113.0,7144.0,31.0,-0.674
1110,10.18,49.613,155,209,495,591,7113.0,7143.0,30.0,-0.674
1110,10.18,49.613,209,262,495,591,7123.0,7162.0,39.0,0.45
1110,10.18,49.613,262,315,495,591,7121.0,7154.0,33.0,0.225
1110,10.18,49.613,315,368,495,591,7118.0,7151.0,33.0,-0.112
1110,10.18,49.613,368,421,495,591,7121.0,7153.0,32.0,0.225
1110,10.18,49.613,421,474,495,591,7113.0,7146.0,33.0,-0.674
1110,10.18,49.613,474,512,495,591,7111.0,7141.0,30.0,-0.899
1115,10.18,49.613,6,59,24,122,7127.0,7161.0,34.0,0.54
1115,10.18,49.613,59,114,24,122,7133.0,7165.0,32.0,1.349
1115,10.18,49.613,114,167,24,122,7138.0,7172.0,34.0,2.023
1115,10.18,49.613,167,219,24,122,7134.0,7170.0,36.0,1.484
1115,10.18,49.613,219,271,24,122,7129.0,7158.0,29.0,0.809
1115,10.18,49.613,271,324,24,122,7134.0,7167.0,33.0,1.484
1115,10.18,49.613,324,376,24,122,7134.0,7165.0,31.0,1.484
1115,10.18,49.613,376,428,24,122,7132.0,7168.0,36.0,1.214
1115,10.18,49.613,428,481,24,122,7129.0,7163.0,34.0,0.809
1115,10.18,49.613,0,56,122,201,7130.0,7170.0,40.0,0.944
1115,10.18,49.613,56,109,122,201,7128.0,7166.0,38.0,0.674
1115,10.18,49.613,109,164,122,201,7134.0,7174.32,40.32,1.484
1115,10.18,49.613,164,218,122,201,7125.0,7163.97,38.97,0.27
1115,10.18,49.613,218,272,122,201,7123.0,7158.0,35.0,0.0
1115,10.18,49.613,272,326,122,201,7122.0,7159.0,37.0,-0.135
1115,10.18,49.613,326,380,122,201,7122.0,7158.0,36.0,-0.135
1115,10.18,49.613,380,434,122,201,7120.0,7153.0,33.0,-0.405
1115,10.18,49.613,434,488,122,201,7119.0,7155.0,36.0,-0.54
1115,10.18,49.613,34,87,387,495,7122.0,7145.0,23.0,-0.135
1115,10.18,49.613,87,139,387,495,7126.0,7152.0,26.0,0.405
1115,10.18,49.613,139,192,387,495,7129.0,7156.0,27.0,0.809
1115,10.18,49.613,192,244,387,495,7119.0,7144.0,25.0,-0.54
1115,10.18,49.613,244,296,387,495,7114.0,7142.0,28.0,-1.214
1115,10.18,49.613,296,348,387,495,7119.0,7144.0,25.0,-0.54
1115,10.18,49.613,348,399,387,495,7111.0,7142.0,31.0,-1.619
1115,10.18,49.613,399,451,387,495,7108.0,7137.0,29.0,-2.023
1115,10.18,49.613,451,505,387,495,7107.0,7140.0,33.0,-2.158
1115,10.18,49.613,29,84,495,589,7119.0,7152.0,33.0,-0.54
1115,10.18,49.613,84,137,495,589,7121.0,7151.0,30.0,-0.27
1115,10.18,49.613,137,189,495,589,7123.0,7151.93,28.93,0.0
1115,10.18,49.613,189,244,495,589,7118.0,7149.0,31.0,-0.674
1115,10.18,49.613,244,298,495,589,7118.0,7148.0,30.0,-0.674
1115,10.18,49.613,298,351,495,589,7124.0,7162.0,38.0,0.135
1115,10.18,49.613,351,402,495,589,7123.0,7154.0,31.0,0.0
1115,10.18,49.613,402,457,495,589,7118.0,7150.0,32.0,-0.674
1115,10.18,49.613,457,512,495,589,7121.0,7151.0,30.0,-0.27
1120,10.18,49.613,0,43,25,118,7123.0,7153.0,30.0,-0.135
1120,10.18,49.613,43,97,25,118,7132.0,7162.0,30.0,1.079
1120,10.18,49.613,97,147,25,118,7135.0,7169.0,34.0,1.484
1120,10.18,49.613,147,200,25,118,7139.0,7170.0,31.0,2.023
1120,10.18,49.613,200,254,25,118,7139.0,7173.18,34.18,2.023
1120,10.18,49.613,254,306,25,118,7138.0,7173.0,35.0,1.889
1120,10.18,49.613,306,359,25,118,7131.0,7161.0,30.0,0.944
1120,10.18,49.613,359,411,25,118,7133.0,7164.0,31.0,1.214
1120,10.18,49.613,411,465,25,118,7133.0,7165.02,32.02,1.214
1120,10.18,49.613,465,512,25,118,7132.0,7166.0,34.0,1.079
1120,10.18,49.613,0,38,118,198,7122.0,7153.49,31.49,-0.27
1120,10.18,49.613,38,92,118,198,7133.0,7167.0,34.0,1.214
1120,10.18,49.613,92,147,118,198,7141.0,7179.0,38.0,2.293
1120,10.18,49.613,147,201,118,198,7138.0,7177.0,39.0,1.889
1120,10.18,49.613,201,255,118,198,7132.5,7169.0,36.5,1.147
1120,10.18,49.613,255,310,118,198,7119.0,7157.0,38.0,-0.674
1120,10.18,49.613,310,364,118,198,7120.0,7154.0,34.0,-0.54
1120,10.18,49.613,364,419,118,198,7119.0,7156.0,37.0,-0.674
1120,10.18,49.613,419,472,118,198,7122.0,7157.0,35.0,-0.27
1120,10.18,49.613,472,512,118,198,7119.0,7151.0,32.0,-0.674
1120,10.18,49.613,17,68,384,492,7122.5,7142.0,19.5,-0.202
1120,10.18,49.613,68,120,384,492,7123.0,7148.0,25.0,-0.135
1120,10.18,49.613,120,175,384,492,7124.0,7149.0,25.0,0.0
1120,10.18,49.613,175,227,384,492,7128.0,7154.0,26.0,0.54
1120,10.18,49.613,227,280,384,492,7129.0,7156.0,27.0,0.674
1120,10.18,49.613,280,332,384,492,7121.0,7146.0,25.0,-0.405
1120,10.18,49.613,332,383,384,492,7114.0,7142.0,28.0,-1.349
1120,10.18,49.613,383,436,384,492,7117.0,7144.0,27.0,-0.944
1120,10.18,49.613,436,486,384,492,7108.0,7140.0,32.0,-2.158
1120,10.18,49.613,11,65,492,588,7125.0,7154.0,29.0,0.135
1120,10.18,49.613,65,121,492,588,7124.0,7155.0,31.0,0.0
1120,10.18,49.613,121,174,492,588,7124.0,7157.0,33.0,0.0
1120,10.18,49.613,174,227,492,588,7124.0,7155.0,31.0,0.0
1120,10.18,49.613,227,280,492,588,7126.0,7152.92,26.92,0.27
1120,10.18,49.613,280,335,492,588,7119.0,7151.0,32.0,-0.674
1120,10.18,49.613,335,388,492,588,7117.0,7146.0,29.0,-0.944
1120,10.18,49.613,388,441,492,588,7122.0,7158.0,36.0,-0.27
1120,10.18,49.613,441,494,492,588,7118.0,7150.0,32.0,-0.809
1125,10.18,49.613,25,78,20,112,7120.0,7154.0,34.0,-0.578
1125,10.18,49.613,78,133,20,112,7128.0,7163.0,35.0,0.193
1125,10.18,49.613,133,186,20,112,7135.0,7169.0,34.0,0.867
1125,10.18,49.613,186,239,20,112,7137.0,7170.0,33.0,1.06
1125,10.18,49.613,239,289,20,112,7143.0,7172.0,29.0,1.638
1125,10.18,49.613,289,344,20,112,7142.0,7178.0,36.0,1.542
1125,10.18,49.613,344,394,20,112,7137.0,7172.0,35.0,1.06
1125,10.18,49.613,394,449,20,112,7128.0,7158.0,30.0,0.193
1125,10.18,49.613,449,502,20,112,7132.0,7164.0,32.0,0.578
1125,10.18,49.613,18,73,112,195,7119.0,7154.0,35.0,-0.674
1125,10.18,49.613,73,127,112,195,7133.0,7166.0,33.0,0.674
1125,10.18,49.613,127,183,112,195,7142.0,7179.0,37.0,1.542
1125,10.18,49.613,183,238,112,195,7143.0,7181.0,38.0,1.638
1125,10.18,49.613,238,292,112,195,7130.0,7169.0,39.0,0.385
1125,10.18,49.613,292,347,112,195,7126.0,7164.0,38.0,0.0
1125,10.18,49.613,347,401,112,195,7116.0,7152.0,36.0,-0.964
1125,10.18,49.613,401,455,112,195,7119.0,7155.0,36.0,-0.674
1125,10.18,49.613,455,512,112,195,7118.0,7157.0,39.0,-0.771
1125,10.18,49.613,4,51,374,490,7112.0,7134.0,22.0,-1.349
1125,10.18,49.613,51,105,374,490,7116.0,7143.0,27.0,-0.964
1125,10.18,49.613,105,158,374,490,7126.0,7144.0,18.0,0.0
1125,10.18,49.613,158,212,374,490,7124.0,7151.0,27.0,-0.193
1125,10.18,49.613,212,263,374,490,7128.0,7151.0,23.0,0.193
1125,10.18,49.613,263,315,374,490,7129.0,7154.0,25.0,0.289
1125,10.18,49.613,315,367,374,490,7129.0,7156.49,27.49,0.289
1125,10.18,49.613,367,420,374,490,7119.0,7144.0,25.0,-0.674
1125,10.18,49.613,420,471,374,490,7112.0,7141.0,29.0,-1.349
1125,10.18,49.613,471,506,374,490,7117.0,7142.0,25.0,-0.867
1125,10.18,49.613,0,48,490,586,7116.0,7150.37,34.37,-0.964
1125,10.18,49.613,48,99,490,586,7118.0,7147.0,29.0,-0.771
1125,10.18,49.613,99,155,490,586,7128.0,7159.0,31.0,0.193
1125,10.18,49.613,155,209,490,586,7128.0,7159.0,31.0,0.193
1125,10.18,49.613,209,263,490,586,7128.0,7160.74,32.74,0.193
1125,10.18,49.613,263,318,490,586,7126.0,7157.0,31.0,0.0
1125,10.18,49.613,318,371,490,586,7124.0,7152.0,28.0,-0.193
1125,10.18,49.613,371,425,490,586,7116.0,7148.0,32.0,-0.964
1125,10.18,49.613,425,478,490,586,7112.0,7141.0,29.0,-1.349
1130,10.18,49.613,2,56,23,114,7124.0,7154.88,30.88,-0.405
1130,10.18,49.613,56,112,23,114,7131.0,7164.0,33.0,0.54
1130,10.18,49.613,112,166,23,114,7127.0,7163.0,36.0,0.0
1130,10.18,49.613,166,220,23,114,7131.0,7166.0,35.0,0.54
1130,10.18,49.613,220,273,23,114,7139.0,7173.0,34.0,1.619
1130,10.18,49.613,273,327,23,114,7140.0,7176.0,36.0,1.754
1130,10.18,49.613,327,378,23,114,7142.0,7175.0,33.0,2.023
1130,10.18,49.613,378,433,23,114,7141.0,7175.0,34.0,1.889
1130,10.18,49.613,433,487,23,114,7136.5,7175.0,38.5,1.282
1130,10.18,49.613,0,53,114,194,7117.0,7153.0,36.0,-1.349
1130,10.18,49.613,53,109,114,194,7127.0,7165.0,38.0,0.0
1130,10.18,49.613,109,164,114,194,7132.0,7169.0,37.0,0.674
1130,10.18,49.613,164,220,114,194,7139.0,7173.0,34.0,1.619
1130,10.18,49.613,220,275,114,194,7139.0,7173.0,34.0,1.619
1130,10.18,49.613,275,329,114,194,7140.0,7177.0,37.0,1.754
1130,10.18,49.613,329,384,114,194,7130.0,7168.0,38.0,0.405
1130,10.18,49.613,384,438,114,194,7129.0,7166.0,37.0,0.27
1130,10.18,49.613,438,494,114,194,7118.0,7156.0,38.0,-1.214
1130,10.18,49.613,33,85,371,491,7114.0,7141.0,27.0,-1.754
1130,10.18,49.613,85,141,371,491,7114.0,7138.0,24.0,-1.754
1130,10.18,49.613,141,190,371,491,7122.0,7148.0,26.0,-0.674
1130,10.18,49.613,190,245,371,491,7127.0,7146.0,19.0,0.0
1130,10.18,49.613,245,299,371,491,7125.0,7151.0,26.0,-0.27
1130,10.18,49.613,299,350,371,491,7129.0,7152.0,23.0,0.27
1130,10.18,49.613,350,402,371,491,7130.0,7156.0,26.0,0.405
1130,10.18,49.613,402,457,371,491,7126.0,7156.96,30.96,-0.135
1130,10.18,49.613,457,509,371,491,7117.0,7143.0,26.0,-1.349
1130,10.18,49.613,29,83,491,588,7112.0,7146.0,34.0,-2.023
1130,10.18,49.613,83,138,491,588,7119.0,7156.0,37.0,-1.079
1130,10.18,49.613,138,191,491,588,7122.0,7152.0,30.0,-0.674
1130,10.18,49.613,191,246,491,588,7131.0,7162.0,31.0,0.54
1130,10.18,49.613,246,300,491,588,7131.0,7163.0,32.0,0.54
1130,10.18,49.613,300,354,491,588,7127.0,7160.0,33.0,0.0
1130,10.18,49.613,354,407,491,588,7126.0,7155.0,29.0,-0.135
1130,10.18,49.613,407,461,491,588,7122.0,7149.0,27.0,-0.674
1130,10.18,49.613,461,512,491,588,7114.0,7144.0,30.0,-1.754
1135,10.18,49.613,30,85,17,111,7121.0,7154.0,33.0,-0.63
1135,10.18,49.613,85,138,17,111,7132.0,7163.0,31.0,0.36
1135,10.18,49.613,138,192,17,111,7138.0,7171.0,33.0,0.899
1135,10.18,49.613,192,247,17,111,7131.0,7165.0,34.0,0.27
1135,10.18,49.613,247,301,17,111,7136.0,7171.0,35.0,0.719
1135,10.18,49.613,301,355,17,111,7139.0,7173.0,34.0,0.989
1135,10.18,49.613,355,407,17,111,7139.0,7173.0,34.0,0.989
1135,10.18,49.613,407,462,17,111,7139.0,7172.09,33.09,0.989
1135,10.18,49.613,462,512,17,111,7141.0,7173.0,32.0,1.169
1135,10.18,49.613,24,81,111,192,7115.5,7157.0,41.5,-1.124
1135,10.18,49.613,81,136,111,192,7126.0,7164.27,38.27,-0.18
1135,10.18,49.613,136,192,111,192,7136.0,7176.0,40.0,0.719
1135,10.18,49.613,192,247,111,192,7131.0,7165.0,34.0,0.27
1135,10.18,49.613,247,303,111,192,7134.0,7168.0,34.0,0.54
1135,10.18,49.613,303,358,111,192,7137.0,7171.0,34.0,0.809
1135,10.18,49.613,358,413,111,192,7139.0,7177.0,38.0,0.989
1135,10.18,49.613,413,468,111,192,7131.0,7169.0,38.0,0.27
1135,10.18,49.613,468,512,111,192,7128.0,7166.0,38.0,0.0
1135,10.18,49.613,7,65,375,491,7106.0,7141.0,35.0,-1.979
1135,10.18,49.613,65,115,375,491,7108.0,7140.34,32.34,-1.799
1135,10.18,49.613,115,167,375,491,7118.0,7144.0,26.0,-0.899
1135,10.18,49.613,167,220,375,491,7118.0,7141.0,23.0,-0.899
1135,10.18,49.613,220,274,375,491,7119.0,7147.0,28.0,-0.809
1135,10.18,49.613,274,327,375,491,7129.0,7148.0,19.0,0.09
1135,10.18,49.613,327,376,375,491,7128.0,7153.0,25.0,0.0
1135,10.18,49.613,376,432,375,491,7124.0,7151.0,27.0,-0.36
1135,10.18,49.613,432,483,375,491,7128.0,7153.0,25.0,0.0
1135,10.18,49.613,0,56,491,588,7108.0,7139.0,31.0,-1.799
1135,10.18,49.613,56,108,491,588,7114.5,7142.0,27.5,-1.214
1135,10.18,49.613,108,166,491,588,7114.0,7151.0,37.0,-1.259
1135,10.18,49.613,166,220,491,588,7123.0,7161.83,38.83,-0.45
1135,10.18,49.613,220,274,491,588,7124.0,7156.0,32.0,-0.36
1135,10.18,49.613,274,329,491,588,7132.0,7164.0,32.0,0.36
1135,10.18,49.613,329,382,491,588,7130.0,7161.0,31.0,0.18
1135,10.18,49.613,382,437,491,588,7124.0,7158.0,34.0,-0.36
1135,10.18,49.613,437,491,491,588,7121.0,7151.0,30.0,-0.63
1140,10.18,49.613,0,50,16,111,7123.5,7150.19,26.69,-0.145
1140,10.18,49.613,50,106,16,111,7122.0,7153.0,31.0,-0.289
1140,10.18,49.613,106,161,16,111,7126.0,7163.0,37.0,0.096
1140,10.18,49.613,161,214,16,111,7133.0,7165.0,32.0,0.771
1140,10.18,49.613,214,267,16,111,7140.0,7173.0,33.0,1.445
1140,10.18,49.613,267,324,16,111,7131.0,7167.03,36.03,0.578
1140,10.18,49.613,324,376,16,111,7136.0,7171.0,35.0,1.06
1140,10.18,49.613,376,435,16,111,7136.0,7171.0,35.0,1.06
1140,10.18,49.613,435,486,16,111,7138.0,7174.0,36.0,1.253
1140,10.18,49.613,0,46,111,193,7113.0,7151.0,38.0,-1.156
1140,10.18,49.613,46,103,111,193,7114.0,7153.39,39.39,-1.06
1140,10.18,49.613,103,158,111,193,7128.0,7170.0,42.0,0.289
1140,10.18,49.613,158,214,111,193,7130.0,7167.0,37.0,0.482
1140,10.18,49.613,214,270,111,193,7131.0,7167.0,36.0,0.578
1140,10.18,49.613,270,326,111,193,7128.0,7161.0,33.0,0.289
1140,10.18,49.613,326,382,111,193,7134.0,7166.0,32.0,0.867
1140,10.18,49.613,382,437,111,193,7137.0,7171.0,34.0,1.156
1140,10.18,49.613,437,494,111,193,7139.0,7176.0,37.0,1.349
1140,10.18,49.613,28,82,370,492,7113.0,7139.0,26.0,-1.156
1140,10.18,49.613,82,134,370,492,7111.0,7147.0,36.0,-1.349
1140,10.18,49.613,134,190,370,492,7108.0,7142.0,34.0,-1.638
1140,10.18,49.613,190,240,370,492,7119.0,7146.0,27.0,-0.578
1140,10.18,49.613,240,298,370,492,7114.0,7141.0,27.0,-1.06
1140,10.18,49.613,298,349,370,492,7122.0,7147.0,25.0,-0.289
1140,10.18,49.613,349,405,370,492,7126.0,7147.0,21.0,0.096
1140,10.18,49.613,405,454,370,492,7126.0,7150.0,24.0,0.096
1140,10.18,49.613,454,509,370,492,7123.0,7148.0,25.0,-0.193
1140,10.18,49.613,21,78,492,592,7108.0,7137.0,29.0,-1.638
1140,10.18,49.613,78,131,492,592,7112.0,7143.0,31.0,-1.253
1140,10.18,49.613,131,187,492,592,7116.0,7146.0,30.0,-0.867
1140,10.18,49.613,187,243,492,592,7117.0,7153.0,36.0,-0.771
1140,10.18,49.613,243,298,492,592,7124.0,7163.0,39.0,-0.096
1140,10.18,49.613,298,353,492,592,7123.0,7154.0,31.0,-0.193
1140,10.18,49.613,353,407,492,592,7131.0,7161.0,30.0,0.578
1140,10.18,49.613,407,461,492,592,7126.0,7156.0,30.0,0.096
1140,10.18,49.613,461,512,492,592,7122.0,7152.0,30.0,-0.289
1145,10.18,49.613,17,75,14,107,7132.0,7165.0,33.0,0.552
1145,10.18,49.613,75,129,14,107,7135.0,7164.0,29.0,0.92
1145,10.18,49.613,129,183,14,107,7133.0,7165.0,32.0,0.674
1145,10.18,49.613,183,236,14,107,7133.0,7170.0,37.0,0.674
1145,10.18,49.613,236,290,14,107,7141.0,7171.0,30.0,1.656
1145,10.18,49.613,290,343,14,107,7144.0,7177.0,33.0,2.023
1145,10.18,49.613,343,400,14,107,7134.0,7169.0,35.0,0.797
1145,10.18,49.613,400,456,14,107,7138.0,7172.43,34.43,1.288
1145,10.18,49.613,456,512,14,107,7140.0,7174.0,34.0,1.533
1145,10.18,49.613,13,67,107,192,7132.0,7169.0,37.0,0.552
1145,10.18,49.613,67,125,107,192,7124.0,7166.0,42.0,-0.429
1145,10.18,49.613,125,181,107,192,7128.0,7171.0,43.0,0.061
1145,10.18,49.613,181,237,107,192,7129.0,7170.0,41.0,0.184
1145,10.18,49.613,237,294,107,192,7127.0,7164.0,37.0,-0.061
1145,10.18,49.613,294,349,107,192,7132.0,7168.0,36.0,0.552
1145,10.18,49.613,349,406,107,192,7129.0,7163.0,34.0,0.184
1145,10.18,49.613,406,462,107,192,7137.0,7169.0,32.0,1.165
1145,10.18,49.613,462,512,107,192,7139.0,7174.0,35.0,1.41
1145,10.18,49.613,13,48,375,494,7126.0,7151.0,25.0,-0.184
1145,10.18,49.613,48,103,375,494,7130.0,7156.0,26.0,0.307
1145,10.18,49.613,103,157,375,494,7120.0,7147.0,27.0,-0.92
1145,10.18,49.613,157,211,375,494,7115.0,7151.0,36.0,-1.533
1145,10.18,49.613,211,266,375,494,7111.0,7144.0,33.0,-2.023
1145,10.18,49.613,266,317,375,494,7122.0,7147.0,25.0,-0.674
1145,10.18,49.613,317,371,375,494,7120.0,7145.0,25.0,-0.92
1145,10.18,49.613,371,424,375,494,7122.0,7149.0,27.0,-0.674
1145,10.18,49.613,424,483,375,494,7125.0,7148.0,23.0,-0.307
1145,10.18,49.613,0,43,494,594,7113.0,7136.0,23.0,-1.778
1145,10.18,49.613,43,97,494,594,7122.0,7151.0,29.0,-0.674
1145,10.18,49.613,97,155,494,594,7114.0,7146.0,32.0,-1.656
1145,10.18,49.613,155,210,494,594,7117.0,7149.0,32.0,-1.288
1145,10.18,49.613,210,266,494,594,7122.0,7152.0,30.0,-0.674
1145,10.18,49.613,266,322,494,594,7121.0,7157.0,36.0,-0.797
1145,10.18,49.613,322,376,494,594,7127.0,7164.0,37.0,-0.061
1145,10.18,49.613,376,431,494,594,7123.0,7154.0,31.0,-0.552
1145,10.18,49.613,431,486,494,594,7130.0,7159.0,29.0,0.307
1150,10.18,49.613,0,39,8,108,7124.0,7150.0,26.0,0.0
1150,10.18,49.613,39,98,8,108,7124.0,7167.0,43.0,0.0
1150,10.18,49.613,98,152,8,108,7142.0,7170.0,28.0,1.734
1150,10.18,49.613,152,206,8,108,7137.0,7167.0,30.0,1.253
1150,10.18,49.613,206,261,8,108,7136.0,7169.0,33.0,1.156
1150,10.18,49.613,261,314,8,108,7136.0,7173.0,37.0,1.156
1150,10.18,49.613,314,368,8,108,7140.0,7171.0,31.0,1.542
1150,10.18,49.613,368,424,8,108,7142.0,7177.0,35.0,1.734
1150,10.18,49.613,424,478,8,108,7135.0,7170.0,35.0,1.06
1150,10.18,49.613,0,38,108,190,7116.0,7158.0,42.0,-0.771
1150,10.18,49.613,38,93,108,190,7128.0,7159.0,31.0,0.385
1150,10.18,49.613,93,150,108,190,7142.0,7182.0,40.0,1.734
1150,10.18,49.613,150,206,108,190,7131.0,7172.0,41.0,0.674
1150,10.18,49.613,206,263,108,190,7124.0,7163.0,39.0,0.0
1150,10.18,49.613,263,319,108,190,7127.0,7167.0,40.0,0.289
1150,10.18,49.613,319,375,108,190,7129.0,7163.0,34.0,0.482
1150,10.18,49.613,375,430,108,190,7134.0,7169.0,35.0,0.964
1150,10.18,49.613,430,488,108,190,7131.0,7164.0,33.0,0.674
1150,10.18,49.613,16,71,372,493,7124.0,7153.0,29.0,0.0
1150,10.18,49.613,71,125,372,493,7118.0,7154.0,36.0,-0.578
1150,10.18,49.613,125,180,372,493,7131.0,7157.0,26.0,0.674
1150,10.18,49.613,180,233,372,493,7122.0,7148.0,26.0,-0.193
1150,10.18,49.613,233,289,372,493,7115.0,7147.0,32.0,-0.867
1150,10.18,49.613,289,343,372,493,7111.0,7146.0,35.0,-1.253
1150,10.18,49.613,343,396,372,493,7121.0,7147.0,26.0,-0.289
1150,10.18,49.613,396,452,372,493,7116.0,7143.0,27.0,-0.771
1150,10.18,49.613,452,508,372,493,7117.0,7147.0,30.0,-0.674
1150,10.18,49.613,11,67,493,594,7112.0,7139.31,27.31,-1.156
1150,10.18,49.613,67,124,493,594,7113.0,7139.0,26.0,-1.06
1150,10.18,49.613,124,179,493,594,7125.0,7154.0,29.0,0.096
1150,10.18,49.613,179,235,493,594,7118.0,7149.0,31.0,-0.578
1150,10.18,49.613,235,291,493,594,7121.0,7154.0,33.0,-0.289
1150,10.18,49.613,291,347,493,594,7121.0,7149.0,28.0,-0.289
1150,10.18,49.613,347,401,493,594,7121.0,7155.0,34.0,-0.289
1150,10.18,49.613,401,457,493,594,7123.0,7158.47,35.47,-0.096
1150,10.18,49.613,457,512,493,594,7120.0,7150.0,30.0,-0.385
1155,10.18,49.613,8,65,7,109,7124.0,7153.0,29.0,-0.169
1155,10.18,49.613,65,122,7,109,7131.0,7161.0,30.0,0.422
1155,10.18,49.613,122,177,7,109,7134.0,7175.58,41.58,0.674
1155,10.18,49.613,177,231,7,109,7146.0,7175.4,29.4,1.686
1155,10.18,49.613,231,285,7,109,7142.0,7172.0,30.0,1.349
1155,10.18,49.613,285,342,7,109,7136.0,7170.0,34.0,0.843
1155,10.18,49.613,342,393,7,109,7137.0,7173.0,36.0,0.927
1155,10.18,49.613,393,449,7,109,7138.0,7172.0,34.0,1.012
1155,10.18,49.613,449,504,7,109,7140.0,7176.0,36.0,1.18
1155,10.18,49.613,4,61,109,192,7119.0,7161.0,42.0,-0.59
1155,10.18,49.613,61,119,109,192,7129.0,7172.0,43.0,0.253
1155,10.18,49.613,119,175,109,192,7139.0,7175.0,36.0,1.096
1155,10.18,49.613,175,232,109,192,7144.0,7181.0,37.0,1.518
1155,10.18,49.613,232,288,109,192,7126.0,7169.0,43.0,0.0
1155,10.18,49.613,288,344,109,192,7122.0,7161.0,39.0,-0.337
1155,10.18,49.613,344,400,109,192,7126.0,7167.0,41.0,0.0
1155,10.18,49.613,400,457,109,192,7129.0,7165.0,36.0,0.253
1155,10.18,49.613,457,512,109,192,7132.0,7168.0,36.0,0.506
1155,10.18,49.613,0,39,373,496,7128.0,7147.0,19.0,0.169
1155,10.18,49.613,39,93,373,496,7130.0,7153.0,23.0,0.337
1155,10.18,49.613,93,151,373,496,7126.0,7159.0,33.0,0.0
1155,10.18,49.613,151,206,373,496,7120.0,7156.0,36.0,-0.506
1155,10.18,49.613,206,258,373,496,7132.0,7157.0,25.0,0.506
1155,10.18,49.613,258,314,373,496,7120.0,7147.0,27.0,-0.506
1155,10.18,49.613,314,370,373,496,7115.0,7147.54,32.54,-0.927
1155,10.18,49.613,370,421,373,496,7111.0,7144.0,33.0,-1.265
1155,10.18,49.613,421,474,373,496,7118.0,7144.0,26.0,-0.674
1155,10.18,49.613,474,512,373,496,7116.0,7141.0,25.0,-0.843
1155,10.18,49.613,31,91,496,598,7116.0,7148.0,32.0,-0.843
1155,10.18,49.613,91,148,496,598,7114.0,7146.0,32.0,-1.012
1155,10.18,49.613,148,205,496,598,7116.0,7144.0,28.0,-0.843
1155,10.18,49.613,205,261,496,598,7128.0,7158.0,30.0,0.169
1155,10.18,49.613,261,317,496,598,7118.0,7151.0,33.0,-0.674
1155,10.18,49.613,317,373,496,598,7118.0,7151.0,33.0,-0.674
1155,10.18,49.613,373,427,496,598,7118.0,7146.0,28.0,-0.674
1155,10.18,49.613,427,483,496,598,7116.0,7151.0,35.0,-0.843
1160,10.18,49.613,34,91,7,112,7127.0,7160.0,33.0,-0.135
1160,10.18,49.613,91,147,7,112,7134.0,7165.0,31.0,0.495
1160,10.18,49.613,147,201,7,112,7139.0,7170.0,31.0,0.944
1160,10.18,49.613,201,256,7,112,7140.5,7184.77,44.27,1.079
1160,10.18,49.613,256,310,7,112,7152.0,7183.0,31.0,2.113
1160,10.18,49.613,310,365,7,112,7142.0,7173.0,31.0,1.214
1160,10.18,49.613,365,419,7,112,7139.0,7171.0,32.0,0.944
1160,10.18,49.613,419,475,7,112,7137.0,7175.0,38.0,0.764
1160,10.18,49.613,475,512,7,112,7138.0,7171.0,33.0,0.854
1160,10.18,49.613,30,88,112,195,7122.0,7158.0,36.0,-0.585
1160,10.18,49.613,88,143,112,195,7134.0,7175.0,41.0,0.495
1160,10.18,49.613,143,201,112,195,7139.0,7182.0,43.0,0.944
1160,10.18,49.613,201,257,112,195,7137.0,7168.0,31.0,0.764
1160,10.18,49.613,257,314,112,195,7143.0,7180.0,37.0,1.304
1160,10.18,49.613,314,370,112,195,7126.0,7167.62,41.62,-0.225
1160,10.18,49.613,370,427,112,195,7124.0,7162.46,38.46,-0.405
1160,10.18,49.613,427,483,112,195,7130.0,7170.0,40.0,0.135
1160,10.18,49.613,9,63,377,499,7124.0,7149.0,25.0,-0.405
1160,10.18,49.613,63,117,377,499,7128.5,7152.0,23.5,0.0
1160,10.18,49.613,117,174,377,499,7133.0,7159.0,26.0,0.405
1160,10.18,49.613,174,230,377,499,7130.0,7162.0,32.0,0.135
1160,10.18,49.613,230,283,377,499,7124.0,7158.0,34.0,-0.405
1160,10.18,49.613,283,338,377,499,7131.0,7159.0,28.0,0.225
1160,10.18,49.613,338,392,377,499,7124.0,7148.0,24.0,-0.405
1160,10.18,49.613,392,445,377,499,7116.0,7147.0,31.0,-1.124
1160,10.18,49.613,445,502,377,499,7108.0,7143.0,35.0,-1.844
1160,10.18,49.613,0,60,499,602,7117.0,7147.0,30.0,-1.034
1160,10.18,49.613,60,114,499,602,7121.0,7158.26,37.26,-0.674
1160,10.18,49.613,114,172,499,602,7121.0,7153.0,32.0,-0.674
1160,10.18,49.613,172,229,499,602,7119.5,7150.0,30.5,-0.809
1160,10.18,49.613,229,286,499,602,7121.0,7157.0,36.0,-0.674
1160,10.18,49.613,286,341,499,602,7129.0,7157.0,28.0,0.045
1160,10.18,49.613,341,400,499,602,7117.0,7149.0,32.0,-1.034
1160,10.18,49.613,400,453,499,602,7117.0,7147.0,30.0,-1.034
1160,10.18,49.613,453,512,499,602,7115.0,7144.0,29.0,-1.214
1165,10.18,49.613,4,60,9,110,7128.0,7155.0,27.0,-0.156
1165,10.18,49.613,60,119,9,110,7131.0,7167.03,36.03,0.156
1165,10.18,49.613,119,174,9,110,7137.0,7169.0,32.0,0.778
1165,10.18,49.613,174,229,9,110,7139.0,7170.0,31.0,0.986
1165,10.18,49.613,229,283,9,110,7145.0,7174.0,29.0,1.608
1165,10.18,49.613,283,338,9,110,7142.0,7185.0,43.0,1.297
1165,10.18,49.613,338,394,9,110,7150.0,7182.0,32.0,2.127
1165,10.18,49.613,394,449,9,110,7145.0,7175.59,30.59,1.608
1165,10.18,49.613,449,504,9,110,7138.0,7172.0,34.0,0.882
1165,10.18,49.613,0,57,110,194,7128.0,7165.0,37.0,-0.156
1165,10.18,49.613,57,115,110,194,7128.0,7170.0,42.0,-0.156
1165,10.18,49.613,115,172,110,194,7136.0,7175.0,39.0,0.674
1165,10.18,49.613,172,230,110,194,7136.0,7175.0,39.0,0.674
1165,10.18,49.613,230,287,110,194,7136.0,7176.0,40.0,0.674
1165,10.18,49.613,287,344,110,194,7137.0,7166.0,29.0,0.778
1165,10.18,49.613,344,400,110,194,7143.0,7179.0,36.0,1.401
1165,10.18,49.613,400,457,110,194,7128.0,7169.0,41.0,-0.156
1165,10.18,49.613,457,512,110,194,7125.0,7163.0,38.0,-0.467
1165,10.18,49.613,31,88,501,604,7122.0,7151.0,29.0,-0.778
1165,10.18,49.613,88,145,501,604,7124.0,7155.0,31.0,-0.571
1165,10.18,49.613,145,201,501,604,7126.0,7162.9,36.9,-0.363
1165,10.18,49.613,201,258,501,604,7128.0,7162.0,34.0,-0.156
1165,10.18,49.613,258,316,501,604,7123.0,7154.0,31.0,-0.674
1165,10.18,49.613,316,371,501,604,7121.0,7147.0,26.0,-0.882
1165,10.18,49.613,371,427,501,604,7128.0,7157.0,29.0,-0.156
1165,10.18,49.613,427,483,501,604,7117.0,7146.0,29.0,-1.297
1170,10.18,49.613,0,38,12,107,7120.5,7143.0,22.5,-1.63
1170,10.18,49.613,38,92,12,107,7136.0,7165.0,29.0,0.112
1170,10.18,49.613,92,152,12,107,7136.0,7166.0,30.0,0.112
1170,10.18,49.613,152,206,12,107,7140.0,7175.0,35.0,0.562
1170,10.18,49.613,206,261,12,107,7144.0,7175.0,31.0,1.012
1170,10.18,49.613,261,316,12,107,7147.0,7178.0,31.0,1.349
1170,10.18,49.613,316,373,12,107,7147.0,7178.0,31.0,1.349
1170,10.18,49.613,373,427,12,107,7147.0,7191.0,44.0,1.349
1170,10.18,49.613,427,483,12,107,7153.0,7187.0,34.0,2.023
1170,10.18,49.613,30,91,107,191,7132.0,7170.0,38.0,-0.337
1170,10.18,49.613,91,148,107,191,7143.0,7182.0,39.0,0.899
1170,10.18,49.613,148,206,107,191,7137.0,7178.0,41.0,0.225
1170,10.18,49.613,206,264,107,191,7133.0,7170.48,37.48,-0.225
1170,10.18,49.613,264,321,107,191,7134.0,7172.0,38.0,-0.112
1170,10.18,49.613,321,377,107,191,7138.0,7179.0,41.0,0.337
1170,10.18,49.613,377,435,107,191,7141.0,7172.0,31.0,0.674
1170,10.18,49.613,435,492,107,191,7148.0,7184.0,36.0,1.461
1170,10.18,49.613,0,65,498,603,7112.0,7144.0,32.0,-2.586
1170,10.18,49.613,65,121,498,603,7129.0,7162.0,33.0,-0.674
1170,10.18,49.613,121,177,498,603,7128.0,7159.0,31.0,-0.787
1170,10.18,49.613,177,235,498,603,7129.0,7161.0,32.0,-0.674
1170,10.18,49.613,235,291,498,603,7131.0,7168.77,37.77,-0.45
1170,10.18,49.613,291,347,498,603,7129.0,7161.0,32.0,-0.674
1170,10.18,49.613,347,407,498,603,7123.0,7155.63,32.63,-1.349
1170,10.18,49.613,407,462,498,603,7122.0,7146.0,24.0,-1.461
1170,10.18,49.613,462,512,498,603,7129.0,7157.0,28.0,-0.674
1175,10.18,49.613,10,68,10,105,7121.0,7149.0,28.0,-0.974
1175,10.18,49.613,68,129,10,105,7122.0,7154.0,32.0,-0.899
1175,10.18,49.613,129,185,10,105,7142.5,7173.0,30.5,0.637
1175,10.18,49.613,185,241,10,105,7143.0,7172.0,29.0,0.674
1175,10.18,49.613,241,295,10,105,7148.0,7183.0,35.0,1.049
1175,10.18,49.613,295,352,10,105,7145.0,7177.0,32.0,0.824
1175,10.18,49.613,352,407,10,105,7148.0,7179.0,31.0,1.049
1175,10.18,49.613,407,463,10,105,7149.0,7181.0,32.0,1.124
1175,10.18,49.613,463,512,10,105,7146.0,7184.0,38.0,0.899
1175,10.18,49.613,5,67,105,189,7118.0,7160.0,42.0,-1.199
1175,10.18,49.613,67,123,105,189,7132.0,7171.0,39.0,-0.15
1175,10.18,49.613,123,183,105,189,7143.0,7183.0,40.0,0.674
1175,10.18,49.613,183,241,105,189,7144.0,7182.0,38.0,0.749
1175,10.18,49.613,241,300,105,189,7134.0,7175.0,41.0,0.0
1175,10.18,49.613,300,356,105,189,7136.0,7171.0,35.0,0.15
1175,10.18,49.613,356,413,105,189,7136.0,7176.0,40.0,0.15
1175,10.18,49.613,413,471,105,189,7141.0,7182.0,41.0,0.525
1175,10.18,49.613,471,512,105,189,7134.0,7172.0,38.0,0.0
1175,10.18,49.613,0,38,498,603,7117.0,7144.0,27.0,-1.274
1175,10.18,49.613,38,96,498,603,7116.0,7149.0,33.0,-1.349
1175,10.18,49.613,96,156,498,603,7118.0,7152.0,34.0,-1.199
1175,10.18,49.613,156,212,498,603,7134.0,7166.0,32.0,0.0
1175,10.18,49.613,212,270,498,603,7134.0,7171.0,37.0,0.0
1175,10.18,49.613,270,327,498,603,7132.0,7165.0,33.0,-0.15
1175,10.18,49.613,327,385,498,603,7130.0,7168.0,38.0,-0.3
1175,10.18,49.613,385,439,498,603,7130.0,7158.0,28.0,-0.3
1175,10.18,49.613,439,498,498,603,7122.0,7152.0,30.0,-0.899
1180,10.18,49.613,0,45,14,106,7124.0,7157.0,33.0,-0.674
1180,10.18,49.613,45,100,14,106,7128.0,7162.0,34.0,-0.337
1180,10.18,49.613,100,160,14,106,7128.0,7159.07,31.07,-0.337
1180,10.18,49.613,160,217,14,106,7128.0,7158.0,30.0,-0.337
1180,10.18,49.613,217,274,14,106,7146.0,7178.0,32.0,1.18
1180,10.18,49.613,274,329,14,106,7147.0,7176.0,29.0,1.265
1180,10.18,49.613,329,385,14,106,7146.0,7183.0,37.0,1.18
1180,10.18,49.613,385,441,14,106,7146.0,7178.0,32.0,1.18
1180,10.18,49.613,441,497,14,106,7145.0,7177.0,32.0,1.096
1180,10.18,49.613,0,39,106,190,7124.0,7156.0,32.0,-0.674
1180,10.18,49.613,39,98,106,190,7124.0,7163.0,39.0,-0.674
1180,10.18,49.613,98,157,106,190,7132.0,7172.0,40.0,0.0
1180,10.18,49.613,157,217,106,190,7136.0,7174.0,38.0,0.337
1180,10.18,49.613,217,275,106,190,7141.0,7178.0,37.0,0.759
1180,10.18,49.613,275,334,106,190,7143.0,7177.0,34.0,0.927
1180,10.18,49.613,334,391,106,190,7136.0,7174.0,38.0,0.337
1180,10.18,49.613,391,448,106,190,7136.0,7170.0,34.0,0.337
1180,10.18,49.613,448,507,106,190,7136.0,7175.0,39.0,0.337
1180,10.18,49.613,13,72,501,606,7118.0,7144.0,26.0,-1.18
1180,10.18,49.613,72,128,501,606,7122.0,7152.0,30.0,-0.843
1180,10.18,49.613,128,187,501,606,7118.0,7152.0,34.0,-1.18
1180,10.18,49.613,187,246,501,606,7122.0,7157.0,35.0,-0.843
1180,10.18,49.613,246,303,501,606,7136.0,7169.0,33.0,0.337
1180,10.18,49.613,303,362,501,606,7132.0,7164.0,32.0,0.0
1180,10.18,49.613,362,417,501,606,7131.0,7162.0,31.0,-0.084
1180,10.18,49.613,417,474,501,606,7126.0,7161.0,35.0,-0.506
1180,10.18,49.613,474,512,501,606,7124.0,7152.0,28.0,-0.674
1185,10.18,49.613,17,77,9,107,7133.0,7181.0,48.0,0.0
1185,10.18,49.613,77,135,9,107,7134.0,7169.0,35.0,0.112
1185,10.18,49.613,135,191,9,107,7133.0,7171.0,38.0,0.0
1185,10.18,49.613,191,247,9,107,7133.0,7163.0,30.0,0.0
1185,10.18,49.613,247,305,9,107,7133.0,7166.0,33.0,0.0
1185,10.18,49.613,305,362,9,107,7147.0,7182.0,35.0,1.574
1185,10.18,49.613,362,417,9,107,7147.0,7177.0,30.0,1.574
1185,10.18,49.613,417,474,9,107,7146.0,7184.0,38.0,1.461
1185,10.18,49.613,474,512,9,107,7144.0,7177.0,33.0,1.237
1185,10.18,49.613,14,71,107,192,7128.0,7166.0,38.0,-0.562
1185,10.18,49.613,71,131,107,192,7134.0,7170.0,36.0,0.112
1185,10.18,49.613,131,189,107,192,7134.0,7176.0,42.0,0.112
1185,10.18,49.613,189,248,107,192,7136.0,7173.0,37.0,0.337
1185,10.18,49.613,248,308,107,192,7133.0,7171.0,38.0,0.0
1185,10.18,49.613,308,366,107,192,7142.0,7177.0,35.0,1.012
1185,10.18,49.613,366,425,107,192,7144.0,7178.0,34.0,1.237
1185,10.18,49.613,425,483,107,192,7136.0,7175.0,39.0,0.337
1185,10.18,49.613,0,46,504,610,7125.0,7162.0,37.0,-0.899
1185,10.18,49.613,46,104,504,610,7124.0,7154.0,30.0,-1.012
1185,10.18,49.613,104,161,504,610,7122.0,7151.0,29.0,-1.237
1185,10.18,49.613,161,218,504,610,7126.0,7156.0,30.0,-0.787
1185,10.18,49.613,218,278,504,610,7122.0,7163.0,41.0,-1.237
1185,10.18,49.613,278,337,504,610,7124.0,7156.0,32.0,-1.012
1185,10.18,49.613,337,393,504,610,7136.0,7168.13,32.13,0.337
1185,10.18,49.613,393,451,504,610,7130.0,7159.0,29.0,-0.337
1185,10.18,49.613,451,512,504,610,7125.0,7156.0,31.0,-0.899
1190,10.18,49.613,2,52,5,111,7135.0,7168.0,33.0,-0.135
1190,10.18,49.613,52,109,5,111,7136.0,7170.0,34.0,0.0
1190,10.18,49.613,109,163,5,111,7147.0,7194.06,47.06,1.484
1190,10.18,49.613,163,220,5,111,7142.0,7178.0,36.0,0.809
1190,10.18,49.613,220,278,5,111,7137.0,7176.0,39.0,0.135
1190,10.18,49.613,278,334,5,111,7138.0,7171.0,33.0,0.27
1190,10.18,49.613,334,389,5,111,7138.0,7168.0,30.0,0.27
1190,10.18,49.613,389,448,5,111,7144.0,7184.0,40.0,1.079
1190,10.18,49.613,448,506,5,111,7145.0,7177.0,32.0,1.214
1190,10.18,49.613,0,44,111,197,7136.0,7169.0,33.0,0.0
1190,10.18,49.613,44,100,111,197,7138.0,7175.0,37.0,0.27
1190,10.18,49.613,100,161,111,197,7139.0,7176.19,37.19,0.405
1190,10.18,49.613,161,220,111,197,7146.0,7181.0,35.0,1.349
1190,10.18,49.613,220,279,111,197,7133.0,7171.0,38.0,-0.405
1190,10.18,49.613,279,338,111,197,7133.0,7170.0,37.0,-0.405
1190,10.18,49.613,338,398,111,197,7135.0,7173.0,38.0,-0.135
1190,10.18,49.613,398,456,111,197,7144.0,7178.0,34.0,1.079
1190,10.18,49.613,456,512,111,197,7144.0,7178.0,34.0,1.079
1190,10.18,49.613,18,77,511,617,7129.0,7159.0,30.0,-0.944
1190,10.18,49.613,77,131,511,617,7133.0,7172.0,39.0,-0.405
1190,10.18,49.613,131,190,511,617,7128.0,7160.0,32.0,-1.079
1190,10.18,49.613,190,249,511,617,7126.0,7156.0,30.0,-1.349
1190,10.18,49.613,249,308,511,617,7128.0,7166.0,38.0,-1.079
1190,10.18,49.613,308,368,511,617,7121.0,7155.0,34.0,-2.023
1190,10.18,49.613,368,426,511,617,7121.0,7152.0,31.0,-2.023
1190,10.18,49.613,426,483,511,617,7132.0,7163.0,31.0,-0.54
1195,10.18,49.613,20,81,13,122,7123.0,7168.0,45.0,-1.012
1195,10.18,49.613,81,136,13,122,7146.0,7182.0,36.0,0.927
1195,10.18,49.613,136,193,13,122,7143.0,7179.0,36.0,0.674
1195,10.18,49.613,193,249,13,122,7150.0,7202.0,52.0,1.265
1195,10.18,49.613,249,305,13,122,7147.0,7183.0,36.0,1.012
1195,10.18,49.613,305,362,13,122,7142.0,7181.0,39.0,0.59
1195,10.18,49.613,362,420,13,122,7138.0,7173.0,35.0,0.253
1195,10.18,49.613,420,478,13,122,7138.0,7171.0,33.0,0.253
1195,10.18,49.613,17,74,122,209,7134.0,7163.0,29.0,-0.084
1195,10.18,49.613,74,133,122,209,7149.0,7182.0,33.0,1.18
1195,10.18,49.613,133,191,122,209,7153.0,7191.0,38.0,1.518
1195,10.18,49.613,191,250,122,209,7142.0,7176.0,34.0,0.59
1195,10.18,49.613,250,309,122,209,7142.0,7173.0,31.0,0.59
1195,10.18,49.613,309,367,122,209,7133.0,7171.0,38.0,-0.169
1195,10.18,49.613,367,426,122,209,7134.0,7170.0,36.0,-0.084
1195,10.18,49.613,426,487,122,209,7138.0,7175.0,37.0,0.253
1195,10.18,49.613,0,49,522,630,7116.0,7141.03,25.03,-1.602
1195,10.18,49.613,49,105,522,630,7123.0,7149.0,26.0,-1.012
1195,10.18,49.613,105,164,522,630,7134.0,7164.0,30.0,-0.084
1195,10.18,49.613,164,221,522,630,7135.0,7176.0,41.0,0.0
1195,10.18,49.613,221,280,522,630,7132.0,7167.0,35.0,-0.253
1195,10.18,49.613,280,339,522,630,7127.0,7155.0,28.0,-0.674
1195,10.18,49.613,339,394,522,630,7127.0,7156.0,29.0,-0.674
1195,10.18,49.613,394,458,522,630,7118.0,7149.0,31.0,-1.433
1195,10.18,49.613,458,512,522,630,7117.0,7144.0,27.0,-1.518
1200,10.18,49.613,0,56,6,132,7128.0,7157.0,29.0,-0.749
1200,10.18,49.613,56,108,6,132,7132.0,7164.0,32.0,-0.45
1200,10.18,49.613,108,165,6,132,7135.0,7175.0,40.0,-0.225
1200,10.18,49.613,165,221,6,132,7153.0,7189.0,36.0,1.124
1200,10.18,49.613,221,282,6,132,7148.0,7189.0,41.0,0.749
1200,10.18,49.613,282,339,6,132,7157.0,7211.0,54.0,1.424
1200,10.18,49.613,339,395,6,132,7153.0,7190.0,37.0,1.124
1200,10.18,49.613,395,451,6,132,7147.0,7185.0,38.0,0.674
1200,10.18,49.613,451,512,6,132,7136.0,7177.0,41.0,-0.15
1200,10.18,49.613,0,49,132,219,7129.0,7166.0,37.0,-0.674
1200,10.18,49.613,49,107,132,219,7132.0,7173.0,41.0,-0.45
1200,10.18,49.613,107,166,132,219,7150.0,7179.0,29.0,0.899
1200,10.18,49.613,166,224,132,219,7159.0,7194.0,35.0,1.574
1200,10.18,49.613,224,283,132,219,7151.0,7184.0,33.0,0.974
1200,10.18,49.613,283,342,132,219,7142.0,7176.0,34.0,0.3
1200,10.18,49.613,342,400,132,219,7145.0,7178.0,33.0,0.525
1200,10.18,49.613,400,459,132,219,7138.0,7176.0,38.0,0.0
1200,10.18,49.613,459,512,132,219,7138.0,7173.0,35.0,0.0
1200,10.18,49.613,21,80,533,640,7124.0,7151.0,27.0,-1.049
1200,10.18,49.613,80,139,533,640,7126.0,7153.0,27.0,-0.899
1200,10.18,49.613,139,195,533,640,7131.0,7159.0,28.0,-0.525
1200,10.18,49.613,195,254,533,640,7140.0,7169.0,29.0,0.15
1200,10.18,49.613,254,312,533,640,7141.0,7179.0,38.0,0.225
1200,10.18,49.613,312,371,533,640,7133.0,7161.99,28.99,-0.375
1200,10.18,49.613,371,428,533,640,7128.0,7154.0,26.0,-0.749
1200,10.18,49.613,428,486,533,640,7125.0,7152.0,27.0,-0.974
1205,10.18,49.613,0,43,20,135,7121.0,7148.0,27.0,-1.274
1205,10.18,49.613,43,103,20,135,7126.0,7158.0,32.0,-0.899
1205,10.18,49.613,103,158,20,135,7138.0,7167.0,29.0,0.0
1205,10.18,49.613,158,214,20,135,7138.0,7169.0,31.0,0.0
1205,10.18,49.613,214,270,20,135,7139.0,7182.0,43.0,0.075
1205,10.18,49.613,270,333,20,135,7150.0,7195.0,45.0,0.899
1205,10.18,49.613,333,384,20,135,7152.0,7191.0,39.0,1.049
1205,10.18,49.613,384,440,20,135,7158.0,7209.56,51.56,1.499
1205,10.18,49.613,440,496,20,135,7152.0,7190.0,38.0,1.049
1205,10.18,49.613,0,38,135,224,7123.0,7160.0,37.0,-1.124
1205,10.18,49.613,38,94,135,224,7134.0,7169.0,35.0,-0.3
1205,10.18,49.613,94,155,135,224,7139.0,7178.0,39.0,0.075
1205,10.18,49.613,155,213,135,224,7146.0,7185.0,39.0,0.6
1205,10.18,49.613,213,272,135,224,7144.0,7175.0,31.0,0.45
1205,10.18,49.613,272,331,135,224,7152.0,7187.0,35.0,1.049
1205,10.18,49.613,331,389,135,224,7149.0,7184.0,35.0,0.824
1205,10.18,49.613,389,447,135,224,7144.0,7177.0,33.0,0.45
1205,10.18,49.613,447,509,135,224,7146.0,7178.0,32.0,0.6
1205,10.18,49.613,10,69,535,640,7119.0,7153.0,34.0,-1.424
1205,10.18,49.613,69,127,535,640,7124.0,7157.0,33.0,-1.049
1205,10.18,49.613,127,185,535,640,7131.0,7160.37,29.37,-0.525
1205,10.18,49.613,185,243,535,640,7129.0,7158.0,29.0,-0.674
1205,10.18,49.613,243,301,535,640,7133.0,7159.0,26.0,-0.375
1205,10.18,49.613,301,358,535,640,7140.0,7168.0,28.0,0.15
1205,10.18,49.613,358,416,535,640,7136.0,7174.0,38.0,-0.15
1205,10.18,49.613,416,475,535,640,7128.0,7157.0,29.0,-0.749
1205,10.18,49.613,475,512,535,640,7121.0,7147.0,26.0,-1.274
1210,10.18,49.613,0,39,23,143,7127.0,7154.0,27.0,-0.915
1210,10.18,49.613,39,93,23,143,7134.0,7172.0,38.0,-0.241
1210,10.18,49.613,93,149,23,143,7131.0,7162.0,31.0,-0.53
1210,10.18,49.613,149,199,23,143,7138.0,7166.0,28.0,0.145
1210,10.18,49.613,199,238,23,143,7144.0,7175.04,31.04,0.723
1210,10.18,49.613,238,289,23,143,7134.0,7173.0,39.0,-0.241
1210,10.18,49.613,289,358,23,143,7134.0,7184.0,50.0,-0.241
1210,10.18,49.613,358,415,23,143,7151.0,7196.0,45.0,1.397
1210,10.18,49.613,415,465,23,143,7152.0,7193.0,41.0,1.494
1210,10.18,49.613,465,508,23,143,7159.0,7208.0,49.0,2.168
1210,10.18,49.613,33,89,143,228,7134.0,7172.0,38.0,-0.241
1210,10.18,49.613,89,143,143,228,7138.0,7173.0,35.0,0.145
1210,10.18,49.613,143,199,143,228,7148.0,7181.56,33.56,1.108
1210,10.18,49.613,199,254,143,228,7143.0,7181.62,38.62,0.626
1210,10.18,49.613,254,308,143,228,7139.0,7176.0,37.0,0.241
1210,10.18,49.613,308,363,143,228,7144.0,7175.0,31.0,0.723
1210,10.18,49.613,363,418,143,228,7153.0,7185.0,32.0,1.59
1210,10.18,49.613,418,472,143,228,7151.5,7185.0,33.5,1.445
1210,10.18,49.613,472,512,143,228,7145.0,7178.0,33.0,0.819
1210,10.18,49.613,5,64,519,621,7124.0,7156.0,32.0,-1.204
1210,10.18,49.613,64,118,519,621,7128.0,7163.0,35.0,-0.819
1210,10.18,49.613,118,172,519,621,7128.0,7165.0,37.0,-0.819
1210,10.18,49.613,172,227,519,621,7129.0,7163.0,34.0,-0.723
1210,10.18,49.613,227,281,519,621,7135.0,7171.28,36.28,-0.145
1210,10.18,49.613,281,337,519,621,7132.0,7161.0,29.0,-0.434
1210,10.18,49.613,337,389,519,621,7132.0,7157.0,25.0,-0.434
1210,10.18,49.613,389,444,519,621,7138.0,7166.0,28.0,0.145
1210,10.18,49.613,444,498,519,621,7135.0,7172.0,37.0,-0.145
1215,10.18,49.613,0,42,31,148,7128.0,7157.0,29.0,-1.124
1215,10.18,49.613,42,92,31,148,7134.0,7164.0,30.0,-0.45
1215,10.18,49.613,92,140,31,148,7140.0,7175.0,35.0,0.225
1215,10.18,49.613,140,192,31,148,7138.0,7170.43,32.43,0.0
1215,10.18,49.613,192,241,31,148,7139.0,7171.0,32.0,0.112
1215,10.18,49.613,241,284,31,148,7138.0,7175.0,37.0,0.0
1215,10.18,49.613,284,324,31,148,7130.0,7175.0,45.0,-0.899
1215,10.18,49.613,324,394,31,148,7132.0,7183.0,51.0,-0.674
1215,10.18,49.613,394,447,31,148,7149.0,7196.0,47.0,1.237
1215,10.18,49.613,447,497,31,148,7147.0,7190.9,43.9,1.012
1215,10.18,49.613,33,85,148,230,7138.0,7174.0,36.0,0.0
1215,10.18,49.613,85,139,148,230,7139.0,7176.0,37.0,0.112
1215,10.18,49.613,139,191,148,230,7145.0,7177.0,32.0,0.787
1215,10.18,49.613,191,243,148,230,7144.0,7178.0,34.0,0.674
1215,10.18,49.613,243,296,148,230,7139.0,7175.0,36.0,0.112
1215,10.18,49.613,296,348,148,230,7138.0,7175.0,37.0,0.0
1215,10.18,49.613,348,400,148,230,7143.0,7172.0,29.0,0.562
1215,10.18,49.613,400,452,148,230,7153.0,7184.0,31.0,1.686
1215,10.18,49.613,452,505,148,230,7151.0,7183.0,32.0,1.461
1215,10.18,49.613,11,63,508,604,7122.0,7149.0,27.0,-1.799
1215,10.18,49.613,63,114,508,604,7129.0,7162.0,33.0,-1.012
1215,10.18,49.613,114,166,508,604,7130.0,7166.0,36.0,-0.899
1215,10.18,49.613,166,217,508,604,7130.0,7166.0,36.0,-0.899
1215,10.18,49.613,217,270,508,604,7130.0,7166.0,36.0,-0.899
1215,10.18,49.613,270,322,508,604,7133.0,7163.0,30.0,-0.562
1215,10.18,49.613,322,373,508,604,7131.0,7160.38,29.38,-0.787
1215,10.18,49.613,373,425,508,604,7128.0,7156.0,28.0,-1.124
1215,10.18,49.613,425,477,508,604,7136.0,7164.0,28.0,-0.225
1215,10.18,49.613,477,512,508,604,7132.0,7171.0,39.0,-0.674
1220,10.18,49.613,3,58,27,144,7124.0,7159.0,35.0,-1.461
1220,10.18,49.613,58,111,27,144,7132.0,7164.0,32.0,-0.562
1220,10.18,49.613,111,161,27,144,7139.0,7175.0,36.0,0.225
1220,10.18,49.613,161,209,27,144,7139.0,7170.0,31.0,0.225
1220,10.18,49.613,209,260,27,144,7136.0,7169.0,33.0,-0.112
1220,10.18,49.613,260,300,27,144,7137.0,7175.0,38.0,0.0
1220,10.18,49.613,300,378,27,144,7124.0,7172.0,48.0,-1.461
1220,10.18,49.613,378,413,27,144,7143.0,7185.0,42.0,0.674
1220,10.18,49.613,413,463,27,144,7152.0,7195.0,43.0,1.686
1220,10.18,49.613,463,500,27,144,7139.0,7189.0,50.0,0.225
1220,10.18,49.613,0,53,144,226,7128.0,7162.0,34.0,-1.012
1220,10.18,49.613,53,104,144,226,7139.0,7176.0,37.0,0.225
1220,10.18,49.613,104,158,144,226,7141.0,7178.0,37.0,0.45
1220,10.18,49.613,158,210,144,226,7144.0,7178.06,34.06,0.787
1220,10.18,49.613,210,262,144,226,7141.0,7177.0,36.0,0.45
1220,10.18,49.613,262,315,144,226,7138.0,7176.0,38.0,0.112
1220,10.18,49.613,315,367,144,226,7137.0,7176.0,39.0,0.0
1220,10.18,49.613,367,419,144,226,7142.0,7170.0,28.0,0.562
1220,10.18,49.613,419,472,144,226,7153.0,7185.0,32.0,1.799
1220,10.18,49.613,472,512,144,226,7151.0,7182.0,31.0,1.574
1220,10.18,49.613,29,82,504,601,7121.0,7152.0,31.0,-1.799
1220,10.18,49.613,82,131,504,601,7131.0,7163.0,32.0,-0.674
1220,10.18,49.613,131,184,504,601,7129.0,7168.0,39.0,-0.899
1220,10.18,49.613,184,236,504,601,7129.0,7167.0,38.0,-0.899
1220,10.18,49.613,236,289,504,601,7130.0,7169.0,39.0,-0.787
1220,10.18,49.613,289,339,504,601,7132.0,7162.0,30.0,-0.562
1220,10.18,49.613,339,392,504,601,7129.0,7158.0,29.0,-0.899
1220,10.18,49.613,392,444,504,601,7128.0,7154.0,26.0,-1.012
1220,10.18,49.613,444,496,504,601,7134.0,7163.0,29.0,-0.337
1225,10.18,49.613,0,45,23,139,7129.0,7159.0,30.0,-0.54
1225,10.18,49.613,45,97,23,139,7129.0,7164.0,35.0,-0.54
1225,10.18,49.613,97,148,23,139,7132.0,7161.96,29.96,-0.135
1225,10.18,49.613,148,198,23,139,7143.0,7177.0,34.0,1.349
1225,10.18,49.613,198,250,23,139,7134.0,7165.0,31.0,0.135
1225,10.18,49.613,250,296,23,139,7134.0,7165.0,31.0,0.135
1225,10.18,49.613,296,358,23,139,7122.0,7172.0,50.0,-1.484
1225,10.18,49.613,358,413,23,139,7124.0,7172.0,48.0,-1.214
1225,10.18,49.613,413,450,23,139,7143.0,7185.0,42.0,1.349
1225,10.18,49.613,450,498,23,139,7148.0,7193.0,45.0,2.023
1225,10.18,49.613,0,41,139,219,7134.0,7164.0,30.0,0.135
1225,10.18,49.613,41,93,139,219,7133.0,7168.0,35.0,0.0
1225,10.18,49.613,93,146,139,219,7144.0,7182.0,38.0,1.484
1225,10.18,49.613,146,198,139,219,7147.0,7185.0,38.0,1.889
1225,10.18,49.613,198,250,139,219,7139.0,7176.0,37.0,0.809
1225,10.18,49.613,250,302,139,219,7138.0,7175.0,37.0,0.674
1225,10.18,49.613,302,354,139,219,7137.0,7177.0,40.0,0.54
1225,10.18,49.613,354,406,139,219,7135.0,7176.0,41.0,0.27
1225,10.18,49.613,406,458,139,219,7144.0,7173.0,29.0,1.484
1225,10.18,49.613,458,512,139,219,7152.0,7184.0,32.0,2.563
1225,10.18,49.613,16,69,497,592,7123.0,7155.06,32.06,-1.349
1225,10.18,49.613,69,118,497,592,7127.0,7157.0,30.0,-0.809
1225,10.18,49.613,118,172,497,592,7132.0,7166.0,34.0,-0.135
1225,10.18,49.613,172,224,497,592,7131.0,7169.0,38.0,-0.27
1225,10.18,49.613,224,276,497,592,7131.0,7168.91,37.91,-0.27
1225,10.18,49.613,276,328,497,592,7131.0,7164.0,33.0,-0.27
1225,10.18,49.613,328,378,497,592,7132.0,7161.0,29.0,-0.135
1225,10.18,49.613,378,430,497,592,7128.0,7156.0,28.0,-0.674
1225,10.18,49.613,430,481,497,592,7127.0,7153.0,26.0,-0.809
1230,10.18,49.613,3,52,19,134,7131.0,7165.0,34.0,-0.45
1230,10.18,49.613,52,102,19,134,7133.0,7167.0,34.0,0.0
1230,10.18,49.613,102,155,19,134,7130.0,7165.0,35.0,-0.674
1230,10.18,49.613,155,206,19,134,7136.0,7168.0,32.0,0.674
1230,10.18,49.613,206,256,19,134,7139.0,7177.0,38.0,1.349
1230,10.18,49.613,256,307,19,134,7132.0,7167.0,35.0,-0.225
1230,10.18,49.613,307,350,19,134,7133.0,7165.0,32.0,0.0
1230,10.18,49.613,350,408,19,134,7123.0,7173.0,50.0,-2.248
1230,10.18,49.613,408,467,19,134,7121.0,7171.0,50.0,-2.698
1230,10.18,49.613,467,512,19,134,7135.0,7180.0,45.0,0.45
1230,10.18,49.613,0,48,134,214,7134.0,7170.0,36.0,0.225
1230,10.18,49.613,48,100,134,214,7138.0,7171.0,33.0,1.124
1230,10.18,49.613,100,152,134,214,7141.0,7176.0,35.0,1.799
1230,10.18,49.613,152,205,134,214,7150.0,7188.0,38.0,3.822
1230,10.18,49.613,205,258,134,214,7139.0,7178.0,39.0,1.349
1230,10.18,49.613,258,310,134,214,7134.0,7170.0,36.0,0.225
1230,10.18,49.613,310,361,134,214,7137.0,7173.0,36.0,0.899
1230,10.18,49.613,361,414,134,214,7136.0,7175.0,39.0,0.674
1230,10.18,49.613,414,466,134,214,7136.0,7176.0,40.0,0.674
1230,10.18,49.613,466,512,134,214,7142.0,7171.0,29.0,2.023
1230,10.18,49.613,22,74,492,587,7132.0,7163.7,31.7,-0.225
1230,10.18,49.613,74,127,492,587,7126.0,7160.0,34.0,-1.574
1230,10.18,49.613,127,178,492,587,7129.0,7159.0,30.0,-0.899
1230,10.18,49.613,178,231,492,587,7134.0,7169.0,35.0,0.225
1230,10.18,49.613,231,283,492,587,7133.0,7170.0,37.0,0.0
1230,10.18,49.613,283,335,492,587,7131.0,7168.1,37.1,-0.45
1230,10.18,49.613,335,385,492,587,7129.0,7163.0,34.0,-0.899
1230,10.18,49.613,385,438,492,587,7131.0,7159.0,28.0,-0.45
1230,10.18,49.613,438,489,492,587,7128.0,7154.88,26.88,-1.124
1235,10.18,49.613,24,76,27,137,7128.0,7159.0,31.0,-0.674
1235,10.18,49.613,76,124,27,137,7137.0,7169.0,32.0,0.674
1235,10.18,49.613,124,173,27,137,7139.0,7170.0,31.0,0.974
1235,10.18,49.613,173,222,27,137,7137.0,7168.34,31.34,0.674
1235,10.18,49.613,222,271,27,137,7135.0,7166.0,31.0,0.375
1235,10.18,49.613,271,319,27,137,7138.0,7178.0,40.0,0.824
1235,10.18,49.613,319,369,27,137,7132.0,7165.0,33.0,-0.075
1235,10.18,49.613,369,406,27,137,7132.0,7165.0,33.0,-0.075
1235,10.18,49.613,406,465,27,137,7122.0,7172.0,50.0,-1.574
1235,10.18,49.613,465,512,27,137,7127.0,7170.0,43.0,-0.824
1235,10.18,49.613,19,70,137,215,7131.0,7173.0,42.0,-0.225
1235,10.18,49.613,70,121,137,215,7139.0,7178.0,39.0,0.974
1235,10.18,49.613,121,171,137,215,7147.0,7180.0,33.0,2.173
1235,10.18,49.613,171,222,137,215,7141.0,7176.0,35.0,1.274
1235,10.18,49.613,222,273,137,215,7140.0,7178.0,38.0,1.124
1235,10.18,49.613,273,323,137,215,7136.0,7173.0,37.0,0.525
1235,10.18,49.613,323,373,137,215,7132.0,7168.0,36.0,-0.075
1235,10.18,49.613,373,423,137,215,7134.0,7170.0,36.0,0.225
1235,10.18,49.613,423,474,137,215,7136.0,7175.0,39.0,0.525
1235,10.18,49.613,474,512,137,215,7134.0,7172.0,38.0,0.225
1235,10.18,49.613,0,45,483,575,7121.0,7151.0,30.0,-1.724
1235,10.18,49.613,45,95,483,575,7126.0,7158.0,32.0,-0.974
1235,10.18,49.613,95,146,483,575,7133.0,7166.0,33.0,0.075
1235,10.18,49.613,146,196,483,575,7127.0,7161.0,34.0,-0.824
1235,10.18,49.613,196,247,483,575,7128.0,7158.0,30.0,-0.674
1235,10.18,49.613,247,297,483,575,7134.0,7168.0,34.0,0.225
1235,10.18,49.613,297,348,483,575,7132.0,7168.0,36.0,-0.075
1235,10.18,49.613,348,396,483,575,7129.0,7164.0,35.0,-0.525
1235,10.18,49.613,396,446,483,575,7126.0,7159.0,33.0,-0.974
1235,10.18,49.613,446,496,483,575,7126.0,7153.0,27.0,-0.974
1240,10.18,49.613,0,39,29,140,7122.0,7153.0,31.0,-0.944
1240,10.18,49.613,39,92,29,140,7127.0,7161.0,34.0,-0.27
1240,10.18,49.613,92,139,29,140,7134.0,7165.0,31.0,0.674
1240,10.18,49.613,139,188,29,140,7143.0,7176.0,33.0,1.889
1240,10.18,49.613,188,236,29,140,7143.0,7173.0,30.0,1.889
1240,10.18,49.613,236,286,29,140,7134.0,7169.0,35.0,0.674
1240,10.18,49.613,286,335,29,140,7133.0,7166.0,33.0,0.54
1240,10.18,49.613,335,383,29,140,7137.0,7177.0,40.0,1.079
1240,10.18,49.613,383,432,29,140,7129.0,7164.0,35.0,0.0
1240,10.18,49.613,432,485,29,140,7124.0,7163.98,39.98,-0.674
1240,10.18,49.613,0,35,140,217,7129.0,7164.54,35.54,0.0
1240,10.18,49.613,35,85,140,217,7132.0,7174.0,42.0,0.405
1240,10.18,49.613,85,136,140,217,7139.0,7183.0,44.0,1.349
1240,10.18,49.613,136,186,140,217,7149.0,7188.0,39.0,2.698
1240,10.18,49.613,186,236,140,217,7144.0,7178.0,34.0,2.023
1240,10.18,49.613,236,287,140,217,7134.0,7169.0,35.0,0.674
1240,10.18,49.613,287,338,140,217,7137.0,7175.0,38.0,1.079
1240,10.18,49.613,338,388,140,217,7133.0,7171.0,38.0,0.54
1240,10.18,49.613,388,438,140,217,7131.0,7168.0,37.0,0.27
1240,10.18,49.613,438,488,140,217,7135.0,7171.0,36.0,0.809
1240,10.18,49.613,15,63,355,485,7116.0,7143.0,27.0,-1.754
1240,10.18,49.613,63,113,355,485,7121.0,7150.0,29.0,-1.079
1240,10.18,49.613,113,161,355,485,7129.0,7158.0,29.0,0.0
1240,10.18,49.613,161,212,355,485,7129.0,7164.0,35.0,0.0
1240,10.18,49.613,212,261,355,485,7129.0,7168.0,39.0,0.0
1240,10.18,49.613,261,304,355,485,7121.0,7163.0,42.0,-1.079
1240,10.18,49.613,304,347,355,485,7124.0,7163.0,39.0,-0.674
1240,10.18,49.613,347,388,355,485,7110.0,7153.0,43.0,-2.563
1240,10.18,49.613,388,433,355,485,7112.0,7194.0,82.0,-2.293
1240,10.18,49.613,433,470,355,485,7103.0,7147.0,44.0,-3.507
1240,10.18,49.613,470,506,355,485,7104.0,7148.0,44.0,-3.372
1240,10.18,49.613,9,60,485,575,7121.0,7155.0,34.0,-1.079
1240,10.18,49.613,60,111,485,575,7122.0,7154.0,32.0,-0.944
1240,10.18,49.613,111,159,485,575,7128.0,7161.0,33.0,-0.135
1240,10.18,49.613,159,210,485,575,7135.0,7166.0,31.0,0.809
1240,10.18,49.613,210,260,485,575,7128.0,7163.0,35.0,-0.135
1240,10.18,49.613,260,312,485,575,7126.0,7159.0,33.0,-0.405
1240,10.18,49.613,312,361,485,575,7133.0,7166.0,33.0,0.54
1240,10.18,49.613,361,410,485,575,7129.0,7164.0,35.0,0.0
1240,10.18,49.613,410,460,485,575,7125.0,7161.0,36.0,-0.54
1240,10.18,49.613,460,512,485,575,7122.0,7155.0,33.0,-0.944
1245,10.18,49.613,18,64,35,135,7121.0,7153.0,32.0,-0.899
1245,10.18,49.613,64,113,35,135,7122.0,7158.0,36.0,-0.787
1245,10.18,49.613,113,162,35,135,7129.0,7161.0,32.0,0.0
1245,10.18,49.613,162,210,35,135,7137.0,7166.0,29.0,0.899
1245,10.18,49.613,210,257,35,135,7141.0,7174.66,33.66,1.349
1245,10.18,49.613,257,305,35,135,7137.0,7169.0,32.0,0.899
1245,10.18,49.613,305,353,35,135,7133.0,7167.0,34.0,0.45
1245,10.18,49.613,353,403,35,135,7131.0,7165.0,34.0,0.225
1245,10.18,49.613,403,451,35,135,7133.0,7173.0,40.0,0.45
1245,10.18,49.613,451,500,35,135,7127.0,7162.0,35.0,-0.225
1245,10.18,49.613,10,59,135,211,7133.0,7173.0,40.0,0.45
1245,10.18,49.613,59,110,135,211,7133.0,7174.0,41.0,0.45
1245,10.18,49.613,110,159,135,211,7139.0,7181.0,42.0,1.124
1245,10.18,49.613,159,209,135,211,7142.0,7185.0,43.0,1.461
1245,10.18,49.613,209,258,135,211,7140.0,7178.0,38.0,1.237
1245,10.18,49.613,258,309,135,211,7137.0,7169.54,32.54,0.899
1245,10.18,49.613,309,358,135,211,7132.0,7165.0,33.0,0.337
1245,10.18,49.613,358,408,135,211,7133.0,7171.0,38.0,0.45
1245,10.18,49.613,408,458,135,211,7132.0,7170.0,38.0,0.337
1245,10.18,49.613,458,507,135,211,7129.0,7163.0,34.0,0.0
1245,10.18,49.613,0,39,348,476,7109.0,7133.0,24.0,-2.248
1245,10.18,49.613,39,87,348,476,7114.0,7140.1,26.1,-1.686
1245,10.18,49.613,87,136,348,476,7118.0,7147.0,29.0,-1.237
1245,10.18,49.613,136,183,348,476,7123.0,7152.0,29.0,-0.674
1245,10.18,49.613,183,233,348,476,7128.0,7158.0,30.0,-0.112
1245,10.18,49.613,233,279,348,476,7132.0,7161.0,29.0,0.337
1245,10.18,49.613,279,327,348,476,7129.0,7164.17,35.17,0.0
1245,10.18,49.613,327,366,348,476,7116.0,7158.0,42.0,-1.461
1245,10.18,49.613,366,411,348,476,7118.0,7160.0,42.0,-1.237
1245,10.18,49.613,411,456,348,476,7110.0,7151.0,41.0,-2.136
1245,10.18,49.613,456,494,348,476,7104.0,7184.46,80.46,-2.81
1245,10.18,49.613,34,84,476,566,7123.0,7157.28,34.28,-0.674
1245,10.18,49.613,84,133,476,566,7123.0,7156.0,33.0,-0.674
1245,10.18,49.613,133,182,476,566,7122.0,7156.0,34.0,-0.787
1245,10.18,49.613,182,232,476,566,7127.0,7163.0,36.0,-0.225
1245,10.18,49.613,232,281,476,566,7136.0,7168.0,32.0,0.787
1245,10.18,49.613,281,331,476,566,7127.0,7162.0,35.0,-0.225
1245,10.18,49.613,331,381,476,566,7126.0,7158.0,32.0,-0.337
1245,10.18,49.613,381,429,476,566,7129.0,7163.0,34.0,0.0
1245,10.18,49.613,429,478,476,566,7126.0,7160.38,34.38,-0.337
1250,10.18,49.613,0,36,48,134,7100.0,7133.0,33.0,-2.361
1250,10.18,49.613,36,86,48,134,7115.0,7150.0,35.0,-1.096
1250,10.18,49.613,86,132,48,134,7124.0,7158.0,34.0,-0.337
1250,10.18,49.613,132,179,48,134,7128.0,7161.0,33.0,0.0
1250,10.18,49.613,179,226,48,134,7134.0,7164.0,30.0,0.506
1250,10.18,49.613,226,273,48,134,7136.0,7169.0,33.0,0.674
1250,10.18,49.613,273,319,48,134,7141.0,7173.0,32.0,1.096
1250,10.18,49.613,319,367,48,134,7138.0,7172.0,34.0,0.843
1250,10.18,49.613,367,413,48,134,7133.0,7168.0,35.0,0.422
1250,10.18,49.613,413,463,48,134,7131.0,7166.0,35.0,0.253
1250,10.18,49.613,463,512,48,134,7128.0,7168.0,40.0,0.0
1250,10.18,49.613,30,80,134,208,7127.0,7169.34,42.34,-0.084
1250,10.18,49.613,80,129,134,208,7142.0,7181.85,39.85,1.18
1250,10.18,49.613,129,177,134,208,7146.0,7185.0,39.0,1.518
1250,10.18,49.613,177,226,134,208,7140.0,7181.0,41.0,1.012
1250,10.18,49.613,226,275,134,208,7137.0,7178.0,41.0,0.759
1250,10.18,49.613,275,323,134,208,7138.0,7175.0,37.0,0.843
1250,10.18,49.613,323,372,134,208,7136.0,7170.0,34.0,0.674
1250,10.18,49.613,372,420,134,208,7132.0,7166.0,34.0,0.337
1250,10.18,49.613,420,470,134,208,7136.0,7172.38,36.38,0.674
1250,10.18,49.613,470,512,134,208,7131.0,7168.92,37.92,0.253
1250,10.18,49.613,10,55,343,469,7101.0,7134.0,33.0,-2.276
1250,10.18,49.613,55,109,343,469,7107.0,7137.0,30.0,-1.771
1250,10.18,49.613,109,153,343,469,7120.0,7143.0,23.0,-0.674
1250,10.18,49.613,153,202,343,469,7119.0,7148.0,29.0,-0.759
1250,10.18,49.613,202,249,343,469,7125.0,7153.0,28.0,-0.253
1250,10.18,49.613,249,295,343,469,7131.0,7159.0,28.0,0.253
1250,10.18,49.613,295,341,343,469,7132.0,7163.0,31.0,0.337
1250,10.18,49.613,341,384,343,469,7131.0,7165.0,34.0,0.253
1250,10.18,49.613,384,423,343,469,7111.0,7157.0,46.0,-1.433
1250,10.18,49.613,423,461,343,469,7115.0,7159.0,44.0,-1.096
1250,10.18,49.613,461,506,343,469,7107.0,7151.0,44.0,-1.771
1250,10.18,49.613,7,56,469,555,7112.0,7147.45,35.45,-1.349
1250,10.18,49.613,56,104,469,555,7119.0,7149.0,30.0,-0.759
1250,10.18,49.613,104,152,469,555,7128.0,7158.0,30.0,0.0
1250,10.18,49.613,152,199,469,555,7128.0,7158.0,30.0,0.0
1250,10.18,49.613,199,248,469,555,7126.0,7158.0,32.0,-0.169
1250,10.18,49.613,248,296,469,555,7130.0,7163.0,33.0,0.169
1250,10.18,49.613,296,345,469,555,7137.0,7168.0,31.0,0.759
1250,10.18,49.613,345,393,469,555,7128.0,7159.0,31.0,0.0
1250,10.18,49.613,393,442,469,555,7124.0,7154.0,30.0,-0.337
1250,10.18,49.613,442,490,469,555,7128.0,7159.0,31.0,0.0
1255,10.18,49.613,0,44,41,135,7108.0,7136.0,28.0,-1.771
1255,10.18,49.613,44,93,41,135,7109.0,7148.0,39.0,-1.686
1255,10.18,49.613,93,140,41,135,7121.0,7152.0,31.0,-0.674
1255,10.18,49.613,140,187,41,135,7128.0,7163.0,35.0,-0.084
1255,10.18,49.613,187,234,41,135,7127.0,7163.0,36.0,-0.169
1255,10.18,49.613,234,282,41,135,7133.0,7168.0,35.0,0.337
1255,10.18,49.613,282,327,41,135,7139.0,7171.0,32.0,0.843
1255,10.18,49.613,327,375,41,135,7141.0,7177.0,36.0,1.012
1255,10.18,49.613,375,421,41,135,7138.0,7172.0,34.0,0.759
1255,10.18,49.613,421,469,41,135,7133.0,7170.0,37.0,0.337
1255,10.18,49.613,469,512,41,135,7130.0,7164.0,34.0,0.084
1255,10.18,49.613,0,40,135,206,7118.0,7167.0,49.0,-0.927
1255,10.18,49.613,40,89,135,206,7123.0,7171.0,48.0,-0.506
1255,10.18,49.613,89,137,135,206,7139.0,7181.0,42.0,0.843
1255,10.18,49.613,137,185,135,206,7153.0,7194.0,41.0,2.023
1255,10.18,49.613,185,234,135,206,7143.0,7182.0,39.0,1.18
1255,10.18,49.613,234,283,135,206,7138.0,7177.0,39.0,0.759
1255,10.18,49.613,283,331,135,206,7138.0,7179.0,41.0,0.759
1255,10.18,49.613,331,380,135,206,7138.5,7177.0,38.5,0.801
1255,10.18,49.613,380,428,135,206,7139.0,7172.0,33.0,0.843
1255,10.18,49.613,428,477,135,206,7135.0,7169.0,34.0,0.506
1255,10.18,49.613,477,512,135,206,7137.0,7173.0,36.0,0.674
1255,10.18,49.613,0,38,351,467,7114.0,7191.0,77.0,-1.265
1255,10.18,49.613,38,115,351,467,7103.0,7156.0,53.0,-2.192
1255,10.18,49.613,115,162,351,467,7114.0,7141.0,27.0,-1.265
1255,10.18,49.613,162,208,351,467,7122.0,7146.95,24.95,-0.59
1255,10.18,49.613,208,255,351,467,7122.0,7149.0,27.0,-0.59
1255,10.18,49.613,255,302,351,467,7127.0,7156.0,29.0,-0.169
1255,10.18,49.613,302,347,351,467,7133.0,7161.0,28.0,0.337
1255,10.18,49.613,347,394,351,467,7132.0,7164.0,32.0,0.253
1255,10.18,49.613,394,435,351,467,7131.0,7166.0,35.0,0.169
1255,10.18,49.613,435,475,351,467,7108.0,7157.0,49.0,-1.771
1255,10.18,49.613,475,512,351,467,7116.0,7161.0,45.0,-1.096
1255,10.18,49.613,15,63,467,553,7117.0,7148.72,31.72,-1.012
1255,10.18,49.613,63,111,467,553,7119.0,7154.0,35.0,-0.843
1255,10.18,49.613,111,160,467,553,7123.0,7152.0,29.0,-0.506
1255,10.18,49.613,160,207,467,553,7132.0,7163.0,31.0,0.253
1255,10.18,49.613,207,256,467,553,7129.0,7162.12,33.12,0.0
1255,10.18,49.613,256,305,467,553,7128.0,7159.0,31.0,-0.084
1255,10.18,49.613,305,353,467,553,7131.0,7162.0,31.0,0.169
1255,10.18,49.613,353,400,467,553,7137.0,7166.0,29.0,0.674
1255,10.18,49.613,400,450,467,553,7126.0,7157.0,31.0,-0.253
1255,10.18,49.613,450,498,467,553,7124.0,7153.0,29.0,-0.422
1260,10.18,49.613,13,60,39,132,7106.0,7141.0,35.0,-1.771
1260,10.18,49.613,60,101,39,132,7119.0,7148.94,29.94,-0.674
1260,10.18,49.613,101,153,39,132,7106.0,7149.0,43.0,-1.771
1260,10.18,49.613,153,200,39,132,7122.0,7155.0,33.0,-0.422
1260,10.18,49.613,200,247,39,132,7127.0,7162.0,35.0,0.0
1260,10.18,49.613,247,292,39,132,7127.0,7166.0,39.0,0.0
1260,10.18,49.613,292,340,39,132,7132.0,7168.0,36.0,0.422
1260,10.18,49.613,340,388,39,132,7135.0,7170.0,35.0,0.674
1260,10.18,49.613,388,436,39,132,7137.0,7175.0,38.0,0.843
1260,10.18,49.613,436,483,39,132,7136.0,7170.0,34.0,0.759
1260,10.18,49.613,5,54,132,203,7121.0,7165.0,44.0,-0.506
1260,10.18,49.613,54,103,132,203,7127.0,7178.0,51.0,0.0
1260,10.18,49.613,103,150,132,203,7131.0,7177.0,46.0,0.337
1260,10.18,49.613,150,199,132,203,7142.0,7185.0,43.0,1.265
1260,10.18,49.613,199,248,132,203,7146.0,7184.06,38.06,1.602
1260,10.18,49.613,248,296,132,203,7139.0,7178.0,39.0,1.012
1260,10.18,49.613,296,345,132,203,7136.0,7176.0,40.0,0.759
1260,10.18,49.613,345,393,132,203,7136.0,7177.0,41.0,0.759
1260,10.18,49.613,393,441,132,203,7137.0,7177.0,40.0,0.843
1260,10.18,49.613,441,490,132,203,7137.0,7171.0,34.0,0.843
1260,10.18,49.613,32,95,347,464,7107.0,7195.0,88.0,-1.686
1260,10.18,49.613,95,174,347,464,7104.0,7159.0,55.0,-1.939
1260,10.18,49.613,174,221,347,464,7113.0,7139.0,26.0,-1.18
1260,10.18,49.613,221,268,347,464,7121.0,7146.0,25.0,-0.506
1260,10.18,49.613,268,314,347,464,7121.0,7150.0,29.0,-0.506
1260,10.18,49.613,314,361,347,464,7123.0,7154.42,31.42,-0.337
1260,10.18,49.613,361,408,347,464,7129.0,7159.43,30.43,0.169
1260,10.18,49.613,27,76,464,550,7109.0,7146.0,37.0,-1.518
1260,10.18,49.613,76,124,464,550,7118.0,7152.0,34.0,-0.759
1260,10.18,49.613,124,173,464,550,7118.0,7154.0,36.0,-0.759
1260,10.18,49.613,173,220,464,550,7124.0,7154.0,30.0,-0.253
1260,10.18,49.613,220,269,464,550,7131.0,7164.0,33.0,0.337
1260,10.18,49.613,269,318,464,550,7130.0,7162.0,32.0,0.253
1260,10.18,49.613,318,367,464,550,7127.0,7156.0,29.0,0.0
1260,10.18,49.613,367,413,464,550,7129.0,7160.0,31.0,0.169
1260,10.18,49.613,413,461,464,550,7134.0,7162.0,28.0,0.59
1260,10.18,49.613,461,512,464,550,7122.0,7153.0,31.0,-0.422
1265,10.18,49.613,27,79,33,127,7111.0,7153.5,42.5,-1.23
1265,10.18,49.613,79,125,33,127,7116.0,7150.0,34.0,-0.833
1265,10.18,49.613,125,168,33,127,7118.0,7149.0,31.0,-0.674
1265,10.18,49.613,168,217,33,127,7113.0,7152.0,39.0,-1.071
1265,10.18,49.613,217,264,33,127,7123.0,7158.0,35.0,-0.278
1265,10.18,49.613,264,309,33,127,7131.0,7166.66,35.66,0.357
1265,10.18,49.613,309,360,33,127,7126.0,7166.0,40.0,-0.04
1265,10.18,49.613,360,403,33,127,7136.0,7168.0,32.0,0.754
1265,10.18,49.613,403,451,33,127,7135.0,7170.0,35.0,0.674
1265,10.18,49.613,451,498,33,127,7137.0,7173.0,36.0,0.833
1265,10.18,49.613,24,72,127,198,7129.0,7169.0,40.0,0.198
1265,10.18,49.613,72,121,127,198,7129.0,7175.0,46.0,0.198
1265,10.18,49.613,121,169,127,198,7136.0,7188.0,52.0,0.754
1265,10.18,49.613,169,217,127,198,7137.0,7187.0,50.0,0.833
1265,10.18,49.613,217,265,127,198,7136.0,7179.0,43.0,0.754
1265,10.18,49.613,265,313,127,198,7144.0,7185.0,41.0,1.389
1265,10.18,49.613,313,361,127,198,7138.0,7177.0,39.0,0.913
1265,10.18,49.613,361,409,127,198,7136.0,7176.0,40.0,0.754
1265,10.18,49.613,409,458,127,198,7137.0,7180.11,43.11,0.833
1265,10.18,49.613,458,506,127,198,7139.0,7179.0,40.0,0.992
1265,10.18,49.613,8,51,340,457,7107.0,7142.0,35.0,-1.547
1265,10.18,49.613,51,115,340,457,7103.0,7158.0,55.0,-1.865
1265,10.18,49.613,115,153,340,457,7122.0,7200.0,78.0,-0.357
1265,10.18,49.613,153,192,340,457,7111.0,7169.0,58.0,-1.23
1265,10.18,49.613,192,239,340,457,7108.0,7144.0,36.0,-1.468
1265,10.18,49.613,239,285,340,457,7115.0,7143.32,28.32,-0.913
1265,10.18,49.613,285,331,340,457,7122.0,7149.0,27.0,-0.357
1265,10.18,49.613,331,375,340,457,7122.0,7152.0,30.0,-0.357
1265,10.18,49.613,375,422,340,457,7124.0,7157.0,33.0,-0.198
1265,10.18,49.613,422,472,340,457,7127.0,7162.0,35.0,0.04
1265,10.18,49.613,472,512,340,457,7131.0,7163.0,32.0,0.357
1265,10.18,49.613,0,46,457,542,7119.0,7156.0,37.0,-0.595
1265,10.18,49.613,46,94,457,542,7118.0,7156.0,38.0,-0.674
1265,10.18,49.613,94,142,457,542,7114.0,7152.0,38.0,-0.992
1265,10.18,49.613,142,189,457,542,7123.0,7157.0,34.0,-0.278
1265,10.18,49.613,189,237,457,542,7122.0,7159.0,37.0,-0.357
1265,10.18,49.613,237,286,457,542,7125.0,7157.0,32.0,-0.119
1265,10.18,49.613,286,334,457,542,7133.0,7166.0,33.0,0.516
1265,10.18,49.613,334,381,457,542,7129.5,7162.0,32.5,0.238
1265,10.18,49.613,381,428,457,542,7127.0,7158.0,31.0,0.04
1265,10.18,49.613,428,476,457,542,7127.0,7158.0,31.0,0.04
1265,10.18,49.613,476,512,457,542,7132.0,7163.0,31.0,0.436
1270,10.18,49.613,1,47,29,123,7102.0,7136.0,34.0,-1.855
1270,10.18,49.613,47,93,29,123,7112.0,7144.0,32.0,-1.012
1270,10.18,49.613,93,140,29,123,7117.0,7160.82,43.82,-0.59
1270,10.18,49.613,140,187,29,123,7116.0,7156.0,40.0,-0.674
1270,10.18,49.613,187,233,29,123,7117.0,7151.0,34.0,-0.59
1270,10.18,49.613,233,279,29,123,7116.0,7153.0,37.0,-0.674
1270,10.18,49.613,279,327,29,123,7124.0,7162.0,38.0,0.0
1270,10.18,49.613,327,370,29,123,7129.0,7168.0,39.0,0.422
1270,10.18,49.613,370,421,29,123,7126.0,7165.0,39.0,0.169
1270,10.18,49.613,421,468,29,123,7133.0,7170.0,37.0,0.759
1270,10.18,49.613,468,512,29,123,7133.0,7169.0,36.0,0.759
1270,10.18,49.613,0,40,123,194,7124.0,7163.0,39.0,0.0
1270,10.18,49.613,40,88,123,194,7135.0,7174.0,39.0,0.927
1270,10.18,49.613,88,136,123,194,7136.0,7176.0,40.0,1.012
1270,10.18,49.613,136,184,123,194,7139.5,7184.0,44.5,1.307
1270,10.18,49.613,184,233,123,194,7138.0,7188.0,50.0,1.18
1270,10.18,49.613,233,281,123,194,7133.0,7178.0,45.0,0.759
1270,10.18,49.613,281,330,123,194,7136.0,7180.0,44.0,1.012
1270,10.18,49.613,330,378,123,194,7144.0,7183.0,39.0,1.686
1270,10.18,49.613,378,426,123,194,7138.0,7177.0,39.0,1.18
1270,10.18,49.613,426,474,123,194,7137.0,7176.0,39.0,1.096
1270,10.18,49.613,474,512,123,194,7134.0,7178.0,44.0,0.843
1270,10.18,49.613,18,65,332,454,7101.0,7139.0,38.0,-1.939
1270,10.18,49.613,65,111,332,454,7109.0,7149.0,40.0,-1.265
1270,10.18,49.613,111,172,332,454,7103.0,7161.69,58.69,-1.771
1270,10.18,49.613,172,211,332,454,7124.0,7204.0,80.0,0.0
1270,10.18,49.613,211,254,332,454,7113.0,7169.28,56.28,-0.927
1270,10.18,49.613,254,300,332,454,7108.0,7146.14,38.14,-1.349
1270,10.18,49.613,300,345,332,454,7117.0,7144.0,27.0,-0.59
1270,10.18,49.613,345,393,332,454,7121.0,7149.0,28.0,-0.253
1270,10.18,49.613,393,438,332,454,7122.0,7152.0,30.0,-0.169
1270,10.18,49.613,438,485,332,454,7124.0,7156.0,32.0,0.0
1270,10.18,49.613,13,62,454,539,7124.0,7164.0,40.0,0.0
1270,10.18,49.613,62,110,454,539,7124.0,7164.0,40.0,0.0
1270,10.18,49.613,110,157,454,539,7123.0,7162.0,39.0,-0.084
1270,10.18,49.613,157,205,454,539,7117.0,7155.0,38.0,-0.59
1270,10.18,49.613,205,253,454,539,7123.0,7161.0,38.0,-0.084
1270,10.18,49.613,253,301,454,539,7124.0,7163.0,39.0,0.0
1270,10.18,49.613,301,350,454,539,7127.0,7159.0,32.0,0.253
1270,10.18,49.613,350,397,454,539,7133.0,7166.0,33.0,0.759
1270,10.18,49.613,397,445,454,539,7129.0,7163.0,34.0,0.422
1270,10.18,49.613,445,493,454,539,7125.0,7157.0,32.0,0.084
1275,10.18,49.613,17,63,17,119,7096.0,7131.0,35.0,-2.216
1275,10.18,49.613,63,112,17,119,7106.0,7144.0,38.0,-1.253
1275,10.18,49.613,112,157,17,119,7110.0,7144.0,34.0,-0.867
1275,10.18,49.613,157,203,17,119,7117.0,7161.92,44.92,-0.193
1275,10.18,49.613,203,249,17,119,7114.0,7154.0,40.0,-0.482
1275,10.18,49.613,249,296,17,119,7116.0,7151.0,35.0,-0.289
1275,10.18,49.613,296,342,17,119,7114.0,7153.0,39.0,-0.482
1275,10.18,49.613,342,388,17,119,7122.0,7157.11,35.11,0.289
1275,10.18,49.613,388,436,17,119,7117.0,7162.0,45.0,-0.193
1275,10.18,49.613,436,483,17,119,7123.0,7165.0,42.0,0.385
1275,10.18,49.613,9,58,119,189,7117.0,7153.0,36.0,-0.193
1275,10.18,49.613,58,107,119,189,7129.0,7170.0,41.0,0.964
1275,10.18,49.613,107,155,119,189,7139.0,7177.0,38.0,1.927
1275,10.18,49.613,155,202,119,189,7142.0,7182.77,40.77,2.216
1275,10.18,49.613,202,250,119,189,7136.0,7179.0,43.0,1.638
1275,10.18,49.613,250,298,119,189,7131.0,7181.0,50.0,1.156
1275,10.18,49.613,298,346,119,189,7126.0,7173.0,47.0,0.674
1275,10.18,49.613,346,393,119,189,7133.0,7179.0,46.0,1.349
1275,10.18,49.613,393,441,119,189,7141.0,7182.0,41.0,2.12
1275,10.18,49.613,441,490,119,189,7136.0,7177.59,41.59,1.638
1275,10.18,49.613,0,35,324,448,7089.0,7136.0,47.0,-2.891
1275,10.18,49.613,35,89,324,448,7077.0,7138.0,61.0,-4.047
1275,10.18,49.613,89,133,324,448,7103.0,7143.0,40.0,-1.542
1275,10.18,49.613,133,176,324,448,7109.0,7149.0,40.0,-0.964
1275,10.18,49.613,176,233,324,448,7097.0,7162.0,65.0,-2.12
1275,10.18,49.613,233,270,324,448,7127.0,7204.0,77.0,0.771
1275,10.18,49.613,270,315,324,448,7112.0,7169.0,57.0,-0.674
1275,10.18,49.613,315,362,324,448,7106.0,7143.0,37.0,-1.253
1275,10.18,49.613,362,408,324,448,7114.0,7143.0,29.0,-0.482
1275,10.18,49.613,408,456,324,448,7118.0,7146.59,28.59,-0.096
1275,10.18,49.613,456,499,324,448,7119.0,7149.0,30.0,0.0
1275,10.18,49.613,30,80,448,530,7117.0,7163.0,46.0,-0.193
1275,10.18,49.613,80,125,448,530,7129.0,7166.0,37.0,0.964
1275,10.18,49.613,125,174,448,530,7125.0,7164.0,39.0,0.578
1275,10.18,49.613,174,222,448,530,7123.0,7162.0,39.0,0.385
1275,10.18,49.613,222,270,448,530,7117.0,7156.0,39.0,-0.193
1275,10.18,49.613,270,318,448,530,7123.0,7159.0,36.0,0.385
1275,10.18,49.613,318,365,448,530,7122.0,7160.0,38.0,0.289
1275,10.18,49.613,365,412,448,530,7124.0,7156.0,32.0,0.482
1275,10.18,49.613,412,460,448,530,7129.0,7162.0,33.0,0.964
1275,10.18,49.613,460,508,448,530,7126.0,7157.0,31.0,0.674
1280,10.18,49.613,33,80,14,119,7098.0,7132.29,34.29,-1.424
1280,10.18,49.613,80,127,14,119,7103.0,7137.0,34.0,-1.049
1280,10.18,49.613,127,174,14,119,7108.0,7144.0,36.0,-0.674
1280,10.18,49.613,174,220,14,119,7109.0,7145.27,36.27,-0.6
1280,10.18,49.613,220,266,14,119,7116.0,7160.0,44.0,-0.075
1280,10.18,49.613,266,312,14,119,7116.0,7154.0,38.0,-0.075
1280,10.18,49.613,312,359,14,119,7112.0,7152.0,40.0,-0.375
1280,10.18,49.613,359,405,14,119,7112.0,7151.0,39.0,-0.375
1280,10.18,49.613,405,452,14,119,7117.0,7157.0,40.0,0.0
1280,10.18,49.613,452,506,14,119,7104.0,7161.0,57.0,-0.974
1280,10.18,49.613,27,74,119,189,7124.0,7170.0,46.0,0.525
1280,10.18,49.613,74,123,119,189,7124.0,7159.0,35.0,0.525
1280,10.18,49.613,123,172,119,189,7137.0,7177.0,40.0,1.499
1280,10.18,49.613,172,219,119,189,7143.0,7183.0,40.0,1.949
1280,10.18,49.613,219,267,119,189,7137.0,7175.0,38.0,1.499
1280,10.18,49.613,267,315,119,189,7130.0,7173.0,43.0,0.974
1280,10.18,49.613,315,363,119,189,7128.0,7181.13,53.13,0.824
1280,10.18,49.613,363,410,119,189,7126.0,7173.0,47.0,0.674
1280,10.18,49.613,410,458,119,189,7133.0,7177.0,44.0,1.199
1280,10.18,49.613,458,507,119,189,7140.0,7180.0,40.0,1.724
1280,10.18,49.613,11,70,323,447,7087.0,7136.0,49.0,-2.248
1280,10.18,49.613,70,148,323,447,7078.0,7139.0,61.0,-2.923
1280,10.18,49.613,148,194,323,447,7102.0,7143.0,41.0,-1.124
1280,10.18,49.613,194,237,323,447,7107.0,7148.0,41.0,-0.749
1280,10.18,49.613,237,283,323,447,7104.0,7163.0,59.0,-0.974
1280,10.18,49.613,283,328,323,447,7105.0,7203.0,98.0,-0.899
1280,10.18,49.613,328,383,323,447,7096.0,7164.0,68.0,-1.574
1280,10.18,49.613,383,426,323,447,7106.0,7143.0,37.0,-0.824
1280,10.18,49.613,426,469,323,447,7113.0,7144.0,31.0,-0.3
1280,10.18,49.613,469,504,323,447,7117.0,7146.0,29.0,0.0
1280,10.18,49.613,0,48,447,529,7111.0,7143.5,32.5,-0.45
1280,10.18,49.613,48,96,447,529,7114.0,7157.0,43.0,-0.225
1280,10.18,49.613,96,145,447,529,7121.0,7165.0,44.0,0.3
1280,10.18,49.613,145,192,447,529,7129.0,7167.0,38.0,0.899
1280,10.18,49.613,192,239,447,529,7126.0,7165.0,39.0,0.674
1280,10.18,49.613,239,287,447,529,7121.0,7162.0,41.0,0.3
1280,10.18,49.613,287,334,447,529,7117.0,7155.0,38.0,0.0
1280,10.18,49.613,334,381,447,529,7123.0,7157.0,34.0,0.45
1280,10.18,49.613,381,429,447,529,7119.0,7157.0,38.0,0.15
1280,10.18,49.613,429,477,447,529,7122.0,7152.0,30.0,0.375
1280,10.18,49.613,477,512,447,529,7128.0,7159.0,31.0,0.824
1285,10.18,49.613,2,52,18,120,7086.0,7124.0,38.0,-1.988
1285,10.18,49.613,52,98,18,120,7102.0,7140.0,38.0,-0.852
1285,10.18,49.613,98,145,18,120,7100.0,7138.0,38.0,-0.994
1285,10.18,49.613,145,191,18,120,7106.0,7139.0,33.0,-0.568
1285,10.18,49.613,191,236,18,120,7109.0,7146.0,37.0,-0.355
1285,10.18,49.613,236,283,18,120,7108.0,7146.0,38.0,-0.426
1285,10.18,49.613,283,328,18,120,7118.0,7167.0,49.0,0.284
1285,10.18,49.613,328,373,18,120,7113.0,7154.0,41.0,-0.071
1285,10.18,49.613,373,419,18,120,7108.0,7148.0,40.0,-0.426
1285,10.18,49.613,419,466,18,120,7109.5,7149.0,39.5,-0.319
1285,10.18,49.613,466,509,18,120,7115.0,7151.0,36.0,0.071
1285,10.18,49.613,0,46,120,189,7112.0,7150.0,38.0,-0.142
1285,10.18,49.613,46,93,120,189,7124.0,7164.0,40.0,0.71
1285,10.18,49.613,93,140,120,189,7131.0,7176.18,45.18,1.207
1285,10.18,49.613,140,188,120,189,7134.0,7170.0,36.0,1.42
1285,10.18,49.613,188,236,120,189,7137.0,7177.0,40.0,1.633
1285,10.18,49.613,236,283,120,189,7137.0,7174.18,37.18,1.633
1285,10.18,49.613,283,330,120,189,7133.0,7171.0,38.0,1.349
1285,10.18,49.613,330,377,120,189,7127.0,7170.18,43.18,0.923
1285,10.18,49.613,377,425,120,189,7124.0,7176.0,52.0,0.71
1285,10.18,49.613,425,472,120,189,7124.0,7171.0,47.0,0.71
1285,10.18,49.613,472,512,120,189,7127.0,7172.0,45.0,0.923
1285,10.18,49.613,23,71,321,444,7087.0,7139.0,52.0,-1.917
1285,10.18,49.613,71,130,321,444,7086.0,7138.26,52.26,-1.988
1285,10.18,49.613,231,266,321,444,7091.0,7139.0,48.0,-1.633
1285,10.18,49.613,266,301,321,444,7107.0,7149.0,42.0,-0.497
1285,10.18,49.613,301,347,321,444,7105.0,7164.0,59.0,-0.639
1285,10.18,49.613,347,385,321,444,7107.0,7199.0,92.0,-0.497
1285,10.18,49.613,385,437,321,444,7103.0,7168.0,65.0,-0.781
1285,10.18,49.613,437,481,321,444,7103.0,7142.0,39.0,-0.781
1285,10.18,49.613,19,67,444,526,7105.0,7142.0,37.0,-0.639
1285,10.18,49.613,67,114,444,526,7114.0,7148.0,34.0,0.0
1285,10.18,49.613,114,161,444,526,7116.0,7159.0,43.0,0.142
1285,10.18,49.613,161,208,444,526,7122.0,7165.0,43.0,0.568
1285,10.18,49.613,208,256,444,526,7127.0,7167.17,40.17,0.923
1285,10.18,49.613,256,303,444,526,7126.0,7164.0,38.0,0.852
1285,10.18,49.613,303,349,444,526,7122.0,7161.0,39.0,0.568
1285,10.18,49.613,349,396,444,526,7114.0,7152.0,38.0,0.0
1285,10.18,49.613,396,443,444,526,7118.0,7153.0,35.0,0.284
1285,10.18,49.613,443,490,444,526,7115.0,7152.0,37.0,0.071
1290,10.18,49.613,28,73,27,128,7091.0,7129.0,38.0,-0.908
1290,10.18,49.613,73,117,27,128,7099.0,7134.0,35.0,-0.493
1290,10.18,49.613,117,163,27,128,7105.0,7141.56,36.56,-0.182
1290,10.18,49.613,163,206,27,128,7106.0,7142.0,36.0,-0.13
1290,10.18,49.613,206,252,27,128,7103.0,7142.0,39.0,-0.285
1290,10.18,49.613,252,297,27,128,7105.0,7147.0,42.0,-0.182
1290,10.18,49.613,297,340,27,128,7111.0,7146.0,35.0,0.13
1290,10.18,49.613,340,385,27,128,7116.0,7163.0,47.0,0.389
1290,10.18,49.613,385,427,27,128,7112.0,7153.0,41.0,0.182
1290,10.18,49.613,427,464,27,128,7097.0,7150.0,53.0,-0.597
1290,10.18,49.613,464,507,27,128,7094.0,7147.0,53.0,-0.752
1290,10.18,49.613,21,68,128,195,7107.0,7142.0,35.0,-0.078
1290,10.18,49.613,68,113,128,195,7121.0,7164.0,43.0,0.649
1290,10.18,49.613,113,159,128,195,7134.0,7175.0,41.0,1.323
1290,10.18,49.613,159,205,128,195,7136.0,7183.0,47.0,1.427
1290,10.18,49.613,205,251,128,195,7129.0,7164.61,35.61,1.064
1290,10.18,49.613,251,298,128,195,7131.0,7172.0,41.0,1.167
1290,10.18,49.613,298,343,128,195,7134.0,7172.0,38.0,1.323
1290,10.18,49.613,343,389,128,195,7131.0,7170.0,39.0,1.167
1290,10.18,49.613,389,435,128,195,7126.0,7171.0,45.0,0.908
1290,10.18,49.613,435,481,128,195,7126.0,7176.0,50.0,0.908
1290,10.18,49.613,5,45,322,442,7085.0,7131.0,46.0,-1.219
1290,10.18,49.613,45,94,322,442,7078.0,7132.0,54.0,-1.582
1290,10.18,49.613,94,138,322,442,7089.0,7142.0,53.0,-1.012
1290,10.18,49.613,138,190,322,442,7085.0,7140.0,55.0,-1.219
1290,10.18,49.613,190,226,322,442,7077.0,7139.0,62.0,-1.634
1290,10.18,49.613,226,271,322,442,7087.0,7139.0,52.0,-1.116
1290,10.18,49.613,271,334,322,442,7095.0,7143.0,48.0,-0.7
1290,10.18,49.613,334,393,322,442,7096.0,7159.0,63.0,-0.649
1290,10.18,49.613,393,437,322,442,7089.0,7184.0,95.0,-1.012
1290,10.18,49.613,437,490,322,442,7100.0,7183.0,83.0,-0.441
1290,10.18,49.613,0,42,442,521,7088.0,7121.0,33.0,-1.064
1290,10.18,49.613,42,88,442,521,7100.0,7135.0,35.0,-0.441
1290,10.18,49.613,88,131,442,521,7110.0,7144.0,34.0,0.078
1290,10.18,49.613,131,178,442,521,7115.0,7149.0,34.0,0.337
1290,10.18,49.613,178,225,442,521,7115.0,7157.0,42.0,0.337
1290,10.18,49.613,225,271,442,521,7121.0,7164.0,43.0,0.649
1290,10.18,49.613,271,317,442,521,7127.0,7166.0,39.0,0.96
1290,10.18,49.613,317,362,442,521,7124.0,7162.0,38.0,0.804
1290,10.18,49.613,362,407,442,521,7119.5,7157.0,37.5,0.571
1290,10.18,49.613,407,453,442,521,7111.0,7148.0,37.0,0.13
1290,10.18,49.613,453,498,442,521,7114.0,7148.0,34.0,0.285
1295,10.18,49.613,0,39,32,131,7070.0,7103.0,33.0,-1.242
1295,10.18,49.613,39,88,32,131,7079.0,7111.0,32.0,-0.923
1295,10.18,49.613,88,131,32,131,7101.0,7137.0,36.0,-0.142
1295,10.18,49.613,131,176,32,131,7105.0,7139.0,34.0,0.0
1295,10.18,49.613,176,221,32,131,7112.0,7146.0,34.0,0.248
1295,10.18,49.613,221,265,32,131,7105.0,7146.1,41.1,0.0
1295,10.18,49.613,265,309,32,131,7101.0,7144.0,43.0,-0.142
1295,10.18,49.613,309,355,32,131,7101.0,7149.0,48.0,-0.142
1295,10.18,49.613,355,399,32,131,7112.0,7148.14,36.14,0.248
1295,10.18,49.613,399,454,32,131,7108.0,7162.0,54.0,0.106
1295,10.18,49.613,454,491,32,131,7107.0,7156.0,49.0,0.071
1295,10.18,49.613,0,36,131,201,7081.0,7116.0,35.0,-0.852
1295,10.18,49.613,36,81,131,201,7099.0,7138.0,39.0,-0.213
1295,10.18,49.613,81,128,131,201,7116.0,7148.0,32.0,0.39
1295,10.18,49.613,128,174,131,201,7131.0,7170.0,39.0,0.923
1295,10.18,49.613,174,220,131,201,7134.0,7176.0,42.0,1.029
1295,10.18,49.613,220,265,131,201,7131.0,7176.0,45.0,0.923
1295,10.18,49.613,265,312,131,201,7126.0,7161.0,35.0,0.745
1295,10.18,49.613,312,358,131,201,7131.0,7170.0,39.0,0.923
1295,10.18,49.613,358,404,131,201,7134.0,7173.41,39.41,1.029
1295,10.18,49.613,404,449,131,201,7132.0,7172.05,40.05,0.958
1295,10.18,49.613,449,496,131,201,7127.0,7171.0,44.0,0.781
1295,10.18,49.613,19,60,327,449,7069.0,7121.03,52.03,-1.278
1295,10.18,49.613,60,105,327,449,7079.0,7134.0,55.0,-0.923
1295,10.18,49.613,105,151,327,449,7080.0,7136.0,56.0,-0.887
1295,10.18,49.613,151,194,327,449,7088.0,7144.0,56.0,-0.603
1295,10.18,49.613,194,243,327,449,7085.0,7139.0,54.0,-0.71
1295,10.18,49.613,243,282,327,449,7081.0,7139.0,58.0,-0.852
1295,10.18,49.613,282,350,327,449,7078.0,7141.0,63.0,-0.958
1295,10.18,49.613,350,388,327,449,7086.0,7139.88,53.88,-0.674
1295,10.18,49.613,388,447,327,449,7090.0,7156.0,66.0,-0.532
1295,10.18,49.613,447,491,327,449,7084.0,7142.0,58.0,-0.745
1295,10.18,49.613,8,55,449,527,7071.0,7103.0,32.0,-1.207
1295,10.18,49.613,55,100,449,527,7092.0,7124.0,32.0,-0.461
1295,10.18,49.613,100,148,449,527,7102.0,7140.0,38.0,-0.106
1295,10.18,49.613,148,193,449,527,7111.0,7147.0,36.0,0.213
1295,10.18,49.613,193,239,449,527,7117.0,7149.21,32.21,0.426
1295,10.18,49.613,239,285,449,527,7117.0,7161.0,44.0,0.426
1295,10.18,49.613,285,332,449,527,7122.0,7166.0,44.0,0.603
1295,10.18,49.613,332,377,449,527,7128.0,7166.02,38.02,0.816
1295,10.18,49.613,377,422,449,527,7124.0,7162.0,38.0,0.674
1295,10.18,49.613,422,467,449,527,7119.0,7156.0,37.0,0.497
1295,10.18,49.613,467,512,449,527,7108.0,7145.0,37.0,0.106
1300,10.18,49.613,0,42,330,452,7015.0,7072.0,57.0,-2.575
1300,10.18,49.613,42,85,330,452,7042.0,7084.28,42.28,-1.748
1300,10.18,49.613,85,128,330,452,7066.0,7124.0,58.0,-1.012
1300,10.18,49.613,128,171,330,452,7081.0,7134.03,53.03,-0.552
1300,10.18,49.613,171,214,330,452,7077.0,7137.0,60.0,-0.674
1300,10.18,49.613,214,263,330,452,7076.0,7142.0,66.0,-0.705
1300,10.18,49.613,263,304,330,452,7093.0,7141.0,48.0,-0.184
1300,10.18,49.613,304,350,330,452,7073.0,7139.0,66.0,-0.797
1300,10.18,49.613,350,412,330,452,7075.0,7139.0,64.0,-0.736
1300,10.18,49.613,412,451,330,452,7085.0,7136.0,51.0,-0.429
1300,10.18,49.613,451,504,330,452,7083.0,7149.0,66.0,-0.491
1300,10.18,49.613,31,77,452,530,7038.0,7073.0,35.0,-1.87
1300,10.18,49.613,77,124,452,530,7072.0,7106.0,34.0,-0.828
1300,10.18,49.613,124,170,452,530,7092.0,7126.0,34.0,-0.215
1300,10.18,49.613,170,216,452,530,7103.0,7140.22,37.22,0.123
1300,10.18,49.613,216,262,452,530,7109.0,7148.0,39.0,0.307
1300,10.18,49.613,262,308,452,530,7116.0,7149.0,33.0,0.521
1300,10.18,49.613,308,355,452,530,7117.0,7158.0,41.0,0.552
1300,10.18,49.613,355,400,452,530,7119.0,7162.0,43.0,0.613
1300,10.18,49.613,400,446,452,530,7123.0,7161.0,38.0,0.736
1300,10.18,49.613,446,492,452,530,7118.0,7156.0,38.0,0.583
1300,10.18,49.613,10,62,35,137,7035.0,7070.0,35.0,-1.962
1300,10.18,49.613,62,109,35,137,7068.0,7110.0,42.0,-0.95
1300,10.18,49.613,109,154,35,137,7084.0,7114.0,30.0,-0.46
1300,10.18,49.613,154,198,35,137,7104.0,7143.0,39.0,0.153
1300,10.18,49.613,198,243,35,137,7103.0,7142.0,39.0,0.123
1300,10.18,49.613,243,288,35,137,7102.0,7147.0,45.0,0.092
1300,10.18,49.613,288,331,35,137,7099.0,7146.0,47.0,0.0
1300,10.18,49.613,331,378,35,137,7091.0,7144.79,53.79,-0.245
1300,10.18,49.613,469,509,35,137,7110.0,7159.0,49.0,0.337
1300,10.18,49.613,14,58,137,204,7045.0,7081.0,36.0,-1.656
1300,10.18,49.613,58,105,137,204,7088.0,7124.0,36.0,-0.337
1300,10.18,49.613,105,150,137,204,7110.0,7147.0,37.0,0.337
1300,10.18,49.613,150,197,137,204,7124.0,7158.0,34.0,0.766
1300,10.18,49.613,197,243,137,204,7128.0,7166.0,38.0,0.889
1300,10.18,49.613,243,289,137,204,7129.0,7169.0,40.0,0.92
1300,10.18,49.613,289,335,137,204,7129.0,7175.0,46.0,0.92
1300,10.18,49.613,335,381,137,204,7126.0,7159.0,33.0,0.828
1300,10.18,49.613,381,427,137,204,7131.0,7169.0,38.0,0.981
1300,10.18,49.613,427,473,137,204,7135.0,7172.0,37.0,1.104
1300,10.18,49.613,473,512,137,204,7131.0,7168.0,37.0,0.981
1305,10.18,49.613,6,43,330,453,7007.0,7055.0,48.0,-2.923
1305,10.18,49.613,43,116,330,453,7016.0,7078.33,62.33,-2.611
1305,10.18,49.613,116,157,330,453,7039.0,7085.0,46.0,-1.816
1305,10.18,49.613,157,205,330,453,7059.0,7126.0,67.0,-1.124
1305,10.18,49.613,205,253,330,453,7074.0,7135.0,61.0,-0.605
1305,10.18,49.613,253,295,330,453,7080.0,7137.0,57.0,-0.398
1305,10.18,49.613,295,340,330,453,7083.0,7142.0,59.0,-0.294
1305,10.18,49.613,340,380,330,453,7092.0,7142.0,50.0,0.017
1305,10.18,49.613,380,429,330,453,7067.0,7138.0,71.0,-0.847
1305,10.18,49.613,429,485,330,453,7074.0,7136.0,62.0,-0.605
1305,10.18,49.613,110,157,453,531,7041.0,7074.0,33.0,-1.747
1305,10.18,49.613,157,203,453,531,7077.0,7110.0,33.0,-0.502
1305,10.18,49.613,203,249,453,531,7095.0,7132.0,37.0,0.121
1305,10.18,49.613,249,296,453,531,7104.0,7143.0,39.0,0.432
1305,10.18,49.613,296,341,453,531,7111.0,7151.0,40.0,0.674
1305,10.18,49.613,341,387,453,531,7116.0,7149.0,33.0,0.847
1305,10.18,49.613,387,434,453,531,7113.0,7156.0,43.0,0.744
1305,10.18,49.613,434,479,453,531,7116.0,7159.0,43.0,0.847
1305,10.18,49.613,91,143,33,137,7037.0,7078.0,41.0,-1.885
1305,10.18,49.613,143,186,33,137,7078.0,7117.0,39.0,-0.467
1305,10.18,49.613,186,231,33,137,7085.0,7120.0,35.0,-0.225
1305,10.18,49.613,231,275,33,137,7102.0,7143.18,41.18,0.363
1305,10.18,49.613,275,325,33,137,7091.0,7142.0,51.0,-0.017
1305,10.18,49.613,325,368,33,137,7092.0,7150.0,58.0,0.017
1305,10.18,49.613,368,410,33,137,7095.0,7146.0,51.0,0.121
1305,10.18,49.613,410,456,33,137,7090.0,7143.0,53.0,-0.052
1305,10.18,49.613,456,510,33,137,7082.0,7145.0,63.0,-0.329
1305,10.18,49.613,91,137,137,204,7054.0,7091.0,37.0,-1.297
1305,10.18,49.613,137,184,137,204,7100.0,7137.0,37.0,0.294
1305,10.18,49.613,184,231,137,204,7111.0,7149.0,38.0,0.674
1305,10.18,49.613,231,277,137,204,7119.0,7151.0,32.0,0.951
1305,10.18,49.613,277,323,137,204,7126.0,7165.0,39.0,1.193
1305,10.18,49.613,323,368,137,204,7131.0,7170.0,39.0,1.366
1305,10.18,49.613,368,414,137,204,7129.0,7175.0,46.0,1.297
1305,10.18,49.613,414,461,137,204,7126.0,7161.0,35.0,1.193
1305,10.18,49.613,461,508,137,204,7131.0,7171.0,40.0,1.366
1310,10.18,49.613,164,211,32,136,7040.0,7084.0,44.0,-2.328
1310,10.18,49.613,211,256,32,136,7076.0,7117.0,41.0,-0.762
1310,10.18,49.613,256,300,32,136,7084.0,7119.0,35.0,-0.413
1310,10.18,49.613,300,351,32,136,7092.0,7145.0,53.0,-0.065
1310,10.18,49.613,351,390,32,136,7098.0,7146.0,48.0,0.196
1310,10.18,49.613,390,435,32,136,7091.0,7150.0,59.0,-0.109
1310,10.18,49.613,435,484,32,136,7087.0,7147.0,60.0,-0.283
1310,10.18,49.613,164,210,136,204,7058.0,7098.0,40.0,-1.545
1310,10.18,49.613,210,257,136,204,7095.0,7130.0,35.0,0.065
1310,10.18,49.613,257,303,136,204,7107.0,7146.0,39.0,0.587
1310,10.18,49.613,303,349,136,204,7117.0,7149.0,32.0,1.023
1310,10.18,49.613,349,395,136,204,7124.0,7164.0,40.0,1.327
1310,10.18,49.613,395,440,136,204,7132.0,7171.0,39.0,1.675
1310,10.18,49.613,440,487,136,204,7129.0,7176.0,47.0,1.545
1315,10.179,49.613,198,243,26,132,7042.0,7081.84,39.84,-1.625
1315,10.179,49.613,243,288,26,132,7074.0,7116.0,42.0,-0.644
1315,10.179,49.613,288,332,26,132,7081.0,7121.0,40.0,-0.429
1315,10.179,49.613,332,380,26,132,7095.0,7144.0,49.0,0.0
1315,10.179,49.613,380,419,26,132,7099.0,7144.0,45.0,0.123
1315,10.179,49.613,419,456,26,132,7081.0,7150.0,69.0,-0.429
1315,10.179,49.613,456,493,26,132,7072.0,7145.0,73.0,-0.705
1315,10.179,49.613,198,243,132,199,7057.0,7094.0,37.0,-1.165
1315,10.179,49.613,243,289,132,199,7095.0,7128.0,33.0,0.0
1315,10.179,49.613,289,335,132,199,7107.0,7145.61,38.61,0.368
1315,10.179,49.613,335,381,132,199,7118.0,7149.0,31.0,0.705
1315,10.179,49.613,381,427,132,199,7126.0,7163.0,37.0,0.95
1315,10.179,49.613,427,473,132,199,7133.0,7172.0,39.0,1.165
1315,10.179,49.613,473,512,132,199,7132.0,7175.0,43.0,1.134
1320,10.179,49.613,200,245,23,129,7041.0,7081.0,40.0,-1.625
1320,10.179,49.613,245,290,23,129,7072.0,7116.0,44.0,-0.674
1320,10.179,49.613,290,334,23,129,7079.0,7119.0,40.0,-0.46
1320,10.179,49.613,334,379,23,129,7095.0,7144.0,49.0,0.031
1320,10.179,49.613,379,422,23,129,7092.0,7142.0,50.0,-0.061
1320,10.179,49.613,422,497,23,129,7076.0,7146.0,70.0,-0.552
1320,10.179,49.613,200,245,129,197,7055.0,7093.0,38.0,-1.196
1320,10.179,49.613,245,292,129,197,7094.0,7129.0,35.0,0.0
1320,10.179,49.613,292,338,129,197,7105.0,7146.21,41.21,0.337
1320,10.179,49.613,338,383,129,197,7116.0,7149.0,33.0,0.674
1320,10.179,49.613,383,430,129,197,7124.0,7163.0,39.0,0.92
1320,10.179,49.613,430,476,129,197,7131.0,7172.0,41.0,1.134
1320,10.179,49.613,476,512,129,197,7131.0,7175.0,44.0,1.134
1325,10.179,49.613,199,245,17,119,7036.0,7079.0,43.0,-1.988
1325,10.179,49.613,245,290,17,119,7073.0,7115.65,42.65,-0.674
1325,10.179,49.613,290,334,17,119,7082.0,7117.0,35.0,-0.355
1325,10.179,49.613,334,384,17,119,7091.0,7143.0,52.0,-0.035
1325,10.179,49.613,384,424,17,119,7099.0,7141.0,42.0,0.248
1325,10.179,49.613,424,497,17,119,7081.0,7145.45,64.45,-0.39
1325,10.179,49.613,199,245,119,189,7052.0,7094.0,42.0,-1.42
1325,10.179,49.613,245,291,119,189,7092.0,7128.0,36.0,0.0
1325,10.179,49.613,291,337,119,189,7103.0,7143.0,40.0,0.39
1325,10.179,49.613,337,383,119,189,7113.0,7147.0,34.0,0.745
1325,10.179,49.613,383,429,119,189,7122.0,7162.41,40.41,1.065
1325,10.179,49.613,429,476,119,189,7128.0,7168.0,40.0,1.278
1325,10.179,49.613,476,512,119,189,7128.0,7173.0,45.0,1.278
1330,10.179,49.613,195,241,0,100,7034.0,7077.62,43.62,-1.701
1330,10.179,49.613,241,287,0,100,7065.0,7112.0,47.0,-0.792
1330,10.179,49.613,287,332,0,100,7077.0,7118.0,41.0,-0.44
1330,10.179,49.613,332,382,0,100,7084.0,7142.0,58.0,-0.235
1330,10.179,49.613,382,422,0,100,7095.0,7138.0,43.0,0.088
1330,10.179,49.613,422,495,0,100,7078.0,7144.0,66.0,-0.411
1330,10.179,49.613,195,241,100,167,7053.0,7094.0,41.0,-1.144
1330,10.179,49.613,241,287,100,167,7092.0,7129.0,37.0,0.0
1330,10.179,49.613,287,334,100,167,7103.0,7143.0,40.0,0.323
1330,10.179,49.613,334,380,100,167,7115.0,7147.0,32.0,0.674
1330,10.179,49.613,380,426,100,167,7123.0,7162.0,39.0,0.909
1330,10.179,49.613,426,473,100,167,7130.0,7169.0,39.0,1.114
1330,10.179,49.613,473,509,100,167,7128.0,7171.0,43.0,1.056
1335,10.179,49.613,190,237,0,58,7026.0,7062.8,36.8,-3.024
1335,10.179,49.613,237,283,0,58,7063.0,7100.0,37.0,-1.414
1335,10.179,49.613,283,328,0,58,7079.0,7106.73,27.73,-0.718
1335,10.179,49.613,328,374,0,58,7095.0,7131.21,36.21,-0.022
1335,10.179,49.613,374,419,0,58,7099.0,7128.0,29.0,0.152
1335,10.179,49.613,419,465,0,58,7104.0,7135.21,31.21,0.37
1335,10.179,49.613,465,512,0,58,7095.0,7127.0,32.0,-0.022
1335,10.179,49.613,190,237,58,124,7038.0,7081.0,43.0,-2.502
1335,10.179,49.613,237,283,58,124,7081.0,7119.0,38.0,-0.631
1335,10.179,49.613,283,329,58,124,7096.0,7137.0,41.0,0.022
1335,10.179,49.613,329,375,58,124,7108.0,7142.0,34.0,0.544
1335,10.179,49.613,375,423,58,124,7113.0,7156.81,43.81,0.762
1335,10.179,49.613,423,470,58,124,7121.0,7162.0,41.0,1.11
1335,10.179,49.613,470,512,58,124,7117.0,7161.41,44.41,0.936
1340,10.179,49.613,184,228,0,56,7020.0,7062.0,42.0,-4.164
1340,10.179,49.613,228,275,0,56,7068.0,7102.0,34.0,-1.349
1340,10.179,49.613,275,322,0,56,7079.5,7120.0,40.5,-0.674
1340,10.179,49.613,322,369,0,56,7091.0,7128.0,37.0,0.0
1340,10.179,49.613,369,417,0,56,7100.0,7142.0,42.0,0.528
1340,10.179,49.613,417,464,0,56,7106.0,7146.0,40.0,0.88
1340,10.179,49.613,464,512,0,56,7102.0,7146.0,44.0,0.645
1355,10.179,49.613,107,167,0,84,6996.0,7057.0,61.0,-2.581
1355,10.179,49.613,167,212,0,84,7030.0,7077.0,47.0,-1.584
1355,10.179,49.613,212,260,0,84,7061.0,7117.0,56.0,-0.674
1355,10.179,49.613,260,307,0,84,7083.0,7128.0,45.0,-0.029
1355,10.179,49.613,307,354,0,84,7083.0,7131.0,48.0,-0.029
1355,10.179,49.613,354,400,0,84,7092.0,7137.0,45.0,0.235
1355,10.179,49.613,400,447,0,84,7092.0,7134.0,42.0,0.235
1355,10.179,49.613,447,496,0,84,7082.0,7128.0,46.0,-0.059
1355,10.179,49.613,162,211,84,154,7048.0,7092.0,44.0,-1.056
1355,10.179,49.613,211,259,84,154,7084.0,7124.0,40.0,0.0
1355,10.179,49.613,259,307,84,154,7100.0,7139.0,39.0,0.469
1355,10.179,49.613,307,356,84,154,7108.0,7149.0,41.0,0.704
1355,10.179,49.613,356,403,84,154,7116.0,7157.0,41.0,0.938
1355,10.179,49.613,403,451,84,154,7122.0,7158.13,36.13,1.114
1355,10.179,49.613,451,501,84,154,7119.0,7163.0,44.0,1.026
1360,10.18,49.613,154,203,0,75,7024.0,7065.0,41.0,-3.878
1360,10.18,49.613,203,251,0,75,7061.0,7102.0,41.0,-1.799
1360,10.18,49.613,251,300,0,75,7081.0,7122.0,41.0,-0.674
1360,10.18,49.613,300,349,0,75,7093.0,7137.0,44.0,0.0
1360,10.18,49.613,349,398,0,75,7098.0,7144.0,46.0,0.281
1360,10.18,49.613,398,447,0,75,7106.0,7143.0,37.0,0.731
1360,10.18,49.613,447,497,0,75,7100.0,7148.0,48.0,0.393
1375,10.179,49.613,169,220,46,155,7037.0,7085.0,48.0,-3.457
1375,10.179,49.613,220,269,46,155,7067.0,7118.0,51.0,-1.771
1375,10.179,49.613,269,316,46,155,7085.0,7126.0,41.0,-0.759
1375,10.179,49.613,316,362,46,155,7094.0,7137.0,43.0,-0.253
1375,10.179,49.613,362,415,46,155,7102.0,7204.0,102.0,0.197
1375,10.179,49.613,415,458,46,155,7099.0,7147.64,48.64,0.028
1375,10.179,49.613,458,497,46,155,7098.0,7134.0,36.0,-0.028
1375,10.179,49.613,169,218,155,230,7047.0,7087.0,40.0,-2.895
1375,10.179,49.613,218,267,155,230,7092.0,7134.0,42.0,-0.365
1375,10.179,49.613,267,316,155,230,7106.0,7151.0,45.0,0.422
1375,10.179,49.613,316,366,155,230,7109.0,7143.65,34.65,0.59
1375,10.179,49.613,366,415,155,230,7120.0,7156.0,36.0,1.208
1375,10.179,49.613,415,463,155,230,7126.0,7161.0,35.0,1.546
1375,10.179,49.613,463,501,155,230,7119.0,7152.0,33.0,1.152
1380,10.179,49.613,167,218,32,137,7034.0,7079.0,45.0,-2.063
1380,10.179,49.613,218,267,32,137,7069.0,7113.91,44.91,-0.674
1380,10.179,49.613,267,315,32,137,7081.0,7121.0,40.0,-0.198
1380,10.179,49.613,315,360,32,137,7094.0,7133.0,39.0,0.317
1380,10.179,49.613,360,399,32,137,7107.0,7200.52,93.52,0.833
1380,10.179,49.613,399,434,32,137,7082.0,7142.0,60.0,-0.159
1380,10.179,49.613,434,496,32,137,7093.0,7133.0,40.0,0.278
1380,10.179,49.613,170,217,137,215,7047.5,7088.0,40.5,-1.528
1380,10.179,49.613,217,266,137,215,7091.0,7132.0,41.0,0.198
1380,10.179,49.613,266,315,137,215,7101.0,7148.0,47.0,0.595
1380,10.179,49.613,315,363,137,215,7106.0,7143.0,37.0,0.794
1380,10.179,49.613,363,413,137,215,7115.0,7154.0,39.0,1.151
1380,10.179,49.613,413,461,137,215,7122.0,7162.0,40.0,1.428
1380,10.179,49.613,461,512,137,215,7112.0,7152.0,40.0,1.032
1380,10.179,49.613,194,240,355,477,7027.0,7091.23,64.23,-2.341
1380,10.179,49.613,240,286,355,477,7043.0,7103.0,60.0,-1.706
1380,10.179,49.613,286,334,355,477,7058.0,7109.0,51.0,-1.111
1380,10.179,49.613,334,380,355,477,7078.0,7120.0,42.0,-0.317
1380,10.179,49.613,380,427,355,477,7086.0,7123.0,37.0,0.0
1380,10.179,49.613,427,477,355,477,7081.0,7128.0,47.0,-0.198
1380,10.179,49.613,477,512,355,477,7079.0,7116.0,37.0,-0.278
1380,10.179,49.613,191,238,477,560,7033.0,7072.0,39.0,-2.103
1380,10.179,49.613,238,286,477,560,7077.0,7111.76,34.76,-0.357
1380,10.179,49.613,286,335,477,560,7091.0,7124.0,33.0,0.198
1380,10.179,49.613,335,383,477,560,7103.0,7133.0,30.0,0.674
1380,10.179,49.613,383,431,477,560,7105.0,7134.0,29.0,0.754
1380,10.179,49.613,431,479,477,560,7103.0,7133.7,30.7,0.674
1385,10.18,49.613,165,215,33,139,7034.0,7078.0,44.0,-3.768
1385,10.18,49.613,215,264,33,139,7069.0,7113.11,44.11,-1.716
1385,10.18,49.613,264,311,33,139,7084.0,7122.0,38.0,-0.836
1385,10.18,49.613,311,358,33,139,7092.0,7133.0,41.0,-0.367
1385,10.18,49.613,358,412,33,139,7100.0,7208.0,108.0,0.103
1385,10.18,49.613,412,453,33,139,7103.0,7143.0,40.0,0.279
1385,10.18,49.613,453,494,33,139,7096.5,7131.0,34.5,-0.103
1385,10.18,49.613,167,214,139,215,7048.0,7088.0,40.0,-2.947
1385,10.18,49.613,214,263,139,215,7092.0,7132.0,40.0,-0.367
1385,10.18,49.613,263,312,139,215,7103.0,7148.0,45.0,0.279
1385,10.18,49.613,312,361,139,215,7107.0,7144.0,37.0,0.513
1385,10.18,49.613,361,409,139,215,7118.0,7155.0,37.0,1.158
1385,10.18,49.613,409,458,139,215,7123.0,7162.0,39.0,1.452
1385,10.18,49.613,458,507,139,215,7115.0,7152.96,37.96,0.982
1390,10.18,49.613,150,201,33,139,7032.0,7074.0,42.0,-3.625
1390,10.18,49.613,201,250,33,139,7068.0,7113.0,45.0,-1.602
1390,10.18,49.613,250,296,33,139,7082.0,7117.0,35.0,-0.815
1390,10.18,49.613,296,344,33,139,7087.0,7130.0,43.0,-0.534
1390,10.18,49.613,344,392,33,139,7102.0,7207.22,105.22,0.309
1390,10.18,49.613,392,438,33,139,7098.0,7141.0,43.0,0.084
1390,10.18,49.613,438,483,33,139,7095.0,7129.0,34.0,-0.084
1390,10.18,49.613,153,200,139,216,7046.0,7085.0,39.0,-2.838
1390,10.18,49.613,200,248,139,216,7090.0,7131.0,41.0,-0.365
1390,10.18,49.613,248,297,139,216,7099.0,7144.0,45.0,0.141
1390,10.18,49.613,297,346,139,216,7104.0,7141.0,37.0,0.422
1390,10.18,49.613,346,395,139,216,7113.0,7152.0,39.0,0.927
1390,10.18,49.613,395,443,139,216,7120.0,7157.0,37.0,1.321
1390,10.18,49.613,443,493,139,216,7111.0,7149.0,38.0,0.815
1395,10.18,49.613,119,171,36,145,7029.0,7074.0,45.0,-2.794
1395,10.18,49.613,171,220,36,145,7063.0,7113.0,50.0,-1.156
1395,10.18,49.613,220,266,36,145,7081.0,7116.87,35.87,-0.289
1395,10.18,49.613,266,314,36,145,7086.0,7128.0,42.0,-0.048
1395,10.18,49.613,314,362,36,145,7101.0,7213.03,112.03,0.674
1395,10.18,49.613,362,409,36,145,7096.0,7138.0,42.0,0.434
1395,10.18,49.613,409,454,36,145,7095.0,7129.0,34.0,0.385
1395,10.18,49.613,454,496,36,145,7093.0,7134.0,41.0,0.289
1395,10.18,49.613,122,168,145,220,7042.0,7081.0,39.0,-2.168
1395,10.18,49.613,168,217,145,220,7092.0,7131.0,39.0,0.241
1395,10.18,49.613,217,265,145,220,7101.0,7146.0,45.0,0.674
1395,10.18,49.613,265,314,145,220,7103.0,7139.0,36.0,0.771
1395,10.18,49.613,314,364,145,220,7113.0,7149.0,36.0,1.253
1395,10.18,49.613,364,413,145,220,7117.0,7156.0,39.0,1.445
1395,10.18,49.613,413,461,145,220,7113.0,7146.0,33.0,1.253
1395,10.18,49.613,461,512,145,220,7122.0,7153.04,31.04,1.686
1395,10.18,49.613,149,196,358,481,7021.0,7084.33,63.33,-3.18
1395,10.18,49.613,196,240,358,481,7043.0,7097.84,54.84,-2.12
1395,10.18,49.613,240,288,358,481,7054.0,7104.0,50.0,-1.59
1395,10.18,49.613,288,334,358,481,7077.0,7117.0,40.0,-0.482
1395,10.18,49.613,334,380,358,481,7084.0,7119.0,35.0,-0.145
1395,10.18,49.613,380,427,358,481,7083.0,7125.0,42.0,-0.193
1395,10.18,49.613,427,472,358,481,7072.0,7114.0,42.0,-0.723
1395,10.18,49.613,472,512,358,481,7077.0,7117.0,40.0,-0.482
1395,10.18,49.613,150,191,481,566,7031.0,7066.0,35.0,-2.698
1395,10.18,49.613,191,239,481,566,7073.0,7106.0,33.0,-0.674
1395,10.18,49.613,239,287,481,566,7088.0,7121.0,33.0,0.048
1395,10.18,49.613,287,335,481,566,7100.0,7131.37,31.37,0.626
1395,10.18,49.613,335,384,481,566,7102.0,7133.0,31.0,0.723
1395,10.18,49.613,384,431,481,566,7102.0,7132.0,30.0,0.723
1395,10.18,49.613,431,484,481,566,7087.0,7124.0,37.0,0.0
1400,10.18,49.613,77,131,45,152,7030.0,7072.0,42.0,-2.765
1400,10.18,49.613,131,179,45,152,7072.0,7116.0,44.0,-0.877
1400,10.18,49.613,179,227,45,152,7086.0,7122.55,36.55,-0.247
1400,10.18,49.613,227,274,45,152,7092.0,7134.0,42.0,0.022
1400,10.18,49.613,274,321,45,152,7107.0,7215.36,108.36,0.697
1400,10.18,49.613,321,369,45,152,7100.0,7142.0,42.0,0.382
1400,10.18,49.613,369,415,45,152,7097.0,7131.0,34.0,0.247
1400,10.18,49.613,415,457,45,152,7102.0,7141.0,39.0,0.472
1400,10.18,49.613,457,496,45,152,7090.0,7141.0,51.0,-0.067
1400,10.18,49.613,84,127,152,228,7039.0,7077.0,38.0,-2.361
1400,10.18,49.613,127,176,152,228,7091.0,7129.0,38.0,-0.022
1400,10.18,49.613,176,224,152,228,7106.0,7146.0,40.0,0.652
1400,10.18,49.613,224,273,152,228,7107.0,7142.0,35.0,0.697
1400,10.18,49.613,273,322,152,228,7115.0,7152.0,37.0,1.057
1400,10.18,49.613,322,372,152,228,7121.0,7158.0,37.0,1.326
1400,10.18,49.613,372,419,152,228,7112.0,7147.0,35.0,0.922
1400,10.18,49.613,419,469,152,228,7124.0,7154.0,30.0,1.461
1400,10.18,49.613,469,512,152,228,7128.0,7162.0,34.0,1.641
1400,10.18,49.613,103,155,375,488,7030.0,7067.0,37.0,-2.765
1400,10.18,49.613,155,202,375,488,7058.0,7099.0,41.0,-1.506
1400,10.18,49.613,202,249,375,488,7064.0,7106.0,42.0,-1.237
1400,10.18,49.613,249,295,375,488,7079.0,7118.0,39.0,-0.562
1400,10.18,49.613,295,341,375,488,7086.0,7120.0,34.0,-0.247
1400,10.18,49.613,341,388,375,488,7087.0,7129.0,42.0,-0.202
1400,10.18,49.613,388,435,375,488,7076.0,7118.0,42.0,-0.697
1400,10.18,49.613,435,481,375,488,7085.0,7120.0,35.0,-0.292
1400,10.18,49.613,103,150,488,575,7028.0,7066.0,38.0,-2.855
1400,10.18,49.613,150,198,488,575,7073.0,7108.0,35.0,-0.832
1400,10.18,49.613,198,246,488,575,7089.0,7123.0,34.0,-0.112
1400,10.18,49.613,246,294,488,575,7102.0,7133.0,31.0,0.472
1400,10.18,49.613,294,342,488,575,7104.0,7136.0,32.0,0.562
1400,10.18,49.613,342,391,488,575,7103.0,7137.0,34.0,0.517
1400,10.18,49.613,391,439,488,575,7093.0,7128.0,35.0,0.067
1400,10.18,49.613,439,487,488,575,7107.0,7134.0,27.0,0.697
1405,10.18,49.613,37,92,43,150,7026.0,7068.88,42.88,-3.276
1405,10.18,49.613,92,141,43,150,7063.0,7107.0,44.0,-1.494
1405,10.18,49.613,141,190,43,150,7081.0,7121.0,40.0,-0.626
1405,10.18,49.613,190,235,43,150,7094.0,7133.0,39.0,0.0
1405,10.18,49.613,235,283,43,150,7107.0,7210.65,103.65,0.626
1405,10.18,49.613,283,330,43,150,7102.0,7143.0,41.0,0.385
1405,10.18,49.613,330,378,43,150,7095.0,7131.0,36.0,0.048
1405,10.18,49.613,378,443,43,150,7095.0,7139.0,44.0,0.048
1405,10.18,49.613,443,490,43,150,7092.0,7142.0,50.0,-0.096
1405,10.18,49.613,42,88,150,226,7032.0,7073.0,41.0,-2.987
1405,10.18,49.613,88,136,150,226,7085.0,7123.0,38.0,-0.434
1405,10.18,49.613,136,184,150,226,7104.0,7143.04,39.04,0.482
1405,10.18,49.613,184,233,150,226,7109.0,7143.0,34.0,0.723
1405,10.18,49.613,233,282,150,226,7117.0,7151.0,34.0,1.108
1405,10.18,49.613,282,331,150,226,7121.0,7157.0,36.0,1.301
1405,10.18,49.613,331,379,150,226,7114.0,7148.0,34.0,0.964
1405,10.18,49.613,379,429,150,226,7123.0,7153.0,30.0,1.397
1405,10.18,49.613,429,477,150,226,7128.0,7164.0,36.0,1.638
1405,10.18,49.613,477,512,150,226,7126.0,7163.0,37.0,1.542
1405,10.18,49.613,62,116,374,486,7028.0,7066.0,38.0,-3.18
1405,10.18,49.613,116,165,374,486,7054.0,7098.0,44.0,-1.927
1405,10.18,49.613,165,210,374,486,7063.0,7105.0,42.0,-1.494
1405,10.18,49.613,210,257,374,486,7076.0,7118.0,42.0,-0.867
1405,10.18,49.613,257,302,374,486,7087.0,7121.0,34.0,-0.337
1405,10.18,49.613,302,349,374,486,7087.0,7128.0,41.0,-0.337
1405,10.18,49.613,349,394,374,486,7076.0,7118.0,42.0,-0.867
1405,10.18,49.613,394,445,374,486,7080.0,7121.0,41.0,-0.674
1405,10.18,49.613,445,489,374,486,7092.0,7123.0,31.0,-0.096
1405,10.18,49.613,69,110,486,573,7027.0,7063.61,36.61,-3.228
1405,10.18,49.613,110,159,486,573,7070.0,7106.0,36.0,-1.156
1405,10.18,49.613,159,207,486,573,7088.0,7121.0,33.0,-0.289
1405,10.18,49.613,207,254,486,573,7100.0,7133.0,33.0,0.289
1405,10.18,49.613,254,302,486,573,7106.0,7136.0,30.0,0.578
1405,10.18,49.613,302,351,486,573,7104.0,7138.0,34.0,0.482
1405,10.18,49.613,351,399,486,573,7096.0,7131.0,35.0,0.096
1405,10.18,49.613,399,446,486,573,7109.0,7137.0,28.0,0.723
1405,10.18,49.613,446,495,486,573,7106.0,7137.0,31.0,0.578
1410,10.18,49.613,10,55,51,143,7025.0,7062.0,37.0,-3.839
1410,10.18,49.613,55,104,51,143,7062.0,7106.0,44.0,-1.92
1410,10.18,49.613,104,153,51,143,7077.0,7116.0,39.0,-1.141
1410,10.18,49.613,153,199,51,143,7095.0,7133.0,38.0,-0.208
1410,10.18,49.613,199,246,51,143,7109.5,7212.74,103.24,0.545
1410,10.18,49.613,246,292,51,143,7105.0,7142.0,37.0,0.311
1410,10.18,49.613,292,340,51,143,7096.0,7131.0,35.0,-0.156
1410,10.18,49.613,340,388,51,143,7104.0,7139.0,35.0,0.259
1410,10.18,49.613,388,435,51,143,7112.0,7143.0,31.0,0.674
1410,10.18,49.613,435,482,51,143,7112.0,7153.0,41.0,0.674
1410,10.18,49.613,5,48,143,219,7032.0,7070.0,38.0,-3.476
1410,10.18,49.613,48,99,143,219,7082.0,7122.0,40.0,-0.882
1410,10.18,49.613,99,146,143,219,7101.0,7144.0,43.0,0.104
1410,10.18,49.613,146,195,143,219,7113.0,7148.0,35.0,0.726
1410,10.18,49.613,195,244,143,219,7121.0,7156.0,35.0,1.141
1410,10.18,49.613,244,292,143,219,7122.0,7161.0,39.0,1.193
1410,10.18,49.613,292,341,143,219,7112.0,7148.93,36.93,0.674
1410,10.18,49.613,341,390,143,219,7124.0,7154.0,30.0,1.297
1410,10.18,49.613,390,438,143,219,7128.0,7163.0,35.0,1.505
1410,10.18,49.613,438,487,143,219,7127.0,7165.0,38.0,1.453
1410,10.18,49.613,23,79,358,479,7029.0,7067.0,38.0,-3.632
1410,10.18,49.613,79,129,358,479,7047.0,7099.0,52.0,-2.698
1410,10.18,49.613,129,173,358,479,7065.0,7107.0,42.0,-1.764
1410,10.18,49.613,173,220,358,479,7078.0,7120.0,42.0,-1.09
1410,10.18,49.613,220,266,358,479,7087.0,7122.0,35.0,-0.623
1410,10.18,49.613,266,313,358,479,7087.0,7129.0,42.0,-0.623
1410,10.18,49.613,313,359,358,479,7079.0,7119.0,40.0,-1.038
1410,10.18,49.613,359,410,358,479,7083.0,7124.0,41.0,-0.83
1410,10.18,49.613,410,450,358,479,7098.0,7128.0,30.0,-0.052
1410,10.18,49.613,450,498,358,479,7094.0,7129.0,35.0,-0.259
1410,10.18,49.613,23,72,479,565,7027.0,7064.0,37.0,-3.736
1410,10.18,49.613,72,121,479,565,7071.0,7106.0,35.0,-1.453
1410,10.18,49.613,121,169,479,565,7090.0,7122.02,32.02,-0.467
1410,10.18,49.613,169,216,479,565,7103.0,7134.0,31.0,0.208
1410,10.18,49.613,216,264,479,565,7107.0,7138.0,31.0,0.415
1410,10.18,49.613,264,313,479,565,7107.0,7141.0,34.0,0.415
1410,10.18,49.613,313,361,479,565,7100.0,7134.0,34.0,0.052
1410,10.18,49.613,361,409,479,565,7112.0,7141.0,29.0,0.674
1410,10.18,49.613,409,456,479,565,7112.0,7143.0,31.0,0.674
1410,10.18,49.613,456,505,479,565,7106.0,7137.0,31.0,0.363
1415,10.18,49.613,13,63,32,138,7052.0,7094.0,42.0,-2.49
1415,10.18,49.613,63,113,32,138,7069.0,7110.0,41.0,-1.608
1415,10.18,49.613,113,160,32,138,7084.0,7124.0,40.0,-0.83
1415,10.18,49.613,160,206,32,138,7106.0,7210.0,104.0,0.311
1415,10.18,49.613,206,251,32,138,7106.0,7140.0,34.0,0.311
1415,10.18,49.613,251,298,32,138,7096.0,7128.0,32.0,-0.208
1415,10.18,49.613,298,344,32,138,7103.0,7137.0,34.0,0.156
1415,10.18,49.613,344,393,32,138,7108.0,7140.0,32.0,0.415
1415,10.18,49.613,393,455,32,138,7100.0,7151.0,51.0,0.0
1415,10.18,49.613,455,491,32,138,7112.0,7149.0,37.0,0.623
1415,10.18,49.613,5,57,138,214,7072.0,7111.0,39.0,-1.453
1415,10.18,49.613,57,106,138,214,7094.0,7136.0,42.0,-0.311
1415,10.18,49.613,106,153,138,214,7106.0,7138.0,32.0,0.311
1415,10.18,49.613,153,202,138,214,7122.0,7156.0,34.0,1.141
1415,10.18,49.613,202,250,138,214,7124.0,7159.0,35.0,1.245
1415,10.18,49.613,250,298,138,214,7113.0,7147.0,34.0,0.674
1415,10.18,49.613,298,347,138,214,7122.0,7154.0,32.0,1.141
1415,10.18,49.613,347,397,138,214,7124.0,7164.0,40.0,1.245
1415,10.18,49.613,397,444,138,214,7125.0,7163.0,38.0,1.297
1415,10.18,49.613,444,494,138,214,7123.0,7162.29,39.29,1.193
1415,10.18,49.613,0,38,353,472,7028.0,7062.0,34.0,-3.736
1415,10.18,49.613,38,89,353,472,7044.0,7092.0,48.0,-2.905
1415,10.18,49.613,89,134,353,472,7065.0,7103.0,38.0,-1.816
1415,10.18,49.613,134,180,353,472,7078.0,7118.0,40.0,-1.141
1415,10.18,49.613,180,225,353,472,7087.0,7120.0,33.0,-0.674
1415,10.18,49.613,225,272,353,472,7088.0,7127.0,39.0,-0.623
1415,10.18,49.613,272,319,353,472,7078.0,7117.0,39.0,-1.141
1415,10.18,49.613,319,365,353,472,7087.0,7122.0,35.0,-0.674
1415,10.18,49.613,365,410,353,472,7095.0,7125.0,30.0,-0.259
1415,10.18,49.613,410,457,353,472,7096.0,7129.0,33.0,-0.208
1415,10.18,49.613,457,504,353,472,7097.0,7131.0,34.0,-0.156
1415,10.18,49.613,31,80,472,559,7066.0,7100.0,34.0,-1.764
1415,10.18,49.613,80,128,472,559,7087.0,7117.0,30.0,-0.674
1415,10.18,49.613,128,175,472,559,7100.0,7131.0,31.0,0.0
1415,10.18,49.613,175,223,472,559,7106.0,7135.55,29.55,0.311
1415,10.18,49.613,223,270,472,559,7107.0,7138.0,31.0,0.363
1415,10.18,49.613,270,318,472,559,7100.0,7134.0,34.0,0.0
1415,10.18,49.613,318,366,472,559,7113.0,7142.0,29.0,0.674
1415,10.18,49.613,366,415,472,559,7112.0,7143.0,31.0,0.623
1415,10.18,49.613,415,462,472,559,7108.0,7139.0,31.0,0.415
1415,10.18,49.613,462,512,472,559,7100.0,7134.0,34.0,0.0
1420,10.18,49.613,12,60,34,136,7065.0,7099.0,34.0,-1.972
1420,10.18,49.613,60,108,34,136,7081.0,7119.0,38.0,-1.141
1420,10.18,49.613,108,154,34,136,7102.0,7201.4,99.4,-0.052
1420,10.18,49.613,154,200,34,136,7107.0,7141.0,34.0,0.208
1420,10.18,49.613,200,246,34,136,7099.0,7131.0,32.0,-0.208
1420,10.18,49.613,246,294,34,136,7104.0,7137.0,33.0,0.052
1420,10.18,49.613,294,341,34,136,7111.0,7142.0,31.0,0.415
1420,10.18,49.613,341,387,34,136,7114.0,7152.0,38.0,0.571
1420,10.18,49.613,387,441,34,136,7111.0,7152.0,41.0,0.415
1420,10.18,49.613,441,483,34,136,7125.0,7424.76,299.76,1.141
1420,10.18,49.613,5,52,136,211,7086.0,7129.0,43.0,-0.882
1420,10.18,49.613,52,102,136,211,7095.0,7132.0,37.0,-0.415
1420,10.18,49.613,102,150,136,211,7113.0,7148.0,35.0,0.519
1420,10.18,49.613,150,197,136,211,7127.0,7162.0,35.0,1.245
1420,10.18,49.613,197,245,136,211,7117.5,7152.0,34.5,0.752
1420,10.18,49.613,245,295,136,211,7126.0,7156.0,30.0,1.193
1420,10.18,49.613,295,343,136,211,7128.0,7164.0,36.0,1.297
1420,10.18,49.613,343,390,136,211,7128.0,7165.0,37.0,1.297
1420,10.18,49.613,390,441,136,211,7123.0,7163.0,40.0,1.038
1420,10.18,49.613,441,489,136,211,7116.0,7161.0,45.0,0.674
1420,10.18,49.613,0,43,360,470,7055.0,7092.0,37.0,-2.49
1420,10.18,49.613,43,87,360,470,7066.0,7101.0,35.0,-1.92
1420,10.18,49.613,87,132,360,470,7082.0,7117.0,35.0,-1.09
1420,10.18,49.613,132,177,360,470,7088.0,7121.0,33.0,-0.778
1420,10.18,49.613,177,224,360,470,7088.0,7128.0,40.0,-0.778
1420,10.18,49.613,224,270,360,470,7081.0,7117.0,36.0,-1.141
1420,10.18,49.613,270,316,360,470,7088.0,7123.0,35.0,-0.778
1420,10.18,49.613,316,363,360,470,7095.0,7128.0,33.0,-0.415
1420,10.18,49.613,363,406,360,470,7103.0,7132.0,29.0,0.0
1420,10.18,49.613,406,454,360,470,7100.0,7135.0,35.0,-0.156
1420,10.18,49.613,454,501,360,470,7097.0,7129.0,32.0,-0.311
1420,10.18,49.613,31,79,470,556,7083.0,7115.0,32.0,-1.038
1420,10.18,49.613,79,126,470,556,7099.0,7128.0,29.0,-0.208
1420,10.18,49.613,126,173,470,556,7105.0,7134.31,29.31,0.104
1420,10.18,49.613,173,221,470,556,7107.0,7138.21,31.21,0.208
1420,10.18,49.613,221,268,470,556,7103.0,7134.0,31.0,0.0
1420,10.18,49.613,268,316,470,556,7117.0,7145.0,28.0,0.726
1420,10.18,49.613,316,364,470,556,7116.0,7147.0,31.0,0.674
1420,10.18,49.613,364,411,470,556,7113.0,7145.0,32.0,0.519
1420,10.18,49.613,411,459,470,556,7108.0,7138.0,30.0,0.259
1420,10.18,49.613,459,508,470,556,7096.0,7133.0,37.0,-0.363
1425,10.18,49.613,2,46,34,140,7072.0,7109.0,37.0,-1.991
1425,10.18,49.613,46,93,34,140,7093.0,7189.92,96.92,-0.642
1425,10.18,49.613,93,141,34,140,7096.0,7132.0,36.0,-0.45
1425,10.18,49.613,141,186,34,140,7096.0,7126.63,30.63,-0.45
1425,10.18,49.613,186,233,34,140,7104.0,7137.31,33.31,0.064
1425,10.18,49.613,233,279,34,140,7111.0,7140.0,29.0,0.514
1425,10.18,49.613,279,326,34,140,7110.0,7150.0,40.0,0.45
1425,10.18,49.613,326,374,34,140,7113.0,7153.0,40.0,0.642
1425,10.18,49.613,374,419,34,140,7120.0,7432.13,312.13,1.092
1425,10.18,49.613,419,460,34,140,7110.0,7157.0,47.0,0.45
1425,10.18,49.613,460,505,34,140,7097.0,7149.0,52.0,-0.385
1425,10.18,49.613,0,39,140,212,7091.0,7123.0,32.0,-0.771
1425,10.18,49.613,39,87,140,212,7106.0,7139.0,33.0,0.193
1425,10.18,49.613,87,135,140,212,7116.0,7153.0,37.0,0.835
1425,10.18,49.613,135,182,140,212,7116.0,7149.0,33.0,0.835
1425,10.18,49.613,182,230,140,212,7131.0,7158.0,27.0,1.799
1425,10.18,49.613,230,279,140,212,7129.0,7164.0,35.0,1.67
1425,10.18,49.613,279,327,140,212,7127.0,7163.0,36.0,1.542
1425,10.18,49.613,327,377,140,212,7124.0,7162.0,38.0,1.349
1425,10.18,49.613,377,425,140,212,7114.5,7159.0,44.5,0.739
1425,10.18,49.613,425,474,140,212,7118.0,7163.0,45.0,0.964
1425,10.18,49.613,474,512,140,212,7119.0,7161.0,42.0,1.028
1425,10.18,49.613,27,73,351,471,7076.0,7111.0,35.0,-1.734
1425,10.18,49.613,73,118,351,471,7085.0,7117.0,32.0,-1.156
1425,10.18,49.613,118,165,351,471,7086.0,7126.0,40.0,-1.092
1425,10.18,49.613,165,209,351,471,7081.0,7115.43,34.43,-1.413
1425,10.18,49.613,209,256,351,471,7085.0,7121.0,36.0,-1.156
1425,10.18,49.613,256,302,351,471,7094.0,7126.0,32.0,-0.578
1425,10.18,49.613,302,349,351,471,7099.0,7131.0,32.0,-0.257
1425,10.18,49.613,349,392,351,471,7103.0,7135.33,32.33,0.0
1425,10.18,49.613,392,439,351,471,7098.0,7129.0,31.0,-0.321
1425,10.18,49.613,439,500,351,471,7088.0,7125.0,37.0,-0.964
1425,10.18,49.613,17,66,471,557,7092.0,7123.0,31.0,-0.707
1425,10.18,49.613,66,113,471,557,7102.0,7130.0,28.0,-0.064
1425,10.18,49.613,113,161,471,557,7103.0,7134.16,31.16,0.0
1425,10.18,49.613,161,207,471,557,7099.0,7131.0,32.0,-0.257
1425,10.18,49.613,207,254,471,557,7114.0,7142.0,28.0,0.707
1425,10.18,49.613,254,302,471,557,7114.0,7147.0,33.0,0.707
1425,10.18,49.613,302,350,471,557,7113.0,7146.0,33.0,0.642
1425,10.18,49.613,350,398,471,557,7108.0,7140.0,32.0,0.321
1425,10.18,49.613,398,445,471,557,7100.0,7135.0,35.0,-0.193
1425,10.18,49.613,445,493,471,557,7100.0,7135.0,35.0,-0.193
1430,10.18,49.613,26,73,37,140,7091.0,7123.0,32.0,-0.858
1430,10.18,49.613,73,118,37,140,7092.0,7123.0,31.0,-0.797
1430,10.18,49.613,118,166,37,140,7103.0,7135.8,32.8,-0.123
1430,10.18,49.613,166,211,37,140,7117.0,7143.0,26.0,0.736
1430,10.18,49.613,211,257,37,140,7119.0,7154.0,35.0,0.858
1430,10.18,49.613,257,304,37,140,7118.0,7153.0,35.0,0.797
1430,10.18,49.613,304,351,37,140,7122.0,7441.8,319.8,1.042
1430,10.18,49.613,351,395,37,140,7121.0,7159.0,38.0,0.981
1430,10.18,49.613,395,449,37,140,7102.0,7152.0,50.0,-0.184
1430,10.18,49.613,449,494,37,140,7117.0,7152.45,35.45,0.736
1430,10.18,49.613,18,65,140,216,7107.0,7143.0,36.0,0.123
1430,10.18,49.613,65,113,140,216,7105.0,7142.0,37.0,0.0
1430,10.18,49.613,113,161,140,216,7123.0,7154.0,31.0,1.104
1430,10.18,49.613,161,209,140,216,7133.0,7168.0,35.0,1.717
1430,10.18,49.613,209,256,140,216,7132.0,7170.0,38.0,1.656
1430,10.18,49.613,256,305,140,216,7126.0,7165.0,39.0,1.288
1430,10.18,49.613,305,354,140,216,7116.0,7159.0,43.0,0.674
1430,10.18,49.613,354,402,140,216,7118.0,7164.0,46.0,0.797
1430,10.18,49.613,402,450,140,216,7119.0,7159.0,40.0,0.858
1430,10.18,49.613,450,500,140,216,7129.0,7163.0,34.0,1.472
1430,10.18,49.613,7,54,356,474,7078.0,7112.0,34.0,-1.656
1430,10.18,49.613,54,99,356,474,7086.0,7123.0,37.0,-1.165
1430,10.18,49.613,99,145,356,474,7079.0,7115.0,36.0,-1.594
1430,10.18,49.613,145,190,356,474,7086.0,7122.0,36.0,-1.165
1430,10.18,49.613,190,235,356,474,7094.0,7127.0,33.0,-0.674
1430,10.18,49.613,235,282,356,474,7099.0,7131.0,32.0,-0.368
1430,10.18,49.613,282,328,356,474,7102.0,7136.0,34.0,-0.184
1430,10.18,49.613,328,373,356,474,7102.0,7132.0,30.0,-0.184
1430,10.18,49.613,373,422,356,474,7098.0,7128.0,30.0,-0.429
1430,10.18,49.613,422,467,356,474,7101.0,7129.0,28.0,-0.245
1430,10.18,49.613,467,512,356,474,7100.0,7131.0,31.0,-0.307
1430,10.18,49.613,0,45,474,561,7095.0,7122.0,27.0,-0.613
1430,10.18,49.613,45,91,474,561,7102.0,7131.0,29.0,-0.184
1430,10.18,49.613,91,139,474,561,7096.0,7130.0,34.0,-0.552
1430,10.18,49.613,139,185,474,561,7114.0,7142.0,28.0,0.552
1430,10.18,49.613,185,232,474,561,7116.0,7148.0,32.0,0.674
1430,10.18,49.613,232,280,474,561,7114.0,7146.0,32.0,0.552
1430,10.18,49.613,280,327,474,561,7112.0,7143.28,31.28,0.429
1430,10.18,49.613,327,375,474,561,7103.0,7140.0,37.0,-0.123
1430,10.18,49.613,375,423,474,561,7105.0,7141.0,36.0,0.0
1430,10.18,49.613,423,473,474,561,7099.0,7135.63,36.63,-0.368
1430,10.18,49.613,473,512,474,561,7106.0,7136.0,30.0,0.061
1435,10.18,49.613,0,43,42,147,7080.0,7109.0,29.0,-2.173
1435,10.18,49.613,43,91,42,147,7097.0,7129.0,32.0,-0.899
1435,10.18,49.613,91,136,42,147,7108.0,7136.07,28.07,-0.075
1435,10.18,49.613,136,180,42,147,7118.0,7152.0,34.0,0.674
1435,10.18,49.613,180,228,42,147,7118.0,7154.0,36.0,0.674
1435,10.18,49.613,228,275,42,147,7124.0,7435.8,311.8,1.124
1435,10.18,49.613,275,321,42,147,7118.0,7158.0,40.0,0.674
1435,10.18,49.613,321,365,42,147,7112.0,7152.0,40.0,0.225
1435,10.18,49.613,365,416,42,147,7103.0,7150.0,47.0,-0.45
1435,10.18,49.613,416,464,42,147,7117.0,7157.0,40.0,0.6
1435,10.18,49.613,464,512,42,147,7117.0,7156.0,39.0,0.6
1435,10.18,49.613,0,37,147,223,7097.0,7128.0,31.0,-0.899
1435,10.18,49.613,37,85,147,223,7113.0,7143.89,30.89,0.3
1435,10.18,49.613,85,133,147,223,7122.0,7157.0,35.0,0.974
1435,10.18,49.613,133,180,147,223,7128.0,7163.0,35.0,1.424
1435,10.18,49.613,180,228,147,223,7128.0,7164.0,36.0,1.424
1435,10.18,49.613,228,277,147,223,7117.0,7162.0,45.0,0.6
1435,10.18,49.613,277,326,147,223,7118.0,7161.0,43.0,0.674
1435,10.18,49.613,326,373,147,223,7118.0,7157.0,39.0,0.674
1435,10.18,49.613,373,422,147,223,7127.0,7160.27,33.27,1.349
1435,10.18,49.613,422,472,147,223,7130.0,7170.0,40.0,1.574
1435,10.18,49.613,472,512,147,223,7129.0,7166.0,37.0,1.499
1435,10.18,49.613,31,77,355,479,7074.0,7109.0,35.0,-2.623
1435,10.18,49.613,77,122,355,479,7086.0,7118.0,32.0,-1.724
1435,10.18,49.613,122,168,355,479,7090.0,7124.0,34.0,-1.424
1435,10.18,49.613,168,212,355,479,7098.0,7129.0,31.0,-0.824
1435,10.18,49.613,212,259,355,479,7098.0,7133.0,35.0,-0.824
1435,10.18,49.613,259,306,355,479,7098.0,7129.0,31.0,-0.824
1435,10.18,49.613,306,350,355,479,7102.0,7128.0,26.0,-0.525
1435,10.18,49.613,350,397,355,479,7099.0,7127.0,28.0,-0.749
1435,10.18,49.613,397,448,355,479,7092.0,7131.0,39.0,-1.274
1435,10.18,49.613,448,489,355,479,7108.0,7133.0,25.0,-0.075
1435,10.18,49.613,23,71,479,565,7088.0,7123.0,35.0,-1.574
1435,10.18,49.613,71,118,479,565,7108.0,7136.0,28.0,-0.075
1435,10.18,49.613,118,164,479,565,7112.0,7142.23,30.23,0.225
1435,10.18,49.613,164,211,479,565,7112.0,7144.65,32.65,0.225
1435,10.18,49.613,211,258,479,565,7109.0,7142.0,33.0,0.0
1435,10.18,49.613,258,306,479,565,7103.0,7142.0,39.0,-0.45
1435,10.18,49.613,306,354,479,565,7106.0,7143.0,37.0,-0.225
1435,10.18,49.613,354,403,479,565,7100.0,7138.0,38.0,-0.674
1435,10.18,49.613,403,450,479,565,7109.0,7141.0,32.0,0.0
1435,10.18,49.613,450,498,479,565,7114.0,7146.0,32.0,0.375
1440,10.18,49.613,24,71,42,152,7099.0,7128.0,29.0,-0.674
1440,10.18,49.613,71,115,42,152,7114.0,7146.52,32.52,0.337
1440,10.18,49.613,115,162,42,152,7114.0,7149.0,35.0,0.337
1440,10.18,49.613,162,208,42,152,7128.0,7458.18,330.18,1.282
1440,10.18,49.613,208,255,42,152,7123.0,7161.0,38.0,0.944
1440,10.18,49.613,255,302,42,152,7116.0,7153.0,37.0,0.472
1440,10.18,49.613,302,349,42,152,7111.0,7150.66,39.66,0.135
1440,10.18,49.613,349,395,42,152,7119.0,7156.2,37.2,0.674
1440,10.18,49.613,395,447,42,152,7116.0,7159.0,43.0,0.472
1440,10.18,49.613,447,503,42,152,7109.0,7157.0,48.0,0.0
1440,10.18,49.613,15,64,152,227,7113.0,7148.0,35.0,0.27
1440,10.18,49.613,64,111,152,227,7119.0,7155.0,36.0,0.674
1440,10.18,49.613,111,159,152,227,7121.0,7158.0,37.0,0.809
1440,10.18,49.613,159,206,152,227,7120.0,7160.72,40.72,0.742
1440,10.18,49.613,206,254,152,227,7122.0,7166.0,44.0,0.877
1440,10.18,49.613,254,303,152,227,7119.0,7158.0,39.0,0.674
1440,10.18,49.613,303,352,152,227,7128.0,7161.0,33.0,1.282
1440,10.18,49.613,352,401,152,227,7129.0,7167.0,38.0,1.349
1440,10.18,49.613,401,449,152,227,7128.0,7164.0,36.0,1.282
1440,10.18,49.613,449,497,152,227,7132.0,7164.0,32.0,1.551
1440,10.18,49.613,7,56,361,483,7078.0,7113.0,35.0,-2.091
1440,10.18,49.613,56,99,361,483,7091.0,7122.0,31.0,-1.214
1440,10.18,49.613,99,144,361,483,7094.0,7128.0,34.0,-1.012
1440,10.18,49.613,144,191,361,483,7098.0,7133.0,35.0,-0.742
1440,10.18,49.613,191,237,361,483,7097.0,7127.0,30.0,-0.809
1440,10.18,49.613,237,283,361,483,7099.0,7127.0,28.0,-0.674
1440,10.18,49.613,283,332,361,483,7098.0,7128.0,30.0,-0.742
1440,10.18,49.613,332,385,361,483,7100.0,7132.0,32.0,-0.607
1440,10.18,49.613,385,422,361,483,7109.0,7134.0,25.0,0.0
1440,10.18,49.613,422,459,361,483,7107.0,7136.0,29.0,-0.135
1440,10.18,49.613,459,506,361,483,7098.0,7138.0,40.0,-0.742
1440,10.18,49.613,0,50,483,569,7098.0,7127.0,29.0,-0.742
1440,10.18,49.613,50,96,483,569,7107.0,7135.0,28.0,-0.135
1440,10.18,49.613,96,143,483,569,7108.0,7140.0,32.0,-0.067
1440,10.18,49.613,143,189,483,569,7108.0,7141.0,33.0,-0.067
1440,10.18,49.613,189,236,483,569,7101.0,7141.0,40.0,-0.54
1440,10.18,49.613,236,284,483,569,7105.0,7143.0,38.0,-0.27
1440,10.18,49.613,284,332,483,569,7103.0,7138.0,35.0,-0.405
1440,10.18,49.613,332,380,483,569,7111.0,7142.0,31.0,0.135
1440,10.18,49.613,380,427,483,569,7117.0,7147.0,30.0,0.54
1440,10.18,49.613,427,474,483,569,7109.0,7147.0,38.0,0.0
1440,10.18,49.613,474,512,483,569,7103.0,7143.0,40.0,-0.405
1445,10.18,49.613,1,48,51,153,7099.0,7133.0,34.0,-1.012
1445,10.18,49.613,48,93,51,153,7111.0,7144.0,33.0,-0.202
1445,10.18,49.613,93,139,51,153,7124.0,7446.24,322.24,0.674
1445,10.18,49.613,139,185,51,153,7127.0,7161.0,34.0,0.877
1445,10.18,49.613,185,236,51,153,7120.0,7159.0,39.0,0.405
1445,10.18,49.613,236,277,51,153,7125.0,7154.0,29.0,0.742
1445,10.18,49.613,277,324,51,153,7124.0,7161.0,37.0,0.674
1445,10.18,49.613,324,371,51,153,7128.0,7162.0,34.0,0.944
1445,10.18,49.613,371,434,51,153,7119.0,7163.0,44.0,0.337
1445,10.18,49.613,434,512,51,153,7128.0,7170.0,42.0,0.944
1445,10.18,49.613,0,39,153,229,7112.0,7147.0,35.0,-0.135
1445,10.18,49.613,39,86,153,229,7115.0,7153.0,38.0,0.067
1445,10.18,49.613,86,134,153,229,7111.0,7155.0,44.0,-0.202
1445,10.18,49.613,134,181,153,229,7120.0,7161.0,41.0,0.405
1445,10.18,49.613,181,228,153,229,7124.0,7159.0,35.0,0.674
1445,10.18,49.613,228,277,153,229,7131.0,7163.91,32.91,1.147
1445,10.18,49.613,277,326,153,229,7132.0,7171.0,39.0,1.214
1445,10.18,49.613,326,375,153,229,7129.0,7166.0,37.0,1.012
1445,10.18,49.613,375,422,153,229,7133.0,7165.0,32.0,1.282
1445,10.18,49.613,422,470,153,229,7136.0,7172.0,36.0,1.484
1445,10.18,49.613,470,512,153,229,7138.0,7178.0,40.0,1.619
1445,10.18,49.613,30,70,364,485,7094.0,7124.0,30.0,-1.349
1445,10.18,49.613,70,112,364,485,7098.0,7133.0,35.0,-1.079
1445,10.18,49.613,112,162,364,485,7095.0,7128.0,33.0,-1.282
1445,10.18,49.613,162,208,364,485,7100.0,7127.0,27.0,-0.944
1445,10.18,49.613,208,255,364,485,7100.0,7128.0,28.0,-0.944
1445,10.18,49.613,255,300,364,485,7108.0,7133.0,25.0,-0.405
1445,10.18,49.613,300,347,364,485,7109.0,7139.0,30.0,-0.337
1445,10.18,49.613,347,393,364,485,7110.0,7140.0,30.0,-0.27
1445,10.18,49.613,393,435,364,485,7114.0,7144.0,30.0,0.0
1445,10.18,49.613,435,484,364,485,7115.0,7143.0,28.0,0.067
1445,10.18,49.613,18,65,485,571,7103.0,7134.0,31.0,-0.742
1445,10.18,49.613,65,111,485,571,7105.0,7136.0,31.0,-0.607
1445,10.18,49.613,111,159,485,571,7099.0,7140.0,41.0,-1.012
1445,10.18,49.613,159,203,485,571,7108.0,7143.0,35.0,-0.405
1445,10.18,49.613,203,254,485,571,7102.0,7141.47,39.47,-0.809
1445,10.18,49.613,254,301,485,571,7114.0,7147.0,33.0,0.0
1445,10.18,49.613,301,348,485,571,7121.0,7154.0,33.0,0.472
1445,10.18,49.613,348,396,485,571,7113.0,7153.0,40.0,-0.067
1445,10.18,49.613,396,444,485,571,7111.0,7151.0,40.0,-0.202
1445,10.18,49.613,444,490,485,571,7109.0,7139.0,30.0,-0.337
1450,10.18,49.613,12,58,56,161,7110.0,7412.0,302.0,-0.27
1450,10.18,49.613,58,101,56,161,7118.0,7152.0,34.0,0.27
1450,10.18,49.613,101,150,56,161,7113.0,7150.0,37.0,-0.067
1450,10.18,49.613,150,196,56,161,7119.0,7158.0,39.0,0.337
1450,10.18,49.613,196,241,56,161,7129.0,7164.0,35.0,1.012
1450,10.18,49.613,241,288,56,161,7131.0,7165.0,34.0,1.147
1450,10.18,49.613,288,355,56,161,7119.0,7165.0,46.0,0.337
1450,10.18,49.613,355,426,56,161,7127.0,7171.0,44.0,0.877
1450,10.18,49.613,426,473,56,161,7124.0,7168.0,44.0,0.674
1450,10.18,49.613,473,508,56,161,7114.0,7167.02,53.02,0.0
1450,10.18,49.613,0,49,161,233,7101.0,7145.0,44.0,-0.877
1450,10.18,49.613,49,96,161,233,7112.0,7156.0,44.0,-0.135
1450,10.18,49.613,96,144,161,233,7116.0,7154.0,38.0,0.135
1450,10.18,49.613,144,192,161,233,7131.0,7162.0,31.0,1.147
1450,10.18,49.613,192,240,161,233,7136.0,7172.0,36.0,1.484
1450,10.18,49.613,240,288,161,233,7133.0,7169.0,36.0,1.282
1450,10.18,49.613,288,336,161,233,7136.0,7165.0,29.0,1.484
1450,10.18,49.613,336,382,161,233,7138.0,7173.0,35.0,1.619
1450,10.18,49.613,382,432,161,233,7137.0,7178.0,41.0,1.551
1450,10.18,49.613,432,479,161,233,7137.0,7177.0,40.0,1.551
1450,10.18,49.613,0,35,369,488,7094.0,7124.0,30.0,-1.349
1450,10.18,49.613,35,80,369,488,7092.0,7124.0,32.0,-1.484
1450,10.18,49.613,80,125,369,488,7099.0,7126.0,27.0,-1.012
1450,10.18,49.613,125,172,369,488,7098.0,7127.0,29.0,-1.079
1450,10.18,49.613,172,217,369,488,7105.0,7131.0,26.0,-0.607
1450,10.18,49.613,217,271,369,488,7099.0,7137.0,38.0,-1.012
1450,10.18,49.613,271,310,369,488,7113.0,7140.81,27.81,-0.067
1450,10.18,49.613,310,357,369,488,7111.0,7145.0,34.0,-0.202
1450,10.18,49.613,357,401,369,488,7118.0,7146.0,28.0,0.27
1450,10.18,49.613,401,455,369,488,7111.0,7149.0,38.0,-0.202
1450,10.18,49.613,455,493,369,488,7113.0,7147.0,34.0,-0.067
1450,10.18,49.613,29,75,488,575,7094.0,7133.0,39.0,-1.349
1450,10.18,49.613,75,122,488,575,7101.0,7140.0,39.0,-0.877
1450,10.18,49.613,122,169,488,575,7102.0,7139.0,37.0,-0.809
1450,10.18,49.613,169,216,488,575,7112.0,7146.0,34.0,-0.135
1450,10.18,49.613,216,262,488,575,7122.0,7156.0,34.0,0.54
1450,10.18,49.613,262,310,488,575,7117.0,7156.0,39.0,0.202
1450,10.18,49.613,310,357,488,575,7114.5,7156.0,41.5,0.034
1450,10.18,49.613,357,403,488,575,7114.0,7148.0,34.0,0.0
1450,10.18,49.613,403,451,488,575,7110.0,7139.0,29.0,-0.27
1450,10.18,49.613,451,499,488,575,7104.0,7136.0,32.0,-0.674
1455,10.18,49.613,13,59,65,165,7101.0,7138.0,37.0,-1.012
1455,10.18,49.613,59,104,65,165,7115.0,7149.0,34.0,-0.225
1455,10.18,49.613,104,152,65,165,7119.0,7158.0,39.0,0.0
1455,10.18,49.613,152,196,65,165,7137.0,7169.0,32.0,1.012
1455,10.18,49.613,196,243,65,165,7133.0,7169.0,36.0,0.787
1455,10.18,49.613,243,288,65,165,7134.0,7172.0,38.0,0.843
1455,10.18,49.613,288,335,65,165,7132.0,7172.0,40.0,0.731
1455,10.18,49.613,335,383,65,165,7123.0,7165.0,42.0,0.225
1455,10.18,49.613,383,429,65,165,7124.0,7169.0,45.0,0.281
1455,10.18,49.613,429,476,65,165,7132.0,7174.0,42.0,0.731
1455,10.18,49.613,476,512,65,165,7128.0,7159.0,31.0,0.506
1455,10.18,49.613,4,50,165,236,7106.0,7144.0,38.0,-0.731
1455,10.18,49.613,50,99,165,236,7120.0,7155.0,35.0,0.056
1455,10.18,49.613,99,147,165,236,7129.0,7169.0,40.0,0.562
1455,10.18,49.613,147,194,165,236,7132.0,7167.36,35.36,0.731
1455,10.18,49.613,194,240,165,236,7137.0,7167.0,30.0,1.012
1455,10.18,49.613,240,288,165,236,7138.0,7173.0,35.0,1.068
1455,10.18,49.613,288,335,165,236,7140.0,7179.0,39.0,1.18
1455,10.18,49.613,335,383,165,236,7136.0,7178.0,42.0,0.956
1455,10.18,49.613,383,431,165,236,7133.0,7173.0,40.0,0.787
1455,10.18,49.613,431,478,165,236,7128.0,7165.0,37.0,0.506
1455,10.18,49.613,18,82,372,491,7092.0,7121.0,29.0,-1.518
1455,10.18,49.613,82,127,372,491,7103.0,7131.0,28.0,-0.899
1455,10.18,49.613,127,166,372,491,7107.0,7136.0,29.0,-0.674
1455,10.18,49.613,166,219,372,491,7104.0,7138.0,34.0,-0.843
1455,10.18,49.613,219,272,372,491,7103.0,7144.0,41.0,-0.899
1455,10.18,49.613,272,309,372,491,7121.0,7146.0,25.0,0.112
1455,10.18,49.613,309,357,372,491,7119.0,7151.0,32.0,0.0
1455,10.18,49.613,357,401,372,491,7113.0,7150.0,37.0,-0.337
1455,10.18,49.613,401,436,372,491,7112.0,7147.0,35.0,-0.393
1455,10.18,49.613,436,480,372,491,7100.0,7137.0,37.0,-1.068
1455,10.18,49.613,31,75,491,577,7096.0,7130.0,34.0,-1.293
1455,10.18,49.613,75,125,491,577,7107.0,7142.0,35.0,-0.674
1455,10.18,49.613,125,169,491,577,7119.0,7152.0,33.0,0.0
1455,10.18,49.613,169,216,491,577,7115.0,7154.0,39.0,-0.225
1455,10.18,49.613,216,263,491,577,7116.0,7157.0,41.0,-0.169
1455,10.18,49.613,263,310,491,577,7118.0,7151.0,33.0,-0.056
1455,10.18,49.613,310,357,491,577,7114.0,7144.0,30.0,-0.281
1455,10.18,49.613,357,402,491,577,7111.0,7142.0,31.0,-0.45
1455,10.18,49.613,402,450,491,577,7113.0,7143.0,30.0,-0.337
1455,10.18,49.613,450,498,491,577,7106.0,7139.0,33.0,-0.731
1460,10.18,49.613,12,58,70,171,7113.0,7146.0,33.0,-0.45
1460,10.18,49.613,58,101,70,171,7126.0,7158.0,32.0,0.525
1460,10.18,49.613,101,147,70,171,7128.0,7162.2,34.2,0.674
1460,10.18,49.613,147,193,70,171,7139.0,7177.27,38.27,1.499
1460,10.18,49.613,193,240,70,171,7141.0,7180.0,39.0,1.649
1460,10.18,49.613,240,283,70,171,7136.0,7172.0,36.0,1.274
1460,10.18,49.613,283,329,70,171,7127.0,7172.0,45.0,0.6
1460,10.18,49.613,329,377,70,171,7130.0,7174.0,44.0,0.824
1460,10.18,49.613,377,422,70,171,7127.0,7162.0,35.0,0.6
1460,10.18,49.613,422,478,70,171,7117.0,7164.0,47.0,-0.15
1460,10.18,49.613,3,50,171,242,7119.0,7157.0,38.0,0.0
1460,10.18,49.613,50,97,171,242,7122.0,7159.0,37.0,0.225
1460,10.18,49.613,97,144,171,242,7131.0,7164.0,33.0,0.899
1460,10.18,49.613,144,190,171,242,7137.0,7172.0,35.0,1.349
1460,10.18,49.613,190,237,171,242,7141.0,7180.0,39.0,1.649
1460,10.18,49.613,237,284,171,242,7137.0,7178.36,41.36,1.349
1460,10.18,49.613,284,331,171,242,7135.0,7174.0,39.0,1.199
1460,10.18,49.613,331,379,171,242,7129.0,7168.0,39.0,0.749
1460,10.18,49.613,379,425,171,242,7128.0,7164.0,36.0,0.674
1460,10.18,49.613,425,472,171,242,7128.0,7165.0,37.0,0.674
1460,10.18,49.613,472,512,171,242,7126.0,7168.0,42.0,0.525
1460,10.18,49.613,30,100,376,497,7098.0,7131.0,33.0,-1.574
1460,10.18,49.613,100,141,376,497,7098.0,7139.0,41.0,-1.574
1460,10.18,49.613,141,182,376,497,7106.0,7141.0,35.0,-0.974
1460,10.18,49.613,182,217,376,497,7119.0,7144.0,25.0,0.0
1460,10.18,49.613,217,260,376,497,7120.0,7151.0,31.0,0.075
1460,10.18,49.613,260,306,376,497,7111.0,7149.0,38.0,-0.6
1460,10.18,49.613,306,348,376,497,7113.0,7149.0,36.0,-0.45
1460,10.18,49.613,348,389,376,497,7109.0,7143.0,34.0,-0.749
1460,10.18,49.613,389,428,376,497,7094.0,7134.0,40.0,-1.874
1460,10.18,49.613,428,490,376,497,7095.0,7138.0,43.0,-1.799
1460,10.18,49.613,29,75,497,581,7112.0,7144.0,32.0,-0.525
1460,10.18,49.613,75,122,497,581,7111.0,7150.0,39.0,-0.6
1460,10.18,49.613,122,168,497,581,7116.0,7155.0,39.0,-0.225
1460,10.18,49.613,168,213,497,581,7119.0,7151.0,32.0,0.0
1460,10.18,49.613,213,259,497,581,7117.0,7147.0,30.0,-0.15
1460,10.18,49.613,259,305,497,581,7117.0,7151.0,34.0,-0.15
1460,10.18,49.613,305,352,497,581,7120.0,7152.0,32.0,0.075
1460,10.18,49.613,352,398,497,581,7114.0,7151.0,37.0,-0.375
1460,10.18,49.613,398,445,497,581,7103.0,7142.0,39.0,-1.199
1460,10.18,49.613,445,493,497,581,7102.0,7142.84,40.84,-1.274
1465,10.18,49.613,8,52,70,174,7116.0,7148.0,32.0,-0.123
1465,10.18,49.613,52,98,70,174,7129.0,7165.0,36.0,0.674
1465,10.18,49.613,98,141,70,174,7139.0,7173.0,34.0,1.288
1465,10.18,49.613,141,188,70,174,7137.0,7174.0,37.0,1.165
1465,10.18,49.613,188,232,70,174,7143.0,7180.0,37.0,1.533
1465,10.18,49.613,232,279,70,174,7138.0,7178.0,40.0,1.226
1465,10.18,49.613,279,324,70,174,7133.0,7164.0,31.0,0.92
1465,10.18,49.613,324,368,70,174,7132.0,7165.0,33.0,0.858
1465,10.18,49.613,368,426,70,174,7117.0,7165.0,48.0,-0.061
1465,10.18,49.613,426,483,70,174,7124.0,7171.0,47.0,0.368
1465,10.18,49.613,0,45,174,245,7122.0,7152.0,30.0,0.245
1465,10.18,49.613,45,92,174,245,7128.0,7163.0,35.0,0.613
1465,10.18,49.613,92,139,174,245,7136.0,7176.0,40.0,1.104
1465,10.18,49.613,139,185,174,245,7137.0,7179.0,42.0,1.165
1465,10.18,49.613,185,232,174,245,7137.0,7175.0,38.0,1.165
1465,10.18,49.613,232,278,174,245,7132.0,7169.0,37.0,0.858
1465,10.18,49.613,278,325,174,245,7131.0,7165.0,34.0,0.797
1465,10.18,49.613,325,373,174,245,7129.0,7166.0,37.0,0.674
1465,10.18,49.613,373,419,174,245,7128.0,7167.0,39.0,0.613
1465,10.18,49.613,419,466,174,245,7134.0,7175.0,41.0,0.981
1465,10.18,49.613,466,512,174,245,7133.0,7170.0,37.0,0.92
1465,10.18,49.613,16,52,378,499,7094.0,7136.0,42.0,-1.472
1465,10.18,49.613,52,98,378,499,7106.0,7139.0,33.0,-0.736
1465,10.18,49.613,98,147,378,499,7114.0,7148.0,34.0,-0.245
1465,10.18,49.613,147,190,378,499,7109.0,7148.0,39.0,-0.552
1465,10.18,49.613,190,255,378,499,7108.0,7149.0,41.0,-0.613
1465,10.18,49.613,255,299,378,499,7112.0,7142.0,30.0,-0.368
1465,10.18,49.613,299,338,378,499,7106.0,7136.0,30.0,-0.736
1465,10.18,49.613,338,383,378,499,7099.0,7144.0,45.0,-1.165
1465,10.18,49.613,383,452,378,499,7099.0,7140.0,41.0,-1.165
1465,10.18,49.613,452,499,378,499,7102.0,7147.0,45.0,-0.981
1465,10.18,49.613,24,71,499,583,7108.0,7147.0,39.0,-0.613
1465,10.18,49.613,71,117,499,583,7113.0,7145.0,32.0,-0.307
1465,10.18,49.613,117,163,499,583,7116.0,7144.0,28.0,-0.123
1465,10.18,49.613,163,208,499,583,7116.0,7146.0,30.0,-0.123
1465,10.18,49.613,208,253,499,583,7123.0,7154.0,31.0,0.307
1465,10.18,49.613,253,300,499,583,7118.0,7161.69,43.69,0.0
1465,10.18,49.613,300,346,499,583,7109.0,7149.0,40.0,-0.552
1465,10.18,49.613,346,393,499,583,7110.0,7152.37,42.37,-0.491
1465,10.18,49.613,393,438,499,583,7106.0,7149.0,43.0,-0.736
1465,10.18,49.613,438,486,499,583,7113.0,7148.0,35.0,-0.307
1470,10.18,49.613,2,44,74,177,7122.0,7156.0,34.0,0.035
1470,10.18,49.613,44,93,74,177,7121.0,7161.0,40.0,-0.035
1470,10.18,49.613,93,139,74,177,7131.0,7170.0,39.0,0.674
1470,10.18,49.613,139,185,74,177,7139.0,7178.0,39.0,1.242
1470,10.18,49.613,185,230,74,177,7140.0,7170.0,30.0,1.313
1470,10.18,49.613,230,275,74,177,7134.0,7168.0,34.0,0.887
1470,10.18,49.613,275,320,74,177,7129.0,7164.44,35.44,0.532
1470,10.18,49.613,320,391,74,177,7122.0,7170.0,48.0,0.035
1470,10.18,49.613,391,427,74,177,7105.0,7165.0,60.0,-1.171
1470,10.18,49.613,427,462,74,177,7123.0,7172.0,49.0,0.106
1470,10.18,49.613,462,505,74,177,7131.0,7171.0,40.0,0.674
1470,10.18,49.613,0,43,177,248,7125.0,7163.0,38.0,0.248
1470,10.18,49.613,43,90,177,248,7126.0,7167.48,41.48,0.319
1470,10.18,49.613,90,136,177,248,7130.0,7170.0,40.0,0.603
1470,10.18,49.613,136,182,177,248,7128.0,7168.0,40.0,0.461
1470,10.18,49.613,182,228,177,248,7128.0,7162.01,34.01,0.461
1470,10.18,49.613,228,274,177,248,7129.0,7164.01,35.01,0.532
1470,10.18,49.613,274,322,177,248,7126.0,7165.0,39.0,0.319
1470,10.18,49.613,322,368,177,248,7134.0,7174.0,40.0,0.887
1470,10.18,49.613,368,416,177,248,7131.0,7170.0,39.0,0.674
1470,10.18,49.613,416,464,177,248,7129.0,7166.0,37.0,0.532
1470,10.18,49.613,464,512,177,248,7143.0,7171.0,28.0,1.526
1470,10.18,49.613,104,165,379,500,7102.0,7146.0,44.0,-1.384
1470,10.18,49.613,165,213,379,500,7103.0,7140.0,37.0,-1.313
1470,10.18,49.613,213,250,379,500,7108.0,7132.0,24.0,-0.958
1470,10.18,49.613,250,294,379,500,7104.0,7141.0,37.0,-1.242
1470,10.18,49.613,294,363,379,500,7102.0,7142.74,40.74,-1.384
1470,10.18,49.613,363,429,379,500,7106.0,7146.0,40.0,-1.1
1470,10.18,49.613,429,474,379,500,7108.0,7148.33,40.33,-0.958
1470,10.18,49.613,474,512,379,500,7114.0,7166.0,52.0,-0.532
1470,10.18,49.613,22,68,500,584,7107.0,7134.0,27.0,-1.029
1470,10.18,49.613,68,114,500,584,7109.0,7143.0,34.0,-0.887
1470,10.18,49.613,114,160,500,584,7118.0,7150.0,32.0,-0.248
1470,10.18,49.613,160,203,500,584,7117.0,7152.94,35.94,-0.319
1470,10.18,49.613,203,250,500,584,7108.0,7149.0,41.0,-0.958
1470,10.18,49.613,250,296,500,584,7113.0,7161.0,48.0,-0.603
1470,10.18,49.613,296,342,500,584,7108.0,7153.0,45.0,-0.958
1470,10.18,49.613,342,389,500,584,7117.0,7154.41,37.41,-0.319
1470,10.18,49.613,389,433,500,584,7116.0,7157.0,41.0,-0.39
1470,10.18,49.613,433,480,500,584,7112.0,7144.0,32.0,-0.674
1475,10.18,49.613,2,51,78,181,7116.0,7156.0,40.0,-0.319
1475,10.18,49.613,51,92,78,181,7133.0,7168.0,35.0,0.887
1475,10.18,49.613,92,140,78,181,7128.0,7160.64,32.64,0.532
1475,10.18,49.613,140,184,78,181,7137.0,7169.0,32.0,1.171
1475,10.18,49.613,184,228,78,181,7140.0,7175.0,35.0,1.384
1475,10.18,49.613,228,273,78,181,7136.0,7176.0,40.0,1.1
1475,10.18,49.613,273,317,78,181,7129.0,7173.0,44.0,0.603
1475,10.18,49.613,317,364,78,181,7120.0,7173.0,53.0,-0.035
1475,10.18,49.613,364,409,78,181,7127.0,7172.0,45.0,0.461
1475,10.18,49.613,409,455,78,181,7128.0,7179.0,51.0,0.532
1475,10.18,49.613,455,501,78,181,7136.0,7179.0,43.0,1.1
1475,10.18,49.613,0,43,181,252,7121.0,7160.08,39.08,0.035
1475,10.18,49.613,43,89,181,252,7119.0,7157.0,38.0,-0.106
1475,10.18,49.613,89,135,181,252,7123.0,7159.05,36.05,0.177
1475,10.18,49.613,135,181,181,252,7127.0,7166.0,39.0,0.461
1475,10.18,49.613,181,226,181,252,7128.0,7166.0,38.0,0.532
1475,10.18,49.613,226,273,181,252,7134.0,7175.0,41.0,0.958
1475,10.18,49.613,273,319,181,252,7133.0,7170.0,37.0,0.887
1475,10.18,49.613,319,366,181,252,7130.0,7169.0,39.0,0.674
1475,10.18,49.613,366,414,181,252,7142.0,7172.0,30.0,1.526
1475,10.18,49.613,414,460,181,252,7146.0,7180.0,34.0,1.81
1475,10.18,49.613,460,507,181,252,7137.0,7172.0,35.0,1.171
1475,10.18,49.613,19,71,377,502,7098.0,7142.0,44.0,-1.597
1475,10.18,49.613,71,119,377,502,7103.0,7137.0,34.0,-1.242
1475,10.18,49.613,119,165,377,502,7102.0,7132.0,30.0,-1.313
1475,10.18,49.613,165,207,377,502,7107.0,7142.0,35.0,-0.958
1475,10.18,49.613,207,278,377,502,7104.0,7147.0,43.0,-1.171
1475,10.18,49.613,278,335,377,502,7104.0,7145.0,41.0,-1.171
1475,10.18,49.613,335,379,377,502,7108.0,7150.0,42.0,-0.887
1475,10.18,49.613,379,420,377,502,7113.0,7154.0,41.0,-0.532
1475,10.18,49.613,420,484,377,502,7104.0,7159.0,55.0,-1.171
1475,10.18,49.613,22,67,502,586,7112.0,7141.0,29.0,-0.603
1475,10.18,49.613,67,111,502,586,7111.0,7147.0,36.0,-0.674
1475,10.18,49.613,111,158,502,586,7106.0,7146.0,40.0,-1.029
1475,10.18,49.613,158,202,502,586,7113.0,7153.0,40.0,-0.532
1475,10.18,49.613,202,248,502,586,7111.0,7157.0,46.0,-0.674
1475,10.18,49.613,248,293,502,586,7123.0,7169.41,46.41,0.177
1475,10.18,49.613,293,340,502,586,7118.0,7161.84,43.84,-0.177
1475,10.18,49.613,340,386,502,586,7119.0,7152.0,33.0,-0.106
1475,10.18,49.613,386,432,502,586,7119.0,7158.0,39.0,-0.106
1475,10.18,49.613,432,477,502,586,7122.0,7155.0,33.0,0.106
1475,10.18,49.613,477,512,502,586,7115.0,7144.52,29.52,-0.39
1480,10.18,49.613,5,47,81,184,7122.0,7149.0,27.0,-0.101
1480,10.18,49.613,47,93,81,184,7125.0,7161.0,36.0,0.101
1480,10.18,49.613,93,133,81,184,7133.0,7166.0,33.0,0.641
1480,10.18,49.613,133,181,81,184,7135.0,7178.0,43.0,0.776
1480,10.18,49.613,181,228,81,184,7142.0,7183.0,41.0,1.248
1480,10.18,49.613,228,275,81,184,7127.0,7178.0,51.0,0.236
1480,10.18,49.613,275,319,81,184,7134.0,7177.0,43.0,0.708
1480,10.18,49.613,319,363,81,184,7135.0,7181.0,46.0,0.776
1480,10.18,49.613,363,413,81,184,7131.0,7178.0,47.0,0.506
1480,10.18,49.613,413,485,81,184,7127.0,7180.0,53.0,0.236
1480,10.18,49.613,0,42,184,254,7117.0,7152.0,35.0,-0.438
1480,10.18,49.613,42,87,184,254,7121.0,7159.0,38.0,-0.169
1480,10.18,49.613,87,133,184,254,7123.0,7164.0,41.0,-0.034
1480,10.18,49.613,133,179,184,254,7135.0,7176.0,41.0,0.776
1480,10.18,49.613,179,224,184,254,7135.0,7171.0,36.0,0.776
1480,10.18,49.613,224,272,184,254,7132.0,7170.0,38.0,0.573
1480,10.18,49.613,272,320,184,254,7144.0,7172.13,28.13,1.383
1480,10.18,49.613,320,365,184,254,7147.0,7179.0,32.0,1.585
1480,10.18,49.613,365,412,184,254,7139.0,7175.0,36.0,1.045
1480,10.18,49.613,412,457,184,254,7139.0,7169.0,30.0,1.045
1480,10.18,49.613,457,504,184,254,7127.0,7169.0,42.0,0.236
1480,10.18,49.613,19,70,379,505,7095.0,7127.0,32.0,-1.922
1480,10.18,49.613,70,114,379,505,7103.0,7140.0,37.0,-1.383
1480,10.18,49.613,114,158,379,505,7105.0,7140.35,35.35,-1.248
1480,10.18,49.613,158,204,379,505,7111.0,7151.0,40.0,-0.843
1480,10.18,49.613,204,247,379,505,7112.0,7144.0,32.0,-0.776
1480,10.18,49.613,247,293,379,505,7111.0,7151.0,40.0,-0.843
1480,10.18,49.613,293,334,379,505,7122.0,7156.91,34.91,-0.101
1480,10.18,49.613,334,381,379,505,7116.0,7164.0,48.0,-0.506
1480,10.18,49.613,381,427,379,505,7117.0,7166.0,49.0,-0.438
1480,10.18,49.613,427,488,379,505,7106.0,7155.0,49.0,-1.18
1480,10.18,49.613,19,66,505,587,7100.0,7138.0,38.0,-1.585
1480,10.18,49.613,66,111,505,587,7108.0,7148.0,40.0,-1.045
1480,10.18,49.613,111,157,505,587,7109.0,7153.9,44.9,-0.978
1480,10.18,49.613,157,201,505,587,7124.0,7159.0,35.0,0.034
1480,10.18,49.613,201,246,505,587,7123.0,7164.0,41.0,-0.034
1480,10.18,49.613,246,291,505,587,7124.5,7165.0,40.5,0.067
1480,10.18,49.613,291,337,505,587,7125.0,7162.0,37.0,0.101
1480,10.18,49.613,337,383,505,587,7128.0,7160.0,32.0,0.304
1480,10.18,49.613,383,430,505,587,7122.0,7154.0,32.0,-0.101
1480,10.18,49.613,430,474,505,587,7122.0,7150.0,28.0,-0.101
1480,10.18,49.613,474,512,505,587,7113.0,7144.0,31.0,-0.708
1485,10.18,49.613,7,54,72,172,7118.0,7152.0,34.0,-0.771
1485,10.18,49.613,54,101,72,172,7129.0,7165.0,36.0,0.289
1485,10.18,49.613,101,144,72,172,7138.0,7171.27,33.27,1.156
1485,10.18,49.613,144,189,72,172,7134.0,7178.0,44.0,0.771
1485,10.18,49.613,189,234,72,172,7141.0,7182.0,41.0,1.445
1485,10.18,49.613,234,286,72,172,7133.0,7183.0,50.0,0.674
1485,10.18,49.613,286,335,72,172,7131.0,7177.0,46.0,0.482
1485,10.18,49.613,335,412,72,172,7132.0,7175.0,43.0,0.578
1485,10.18,49.613,412,465,72,172,7123.0,7170.0,47.0,-0.289
1485,10.18,49.613,465,502,72,172,7139.0,7176.0,37.0,1.253
1485,10.18,49.613,0,47,172,245,7113.0,7153.0,40.0,-1.253
1485,10.18,49.613,47,93,172,245,7126.0,7166.0,40.0,0.0
1485,10.18,49.613,93,140,172,245,7127.0,7167.0,40.0,0.096
1485,10.18,49.613,140,186,172,245,7128.0,7169.0,41.0,0.193
1485,10.18,49.613,186,232,172,245,7144.0,7173.0,29.0,1.734
1485,10.18,49.613,232,279,172,245,7146.0,7179.0,33.0,1.927
1485,10.18,49.613,279,324,172,245,7138.0,7175.0,37.0,1.156
1485,10.18,49.613,324,371,172,245,7137.0,7168.0,31.0,1.06
1485,10.18,49.613,371,416,172,245,7126.0,7169.0,43.0,0.0
1485,10.18,49.613,416,463,172,245,7131.0,7168.0,37.0,0.482
1485,10.18,49.613,463,512,172,245,7137.0,7172.0,35.0,1.06
1485,10.18,49.613,15,57,370,495,7095.0,7133.0,38.0,-2.987
1485,10.18,49.613,57,120,370,495,7106.0,7148.0,42.0,-1.927
1485,10.18,49.613,120,164,370,495,7109.0,7145.0,36.0,-1.638
1485,10.18,49.613,164,215,370,495,7103.0,7149.0,46.0,-2.216
1485,10.18,49.613,215,255,370,495,7121.0,7154.54,33.54,-0.482
1485,10.18,49.613,255,296,370,495,7124.0,7169.0,45.0,-0.193
1485,10.18,49.613,296,342,370,495,7119.0,7167.0,48.0,-0.674
1485,10.18,49.613,342,386,370,495,7122.0,7158.0,36.0,-0.385
1485,10.18,49.613,386,435,370,495,7107.0,7158.0,51.0,-1.831
1485,10.18,49.613,435,491,370,495,7099.0,7146.0,47.0,-2.602
1485,10.18,49.613,27,72,495,577,7104.0,7147.0,43.0,-2.12
1485,10.18,49.613,72,117,495,577,7119.0,7155.0,36.0,-0.674
1485,10.18,49.613,117,162,495,577,7119.0,7162.0,43.0,-0.674
1485,10.18,49.613,162,205,495,577,7123.0,7157.0,34.0,-0.289
1485,10.18,49.613,205,251,495,577,7127.0,7166.0,39.0,0.096
1485,10.18,49.613,251,297,495,577,7132.0,7164.0,32.0,0.578
1485,10.18,49.613,297,342,495,577,7127.0,7158.0,31.0,0.096
1485,10.18,49.613,342,388,495,577,7126.0,7157.0,31.0,0.0
1485,10.18,49.613,388,434,495,577,7118.0,7152.0,34.0,-0.771
1485,10.18,49.613,434,480,495,577,7113.0,7145.0,32.0,-1.253
1490,10.18,49.613,20,65,62,161,7122.0,7158.0,36.0,-0.337
1490,10.18,49.613,65,110,62,161,7127.0,7167.0,40.0,0.0
1490,10.18,49.613,110,152,62,161,7137.0,7173.0,36.0,0.674
1490,10.18,49.613,152,196,62,161,7148.0,7186.0,38.0,1.416
1490,10.18,49.613,196,243,62,161,7143.0,7184.0,41.0,1.079
1490,10.18,49.613,243,289,62,161,7138.0,7179.0,41.0,0.742
1490,10.18,49.613,289,333,62,161,7137.0,7179.0,42.0,0.674
1490,10.18,49.613,333,390,62,161,7124.0,7171.0,47.0,-0.202
1490,10.18,49.613,390,430,62,161,7127.0,7174.0,47.0,0.0
1490,10.18,49.613,430,490,62,161,7144.0,7185.0,41.0,1.147
1490,10.18,49.613,11,58,161,234,7117.0,7156.0,39.0,-0.674
1490,10.18,49.613,58,104,161,234,7122.0,7161.0,39.0,-0.337
1490,10.18,49.613,104,150,161,234,7139.0,7170.0,31.0,0.809
1490,10.18,49.613,150,195,161,234,7147.0,7179.0,32.0,1.349
1490,10.18,49.613,195,241,161,234,7141.0,7177.0,36.0,0.944
1490,10.18,49.613,241,287,161,234,7139.0,7169.22,30.22,0.809
1490,10.18,49.613,287,333,161,234,7125.0,7169.0,44.0,-0.135
1490,10.18,49.613,333,380,161,234,7131.0,7168.0,37.0,0.27
1490,10.18,49.613,380,424,161,234,7136.0,7175.0,39.0,0.607
1490,10.18,49.613,424,471,161,234,7143.0,7175.0,32.0,1.079
1490,10.18,49.613,471,512,161,234,7142.0,7176.0,34.0,1.012
1490,10.18,49.613,2,45,359,484,7108.0,7141.0,33.0,-1.282
1490,10.18,49.613,45,85,359,484,7112.0,7141.0,29.0,-1.012
1490,10.18,49.613,85,128,359,484,7111.0,7148.0,37.0,-1.079
1490,10.18,49.613,128,180,359,484,7112.0,7155.0,43.0,-1.012
1490,10.18,49.613,180,217,359,484,7127.0,7171.66,44.66,0.0
1490,10.18,49.613,217,273,359,484,7112.0,7166.0,54.0,-1.012
1490,10.18,49.613,273,348,359,484,7117.0,7158.0,41.0,-0.674
1490,10.18,49.613,348,426,359,484,7104.5,7149.0,44.5,-1.518
1490,10.18,49.613,426,479,359,484,7106.0,7163.0,57.0,-1.416
1490,10.18,49.613,0,35,484,564,7113.0,7144.0,31.0,-0.944
1490,10.18,49.613,35,81,484,564,7114.0,7154.0,40.0,-0.877
1490,10.18,49.613,81,126,484,564,7121.0,7151.0,30.0,-0.405
1490,10.18,49.613,126,171,484,564,7127.0,7161.0,34.0,0.0
1490,10.18,49.613,171,214,484,564,7134.0,7165.0,31.0,0.472
1490,10.18,49.613,214,259,484,564,7130.0,7160.58,30.58,0.202
1490,10.18,49.613,259,305,484,564,7131.0,7161.0,30.0,0.27
1490,10.18,49.613,305,350,484,564,7125.0,7157.0,32.0,-0.135
1490,10.18,49.613,350,397,484,564,7118.0,7150.74,32.74,-0.607
1490,10.18,49.613,397,443,484,564,7120.0,7148.0,28.0,-0.472
1490,10.18,49.613,443,490,484,564,7124.0,7153.0,29.0,-0.202
1495,10.18,49.613,28,68,59,159,7126.0,7162.0,36.0,-0.337
1495,10.18,49.613,68,114,59,159,7134.0,7175.0,41.0,0.337
1495,10.18,49.613,114,161,59,159,7135.0,7178.21,43.21,0.422
1495,10.18,49.613,161,204,59,159,7149.0,7183.0,34.0,1.602
1495,10.18,49.613,204,250,59,159,7139.0,7184.0,45.0,0.759
1495,10.18,49.613,250,294,59,159,7138.0,7175.0,37.0,0.674
1495,10.18,49.613,294,345,59,159,7124.0,7175.0,51.0,-0.506
1495,10.18,49.613,345,384,59,159,7144.0,7184.0,40.0,1.18
1495,10.18,49.613,384,427,59,159,7149.0,7184.0,35.0,1.602
1495,10.18,49.613,427,469,59,159,7144.0,7186.0,42.0,1.18
1495,10.18,49.613,469,507,59,159,7135.0,7182.0,47.0,0.422
1495,10.18,49.613,19,66,159,231,7130.0,7158.0,28.0,0.0
1495,10.18,49.613,66,111,159,231,7138.0,7172.0,34.0,0.674
1495,10.18,49.613,111,157,159,231,7136.0,7171.93,35.93,0.506
1495,10.18,49.613,157,202,159,231,7141.0,7169.0,28.0,0.927
1495,10.18,49.613,202,248,159,231,7130.0,7173.0,43.0,0.0
1495,10.18,49.613,248,294,159,231,7134.0,7168.0,34.0,0.337
1495,10.18,49.613,294,340,159,231,7138.0,7173.0,35.0,0.674
1495,10.18,49.613,340,385,159,231,7143.0,7173.0,30.0,1.096
1495,10.18,49.613,385,431,159,231,7142.0,7175.65,33.65,1.012
1495,10.18,49.613,431,477,159,231,7138.0,7172.0,34.0,0.674
1495,10.18,49.613,477,512,159,231,7138.0,7170.0,32.0,0.674
1495,10.18,49.613,9,71,355,479,7108.0,7145.0,37.0,-1.855
1495,10.18,49.613,71,132,355,479,7116.0,7176.0,60.0,-1.18
1495,10.18,49.613,132,168,355,479,7112.0,7166.0,54.0,-1.518
1495,10.18,49.613,168,222,355,479,7114.0,7158.0,44.0,-1.349
1495,10.18,49.613,222,269,355,479,7114.0,7157.96,43.96,-1.349
1495,10.18,49.613,269,311,355,479,7115.0,7148.0,33.0,-1.265
1495,10.18,49.613,311,357,355,479,7112.0,7153.0,41.0,-1.518
1495,10.18,49.613,357,402,355,479,7120.0,7170.01,50.01,-0.843
1495,10.18,49.613,402,449,355,479,7111.0,7155.0,44.0,-1.602
1495,10.18,49.613,449,497,355,479,7109.0,7150.0,41.0,-1.771
1495,10.18,49.613,1,41,479,560,7115.0,7144.35,29.35,-1.265
1495,10.18,49.613,41,88,479,560,7121.0,7154.0,33.0,-0.759
1495,10.18,49.613,88,133,479,560,7130.0,7161.0,31.0,0.0
1495,10.18,49.613,133,177,479,560,7129.0,7159.0,30.0,-0.084
1495,10.18,49.613,177,222,479,560,7132.0,7160.0,28.0,0.169
1495,10.18,49.613,222,266,479,560,7127.0,7159.0,32.0,-0.253
1495,10.18,49.613,266,312,479,560,7122.0,7154.0,32.0,-0.674
1495,10.18,49.613,312,359,479,560,7124.0,7155.0,31.0,-0.506
1495,10.18,49.613,359,405,479,560,7130.0,7158.0,28.0,0.0
1495,10.18,49.613,405,449,479,560,7132.0,7160.54,28.54,0.169
1495,10.18,49.613,449,500,479,560,7122.0,7154.0,32.0,-0.674
1500,10.18,49.613,0,36,64,162,7125.0,7161.7,36.7,-0.27
1500,10.18,49.613,36,81,64,162,7128.0,7170.0,42.0,0.0
1500,10.18,49.613,81,127,64,162,7135.0,7171.0,36.0,0.63
1500,10.18,49.613,127,170,64,162,7139.0,7179.0,40.0,0.989
1500,10.18,49.613,170,217,64,162,7141.0,7179.0,38.0,1.169
1500,10.18,49.613,217,277,64,162,7132.0,7178.0,46.0,0.36
1500,10.18,49.613,277,348,64,162,7142.0,7182.78,40.78,1.259
1500,10.18,49.613,348,394,64,162,7139.0,7184.0,45.0,0.989
1500,10.18,49.613,394,464,64,162,7139.0,7184.0,45.0,0.989
1500,10.18,49.613,464,508,64,162,7130.0,7179.0,49.0,0.18
1500,10.18,49.613,32,77,162,234,7128.0,7164.0,36.0,0.0
1500,10.18,49.613,77,122,162,234,7133.0,7163.0,30.0,0.45
1500,10.18,49.613,122,168,162,234,7126.0,7169.0,43.0,-0.18
1500,10.18,49.613,168,214,162,234,7133.0,7167.01,34.01,0.45
1500,10.18,49.613,214,259,162,234,7139.0,7175.0,36.0,0.989
1500,10.18,49.613,259,305,162,234,7142.0,7172.0,30.0,1.259
1500,10.18,49.613,305,351,162,234,7141.0,7172.61,31.61,1.169
1500,10.18,49.613,351,397,162,234,7136.0,7169.0,33.0,0.719
1500,10.18,49.613,397,443,162,234,7138.0,7170.0,32.0,0.899
1500,10.18,49.613,443,488,162,234,7138.0,7168.0,30.0,0.899
1500,10.18,49.613,10,59,356,480,7110.0,7172.32,62.32,-1.619
1500,10.18,49.613,59,117,356,480,7112.0,7162.0,50.0,-1.439
1500,10.18,49.613,117,192,356,480,7114.0,7158.0,44.0,-1.259
1500,10.18,49.613,192,230,356,480,7113.0,7147.0,34.0,-1.349
1500,10.18,49.613,230,278,356,480,7107.0,7151.0,44.0,-1.889
1500,10.18,49.613,278,324,356,480,7117.0,7164.0,47.0,-0.989
1500,10.18,49.613,324,376,356,480,7107.0,7157.0,50.0,-1.889
1500,10.18,49.613,376,423,356,480,7111.0,7151.0,40.0,-1.529
1500,10.18,49.613,423,482,356,480,7116.0,7155.0,39.0,-1.079
1500,10.18,49.613,9,53,480,561,7122.0,7153.0,31.0,-0.54
1500,10.18,49.613,53,98,480,561,7123.0,7152.0,29.0,-0.45
1500,10.18,49.613,98,144,480,561,7127.0,7154.0,27.0,-0.09
1500,10.18,49.613,144,188,480,561,7126.0,7157.0,31.0,-0.18
1500,10.18,49.613,188,233,480,561,7121.0,7153.0,32.0,-0.63
1500,10.18,49.613,233,281,480,561,7123.0,7155.99,32.99,-0.45
1500,10.18,49.613,281,325,480,561,7132.0,7161.0,29.0,0.36
1500,10.18,49.613,325,370,480,561,7134.0,7163.0,29.0,0.54
1500,10.18,49.613,370,416,480,561,7128.0,7161.0,33.0,0.0
1500,10.18,49.613,416,460,480,561,7125.0,7153.0,28.0,-0.27
1500,10.18,49.613,460,505,480,561,7125.0,7152.0,27.0,-0.27
1505,10.18,49.613,4,50,61,159,7122.0,7157.0,35.0,-0.578
1505,10.18,49.613,50,92,61,159,7133.0,7169.0,36.0,0.482
1505,10.18,49.613,92,139,61,159,7133.0,7166.0,33.0,0.482
1505,10.18,49.613,139,183,61,159,7146.0,7181.1,35.1,1.734
1505,10.18,49.613,183,232,61,159,7146.0,7189.0,43.0,1.734
1505,10.18,49.613,232,276,61,159,7152.0,7185.0,33.0,2.313
1505,10.18,49.613,276,322,61,159,7145.0,7182.0,37.0,1.638
1505,10.18,49.613,322,366,61,159,7146.0,7181.0,35.0,1.734
1505,10.18,49.613,366,442,61,159,7138.0,7183.0,45.0,0.964
1505,10.18,49.613,442,500,61,159,7128.0,7173.0,45.0,0.0
1505,10.18,49.613,0,40,159,235,7124.0,7153.0,29.0,-0.385
1505,10.18,49.613,40,88,159,235,7117.0,7159.0,42.0,-1.06
1505,10.18,49.613,88,135,159,235,7127.0,7163.0,36.0,-0.096
1505,10.18,49.613,135,181,159,235,7139.0,7171.94,32.94,1.06
1505,10.18,49.613,181,229,159,235,7144.0,7175.0,31.0,1.542
1505,10.18,49.613,229,276,159,235,7142.0,7176.0,34.0,1.349
1505,10.18,49.613,276,323,159,235,7134.0,7166.0,32.0,0.578
1505,10.18,49.613,323,370,159,235,7136.0,7169.0,33.0,0.771
1505,10.18,49.613,370,417,159,235,7134.0,7164.37,30.37,0.578
1505,10.18,49.613,417,464,159,235,7134.0,7170.0,36.0,0.578
1505,10.18,49.613,464,512,159,235,7132.0,7160.0,28.0,0.385
1505,10.18,49.613,29,66,362,486,7121.0,7152.0,31.0,-0.674
1505,10.18,49.613,66,110,362,486,7111.0,7157.0,46.0,-1.638
1505,10.18,49.613,110,158,362,486,7107.0,7146.0,39.0,-2.023
1505,10.18,49.613,158,205,362,486,7113.0,7152.0,39.0,-1.445
1505,10.18,49.613,205,251,362,486,7121.0,7162.0,41.0,-0.674
1505,10.18,49.613,251,295,362,486,7121.0,7154.38,33.38,-0.674
1505,10.18,49.613,295,340,362,486,7117.0,7153.0,36.0,-1.06
1505,10.18,49.613,340,376,362,486,7121.0,7153.0,32.0,-0.674
1505,10.18,49.613,376,430,362,486,7116.0,7158.0,42.0,-1.156
1505,10.18,49.613,430,479,362,486,7116.0,7154.0,38.0,-1.156
1505,10.18,49.613,18,65,486,570,7121.0,7148.0,27.0,-0.674
1505,10.18,49.613,65,110,486,570,7119.0,7152.0,33.0,-0.867
1505,10.18,49.613,110,156,486,570,7118.0,7151.0,33.0,-0.964
1505,10.18,49.613,156,204,486,570,7123.0,7157.0,34.0,-0.482
1505,10.18,49.613,204,250,486,570,7132.0,7164.0,32.0,0.385
1505,10.18,49.613,250,296,486,570,7135.0,7164.0,29.0,0.674
1505,10.18,49.613,296,343,486,570,7129.0,7164.0,35.0,0.096
1505,10.18,49.613,343,389,486,570,7126.0,7157.0,31.0,-0.193
1505,10.18,49.613,389,434,486,570,7129.0,7156.0,27.0,0.096
1505,10.18,49.613,434,481,486,570,7126.0,7156.0,30.0,-0.193
1510,10.18,49.613,25,68,54,153,7128.0,7160.0,32.0,-0.319
1510,10.18,49.613,68,118,54,153,7130.0,7172.0,42.0,-0.177
1510,10.18,49.613,118,165,54,153,7151.0,7191.0,40.0,1.313
1510,10.18,49.613,165,211,54,153,7155.0,7193.0,38.0,1.597
1510,10.18,49.613,211,258,54,153,7151.0,7189.0,38.0,1.313
1510,10.18,49.613,258,306,54,153,7148.0,7186.0,38.0,1.1
1510,10.18,49.613,306,349,54,153,7151.0,7185.0,34.0,1.313
1510,10.18,49.613,349,386,54,153,7143.0,7184.0,41.0,0.745
1510,10.18,49.613,386,442,54,153,7131.0,7175.0,44.0,-0.106
1510,10.18,49.613,442,491,54,153,7153.0,7257.0,104.0,1.455
1510,10.18,49.613,20,67,153,230,7123.0,7158.0,35.0,-0.674
1510,10.18,49.613,67,115,153,230,7133.0,7169.0,36.0,0.035
1510,10.18,49.613,115,162,153,230,7144.0,7176.0,32.0,0.816
1510,10.18,49.613,162,210,153,230,7146.0,7179.0,33.0,0.958
1510,10.18,49.613,210,257,153,230,7141.0,7176.0,35.0,0.603
1510,10.18,49.613,257,306,153,230,7140.0,7174.0,34.0,0.532
1510,10.18,49.613,306,353,153,230,7138.0,7170.0,32.0,0.39
1510,10.18,49.613,353,401,153,230,7136.0,7172.0,36.0,0.248
1510,10.18,49.613,401,449,153,230,7134.0,7165.0,31.0,0.106
1510,10.18,49.613,449,497,153,230,7141.0,7171.0,30.0,0.603
1510,10.18,49.613,3,49,359,483,7112.0,7153.0,41.0,-1.455
1510,10.18,49.613,49,97,359,483,7110.0,7146.0,36.0,-1.597
1510,10.18,49.613,97,140,359,483,7120.0,7152.0,32.0,-0.887
1510,10.18,49.613,140,187,359,483,7122.0,7164.0,42.0,-0.745
1510,10.18,49.613,187,232,359,483,7123.0,7156.0,33.0,-0.674
1510,10.18,49.613,232,278,359,483,7121.0,7155.49,34.49,-0.816
1510,10.18,49.613,278,318,359,483,7125.0,7157.0,32.0,-0.532
1510,10.18,49.613,318,362,359,483,7123.0,7164.0,41.0,-0.674
1510,10.18,49.613,362,413,359,483,7119.0,7159.0,40.0,-0.958
1510,10.18,49.613,413,459,359,483,7117.0,7158.06,41.06,-1.1
1510,10.18,49.613,459,504,359,483,7123.0,7156.0,33.0,-0.674
1510,10.18,49.613,0,43,483,568,7116.0,7145.0,29.0,-1.171
1510,10.18,49.613,43,90,483,568,7116.0,7146.0,30.0,-1.171
1510,10.18,49.613,90,138,483,568,7123.0,7152.42,29.42,-0.674
1510,10.18,49.613,138,184,483,568,7133.0,7163.0,30.0,0.035
1510,10.18,49.613,184,232,483,568,7136.0,7165.02,29.02,0.248
1510,10.18,49.613,232,278,483,568,7136.0,7166.0,30.0,0.248
1510,10.18,49.613,278,325,483,568,7133.0,7163.0,30.0,0.035
1510,10.18,49.613,325,372,483,568,7134.0,7163.0,29.0,0.106
1510,10.18,49.613,372,419,483,568,7132.0,7162.0,30.0,-0.035
1510,10.18,49.613,419,464,483,568,7127.0,7154.0,27.0,-0.39
1510,10.18,49.613,464,512,483,568,7128.0,7154.0,26.0,-0.319
1515,10.18,49.613,12,59,54,154,7124.0,7162.0,38.0,-0.759
1515,10.18,49.613,59,106,54,154,7139.0,7179.0,40.0,0.506
1515,10.18,49.613,106,155,54,154,7144.0,7185.0,41.0,0.927
1515,10.18,49.613,155,198,54,154,7154.0,7190.0,36.0,1.771
1515,10.18,49.613,198,246,54,154,7147.0,7187.0,40.0,1.18
1515,10.18,49.613,246,292,54,154,7147.0,7183.0,36.0,1.18
1515,10.18,49.613,292,338,54,154,7143.0,7183.0,40.0,0.843
1515,10.18,49.613,338,385,54,154,7133.0,7170.3,37.3,0.0
1515,10.18,49.613,385,430,54,154,7157.0,7257.0,100.0,2.023
1515,10.18,49.613,430,476,54,154,7141.0,7173.0,32.0,0.674
1515,10.18,49.613,476,512,54,154,7138.0,7168.93,30.93,0.422
1515,10.18,49.613,8,53,154,228,7127.0,7161.0,34.0,-0.506
1515,10.18,49.613,53,101,154,228,7134.0,7166.0,32.0,0.084
1515,10.18,49.613,101,149,154,228,7139.0,7173.0,34.0,0.506
1515,10.18,49.613,149,196,154,228,7140.0,7171.0,31.0,0.59
1515,10.18,49.613,196,243,154,228,7142.0,7175.0,33.0,0.759
1515,10.18,49.613,243,291,154,228,7136.0,7167.0,31.0,0.253
1515,10.18,49.613,291,338,154,228,7134.0,7169.0,35.0,0.084
1515,10.18,49.613,338,387,154,228,7132.0,7163.0,31.0,-0.084
1515,10.18,49.613,387,434,154,228,7137.0,7169.0,32.0,0.337
1515,10.18,49.613,434,482,154,228,7127.0,7164.0,37.0,-0.506
1515,10.18,49.613,33,82,357,484,7104.0,7147.0,43.0,-2.445
1515,10.18,49.613,82,130,357,484,7116.0,7161.0,45.0,-1.433
1515,10.18,49.613,130,173,357,484,7122.0,7154.0,32.0,-0.927
1515,10.18,49.613,173,219,357,484,7115.0,7152.62,37.62,-1.518
1515,10.18,49.613,219,263,357,484,7121.0,7153.0,32.0,-1.012
1515,10.18,49.613,263,308,357,484,7124.0,7161.0,37.0,-0.759
1515,10.18,49.613,308,355,357,484,7121.0,7158.0,37.0,-1.012
1515,10.18,49.613,355,401,357,484,7114.0,7157.0,43.0,-1.602
1515,10.18,49.613,401,448,357,484,7120.0,7156.0,36.0,-1.096
1515,10.18,49.613,448,505,357,484,7103.0,7143.0,40.0,-2.529
1515,10.18,49.613,31,77,484,565,7118.0,7149.0,31.0,-1.265
1515,10.18,49.613,77,126,484,565,7129.0,7158.0,29.0,-0.337
1515,10.18,49.613,126,173,484,565,7134.0,7163.0,29.0,0.084
1515,10.18,49.613,173,218,484,565,7133.0,7165.0,32.0,0.0
1515,10.18,49.613,218,265,484,565,7131.0,7162.0,31.0,-0.169
1515,10.18,49.613,265,311,484,565,7134.0,7163.0,29.0,0.084
1515,10.18,49.613,311,358,484,565,7133.0,7164.0,31.0,0.0
1515,10.18,49.613,358,405,484,565,7128.0,7156.0,28.0,-0.422
1515,10.18,49.613,405,450,484,565,7132.0,7159.0,27.0,-0.084
1515,10.18,49.613,450,498,484,565,7116.0,7149.0,33.0,-1.433
1520,10.18,49.613,3,42,57,157,7125.0,7165.0,40.0,-0.337
1520,10.18,49.613,42,88,57,157,7136.0,7172.95,36.95,0.59
1520,10.18,49.613,88,131,57,157,7143.0,7181.0,38.0,1.18
1520,10.18,49.613,131,178,57,157,7147.0,7188.0,41.0,1.518
1520,10.18,49.613,178,222,57,157,7154.0,7189.0,35.0,2.108
1520,10.18,49.613,222,268,57,157,7146.0,7183.89,37.89,1.433
1520,10.18,49.613,268,311,57,157,7134.0,7173.0,39.0,0.422
1520,10.18,49.613,311,362,57,157,7149.0,7257.0,108.0,1.686
1520,10.18,49.613,362,409,57,157,7138.0,7170.0,32.0,0.759
1520,10.18,49.613,409,455,57,157,7139.0,7172.0,33.0,0.843
1520,10.18,49.613,455,500,57,157,7143.0,7173.0,30.0,1.18
1520,10.18,49.613,32,80,157,231,7129.0,7164.0,35.0,0.0
1520,10.18,49.613,80,127,157,231,7131.0,7164.0,33.0,0.169
1520,10.18,49.613,127,173,157,231,7139.0,7168.0,29.0,0.843
1520,10.18,49.613,173,221,157,231,7136.0,7166.5,30.5,0.59
1520,10.18,49.613,221,268,157,231,7135.0,7170.0,35.0,0.506
1520,10.18,49.613,268,317,157,231,7130.0,7162.77,32.77,0.084
1520,10.18,49.613,317,364,157,231,7136.0,7168.0,32.0,0.59
1520,10.18,49.613,364,412,157,231,7125.0,7162.0,37.0,-0.337
1520,10.18,49.613,412,458,157,231,7122.0,7163.0,41.0,-0.59
1520,10.18,49.613,458,506,157,231,7127.0,7162.0,35.0,-0.169
1520,10.18,49.613,17,63,362,484,7111.0,7155.0,44.0,-1.518
1520,10.18,49.613,63,108,362,484,7114.0,7151.0,37.0,-1.265
1520,10.18,49.613,108,153,362,484,7117.0,7152.92,35.92,-1.012
1520,10.18,49.613,153,197,362,484,7119.0,7152.0,33.0,-0.843
1520,10.18,49.613,197,243,362,484,7123.0,7159.17,36.17,-0.506
1520,10.18,49.613,243,289,362,484,7119.0,7156.0,37.0,-0.843
1520,10.18,49.613,289,333,362,484,7114.0,7156.0,42.0,-1.265
1520,10.18,49.613,333,376,362,484,7123.0,7157.0,34.0,-0.506
1520,10.18,49.613,376,422,362,484,7111.0,7146.0,35.0,-1.518
1520,10.18,49.613,422,467,362,484,7109.0,7149.0,40.0,-1.686
1520,10.18,49.613,467,512,362,484,7111.0,7142.0,31.0,-1.518
1520,10.18,49.613,9,58,484,568,7120.0,7149.0,29.0,-0.759
1520,10.18,49.613,58,105,484,568,7129.0,7156.0,27.0,0.0
1520,10.18,49.613,105,151,484,568,7129.0,7161.0,32.0,0.0
1520,10.18,49.613,151,197,484,568,7129.0,7160.0,31.0,0.0
1520,10.18,49.613,197,243,484,568,7134.0,7162.0,28.0,0.422
1520,10.18,49.613,243,289,484,568,7133.0,7164.0,31.0,0.337
1520,10.18,49.613,289,335,484,568,7129.0,7158.0,29.0,0.0
1520,10.18,49.613,335,382,484,568,7133.0,7162.0,29.0,0.337
1520,10.18,49.613,382,429,484,568,7121.0,7156.0,35.0,-0.674
1520,10.18,49.613,429,475,484,568,7117.0,7151.0,34.0,-1.012
1520,10.18,49.613,475,512,484,568,7113.0,7143.0,30.0,-1.349
1525,10.18,49.613,2,49,64,160,7131.0,7170.71,39.71,0.177
1525,10.18,49.613,49,97,64,160,7138.0,7179.0,41.0,0.674
1525,10.18,49.613,97,144,64,160,7146.0,7184.0,38.0,1.242
1525,10.18,49.613,144,188,64,160,7153.0,7189.0,36.0,1.739
1525,10.18,49.613,188,237,64,160,7141.0,7179.0,38.0,0.887
1525,10.18,49.613,237,284,64,160,7158.0,7261.0,103.0,2.094
1525,10.18,49.613,284,331,64,160,7141.0,7173.0,32.0,0.887
1525,10.18,49.613,331,377,64,160,7139.0,7170.49,31.49,0.745
1525,10.18,49.613,377,422,64,160,7144.0,7175.0,31.0,1.1
1525,10.18,49.613,422,468,64,160,7148.0,7179.0,31.0,1.384
1525,10.18,49.613,468,512,64,160,7146.0,7177.0,31.0,1.242
1525,10.18,49.613,0,45,160,235,7124.0,7156.34,32.34,-0.319
1525,10.18,49.613,45,91,160,235,7130.0,7162.0,32.0,0.106
1525,10.18,49.613,91,139,160,235,7132.0,7164.0,32.0,0.248
1525,10.18,49.613,139,187,160,235,7133.0,7168.0,35.0,0.319
1525,10.18,49.613,187,236,160,235,7134.0,7163.0,29.0,0.39
1525,10.18,49.613,236,284,160,235,7138.0,7169.0,31.0,0.674
1525,10.18,49.613,284,331,160,235,7126.0,7163.0,37.0,-0.177
1525,10.18,49.613,331,379,160,235,7122.0,7164.0,42.0,-0.461
1525,10.18,49.613,379,427,160,235,7127.0,7164.0,37.0,-0.106
1525,10.18,49.613,427,475,160,235,7126.0,7161.08,35.08,-0.177
1525,10.18,49.613,475,512,160,235,7136.0,7172.0,36.0,0.532
1525,10.18,49.613,34,74,366,491,7118.0,7149.14,31.14,-0.745
1525,10.18,49.613,74,119,366,491,7118.0,7151.0,33.0,-0.745
1525,10.18,49.613,119,169,366,491,7118.0,7159.0,41.0,-0.745
1525,10.18,49.613,169,211,366,491,7124.0,7156.0,32.0,-0.319
1525,10.18,49.613,211,256,366,491,7113.0,7154.0,41.0,-1.1
1525,10.18,49.613,256,304,366,491,7117.0,7158.0,41.0,-0.816
1525,10.18,49.613,304,347,366,491,7117.0,7148.0,31.0,-0.816
1525,10.18,49.613,347,394,366,491,7111.0,7151.0,40.0,-1.242
1525,10.18,49.613,394,440,366,491,7112.0,7148.0,36.0,-1.171
1525,10.18,49.613,440,483,366,491,7114.0,7147.0,33.0,-1.029
1525,10.18,49.613,24,70,491,575,7124.0,7156.0,32.0,-0.319
1525,10.18,49.613,70,117,491,575,7126.0,7157.0,31.0,-0.177
1525,10.18,49.613,117,163,491,575,7132.0,7161.0,29.0,0.248
1525,10.18,49.613,163,209,491,575,7132.0,7163.0,31.0,0.248
1525,10.18,49.613,209,255,491,575,7131.0,7162.0,31.0,0.177
1525,10.18,49.613,255,302,491,575,7136.0,7164.0,28.0,0.532
1525,10.18,49.613,302,349,491,575,7124.0,7160.0,36.0,-0.319
1525,10.18,49.613,349,397,491,575,7121.0,7158.0,37.0,-0.532
1525,10.18,49.613,397,444,491,575,7119.0,7152.0,33.0,-0.674
1525,10.18,49.613,444,490,491,575,7117.0,7146.0,29.0,-0.816
1530,10.18,49.613,14,65,74,162,7132.0,7172.0,40.0,0.525
1530,10.18,49.613,65,108,74,162,7142.0,7177.0,35.0,1.274
1530,10.18,49.613,108,157,74,162,7134.0,7175.39,41.39,0.674
1530,10.18,49.613,157,201,74,162,7169.0,7268.0,99.0,3.298
1530,10.18,49.613,201,248,74,162,7146.0,7178.0,32.0,1.574
1530,10.18,49.613,248,296,74,162,7139.0,7172.54,33.54,1.049
1530,10.18,49.613,296,341,74,162,7144.0,7176.61,32.61,1.424
1530,10.18,49.613,341,387,74,162,7143.0,7176.0,33.0,1.349
1530,10.18,49.613,387,432,74,162,7144.0,7176.0,32.0,1.424
1530,10.18,49.613,432,479,74,162,7143.0,7175.0,32.0,1.349
1530,10.18,49.613,9,56,162,237,7123.0,7153.59,30.59,-0.15
1530,10.18,49.613,56,104,162,237,7125.0,7160.0,35.0,0.0
1530,10.18,49.613,104,151,162,237,7129.0,7161.0,32.0,0.3
1530,10.18,49.613,151,199,162,237,7137.0,7168.0,31.0,0.899
1530,10.18,49.613,199,247,162,237,7127.0,7164.0,37.0,0.15
1530,10.18,49.613,247,294,162,237,7122.0,7162.0,40.0,-0.225
1530,10.18,49.613,294,342,162,237,7126.0,7164.0,38.0,0.075
1530,10.18,49.613,342,390,162,237,7124.0,7161.0,37.0,-0.075
1530,10.18,49.613,390,438,162,237,7134.0,7172.0,38.0,0.674
1530,10.18,49.613,438,484,162,237,7135.0,7168.0,33.0,0.749
1530,10.18,49.613,0,52,367,492,7109.0,7144.0,35.0,-1.199
1530,10.18,49.613,52,89,367,492,7122.0,7158.0,36.0,-0.225
1530,10.18,49.613,89,140,367,492,7108.0,7154.0,46.0,-1.274
1530,10.18,49.613,140,175,367,492,7121.0,7157.0,36.0,-0.3
1530,10.18,49.613,175,221,367,492,7116.0,7156.0,40.0,-0.674
1530,10.18,49.613,221,267,367,492,7109.0,7145.0,36.0,-1.199
1530,10.18,49.613,267,311,367,492,7112.0,7151.0,39.0,-0.974
1530,10.18,49.613,311,355,367,492,7111.0,7147.0,36.0,-1.049
1530,10.18,49.613,355,393,367,492,7113.0,7150.0,37.0,-0.899
1530,10.18,49.613,393,432,367,492,7104.0,7144.0,40.0,-1.574
1530,10.18,49.613,432,492,367,492,7104.0,7152.0,48.0,-1.574
1530,10.18,49.613,0,35,492,576,7118.0,7146.0,28.0,-0.525
1530,10.18,49.613,35,81,492,576,7125.0,7153.0,28.0,0.0
1530,10.18,49.613,81,128,492,576,7128.0,7159.0,31.0,0.225
1530,10.18,49.613,128,174,492,576,7128.0,7158.0,30.0,0.225
1530,10.18,49.613,174,220,492,576,7134.0,7163.0,29.0,0.674
1530,10.18,49.613,220,266,492,576,7126.0,7160.0,34.0,0.075
1530,10.18,49.613,266,313,492,576,7124.0,7161.0,37.0,-0.075
1530,10.18,49.613,313,359,492,576,7121.0,7156.0,35.0,-0.3
1530,10.18,49.613,359,405,492,576,7121.0,7150.0,29.0,-0.3
1530,10.18,49.613,405,452,492,576,7120.0,7148.0,28.0,-0.375
1530,10.18,49.613,452,500,492,576,7116.0,7146.0,30.0,-0.674
1535,10.18,49.613,18,69,78,166,7119.0,7163.0,44.0,-0.375
1535,10.18,49.613,69,119,78,166,7147.0,7252.0,105.0,1.724
1535,10.18,49.613,119,161,78,166,7144.0,7173.0,29.0,1.499
1535,10.18,49.613,161,208,78,166,7147.0,7179.49,32.49,1.724
1535,10.18,49.613,208,255,78,166,7147.0,7181.0,34.0,1.724
1535,10.18,49.613,255,300,78,166,7146.0,7179.0,33.0,1.649
1535,10.18,49.613,300,346,78,166,7146.0,7178.0,32.0,1.649
1535,10.18,49.613,346,390,78,166,7141.0,7170.0,29.0,1.274
1535,10.18,49.613,390,438,78,166,7151.0,7183.0,32.0,2.023
1535,10.18,49.613,438,484,78,166,7148.0,7182.0,34.0,1.799
1535,10.18,49.613,18,64,166,241,7118.0,7148.0,30.0,-0.45
1535,10.18,49.613,64,112,166,241,7129.0,7163.0,34.0,0.375
1535,10.18,49.613,112,159,166,241,7123.0,7161.17,38.17,-0.075
1535,10.18,49.613,159,207,166,241,7119.0,7160.0,41.0,-0.375
1535,10.18,49.613,207,253,166,241,7128.0,7164.0,36.0,0.3
1535,10.18,49.613,253,300,166,241,7126.0,7163.0,37.0,0.15
1535,10.18,49.613,300,348,166,241,7135.0,7173.0,38.0,0.824
1535,10.18,49.613,348,395,166,241,7133.0,7168.13,35.13,0.674
1535,10.18,49.613,395,441,166,241,7136.0,7171.0,35.0,0.899
1535,10.18,49.613,441,489,166,241,7139.0,7173.0,34.0,1.124
1535,10.18,49.613,21,93,369,491,7107.0,7151.0,44.0,-1.274
1535,10.18,49.613,93,137,369,491,7117.0,7155.0,38.0,-0.525
1535,10.18,49.613,137,180,369,491,7111.0,7146.0,35.0,-0.974
1535,10.18,49.613,180,227,369,491,7107.0,7150.0,43.0,-1.274
1535,10.18,49.613,227,271,369,491,7111.0,7146.0,35.0,-0.974
1535,10.18,49.613,271,315,369,491,7113.0,7149.0,36.0,-0.824
1535,10.18,49.613,315,350,369,491,7112.0,7148.0,36.0,-0.899
1535,10.18,49.613,350,395,369,491,7104.0,7156.0,52.0,-1.499
1535,10.18,49.613,395,436,369,491,7114.0,7154.0,40.0,-0.749
1535,10.18,49.613,436,498,369,491,7120.0,7158.0,38.0,-0.3
1535,10.18,49.613,0,43,491,578,7119.0,7149.0,30.0,-0.375
1535,10.18,49.613,43,89,491,578,7121.0,7150.0,29.0,-0.225
1535,10.18,49.613,89,135,491,578,7129.0,7158.0,29.0,0.375
1535,10.18,49.613,135,180,491,578,7122.0,7156.0,34.0,-0.15
1535,10.18,49.613,180,226,491,578,7124.0,7160.0,36.0,0.0
1535,10.18,49.613,226,272,491,578,7124.0,7158.0,34.0,0.0
1535,10.18,49.613,272,318,491,578,7126.0,7156.0,30.0,0.15
1535,10.18,49.613,318,364,491,578,7124.0,7157.0,33.0,0.0
1535,10.18,49.613,364,412,491,578,7121.0,7155.0,34.0,-0.225
1535,10.18,49.613,412,457,491,578,7128.0,7160.0,32.0,0.3
1535,10.18,49.613,457,504,491,578,7122.0,7152.0,30.0,-0.15
1540,10.18,49.613,28,75,81,169,7128.0,7163.0,35.0,0.061
1540,10.18,49.613,75,124,81,169,7132.0,7167.0,35.0,0.307
1540,10.18,49.613,124,169,81,169,7144.0,7177.0,33.0,1.042
1540,10.18,49.613,169,212,81,169,7156.0,7188.0,32.0,1.778
1540,10.18,49.613,212,259,81,169,7150.0,7183.0,33.0,1.41
1540,10.18,49.613,259,305,81,169,7142.0,7175.0,33.0,0.92
1540,10.18,49.613,305,353,81,169,7151.0,7185.0,34.0,1.472
1540,10.18,49.613,353,397,81,169,7147.0,7179.0,32.0,1.226
1540,10.18,49.613,397,444,81,169,7150.0,7181.0,31.0,1.41
1540,10.18,49.613,444,490,81,169,7152.0,7189.0,37.0,1.533
1540,10.18,49.613,22,70,169,243,7114.0,7152.0,38.0,-0.797
1540,10.18,49.613,70,118,169,243,7115.0,7158.0,43.0,-0.736
1540,10.18,49.613,118,165,169,243,7126.0,7163.0,37.0,-0.061
1540,10.18,49.613,165,212,169,243,7126.0,7162.0,36.0,-0.061
1540,10.18,49.613,212,259,169,243,7138.0,7175.0,37.0,0.674
1540,10.18,49.613,259,307,169,243,7134.0,7169.0,35.0,0.429
1540,10.18,49.613,307,354,169,243,7137.0,7173.0,36.0,0.613
1540,10.18,49.613,354,401,169,243,7139.0,7172.0,33.0,0.736
1540,10.18,49.613,401,448,169,243,7147.0,7184.0,37.0,1.226
1540,10.18,49.613,448,496,169,243,7148.0,7182.0,34.0,1.288
1540,10.18,49.613,16,53,374,497,7116.0,7148.0,32.0,-0.674
1540,10.18,49.613,53,99,374,497,7106.0,7144.0,38.0,-1.288
1540,10.18,49.613,99,140,374,497,7108.0,7149.0,41.0,-1.165
1540,10.18,49.613,140,190,374,497,7104.0,7147.32,43.32,-1.41
1540,10.18,49.613,190,233,374,497,7115.0,7149.0,34.0,-0.736
1540,10.18,49.613,233,279,374,497,7114.0,7146.0,32.0,-0.797
1540,10.18,49.613,279,357,374,497,7114.0,7158.0,44.0,-0.797
1540,10.18,49.613,357,412,374,497,7121.0,7163.0,42.0,-0.368
1540,10.18,49.613,412,458,374,497,7128.0,7159.0,31.0,0.061
1540,10.18,49.613,458,504,374,497,7125.0,7160.0,35.0,-0.123
1540,10.18,49.613,0,48,497,582,7122.0,7151.0,29.0,-0.307
1540,10.18,49.613,48,94,497,582,7118.0,7152.0,34.0,-0.552
1540,10.18,49.613,94,141,497,582,7121.0,7157.0,36.0,-0.368
1540,10.18,49.613,141,185,497,582,7124.0,7158.0,34.0,-0.184
1540,10.18,49.613,185,232,497,582,7126.0,7157.0,31.0,-0.061
1540,10.18,49.613,232,278,497,582,7129.0,7169.0,40.0,0.123
1540,10.18,49.613,278,324,497,582,7127.0,7159.0,32.0,0.0
1540,10.18,49.613,324,371,497,582,7133.0,7167.0,34.0,0.368
1540,10.18,49.613,371,417,497,582,7129.0,7161.0,32.0,0.123
1540,10.18,49.613,417,463,497,582,7124.0,7158.0,34.0,-0.184
1540,10.18,49.613,463,512,497,582,7115.0,7147.0,32.0,-0.736
1545,10.18,49.613,0,40,81,170,7123.0,7150.0,27.0,-0.225
1545,10.18,49.613,40,89,81,170,7128.0,7165.0,37.0,0.096
1545,10.18,49.613,89,132,81,170,7143.0,7172.0,29.0,1.06
1545,10.18,49.613,132,180,81,170,7144.0,7181.0,37.0,1.124
1545,10.18,49.613,180,226,81,170,7148.0,7179.0,31.0,1.381
1545,10.18,49.613,226,271,81,170,7154.0,7184.26,30.26,1.767
1545,10.18,49.613,271,317,81,170,7146.0,7181.0,35.0,1.253
1545,10.18,49.613,317,362,81,170,7148.0,7177.0,29.0,1.381
1545,10.18,49.613,362,408,81,170,7147.0,7186.0,39.0,1.317
1545,10.18,49.613,408,454,81,170,7148.0,7185.0,37.0,1.381
1545,10.18,49.613,454,501,81,170,7138.0,7179.0,41.0,0.739
1545,10.18,49.613,0,35,170,245,7109.0,7146.7,37.7,-1.124
1545,10.18,49.613,35,82,170,245,7116.0,7154.0,38.0,-0.674
1545,10.18,49.613,82,130,170,245,7118.0,7156.0,38.0,-0.546
1545,10.18,49.613,130,177,170,245,7132.0,7172.0,40.0,0.353
1545,10.18,49.613,177,223,170,245,7133.0,7166.0,33.0,0.418
1545,10.18,49.613,223,271,170,245,7135.0,7170.0,35.0,0.546
1545,10.18,49.613,271,318,170,245,7137.0,7171.0,34.0,0.674
1545,10.18,49.613,318,366,170,245,7144.0,7181.0,37.0,1.124
1545,10.18,49.613,366,414,170,245,7145.0,7181.0,36.0,1.188
1545,10.18,49.613,414,462,170,245,7139.0,7173.18,34.18,0.803
1545,10.18,49.613,462,508,170,245,7137.0,7168.0,31.0,0.674
1545,10.18,49.613,19,65,376,498,7099.0,7142.0,43.0,-1.767
1545,10.18,49.613,65,109,376,498,7106.0,7144.0,38.0,-1.317
1545,10.18,49.613,109,154,376,498,7107.0,7147.0,40.0,-1.253
1545,10.18,49.613,154,198,376,498,7113.0,7144.0,31.0,-0.867
1545,10.18,49.613,198,244,376,498,7108.0,7156.0,48.0,-1.188
1545,10.18,49.613,244,285,376,498,7121.0,7154.0,33.0,-0.353
1545,10.18,49.613,285,336,376,498,7117.0,7161.0,44.0,-0.61
1545,10.18,49.613,336,372,376,498,7132.0,7161.0,29.0,0.353
1545,10.18,49.613,372,427,376,498,7115.0,7161.0,46.0,-0.739
1545,10.18,49.613,427,469,376,498,7126.0,7162.0,36.0,-0.032
1545,10.18,49.613,469,512,376,498,7117.0,7149.0,32.0,-0.61
1545,10.18,49.613,13,59,498,583,7114.0,7147.0,33.0,-0.803
1545,10.18,49.613,59,106,498,583,7116.0,7148.0,32.0,-0.674
1545,10.18,49.613,106,151,498,583,7121.0,7151.0,30.0,-0.353
1545,10.18,49.613,151,197,498,583,7124.0,7155.0,31.0,-0.161
1545,10.18,49.613,197,243,498,583,7126.0,7159.0,33.0,-0.032
1545,10.18,49.613,243,289,498,583,7134.0,7173.0,39.0,0.482
1545,10.18,49.613,289,336,498,583,7129.0,7163.0,34.0,0.161
1545,10.18,49.613,336,383,498,583,7127.0,7161.0,34.0,0.032
1545,10.18,49.613,383,430,498,583,7118.0,7150.77,32.77,-0.546
1545,10.18,49.613,430,476,498,583,7117.0,7149.5,32.5,-0.61
1545,10.18,49.613,476,512,498,583,7112.0,7145.0,33.0,-0.931
1550,10.18,49.613,12,58,76,174,7130.0,7161.0,31.0,0.0
1550,10.18,49.613,58,101,76,174,7138.0,7169.0,31.0,0.6
1550,10.18,49.613,101,148,76,174,7137.0,7170.0,33.0,0.525
1550,10.18,49.613,148,193,76,174,7159.0,7191.0,32.0,2.173
1550,10.18,49.613,193,238,76,174,7152.0,7187.0,35.0,1.649
1550,10.18,49.613,238,284,76,174,7151.0,7181.0,30.0,1.574
1550,10.18,49.613,284,330,76,174,7151.0,7187.0,36.0,1.574
1550,10.18,49.613,330,374,76,174,7150.0,7183.0,33.0,1.499
1550,10.18,49.613,374,422,76,174,7136.0,7180.0,44.0,0.45
1550,10.18,49.613,422,469,76,174,7132.0,7170.0,38.0,0.15
1550,10.18,49.613,469,505,76,174,7139.0,7176.0,37.0,0.674
1550,10.18,49.613,0,50,174,248,7110.0,7147.0,37.0,-1.499
1550,10.18,49.613,50,96,174,248,7127.0,7164.0,37.0,-0.225
1550,10.18,49.613,96,144,174,248,7129.0,7164.0,35.0,-0.075
1550,10.18,49.613,144,190,174,248,7134.0,7170.0,36.0,0.3
1550,10.18,49.613,190,237,174,248,7139.0,7172.0,33.0,0.674
1550,10.18,49.613,237,284,174,248,7146.0,7181.0,35.0,1.199
1550,10.18,49.613,284,331,174,248,7146.0,7182.0,36.0,1.199
1550,10.18,49.613,331,378,174,248,7140.5,7172.0,31.5,0.787
1550,10.18,49.613,378,425,174,248,7135.0,7168.0,33.0,0.375
1550,10.18,49.613,425,474,174,248,7128.0,7160.0,32.0,-0.15
1550,10.18,49.613,474,512,174,248,7143.0,7170.0,27.0,0.974
1550,10.18,49.613,2,45,378,498,7096.0,7136.15,40.15,-2.548
1550,10.18,49.613,45,82,378,498,7105.0,7142.03,37.03,-1.874
1550,10.18,49.613,82,123,378,498,7115.0,7144.0,29.0,-1.124
1550,10.18,49.613,123,167,378,498,7111.0,7157.0,46.0,-1.424
1550,10.18,49.613,167,211,378,498,7122.0,7154.0,32.0,-0.6
1550,10.18,49.613,211,257,378,498,7126.0,7162.0,36.0,-0.3
1550,10.18,49.613,257,299,378,498,7131.0,7161.0,30.0,0.075
1550,10.18,49.613,299,345,378,498,7127.0,7162.0,35.0,-0.225
1550,10.18,49.613,345,394,378,498,7118.5,7165.0,46.5,-0.862
1550,10.18,49.613,394,437,378,498,7121.0,7152.0,31.0,-0.674
1550,10.18,49.613,437,483,378,498,7106.0,7138.5,32.5,-1.799
1550,10.18,49.613,26,73,498,585,7115.0,7144.0,29.0,-1.124
1550,10.18,49.613,73,119,498,585,7119.0,7150.98,31.98,-0.824
1550,10.18,49.613,119,165,498,585,7123.0,7156.0,33.0,-0.525
1550,10.18,49.613,165,209,498,585,7134.0,7166.0,32.0,0.3
1550,10.18,49.613,209,256,498,585,7132.0,7166.0,34.0,0.15
1550,10.18,49.613,256,302,498,585,7131.0,7166.0,35.0,0.075
1550,10.18,49.613,302,349,498,585,7122.0,7156.0,34.0,-0.6
1550,10.18,49.613,349,396,498,585,7122.0,7156.0,34.0,-0.6
1550,10.18,49.613,396,441,498,585,7117.0,7149.0,32.0,-0.974
1550,10.18,49.613,441,490,498,585,7102.0,7135.0,33.0,-2.098
1555,10.18,49.613,21,68,86,176,7129.0,7161.0,32.0,-0.061
1555,10.18,49.613,68,116,86,176,7144.0,7177.0,33.0,0.858
1555,10.18,49.613,116,160,86,176,7150.0,7181.16,31.16,1.226
1555,10.18,49.613,160,206,86,176,7158.0,7188.0,30.0,1.717
1555,10.18,49.613,206,252,86,176,7158.0,7194.0,36.0,1.717
1555,10.18,49.613,252,296,86,176,7156.0,7188.0,32.0,1.594
1555,10.18,49.613,296,343,86,176,7142.0,7185.0,43.0,0.736
1555,10.18,49.613,343,388,86,176,7133.0,7170.17,37.17,0.184
1555,10.18,49.613,388,433,86,176,7148.0,7180.42,32.42,1.104
1555,10.18,49.613,433,479,86,176,7144.0,7178.0,34.0,0.858
1555,10.18,49.613,16,64,176,250,7122.0,7155.0,33.0,-0.491
1555,10.18,49.613,64,109,176,250,7131.0,7165.91,34.91,0.061
1555,10.18,49.613,109,157,176,250,7137.0,7170.0,33.0,0.429
1555,10.18,49.613,157,202,176,250,7146.0,7179.0,33.0,0.981
1555,10.18,49.613,202,249,176,250,7149.0,7183.0,34.0,1.165
1555,10.18,49.613,249,296,176,250,7142.0,7176.0,34.0,0.736
1555,10.18,49.613,296,344,176,250,7137.0,7169.0,32.0,0.429
1555,10.18,49.613,344,391,176,250,7131.0,7161.0,30.0,0.061
1555,10.18,49.613,391,439,176,250,7144.0,7171.0,27.0,0.858
1555,10.18,49.613,439,485,176,250,7144.0,7173.0,29.0,0.858
1555,10.18,49.613,12,52,378,501,7102.0,7137.0,35.0,-1.717
1555,10.18,49.613,52,91,378,501,7114.0,7154.0,40.0,-0.981
1555,10.18,49.613,91,137,378,501,7120.0,7154.0,34.0,-0.613
1555,10.18,49.613,137,181,378,501,7126.0,7163.0,37.0,-0.245
1555,10.18,49.613,181,224,378,501,7130.0,7161.0,31.0,0.0
1555,10.18,49.613,224,271,378,501,7126.0,7163.0,37.0,-0.245
1555,10.18,49.613,271,312,378,501,7129.0,7165.58,36.58,-0.061
1555,10.18,49.613,312,359,378,501,7121.0,7155.0,34.0,-0.552
1555,10.18,49.613,359,406,378,501,7109.0,7144.0,35.0,-1.288
1555,10.18,49.613,406,449,378,501,7117.0,7150.53,33.53,-0.797
1555,10.18,49.613,449,498,378,501,7104.0,7145.0,41.0,-1.594
1555,10.18,49.613,0,41,501,585,7115.0,7143.0,28.0,-0.92
1555,10.18,49.613,41,85,501,585,7122.0,7151.0,29.0,-0.491
1555,10.18,49.613,85,132,501,585,7130.0,7162.0,32.0,0.0
1555,10.18,49.613,132,177,501,585,7132.0,7164.39,32.39,0.123
1555,10.18,49.613,177,222,501,585,7131.0,7165.0,34.0,0.061
1555,10.18,49.613,222,268,501,585,7129.0,7162.0,33.0,-0.061
1555,10.18,49.613,268,314,501,585,7128.0,7162.0,34.0,-0.123
1555,10.18,49.613,314,360,501,585,7123.0,7156.0,33.0,-0.429
1555,10.18,49.613,360,407,501,585,7111.0,7144.0,33.0,-1.165
1555,10.18,49.613,407,453,501,585,7122.0,7151.0,29.0,-0.491
1555,10.18,49.613,453,500,501,585,7111.0,7142.0,31.0,-1.165
1560,10.18,49.613,0,36,84,177,7137.0,7163.0,26.0,0.467
1560,10.18,49.613,36,85,84,177,7134.0,7169.83,35.83,0.311
1560,10.18,49.613,85,128,84,177,7147.0,7177.0,30.0,0.986
1560,10.18,49.613,128,174,84,177,7156.0,7192.0,36.0,1.453
1560,10.18,49.613,174,219,84,177,7161.0,7193.0,32.0,1.712
1560,10.18,49.613,219,264,84,177,7147.0,7187.0,40.0,0.986
1560,10.18,49.613,264,311,84,177,7133.0,7170.57,37.57,0.259
1560,10.18,49.613,311,357,84,177,7146.0,7178.0,32.0,0.934
1560,10.18,49.613,357,400,84,177,7146.0,7175.0,29.0,0.934
1560,10.18,49.613,400,446,84,177,7146.0,7180.0,34.0,0.934
1560,10.18,49.613,446,492,84,177,7144.0,7177.0,33.0,0.83
1560,10.18,49.613,30,77,177,252,7127.0,7160.0,33.0,-0.052
1560,10.18,49.613,77,124,177,252,7140.0,7175.62,35.62,0.623
1560,10.18,49.613,124,170,177,252,7146.0,7181.0,35.0,0.934
1560,10.18,49.613,170,217,177,252,7141.0,7173.0,32.0,0.674
1560,10.18,49.613,217,263,177,252,7138.0,7170.0,32.0,0.519
1560,10.18,49.613,263,311,177,252,7129.0,7162.0,33.0,0.052
1560,10.18,49.613,311,358,177,252,7144.0,7172.0,28.0,0.83
1560,10.18,49.613,358,405,177,252,7142.0,7172.0,30.0,0.726
1560,10.18,49.613,405,451,177,252,7139.0,7171.0,32.0,0.571
1560,10.18,49.613,451,498,177,252,7143.0,7175.0,32.0,0.778
1560,10.18,49.613,5,66,378,502,7103.0,7146.0,43.0,-1.297
1560,10.18,49.613,66,111,378,502,7112.0,7158.37,46.37,-0.83
1560,10.18,49.613,111,154,378,502,7123.0,7159.0,36.0,-0.259
1560,10.18,49.613,154,191,378,502,7134.0,7162.0,28.0,0.311
1560,10.18,49.613,191,238,378,502,7118.0,7164.0,46.0,-0.519
1560,10.18,49.613,238,284,378,502,7119.0,7153.0,34.0,-0.467
1560,10.18,49.613,284,326,378,502,7114.0,7143.21,29.21,-0.726
1560,10.18,49.613,326,374,378,502,7112.0,7150.0,38.0,-0.83
1560,10.18,49.613,374,418,378,502,7110.0,7149.0,39.0,-0.934
1560,10.18,49.613,418,461,378,502,7111.0,7149.0,38.0,-0.882
1560,10.18,49.613,461,506,378,502,7111.0,7152.0,41.0,-0.882
1560,10.18,49.613,8,53,502,585,7123.0,7155.0,32.0,-0.259
1560,10.18,49.613,53,99,502,585,7126.0,7157.0,31.0,-0.104
1560,10.18,49.613,99,146,502,585,7126.0,7160.0,34.0,-0.104
1560,10.18,49.613,146,190,502,585,7126.0,7158.0,32.0,-0.104
1560,10.18,49.613,190,236,502,585,7128.0,7162.0,34.0,0.0
1560,10.18,49.613,236,282,502,585,7127.0,7162.0,35.0,-0.052
1560,10.18,49.613,282,329,502,585,7114.0,7148.0,34.0,-0.726
1560,10.18,49.613,329,375,502,585,7126.0,7154.0,28.0,-0.104
1560,10.18,49.613,375,422,502,585,7116.0,7149.0,33.0,-0.623
1560,10.18,49.613,422,467,502,585,7115.0,7149.0,34.0,-0.674
1560,10.18,49.613,467,512,502,585,7111.0,7143.0,32.0,-0.882
1565,10.18,49.613,10,52,89,177,7137.0,7166.0,29.0,0.27
1565,10.18,49.613,52,98,89,177,7146.0,7184.0,38.0,0.877
1565,10.18,49.613,98,142,89,177,7152.0,7185.0,33.0,1.282
1565,10.18,49.613,142,188,89,177,7151.0,7193.0,42.0,1.214
1565,10.18,49.613,188,235,89,177,7141.0,7177.0,36.0,0.54
1565,10.18,49.613,235,280,89,177,7152.0,7184.0,32.0,1.282
1565,10.18,49.613,280,327,89,177,7144.0,7177.0,33.0,0.742
1565,10.18,49.613,327,369,89,177,7149.0,7181.0,32.0,1.079
1565,10.18,49.613,369,417,89,177,7140.0,7175.0,35.0,0.472
1565,10.18,49.613,417,468,89,177,7141.0,7177.0,36.0,0.54
1565,10.18,49.613,468,507,89,177,7142.0,7173.0,31.0,0.607
1565,10.18,49.613,0,46,177,251,7133.0,7169.0,36.0,0.0
1565,10.18,49.613,46,93,177,251,7140.0,7173.0,33.0,0.472
1565,10.18,49.613,93,140,177,251,7139.0,7173.0,34.0,0.405
1565,10.18,49.613,140,186,177,251,7138.0,7171.0,33.0,0.337
1565,10.18,49.613,186,233,177,251,7133.0,7164.0,31.0,0.0
1565,10.18,49.613,233,280,177,251,7146.0,7174.18,28.18,0.877
1565,10.18,49.613,280,327,177,251,7143.0,7173.0,30.0,0.674
1565,10.18,49.613,327,374,177,251,7139.0,7173.0,34.0,0.405
1565,10.18,49.613,374,420,177,251,7143.0,7176.0,33.0,0.674
1565,10.18,49.613,420,467,177,251,7141.0,7173.0,32.0,0.54
1565,10.18,49.613,467,512,177,251,7141.0,7168.0,27.0,0.54
1565,10.18,49.613,0,37,380,500,7108.0,7153.0,45.0,-1.686
1565,10.18,49.613,37,84,380,500,7115.0,7156.0,41.0,-1.214
1565,10.18,49.613,84,122,380,500,7129.0,7163.0,34.0,-0.27
1565,10.18,49.613,122,163,380,500,7127.0,7164.0,37.0,-0.405
1565,10.18,49.613,163,208,380,500,7119.0,7154.0,35.0,-0.944
1565,10.18,49.613,208,254,380,500,7110.0,7144.0,34.0,-1.551
1565,10.18,49.613,254,298,380,500,7117.0,7152.0,35.0,-1.079
1565,10.18,49.613,298,342,380,500,7112.0,7149.0,37.0,-1.416
1565,10.18,49.613,342,409,380,500,7110.0,7152.0,42.0,-1.551
1565,10.18,49.613,409,461,380,500,7108.0,7156.0,48.0,-1.686
1565,10.18,49.613,461,496,380,500,7103.0,7148.76,45.76,-2.023
1565,10.18,49.613,24,70,500,584,7123.0,7155.0,32.0,-0.674
1565,10.18,49.613,70,115,500,584,7123.0,7154.97,31.97,-0.674
1565,10.18,49.613,115,161,500,584,7127.0,7160.0,33.0,-0.405
1565,10.18,49.613,161,205,500,584,7127.0,7158.0,31.0,-0.405
1565,10.18,49.613,205,253,500,584,7117.0,7151.0,34.0,-1.079
1565,10.18,49.613,253,298,500,584,7131.0,7159.0,28.0,-0.135
1565,10.18,49.613,298,344,500,584,7120.0,7153.0,33.0,-0.877
1565,10.18,49.613,344,390,500,584,7120.0,7157.0,37.0,-0.877
1565,10.18,49.613,390,437,500,584,7116.0,7151.0,35.0,-1.147
1565,10.18,49.613,437,481,500,584,7118.0,7148.0,30.0,-1.012
1570,10.18,49.613,25,68,83,174,7144.0,7177.0,33.0,0.956
1570,10.18,49.613,68,114,83,174,7139.0,7179.72,40.72,0.674
1570,10.18,49.613,114,159,83,174,7136.0,7171.0,35.0,0.506
1570,10.18,49.613,159,205,83,174,7155.0,7187.0,32.0,1.574
1570,10.18,49.613,205,251,83,174,7149.0,7182.0,33.0,1.237
1570,10.18,49.613,251,294,83,174,7149.0,7181.0,32.0,1.237
1570,10.18,49.613,294,340,83,174,7141.0,7175.92,34.92,0.787
1570,10.18,49.613,340,385,83,174,7141.0,7175.0,34.0,0.787
1570,10.18,49.613,385,433,83,174,7133.0,7172.0,39.0,0.337
1570,10.18,49.613,433,478,83,174,7131.0,7166.0,35.0,0.225
1570,10.18,49.613,17,62,174,243,7131.0,7164.0,33.0,0.225
1570,10.18,49.613,62,110,174,243,7131.0,7164.0,33.0,0.225
1570,10.18,49.613,110,157,174,243,7128.0,7159.0,31.0,0.056
1570,10.18,49.613,157,203,174,243,7147.0,7172.0,25.0,1.124
1570,10.18,49.613,203,249,174,243,7147.0,7175.0,28.0,1.124
1570,10.18,49.613,249,296,174,243,7140.0,7172.0,32.0,0.731
1570,10.18,49.613,296,343,174,243,7144.0,7175.18,31.18,0.956
1570,10.18,49.613,343,389,174,243,7143.0,7173.0,30.0,0.899
1570,10.18,49.613,389,435,174,243,7140.0,7169.83,29.83,0.731
1570,10.18,49.613,435,481,174,243,7133.0,7163.0,30.0,0.337
1570,10.18,49.613,3,56,376,492,7113.0,7154.0,41.0,-0.787
1570,10.18,49.613,56,95,376,492,7126.0,7161.0,35.0,-0.056
1570,10.18,49.613,95,138,376,492,7119.0,7152.0,33.0,-0.45
1570,10.18,49.613,138,183,376,492,7111.0,7142.0,31.0,-0.899
1570,10.18,49.613,183,229,376,492,7115.0,7148.0,33.0,-0.674
1570,10.18,49.613,229,272,376,492,7112.0,7147.0,35.0,-0.843
1570,10.18,49.613,272,315,376,492,7113.0,7148.0,35.0,-0.787
1570,10.18,49.613,315,354,376,492,7116.0,7157.0,41.0,-0.618
1570,10.18,49.613,354,407,376,492,7108.0,7154.0,46.0,-1.068
1570,10.18,49.613,407,452,376,492,7119.0,7153.0,34.0,-0.45
1570,10.18,49.613,452,493,376,492,7115.0,7146.0,31.0,-0.674
1570,10.18,49.613,0,45,492,575,7116.0,7147.0,31.0,-0.618
1570,10.18,49.613,45,90,492,575,7122.0,7154.23,32.23,-0.281
1570,10.18,49.613,90,134,492,575,7122.0,7154.0,32.0,-0.281
1570,10.18,49.613,134,182,492,575,7113.0,7146.0,33.0,-0.787
1570,10.18,49.613,182,227,492,575,7129.0,7159.0,30.0,0.112
1570,10.18,49.613,227,273,492,575,7122.0,7154.37,32.37,-0.281
1570,10.18,49.613,273,319,492,575,7123.0,7159.0,36.0,-0.225
1570,10.18,49.613,319,365,492,575,7120.0,7156.0,36.0,-0.393
1570,10.18,49.613,365,409,492,575,7125.0,7153.0,28.0,-0.112
1570,10.18,49.613,409,455,492,575,7119.0,7151.0,32.0,-0.45
1570,10.18,49.613,455,500,492,575,7110.0,7139.0,29.0,-0.956
1575,10.18,49.613,0,42,72,165,7129.0,7166.61,37.61,0.295
1575,10.18,49.613,42,90,72,165,7125.0,7163.0,38.0,-0.042
1575,10.18,49.613,90,133,72,165,7147.0,7178.0,31.0,1.813
1575,10.18,49.613,133,180,72,165,7148.0,7183.0,35.0,1.897
1575,10.18,49.613,180,224,72,165,7153.0,7187.0,34.0,2.319
1575,10.18,49.613,224,269,72,165,7146.0,7181.0,35.0,1.728
1575,10.18,49.613,269,315,72,165,7142.0,7179.0,37.0,1.391
1575,10.18,49.613,315,358,72,165,7138.0,7172.0,34.0,1.054
1575,10.18,49.613,358,404,72,165,7127.0,7163.0,36.0,0.126
1575,10.18,49.613,404,458,72,165,7123.0,7166.0,43.0,-0.211
1575,10.18,49.613,458,494,72,165,7128.0,7168.0,40.0,0.211
1575,10.18,49.613,0,39,165,234,7126.0,7158.0,32.0,0.042
1575,10.18,49.613,39,83,165,234,7124.0,7154.0,30.0,-0.126
1575,10.18,49.613,83,130,165,234,7141.0,7170.0,29.0,1.307
1575,10.18,49.613,130,177,165,234,7145.0,7173.0,28.0,1.644
1575,10.18,49.613,177,223,165,234,7144.0,7173.0,29.0,1.56
1575,10.18,49.613,223,269,165,234,7147.0,7178.0,31.0,1.813
1575,10.18,49.613,269,315,165,234,7143.0,7173.0,30.0,1.475
1575,10.18,49.613,315,362,165,234,7139.0,7169.0,30.0,1.138
1575,10.18,49.613,362,407,165,234,7133.0,7162.0,29.0,0.632
1575,10.18,49.613,407,453,165,234,7141.0,7175.0,34.0,1.307
1575,10.18,49.613,453,500,165,234,7136.0,7167.0,31.0,0.885
1575,10.18,49.613,29,69,366,482,7117.0,7148.0,31.0,-0.717
1575,10.18,49.613,69,114,366,482,7112.0,7142.0,30.0,-1.138
1575,10.18,49.613,114,159,366,482,7114.0,7148.0,34.0,-0.97
1575,10.18,49.613,159,202,366,482,7111.0,7149.0,38.0,-1.223
1575,10.18,49.613,202,246,366,482,7113.0,7147.0,34.0,-1.054
1575,10.18,49.613,246,289,366,482,7119.0,7156.0,37.0,-0.548
1575,10.18,49.613,289,336,366,482,7116.0,7154.0,38.0,-0.801
1575,10.18,49.613,336,381,366,482,7121.0,7154.0,33.0,-0.379
1575,10.18,49.613,381,422,366,482,7119.0,7149.0,30.0,-0.548
1575,10.18,49.613,422,470,366,482,7118.0,7152.0,34.0,-0.632
1575,10.18,49.613,470,512,366,482,7119.0,7148.0,29.0,-0.548
1575,10.18,49.613,19,65,482,564,7117.0,7149.0,32.0,-0.717
1575,10.18,49.613,65,110,482,564,7113.0,7143.0,30.0,-1.054
1575,10.18,49.613,110,157,482,564,7128.0,7156.0,28.0,0.211
1575,10.18,49.613,157,202,482,564,7123.0,7153.0,30.0,-0.211
1575,10.18,49.613,202,247,482,564,7126.0,7159.0,33.0,0.042
1575,10.18,49.613,247,292,482,564,7124.0,7159.51,35.51,-0.126
1575,10.18,49.613,292,338,482,564,7128.0,7157.0,29.0,0.211
1575,10.18,49.613,338,384,482,564,7124.0,7155.0,31.0,-0.126
1575,10.18,49.613,384,427,482,564,7118.5,7144.0,25.5,-0.59
1575,10.18,49.613,427,473,482,564,7121.0,7150.0,29.0,-0.379
1575,10.18,49.613,473,512,482,564,7119.0,7144.0,25.0,-0.548
1580,10.18,49.613,20,65,68,153,7134.0,7165.0,31.0,0.674
1580,10.18,49.613,65,111,68,153,7139.0,7170.0,31.0,1.096
1580,10.18,49.613,111,155,68,153,7144.0,7177.59,33.59,1.518
1580,10.18,49.613,155,199,68,153,7150.0,7182.0,32.0,2.023
1580,10.18,49.613,199,245,68,153,7146.0,7179.65,33.65,1.686
1580,10.18,49.613,245,288,68,153,7140.0,7173.0,33.0,1.18
1580,10.18,49.613,288,333,68,153,7130.0,7161.0,31.0,0.337
1580,10.18,49.613,333,377,68,153,7131.0,7164.0,33.0,0.422
1580,10.18,49.613,377,421,68,153,7126.0,7162.0,36.0,0.0
1580,10.18,49.613,421,469,68,153,7125.0,7162.0,37.0,-0.084
1580,10.18,49.613,469,512,68,153,7127.0,7159.0,32.0,0.084
1580,10.18,49.613,14,59,153,225,7131.0,7158.0,27.0,0.422
1580,10.18,49.613,59,106,153,225,7134.0,7165.0,31.0,0.674
1580,10.18,49.613,106,151,153,225,7136.0,7168.0,32.0,0.843
1580,10.18,49.613,151,197,153,225,7146.0,7175.0,29.0,1.686
1580,10.18,49.613,197,243,153,225,7143.0,7175.0,32.0,1.433
1580,10.18,49.613,243,289,153,225,7139.0,7169.0,30.0,1.096
1580,10.18,49.613,289,334,153,225,7131.0,7160.0,29.0,0.422
1580,10.18,49.613,334,381,153,225,7139.0,7175.0,36.0,1.096
1580,10.18,49.613,381,425,153,225,7133.0,7165.0,32.0,0.59
1580,10.18,49.613,425,472,153,225,7129.0,7163.0,34.0,0.253
1580,10.18,49.613,472,512,153,225,7127.0,7162.0,35.0,0.084
1580,10.18,49.613,0,45,357,472,7104.0,7133.0,29.0,-1.855
1580,10.18,49.613,45,90,357,472,7107.0,7145.0,38.0,-1.602
1580,10.18,49.613,90,131,357,472,7108.0,7145.0,37.0,-1.518
1580,10.18,49.613,131,180,357,472,7107.0,7148.0,41.0,-1.602
1580,10.18,49.613,180,223,357,472,7118.0,7154.0,36.0,-0.674
1580,10.18,49.613,223,263,357,472,7122.0,7152.0,30.0,-0.337
1580,10.18,49.613,263,310,357,472,7117.0,7152.0,35.0,-0.759
1580,10.18,49.613,310,354,357,472,7118.0,7149.0,31.0,-0.674
1580,10.18,49.613,354,396,357,472,7126.0,7153.0,27.0,0.0
1580,10.18,49.613,396,441,357,472,7118.0,7148.0,30.0,-0.674
1580,10.18,49.613,441,487,357,472,7099.0,7138.0,39.0,-2.276
1580,10.18,49.613,0,42,472,552,7107.0,7133.89,26.89,-1.602
1580,10.18,49.613,42,87,472,552,7123.0,7150.0,27.0,-0.253
1580,10.18,49.613,87,132,472,552,7117.0,7147.0,30.0,-0.759
1580,10.18,49.613,132,176,472,552,7123.0,7155.0,32.0,-0.253
1580,10.18,49.613,176,221,472,552,7122.0,7157.0,35.0,-0.337
1580,10.18,49.613,221,266,472,552,7128.0,7158.0,30.0,0.169
1580,10.18,49.613,266,311,472,552,7126.0,7157.0,31.0,0.0
1580,10.18,49.613,311,356,472,552,7122.0,7148.0,26.0,-0.337
1580,10.18,49.613,356,402,472,552,7124.0,7153.0,29.0,-0.169
1580,10.18,49.613,402,446,472,552,7122.0,7151.0,29.0,-0.337
1580,10.18,49.613,446,494,472,552,7102.0,7129.0,27.0,-2.023
1585,10.18,49.613,27,73,78,165,7135.0,7171.0,36.0,0.6
1585,10.18,49.613,73,117,78,165,7139.0,7172.0,33.0,0.899
1585,10.18,49.613,117,162,78,165,7144.0,7179.0,35.0,1.274
1585,10.18,49.613,162,205,78,165,7149.0,7182.0,33.0,1.649
1585,10.18,49.613,205,250,78,165,7136.0,7168.0,32.0,0.674
1585,10.18,49.613,250,294,78,165,7134.0,7166.0,32.0,0.525
1585,10.18,49.613,294,339,78,165,7127.0,7166.0,39.0,0.0
1585,10.18,49.613,339,383,78,165,7126.0,7161.0,35.0,-0.075
1585,10.18,49.613,383,429,78,165,7125.0,7161.0,36.0,-0.15
1585,10.18,49.613,429,474,78,165,7125.0,7160.0,35.0,-0.15
1585,10.18,49.613,474,512,78,165,7128.0,7163.0,35.0,0.075
1585,10.18,49.613,22,68,165,233,7130.0,7163.0,33.0,0.225
1585,10.18,49.613,68,113,165,233,7138.0,7171.0,33.0,0.824
1585,10.18,49.613,113,157,165,233,7141.0,7171.0,30.0,1.049
1585,10.18,49.613,157,204,165,233,7141.0,7168.0,27.0,1.049
1585,10.18,49.613,204,249,165,233,7136.0,7164.0,28.0,0.674
1585,10.18,49.613,249,294,165,233,7142.0,7175.83,33.83,1.124
1585,10.18,49.613,294,340,165,233,7136.0,7165.0,29.0,0.674
1585,10.18,49.613,340,385,165,233,7133.0,7164.0,31.0,0.45
1585,10.18,49.613,385,431,165,233,7128.0,7162.0,34.0,0.075
1585,10.18,49.613,431,477,165,233,7131.0,7162.0,31.0,0.3
1585,10.18,49.613,477,512,165,233,7131.0,7162.0,31.0,0.3
1585,10.18,49.613,15,56,365,482,7105.0,7139.0,34.0,-1.649
1585,10.18,49.613,56,96,365,482,7109.0,7147.0,38.0,-1.349
1585,10.18,49.613,96,137,365,482,7113.0,7155.0,42.0,-1.049
1585,10.18,49.613,137,187,365,482,7108.0,7153.0,45.0,-1.424
1585,10.18,49.613,187,222,365,482,7126.0,7152.0,26.0,-0.075
1585,10.18,49.613,222,273,365,482,7107.0,7148.0,41.0,-1.499
1585,10.18,49.613,273,316,365,482,7122.0,7152.0,30.0,-0.375
1585,10.18,49.613,316,359,365,482,7118.0,7152.0,34.0,-0.674
1585,10.18,49.613,359,403,365,482,7103.0,7141.0,38.0,-1.799
1585,10.18,49.613,403,446,365,482,7105.0,7144.0,39.0,-1.649
1585,10.18,49.613,446,491,365,482,7101.0,7141.0,40.0,-1.949
1585,10.18,49.613,4,51,482,559,7112.0,7142.0,30.0,-1.124
1585,10.18,49.613,51,95,482,559,7121.0,7151.0,30.0,-0.45
1585,10.18,49.613,95,139,482,559,7122.0,7154.0,32.0,-0.375
1585,10.18,49.613,139,183,482,559,7129.0,7156.0,27.0,0.15
1585,10.18,49.613,183,228,482,559,7127.0,7158.0,31.0,0.0
1585,10.18,49.613,228,272,482,559,7124.0,7152.0,28.0,-0.225
1585,10.18,49.613,272,317,482,559,7128.0,7158.0,30.0,0.075
1585,10.18,49.613,317,362,482,559,7127.0,7155.0,28.0,0.0
1585,10.18,49.613,362,407,482,559,7110.0,7138.0,28.0,-1.274
1585,10.18,49.613,407,453,482,559,7112.0,7143.0,31.0,-1.124
1585,10.18,49.613,453,496,482,559,7113.0,7141.0,28.0,-1.049
1590,10.18,49.613,0,37,87,178,7129.0,7159.0,30.0,0.482
1590,10.18,49.613,37,81,87,178,7134.0,7168.0,34.0,0.964
1590,10.18,49.613,81,124,87,178,7136.0,7170.0,34.0,1.156
1590,10.18,49.613,124,170,87,178,7130.0,7165.0,35.0,0.578
1590,10.18,49.613,170,214,87,178,7141.0,7173.0,32.0,1.638
1590,10.18,49.613,214,257,87,178,7134.0,7169.0,35.0,0.964
1590,10.18,49.613,257,302,87,178,7127.0,7163.0,36.0,0.289
1590,10.18,49.613,302,346,87,178,7127.0,7162.0,35.0,0.289
1590,10.18,49.613,346,388,87,178,7126.0,7157.0,31.0,0.193
1590,10.18,49.613,388,433,87,178,7124.0,7159.96,35.96,0.0
1590,10.18,49.613,433,481,87,178,7117.0,7157.0,40.0,-0.674
1590,10.18,49.613,32,77,178,247,7130.0,7163.0,33.0,0.578
1590,10.18,49.613,77,122,178,247,7133.0,7162.0,29.0,0.867
1590,10.18,49.613,122,167,178,247,7131.0,7159.44,28.44,0.674
1590,10.18,49.613,167,212,178,247,7138.0,7172.0,34.0,1.349
1590,10.18,49.613,212,257,178,247,7135.0,7164.0,29.0,1.06
1590,10.18,49.613,257,302,178,247,7131.0,7162.0,31.0,0.674
1590,10.18,49.613,302,347,178,247,7127.0,7161.0,34.0,0.289
1590,10.18,49.613,347,393,178,247,7131.0,7162.0,31.0,0.674
1590,10.18,49.613,393,438,178,247,7130.0,7157.0,27.0,0.578
1590,10.18,49.613,438,483,178,247,7124.0,7155.0,31.0,0.0
1590,10.18,49.613,19,63,376,489,7108.0,7147.0,39.0,-1.542
1590,10.18,49.613,63,112,376,489,7105.0,7149.0,44.0,-1.831
1590,10.18,49.613,112,149,376,489,7126.0,7151.0,25.0,0.193
1590,10.18,49.613,149,195,376,489,7113.0,7147.0,34.0,-1.06
1590,10.18,49.613,195,238,376,489,7121.0,7148.0,27.0,-0.289
1590,10.18,49.613,238,279,376,489,7119.0,7149.0,30.0,-0.482
1590,10.18,49.613,279,322,376,489,7103.0,7141.0,38.0,-2.023
1590,10.18,49.613,322,366,376,489,7104.0,7142.0,38.0,-1.927
1590,10.18,49.613,366,409,376,489,7104.0,7142.0,38.0,-1.927
1590,10.18,49.613,409,451,376,489,7106.0,7144.0,38.0,-1.734
1590,10.18,49.613,451,494,376,489,7103.0,7135.0,32.0,-2.023
1590,10.18,49.613,14,59,489,570,7111.0,7145.0,34.0,-1.253
1590,10.18,49.613,59,104,489,570,7119.0,7151.0,32.0,-0.482
1590,10.18,49.613,104,146,489,570,7122.0,7152.0,30.0,-0.193
1590,10.18,49.613,146,191,489,570,7119.0,7149.0,30.0,-0.482
1590,10.18,49.613,191,235,489,570,7125.0,7156.0,31.0,0.096
1590,10.18,49.613,235,280,489,570,7125.0,7154.0,29.0,0.096
1590,10.18,49.613,280,324,489,570,7110.0,7139.68,29.68,-1.349
1590,10.18,49.613,324,369,489,570,7113.0,7147.0,34.0,-1.06
1590,10.18,49.613,369,414,489,570,7114.0,7144.0,30.0,-0.964
1590,10.18,49.613,414,457,489,570,7116.0,7146.56,30.56,-0.771
1590,10.18,49.613,457,505,489,570,7102.0,7138.0,36.0,-2.12
1595,10.18,49.613,8,55,99,188,7121.0,7157.0,36.0,0.0
1595,10.18,49.613,55,94,99,188,7123.0,7155.0,32.0,0.169
1595,10.18,49.613,94,142,99,188,7124.0,7161.0,37.0,0.253
1595,10.18,49.613,142,183,99,188,7133.0,7168.05,35.05,1.012
1595,10.18,49.613,183,227,99,188,7132.0,7168.0,36.0,0.927
1595,10.18,49.613,227,270,99,188,7131.0,7165.0,34.0,0.843
1595,10.18,49.613,270,315,99,188,7123.0,7157.0,34.0,0.169
1595,10.18,49.613,315,359,99,188,7125.0,7161.0,36.0,0.337
1595,10.18,49.613,359,403,99,188,7116.0,7153.0,37.0,-0.422
1595,10.18,49.613,403,447,99,188,7126.0,7162.0,36.0,0.422
1595,10.18,49.613,447,493,99,188,7127.0,7164.0,37.0,0.506
1595,10.18,49.613,3,47,188,256,7124.0,7151.0,27.0,0.253
1595,10.18,49.613,47,92,188,256,7122.0,7149.89,27.89,0.084
1595,10.18,49.613,92,137,188,256,7134.0,7169.0,35.0,1.096
1595,10.18,49.613,137,181,188,256,7133.0,7163.0,30.0,1.012
1595,10.18,49.613,181,226,188,256,7129.0,7160.0,31.0,0.674
1595,10.18,49.613,226,271,188,256,7127.0,7158.0,31.0,0.506
1595,10.18,49.613,271,316,188,256,7129.0,7159.0,30.0,0.674
1595,10.18,49.613,316,360,188,256,7130.0,7156.0,26.0,0.759
1595,10.18,49.613,360,406,188,256,7124.0,7154.0,30.0,0.253
1595,10.18,49.613,406,453,188,256,7128.0,7157.0,29.0,0.59
1595,10.18,49.613,453,496,188,256,7131.0,7155.0,24.0,0.843
1595,10.18,49.613,22,79,384,497,7104.0,7144.0,40.0,-1.433
1595,10.18,49.613,79,119,384,497,7111.0,7145.0,34.0,-0.843
1595,10.18,49.613,119,159,384,497,7118.0,7148.0,30.0,-0.253
1595,10.18,49.613,159,205,384,497,7111.0,7148.0,37.0,-0.843
1595,10.18,49.613,205,248,384,497,7101.0,7139.0,38.0,-1.686
1595,10.18,49.613,248,292,384,497,7102.0,7141.0,39.0,-1.602
1595,10.18,49.613,292,332,384,497,7105.0,7143.0,38.0,-1.349
1595,10.18,49.613,332,377,384,497,7104.0,7142.0,38.0,-1.433
1595,10.18,49.613,377,420,384,497,7104.0,7137.0,33.0,-1.433
1595,10.18,49.613,420,463,384,497,7113.0,7142.0,29.0,-0.674
1595,10.18,49.613,463,506,384,497,7106.0,7136.0,30.0,-1.265
1595,10.18,49.613,29,74,497,577,7113.0,7144.0,31.0,-0.674
1595,10.18,49.613,74,118,497,577,7112.0,7142.0,30.0,-0.759
1595,10.18,49.613,118,160,497,577,7121.0,7152.0,31.0,0.0
1595,10.18,49.613,160,204,497,577,7123.0,7153.0,30.0,0.169
1595,10.18,49.613,204,248,497,577,7110.0,7141.0,31.0,-0.927
1595,10.18,49.613,248,292,497,577,7115.0,7151.0,36.0,-0.506
1595,10.18,49.613,292,336,497,577,7115.0,7148.0,33.0,-0.506
1595,10.18,49.613,336,381,497,577,7116.0,7149.0,33.0,-0.422
1595,10.18,49.613,381,426,497,577,7108.0,7143.0,35.0,-1.096
1595,10.18,49.613,426,468,497,577,7116.0,7144.0,28.0,-0.422
1595,10.18,49.613,468,512,497,577,7109.0,7138.1,29.1,-1.012
1600,10.18,49.613,23,69,106,194,7118.0,7152.0,34.0,0.0
1600,10.18,49.613,69,111,106,194,7121.0,7158.0,37.0,0.225
1600,10.18,49.613,111,156,106,194,7121.0,7158.0,37.0,0.225
1600,10.18,49.613,156,199,106,194,7129.0,7165.0,36.0,0.824
1600,10.18,49.613,199,243,106,194,7129.0,7163.0,34.0,0.824
1600,10.18,49.613,243,284,106,194,7130.0,7166.0,36.0,0.899
1600,10.18,49.613,284,332,106,194,7114.0,7154.0,40.0,-0.3
1600,10.18,49.613,332,375,106,194,7128.0,7161.0,33.0,0.749
1600,10.18,49.613,375,419,106,194,7128.0,7162.0,34.0,0.749
1600,10.18,49.613,419,462,106,194,7124.0,7164.0,40.0,0.45
1600,10.18,49.613,462,506,106,194,7126.0,7164.66,38.66,0.6
1600,10.18,49.613,19,64,194,265,7126.0,7161.0,35.0,0.6
1600,10.18,49.613,64,109,194,265,7126.0,7156.0,30.0,0.6
1600,10.18,49.613,109,153,194,265,7127.0,7158.0,31.0,0.674
1600,10.18,49.613,153,197,194,265,7125.0,7158.0,33.0,0.525
1600,10.18,49.613,197,241,194,265,7128.0,7158.0,30.0,0.749
1600,10.18,49.613,241,285,194,265,7129.0,7157.0,28.0,0.824
1600,10.18,49.613,285,331,194,265,7123.0,7153.0,30.0,0.375
1600,10.18,49.613,331,377,194,265,7128.0,7157.0,29.0,0.749
1600,10.18,49.613,377,422,194,265,7131.0,7156.0,25.0,0.974
1600,10.18,49.613,422,466,194,265,7129.0,7156.0,27.0,0.824
1600,10.18,49.613,466,512,194,265,7126.0,7151.0,25.0,0.6
1600,10.18,49.613,11,48,391,505,7106.0,7138.0,32.0,-0.899
1600,10.18,49.613,48,92,391,505,7109.0,7144.0,35.0,-0.674
1600,10.18,49.613,92,134,391,505,7112.0,7147.0,35.0,-0.45
1600,10.18,49.613,134,175,391,505,7099.0,7139.0,40.0,-1.424
1600,10.18,49.613,175,217,391,505,7099.0,7141.0,42.0,-1.424
1600,10.18,49.613,217,264,391,505,7098.0,7142.0,44.0,-1.499
1600,10.18,49.613,264,303,391,505,7106.0,7143.0,37.0,-0.899
1600,10.18,49.613,303,347,391,505,7103.0,7138.0,35.0,-1.124
1600,10.18,49.613,347,387,391,505,7116.0,7144.0,28.0,-0.15
1600,10.18,49.613,387,432,391,505,7107.0,7138.0,31.0,-0.824
1600,10.18,49.613,432,473,391,505,7108.0,7145.78,37.78,-0.749
1600,10.18,49.613,473,508,391,505,7105.0,7137.0,32.0,-0.974
1600,10.18,49.613,0,42,505,585,7107.0,7134.0,27.0,-0.824
1600,10.18,49.613,42,85,505,585,7116.0,7145.8,29.8,-0.15
1600,10.18,49.613,85,131,505,585,7117.0,7147.0,30.0,-0.075
1600,10.18,49.613,131,173,505,585,7108.0,7137.0,29.0,-0.749
1600,10.18,49.613,173,217,505,585,7112.0,7144.98,32.98,-0.45
1600,10.18,49.613,217,260,505,585,7118.0,7152.0,34.0,0.0
1600,10.18,49.613,260,304,505,585,7120.0,7153.0,33.0,0.15
1600,10.18,49.613,304,348,505,585,7111.0,7146.0,35.0,-0.525
1600,10.18,49.613,348,393,505,585,7118.0,7148.0,30.0,0.0
1600,10.18,49.613,393,435,505,585,7114.0,7144.0,30.0,-0.3
1600,10.18,49.613,435,480,505,585,7110.0,7144.0,34.0,-0.6
1605,10.18,49.613,0,35,112,201,7128.0,7162.0,34.0,-0.096
1605,10.18,49.613,35,79,112,201,7127.0,7162.0,35.0,-0.193
1605,10.18,49.613,79,122,112,201,7131.0,7166.0,35.0,0.193
1605,10.18,49.613,122,165,112,201,7133.0,7166.0,33.0,0.385
1605,10.18,49.613,165,208,112,201,7138.0,7176.0,38.0,0.867
1605,10.18,49.613,208,252,112,201,7129.0,7169.0,40.0,0.0
1605,10.18,49.613,252,296,112,201,7139.0,7172.0,33.0,0.964
1605,10.18,49.613,296,338,112,201,7138.0,7175.0,37.0,0.867
1605,10.18,49.613,338,382,112,201,7134.0,7170.0,36.0,0.482
1605,10.18,49.613,382,427,112,201,7133.0,7171.0,38.0,0.385
1605,10.18,49.613,427,470,112,201,7140.0,7177.0,37.0,1.06
1605,10.18,49.613,470,512,112,201,7139.0,7176.0,37.0,0.964
1605,10.18,49.613,29,74,201,273,7129.0,7163.0,34.0,0.0
1605,10.18,49.613,74,118,201,273,7129.0,7165.0,36.0,0.0
1605,10.18,49.613,118,162,201,273,7136.0,7168.0,32.0,0.674
1605,10.18,49.613,162,205,201,273,7137.0,7165.0,28.0,0.771
1605,10.18,49.613,205,251,201,273,7129.0,7162.0,33.0,0.0
1605,10.18,49.613,251,296,201,273,7135.0,7163.31,28.31,0.578
1605,10.18,49.613,296,340,201,273,7139.0,7164.95,25.95,0.964
1605,10.18,49.613,340,385,201,273,7135.0,7164.0,29.0,0.578
1605,10.18,49.613,385,430,201,273,7134.0,7162.0,28.0,0.482
1605,10.18,49.613,430,476,201,273,7136.0,7164.0,28.0,0.674
1605,10.18,49.613,476,512,201,273,7140.0,7168.0,28.0,1.06
1605,10.18,49.613,19,61,398,510,7117.0,7151.0,34.0,-1.156
1605,10.18,49.613,61,99,398,510,7109.0,7146.0,37.0,-1.927
1605,10.18,49.613,99,142,398,510,7107.0,7148.0,41.0,-2.12
1605,10.18,49.613,142,186,398,510,7110.0,7150.0,40.0,-1.831
1605,10.18,49.613,186,228,398,510,7112.0,7151.0,39.0,-1.638
1605,10.18,49.613,228,271,398,510,7112.0,7144.0,32.0,-1.638
1605,10.18,49.613,271,312,398,510,7124.0,7151.2,27.2,-0.482
1605,10.18,49.613,312,355,398,510,7119.0,7146.0,27.0,-0.964
1605,10.18,49.613,355,398,398,510,7119.0,7164.92,45.92,-0.964
1605,10.18,49.613,398,440,398,510,7118.0,7148.0,30.0,-1.06
1605,10.18,49.613,440,486,398,510,7118.0,7144.06,26.06,-1.06
1605,10.18,49.613,5,53,510,591,7124.0,7154.0,30.0,-0.482
1605,10.18,49.613,53,96,510,591,7116.0,7144.0,28.0,-1.253
1605,10.18,49.613,96,140,510,591,7122.0,7156.0,34.0,-0.674
1605,10.18,49.613,140,181,510,591,7128.0,7158.0,30.0,-0.096
1605,10.18,49.613,181,225,510,591,7129.0,7164.0,35.0,0.0
1605,10.18,49.613,225,269,510,591,7124.0,7162.0,38.0,-0.482
1605,10.18,49.613,269,313,510,591,7133.0,7162.0,29.0,0.385
1605,10.18,49.613,313,356,510,591,7128.0,7160.0,32.0,-0.096
1605,10.18,49.613,356,401,510,591,7126.0,7161.0,35.0,-0.289
1605,10.18,49.613,401,445,510,591,7121.0,7149.0,28.0,-0.771
1605,10.18,49.613,445,488,510,591,7124.0,7149.0,25.0,-0.482
1610,10.181,49.613,4,47,117,206,7125.0,7162.0,37.0,-0.253
1610,10.181,49.613,47,90,117,206,7128.0,7161.0,33.0,0.0
1610,10.181,49.613,90,136,117,206,7131.0,7170.0,39.0,0.253
1610,10.181,49.613,136,176,117,206,7129.0,7166.0,37.0,0.084
1610,10.181,49.613,176,220,117,206,7139.0,7177.0,38.0,0.927
1610,10.181,49.613,220,264,117,206,7142.0,7177.0,35.0,1.18
1610,10.181,49.613,264,305,117,206,7138.0,7173.0,35.0,0.843
1610,10.181,49.613,305,348,117,206,7134.0,7175.0,41.0,0.506
1610,10.181,49.613,348,394,117,206,7137.0,7178.0,41.0,0.759
1610,10.181,49.613,394,438,117,206,7136.0,7172.0,36.0,0.674
1610,10.181,49.613,438,480,117,206,7128.0,7166.0,38.0,0.0
1610,10.181,49.613,0,41,206,278,7125.0,7159.0,34.0,-0.253
1610,10.181,49.613,41,85,206,278,7131.0,7163.0,32.0,0.253
1610,10.181,49.613,85,130,206,278,7136.0,7165.0,29.0,0.674
1610,10.181,49.613,130,173,206,278,7133.0,7165.0,32.0,0.422
1610,10.181,49.613,173,218,206,278,7136.0,7165.0,29.0,0.674
1610,10.181,49.613,218,263,206,278,7138.0,7164.0,26.0,0.843
1610,10.181,49.613,263,307,206,278,7136.0,7164.0,28.0,0.674
1610,10.181,49.613,307,352,206,278,7136.0,7162.34,26.34,0.674
1610,10.181,49.613,352,397,206,278,7137.0,7165.0,28.0,0.759
1610,10.181,49.613,397,441,206,278,7140.5,7166.0,25.5,1.054
1610,10.181,49.613,441,485,206,278,7131.0,7160.99,29.99,0.253
1610,10.181,49.613,27,69,409,514,7103.0,7145.0,42.0,-2.108
1610,10.181,49.613,69,111,409,514,7106.0,7149.0,43.0,-1.855
1610,10.181,49.613,111,159,409,514,7107.0,7152.0,45.0,-1.771
1610,10.181,49.613,159,197,409,514,7116.0,7147.0,31.0,-1.012
1610,10.181,49.613,197,237,409,514,7123.0,7152.66,29.66,-0.422
1610,10.181,49.613,237,278,409,514,7120.0,7146.0,26.0,-0.674
1610,10.181,49.613,278,324,409,514,7119.0,7157.45,38.45,-0.759
1610,10.181,49.613,324,363,409,514,7122.0,7150.0,28.0,-0.506
1610,10.181,49.613,363,408,409,514,7122.0,7147.0,25.0,-0.506
1610,10.181,49.613,408,450,409,514,7120.0,7151.0,31.0,-0.674
1610,10.181,49.613,450,494,409,514,7106.0,7140.0,34.0,-1.855
1610,10.181,49.613,20,64,514,595,7117.0,7149.0,32.0,-0.927
1610,10.181,49.613,64,108,514,595,7123.0,7154.0,31.0,-0.422
1610,10.181,49.613,108,151,514,595,7128.0,7162.0,34.0,0.0
1610,10.181,49.613,151,193,514,595,7123.0,7158.0,35.0,-0.422
1610,10.181,49.613,193,236,514,595,7134.0,7163.0,29.0,0.506
1610,10.181,49.613,236,280,514,595,7132.0,7172.0,40.0,0.337
1610,10.181,49.613,280,323,514,595,7131.0,7166.0,35.0,0.253
1610,10.181,49.613,323,367,514,595,7125.0,7155.0,30.0,-0.253
1610,10.181,49.613,367,411,514,595,7126.0,7154.0,28.0,-0.169
1610,10.181,49.613,411,454,514,595,7118.0,7147.0,29.0,-0.843
1610,10.181,49.613,454,501,514,595,7103.0,7134.0,31.0,-2.108
1615,10.181,49.613,15,58,121,210,7127.0,7163.0,36.0,0.0
1615,10.181,49.613,58,101,121,210,7121.0,7160.0,39.0,-0.578
1615,10.181,49.613,101,146,121,210,7131.0,7169.0,38.0,0.385
1615,10.181,49.613,146,189,121,210,7138.0,7175.0,37.0,1.06
1615,10.181,49.613,189,230,121,210,7139.0,7176.74,37.74,1.156
1615,10.181,49.613,230,275,121,210,7137.0,7177.0,40.0,0.964
1615,10.181,49.613,275,319,121,210,7139.0,7180.0,41.0,1.156
1615,10.181,49.613,319,361,121,210,7138.0,7177.0,39.0,1.06
1615,10.181,49.613,361,404,121,210,7125.0,7163.0,38.0,-0.193
1615,10.181,49.613,404,451,121,210,7121.0,7163.0,42.0,-0.578
1615,10.181,49.613,451,490,121,210,7121.0,7160.0,39.0,-0.578
1615,10.181,49.613,10,54,210,281,7131.0,7158.0,27.0,0.385
1615,10.181,49.613,54,98,210,281,7128.0,7159.0,31.0,0.096
1615,10.181,49.613,98,141,210,281,7138.0,7166.0,28.0,1.06
1615,10.181,49.613,141,185,210,281,7141.0,7167.0,26.0,1.349
1615,10.181,49.613,185,229,210,281,7136.0,7163.0,27.0,0.867
1615,10.181,49.613,229,274,210,281,7135.0,7161.0,26.0,0.771
1615,10.181,49.613,274,318,210,281,7138.0,7165.0,27.0,1.06
1615,10.181,49.613,318,362,210,281,7141.0,7167.0,26.0,1.349
1615,10.181,49.613,362,407,210,281,7131.0,7161.0,30.0,0.385
1615,10.181,49.613,407,452,210,281,7132.0,7161.0,29.0,0.482
1615,10.181,49.613,452,496,210,281,7132.0,7163.0,31.0,0.482
1615,10.181,49.613,0,36,409,516,7104.0,7144.0,40.0,-2.216
1615,10.181,49.613,36,79,409,516,7104.0,7148.0,44.0,-2.216
1615,10.181,49.613,79,119,409,516,7107.0,7143.0,36.0,-1.927
1615,10.181,49.613,119,163,409,516,7118.0,7153.0,35.0,-0.867
1615,10.181,49.613,163,207,409,516,7118.0,7148.0,30.0,-0.867
1615,10.181,49.613,207,248,409,516,7120.0,7152.0,32.0,-0.674
1615,10.181,49.613,248,290,409,516,7122.0,7149.0,27.0,-0.482
1615,10.181,49.613,290,332,409,516,7124.0,7149.0,25.0,-0.289
1615,10.181,49.613,332,376,409,516,7121.0,7152.0,31.0,-0.578
1615,10.181,49.613,376,420,409,516,7107.0,7140.0,33.0,-1.927
1615,10.181,49.613,420,460,409,516,7108.0,7140.0,32.0,-1.831
1615,10.181,49.613,460,505,409,516,7101.0,7143.0,42.0,-2.505
1615,10.181,49.613,32,75,516,597,7124.0,7158.0,34.0,-0.289
1615,10.181,49.613,75,116,516,597,7120.0,7154.0,34.0,-0.674
1615,10.181,49.613,116,160,516,597,7132.0,7162.0,30.0,0.482
1615,10.181,49.613,160,203,516,597,7130.0,7162.0,32.0,0.289
1615,10.181,49.613,203,247,516,597,7130.0,7166.0,36.0,0.289
1615,10.181,49.613,247,290,516,597,7129.0,7168.0,39.0,0.193
1615,10.181,49.613,290,334,516,597,7131.0,7159.0,28.0,0.385
1615,10.181,49.613,334,378,516,597,7121.0,7151.0,30.0,-0.578
1615,10.181,49.613,378,422,516,597,7107.0,7139.0,32.0,-1.927
1615,10.181,49.613,422,466,516,597,7108.0,7138.0,30.0,-1.831
1615,10.181,49.613,466,512,516,597,7111.0,7141.0,30.0,-1.542
1620,10.181,49.613,27,77,121,211,7122.0,7165.0,43.0,-0.422
1620,10.181,49.613,77,113,121,211,7138.0,7171.0,33.0,0.927
1620,10.181,49.613,113,158,121,211,7132.0,7172.0,40.0,0.422
1620,10.181,49.613,158,202,121,211,7136.0,7177.0,41.0,0.759
1620,10.181,49.613,202,243,121,211,7144.0,7184.0,40.0,1.433
1620,10.181,49.613,243,286,121,211,7139.0,7181.0,42.0,1.012
1620,10.181,49.613,286,331,121,211,7127.0,7168.0,41.0,0.0
1620,10.181,49.613,331,373,121,211,7129.0,7166.0,37.0,0.169
1620,10.181,49.613,373,415,121,211,7118.0,7158.0,40.0,-0.759
1620,10.181,49.613,415,458,121,211,7122.0,7159.0,37.0,-0.422
1620,10.181,49.613,458,500,121,211,7121.0,7163.0,42.0,-0.506
1620,10.181,49.613,24,68,211,282,7132.0,7160.0,28.0,0.422
1620,10.181,49.613,68,112,211,282,7138.0,7164.0,26.0,0.927
1620,10.181,49.613,112,156,211,282,7139.0,7167.86,28.86,1.012
1620,10.181,49.613,156,199,211,282,7138.0,7164.0,26.0,0.927
1620,10.181,49.613,199,243,211,282,7139.0,7165.0,26.0,1.012
1620,10.181,49.613,243,287,211,282,7142.0,7168.0,26.0,1.265
1620,10.181,49.613,287,331,211,282,7133.0,7163.0,30.0,0.506
1620,10.181,49.613,331,376,211,282,7133.0,7162.0,29.0,0.506
1620,10.181,49.613,376,420,211,282,7133.0,7166.0,33.0,0.506
1620,10.181,49.613,420,465,211,282,7134.0,7164.0,30.0,0.59
1620,10.181,49.613,465,508,211,282,7134.0,7163.0,29.0,0.59
1620,10.181,49.613,8,53,407,515,7104.0,7139.0,35.0,-1.939
1620,10.181,49.613,53,94,407,515,7117.0,7152.0,35.0,-0.843
1620,10.181,49.613,94,136,407,515,7119.0,7148.0,29.0,-0.674
1620,10.181,49.613,136,176,407,515,7122.0,7156.0,34.0,-0.422
1620,10.181,49.613,176,219,407,515,7123.0,7152.0,29.0,-0.337
1620,10.181,49.613,219,261,407,515,7126.0,7151.0,25.0,-0.084
1620,10.181,49.613,261,303,407,515,7124.0,7154.0,30.0,-0.253
1620,10.181,49.613,303,347,407,515,7111.0,7142.0,31.0,-1.349
1620,10.181,49.613,347,390,407,515,7109.0,7143.0,34.0,-1.518
1620,10.181,49.613,390,432,407,515,7107.0,7146.0,39.0,-1.686
1620,10.181,49.613,432,472,407,515,7109.0,7153.0,44.0,-1.518
1620,10.181,49.613,472,512,407,515,7100.0,7137.0,37.0,-2.276
1620,10.181,49.613,0,45,515,597,7115.0,7151.0,36.0,-1.012
1620,10.181,49.613,45,89,515,597,7129.0,7159.0,30.0,0.169
1620,10.181,49.613,89,132,515,597,7129.0,7160.0,31.0,0.169
1620,10.181,49.613,132,174,515,597,7129.0,7164.0,35.0,0.169
1620,10.181,49.613,174,216,515,597,7129.0,7158.0,29.0,0.169
1620,10.181,49.613,216,260,515,597,7133.0,7162.0,29.0,0.506
1620,10.181,49.613,260,303,515,597,7127.0,7160.0,33.0,0.0
1620,10.181,49.613,303,348,515,597,7112.0,7147.0,35.0,-1.265
1620,10.181,49.613,348,392,515,597,7114.0,7144.0,30.0,-1.096
1620,10.181,49.613,392,436,515,597,7117.0,7146.0,29.0,-0.843
1620,10.181,49.613,436,480,515,597,7112.0,7143.0,31.0,-1.265
1625,10.181,49.613,9,45,124,213,7130.0,7164.0,34.0,0.422
1625,10.181,49.613,45,89,124,213,7127.0,7165.0,38.0,0.169
1625,10.181,49.613,89,133,124,213,7129.0,7170.0,41.0,0.337
1625,10.181,49.613,133,176,124,213,7138.0,7177.0,39.0,1.096
1625,10.181,49.613,176,217,124,213,7139.0,7179.0,40.0,1.18
1625,10.181,49.613,217,259,124,213,7129.0,7169.0,40.0,0.337
1625,10.181,49.613,259,304,124,213,7127.0,7166.0,39.0,0.169
1625,10.181,49.613,304,347,124,213,7117.0,7160.68,43.68,-0.674
1625,10.181,49.613,347,387,124,213,7123.0,7160.0,37.0,-0.169
1625,10.181,49.613,387,431,124,213,7119.0,7159.0,40.0,-0.506
1625,10.181,49.613,431,475,124,213,7124.0,7163.89,39.89,-0.084
1625,10.181,49.613,475,512,124,213,7133.0,7166.0,33.0,0.674
1625,10.181,49.613,0,42,213,284,7131.0,7158.0,27.0,0.506
1625,10.181,49.613,42,85,213,284,7132.0,7161.0,29.0,0.59
1625,10.181,49.613,85,129,213,284,7134.0,7162.0,28.0,0.759
1625,10.181,49.613,129,173,213,284,7139.0,7168.0,29.0,1.18
1625,10.181,49.613,173,215,213,284,7142.0,7169.0,27.0,1.433
1625,10.181,49.613,215,259,213,284,7132.0,7162.0,30.0,0.59
1625,10.181,49.613,259,304,213,284,7132.0,7162.0,30.0,0.59
1625,10.181,49.613,304,347,213,284,7135.0,7167.0,32.0,0.843
1625,10.181,49.613,347,391,213,284,7133.0,7164.0,31.0,0.674
1625,10.181,49.613,391,437,213,284,7132.0,7163.0,31.0,0.59
1625,10.181,49.613,437,481,213,284,7134.0,7164.0,30.0,0.759
1625,10.181,49.613,31,68,409,516,7117.0,7141.0,24.0,-0.674
1625,10.181,49.613,68,109,409,516,7115.0,7152.63,37.63,-0.843
1625,10.181,49.613,109,150,409,516,7121.0,7149.0,28.0,-0.337
1625,10.181,49.613,150,193,409,516,7124.0,7152.0,28.0,-0.084
1625,10.181,49.613,193,234,409,516,7124.0,7154.0,30.0,-0.084
1625,10.181,49.613,234,277,409,516,7111.0,7141.19,30.19,-1.18
1625,10.181,49.613,277,318,409,516,7111.0,7142.0,31.0,-1.18
1625,10.181,49.613,318,363,409,516,7105.0,7145.0,40.0,-1.686
1625,10.181,49.613,363,405,409,516,7109.0,7164.14,55.14,-1.349
1625,10.181,49.613,405,452,409,516,7098.0,7143.0,45.0,-2.276
1625,10.181,49.613,452,489,409,516,7104.0,7138.0,34.0,-1.771
1625,10.181,49.613,17,63,516,597,7123.0,7154.0,31.0,-0.169
1625,10.181,49.613,63,106,516,597,7125.0,7159.0,34.0,0.0
1625,10.181,49.613,106,149,516,597,7127.0,7156.81,29.81,0.169
1625,10.181,49.613,149,190,516,597,7132.0,7158.0,26.0,0.59
1625,10.181,49.613,190,233,516,597,7125.0,7153.0,28.0,0.0
1625,10.181,49.613,233,277,516,597,7115.0,7152.0,37.0,-0.843
1625,10.181,49.613,277,321,516,597,7116.0,7147.0,31.0,-0.759
1625,10.181,49.613,321,364,516,597,7121.0,7151.0,30.0,-0.337
1625,10.181,49.613,364,408,516,597,7116.0,7149.0,33.0,-0.759
1625,10.181,49.613,408,450,516,597,7114.0,7142.0,28.0,-0.927
1625,10.181,49.613,450,495,516,597,7113.0,7146.0,33.0,-1.012
1630,10.181,49.613,25,67,119,208,7127.0,7166.0,39.0,0.375
1630,10.181,49.613,67,106,119,208,7134.0,7172.0,38.0,0.899
1630,10.181,49.613,106,152,119,208,7132.0,7175.0,43.0,0.749
1630,10.181,49.613,152,194,119,208,7126.0,7168.0,42.0,0.3
1630,10.181,49.613,194,237,119,208,7128.0,7170.0,42.0,0.45
1630,10.181,49.613,237,281,119,208,7117.0,7161.0,44.0,-0.375
1630,10.181,49.613,281,321,119,208,7124.0,7161.0,37.0,0.15
1630,10.181,49.613,321,367,119,208,7119.0,7161.0,42.0,-0.225
1630,10.181,49.613,367,409,119,208,7126.0,7163.0,37.0,0.3
1630,10.181,49.613,409,451,119,208,7132.0,7166.0,34.0,0.749
1630,10.181,49.613,451,499,119,208,7124.0,7165.0,41.0,0.15
1630,10.181,49.613,19,62,208,280,7128.0,7156.0,28.0,0.45
1630,10.181,49.613,62,105,208,280,7134.0,7163.0,29.0,0.899
1630,10.181,49.613,105,149,208,280,7141.0,7170.0,29.0,1.424
1630,10.181,49.613,149,193,208,280,7131.0,7163.0,32.0,0.674
1630,10.181,49.613,193,235,208,280,7132.0,7160.0,28.0,0.749
1630,10.181,49.613,235,279,208,280,7132.0,7163.0,31.0,0.749
1630,10.181,49.613,279,323,208,280,7134.0,7163.0,29.0,0.899
1630,10.181,49.613,323,367,208,280,7134.0,7163.0,29.0,0.899
1630,10.181,49.613,367,411,208,280,7133.0,7163.0,30.0,0.824
1630,10.181,49.613,411,456,208,280,7134.0,7197.0,63.0,0.899
1630,10.181,49.613,456,502,208,280,7127.0,7157.0,30.0,0.375
1630,10.181,49.613,11,49,404,511,7112.0,7148.1,36.1,-0.749
1630,10.181,49.613,49,88,404,511,7118.0,7147.0,29.0,-0.3
1630,10.181,49.613,88,128,404,511,7122.0,7149.0,27.0,0.0
1630,10.181,49.613,128,169,404,511,7122.0,7153.0,31.0,0.0
1630,10.181,49.613,169,212,404,511,7111.0,7141.0,30.0,-0.824
1630,10.181,49.613,212,255,404,511,7108.0,7141.0,33.0,-1.049
1630,10.181,49.613,255,297,404,511,7108.0,7144.0,36.0,-1.049
1630,10.181,49.613,297,338,404,511,7111.0,7168.75,57.75,-0.824
1630,10.181,49.613,338,379,404,511,7104.0,7142.55,38.55,-1.349
1630,10.181,49.613,379,423,404,511,7103.0,7144.71,41.71,-1.424
1630,10.181,49.613,423,468,404,511,7101.0,7141.0,40.0,-1.574
1630,10.181,49.613,468,512,404,511,7100.0,7137.0,37.0,-1.649
1630,10.181,49.613,0,39,511,592,7121.0,7152.0,31.0,-0.075
1630,10.181,49.613,39,82,511,592,7122.0,7151.0,29.0,0.0
1630,10.181,49.613,82,123,511,592,7129.0,7156.0,27.0,0.525
1630,10.181,49.613,123,168,511,592,7122.0,7152.0,30.0,0.0
1630,10.181,49.613,168,211,511,592,7112.0,7144.0,32.0,-0.749
1630,10.181,49.613,211,254,511,592,7116.0,7146.0,30.0,-0.45
1630,10.181,49.613,254,297,511,592,7124.0,7158.0,34.0,0.15
1630,10.181,49.613,297,340,511,592,7121.0,7154.0,33.0,-0.075
1630,10.181,49.613,340,383,511,592,7118.0,7149.0,31.0,-0.3
1630,10.181,49.613,383,426,511,592,7117.0,7150.0,33.0,-0.375
1630,10.181,49.613,426,469,511,592,7113.0,7141.65,28.65,-0.674
1630,10.181,49.613,469,512,511,592,7100.0,7131.0,31.0,-1.649
1635,10.181,49.613,4,44,109,199,7128.0,7166.0,38.0,0.169
1635,10.181,49.613,44,89,109,199,7128.0,7170.0,42.0,0.169
1635,10.181,49.613,89,131,109,199,7123.0,7164.0,41.0,-0.253
1635,10.181,49.613,131,174,109,199,7127.0,7167.0,40.0,0.084
1635,10.181,49.613,174,216,109,199,7121.0,7164.0,43.0,-0.422
1635,10.181,49.613,216,261,109,199,7127.0,7169.0,42.0,0.084
1635,10.181,49.613,261,301,109,199,7125.0,7166.0,41.0,-0.084
1635,10.181,49.613,301,345,109,199,7126.0,7166.0,40.0,0.0
1635,10.181,49.613,345,388,109,199,7132.0,7168.0,36.0,0.506
1635,10.181,49.613,388,432,109,199,7128.0,7165.0,37.0,0.169
1635,10.181,49.613,432,471,109,199,7139.0,7163.0,24.0,1.096
1635,10.181,49.613,471,512,109,199,7139.0,7171.0,32.0,1.096
1635,10.181,49.613,0,38,199,270,7131.0,7157.0,26.0,0.422
1635,10.181,49.613,38,84,199,270,7135.0,7164.0,29.0,0.759
1635,10.181,49.613,84,128,199,270,7129.0,7162.0,33.0,0.253
1635,10.181,49.613,128,171,199,270,7134.0,7164.0,30.0,0.674
1635,10.181,49.613,171,214,199,270,7134.0,7167.33,33.33,0.674
1635,10.181,49.613,214,257,199,270,7136.0,7164.0,28.0,0.843
1635,10.181,49.613,257,301,199,270,7135.0,7165.0,30.0,0.759
1635,10.181,49.613,301,345,199,270,7136.0,7168.0,32.0,0.843
1635,10.181,49.613,345,389,199,270,7136.0,7201.0,65.0,0.843
1635,10.181,49.613,389,434,199,270,7129.0,7161.0,32.0,0.253
1635,10.181,49.613,434,479,199,270,7133.0,7161.0,28.0,0.59
1635,10.181,49.613,20,66,395,502,7116.0,7145.71,29.71,-0.843
1635,10.181,49.613,66,107,395,502,7121.0,7151.0,30.0,-0.422
1635,10.181,49.613,107,150,395,502,7111.0,7142.0,31.0,-1.265
1635,10.181,49.613,150,190,395,502,7112.0,7144.0,32.0,-1.18
1635,10.181,49.613,190,235,395,502,7108.0,7147.0,39.0,-1.518
1635,10.181,49.613,235,275,395,502,7113.0,7163.75,50.75,-1.096
1635,10.181,49.613,275,318,395,502,7106.0,7142.0,36.0,-1.686
1635,10.181,49.613,318,359,395,502,7109.0,7150.85,41.85,-1.433
1635,10.181,49.613,359,402,395,502,7104.0,7142.0,38.0,-1.855
1635,10.181,49.613,402,442,395,502,7107.0,7143.0,36.0,-1.602
1635,10.181,49.613,442,485,395,502,7111.0,7142.0,31.0,-1.265
1635,10.181,49.613,18,59,502,582,7128.0,7152.83,24.83,0.169
1635,10.181,49.613,59,104,502,582,7121.0,7149.23,28.23,-0.422
1635,10.181,49.613,104,146,502,582,7114.0,7145.0,31.0,-1.012
1635,10.181,49.613,146,191,502,582,7116.0,7147.0,31.0,-0.843
1635,10.181,49.613,191,232,502,582,7127.0,7156.0,29.0,0.084
1635,10.181,49.613,232,275,502,582,7126.0,7159.0,33.0,0.0
1635,10.181,49.613,275,318,502,582,7123.0,7152.0,29.0,-0.253
1635,10.181,49.613,318,361,502,582,7123.0,7157.24,34.24,-0.253
1635,10.181,49.613,361,404,502,582,7117.0,7146.0,29.0,-0.759
1635,10.181,49.613,404,447,502,582,7106.0,7137.0,31.0,-1.686
1635,10.181,49.613,447,491,502,582,7111.0,7137.0,26.0,-1.265
1640,10.181,49.613,23,68,100,190,7116.0,7156.0,40.0,-0.45
1640,10.181,49.613,68,108,100,190,7123.0,7162.0,39.0,0.0
1640,10.181,49.613,108,152,100,190,7113.0,7158.07,45.07,-0.642
1640,10.181,49.613,152,195,100,190,7124.0,7164.0,40.0,0.064
1640,10.181,49.613,195,236,100,190,7126.0,7172.0,46.0,0.193
1640,10.181,49.613,236,280,100,190,7129.0,7172.51,43.51,0.385
1640,10.181,49.613,280,325,100,190,7133.0,7170.0,37.0,0.642
1640,10.181,49.613,325,369,100,190,7129.0,7164.0,35.0,0.385
1640,10.181,49.613,369,410,100,190,7139.0,7163.0,24.0,1.028
1640,10.181,49.613,410,462,100,190,7129.0,7168.0,39.0,0.385
1640,10.181,49.613,462,497,100,190,7142.0,7169.0,27.0,1.221
1640,10.181,49.613,21,65,190,260,7123.0,7156.0,33.0,0.0
1640,10.181,49.613,65,107,190,260,7129.0,7161.0,32.0,0.385
1640,10.181,49.613,107,150,190,260,7134.0,7168.0,34.0,0.707
1640,10.181,49.613,150,192,190,260,7137.0,7169.0,32.0,0.899
1640,10.181,49.613,192,237,190,260,7136.0,7166.0,30.0,0.835
1640,10.181,49.613,237,280,190,260,7137.0,7167.0,30.0,0.899
1640,10.181,49.613,280,324,190,260,7138.0,7200.71,62.71,0.964
1640,10.181,49.613,324,369,190,260,7131.0,7161.05,30.05,0.514
1640,10.181,49.613,369,415,190,260,7134.0,7162.0,28.0,0.707
1640,10.181,49.613,415,458,190,260,7134.0,7165.49,31.49,0.707
1640,10.181,49.613,458,502,190,260,7134.0,7168.0,34.0,0.707
1640,10.181,49.613,5,47,386,493,7117.0,7148.0,31.0,-0.385
1640,10.181,49.613,47,88,386,493,7108.0,7139.0,31.0,-0.964
1640,10.181,49.613,88,130,386,493,7106.0,7143.0,37.0,-1.092
1640,10.181,49.613,130,172,386,493,7110.0,7147.0,37.0,-0.835
1640,10.181,49.613,172,214,386,493,7111.0,7157.3,46.3,-0.771
1640,10.181,49.613,214,255,386,493,7106.0,7143.0,37.0,-1.092
1640,10.181,49.613,255,297,386,493,7107.0,7150.0,43.0,-1.028
1640,10.181,49.613,297,337,386,493,7106.0,7144.0,38.0,-1.092
1640,10.181,49.613,337,380,386,493,7107.0,7147.0,40.0,-1.028
1640,10.181,49.613,380,424,386,493,7112.0,7146.0,34.0,-0.707
1640,10.181,49.613,424,476,386,493,7105.0,7142.0,37.0,-1.156
1640,10.181,49.613,476,512,386,493,7106.0,7143.0,37.0,-1.092
1640,10.181,49.613,0,41,493,573,7119.0,7143.01,24.01,-0.257
1640,10.181,49.613,41,83,493,573,7111.0,7139.0,28.0,-0.771
1640,10.181,49.613,83,128,493,573,7114.0,7142.39,28.39,-0.578
1640,10.181,49.613,128,170,493,573,7125.0,7152.11,27.11,0.128
1640,10.181,49.613,170,212,493,573,7125.0,7156.0,31.0,0.128
1640,10.181,49.613,212,254,493,573,7124.0,7153.0,29.0,0.064
1640,10.181,49.613,254,297,493,573,7127.0,7158.0,31.0,0.257
1640,10.181,49.613,297,340,493,573,7121.0,7150.0,29.0,-0.128
1640,10.181,49.613,340,384,493,573,7108.0,7141.65,33.65,-0.964
1640,10.181,49.613,384,427,493,573,7116.0,7139.0,23.0,-0.45
1640,10.181,49.613,427,471,493,573,7117.0,7144.09,27.09,-0.385
1640,10.181,49.613,471,512,493,573,7119.0,7146.0,27.0,-0.257
1645,10.181,49.613,0,44,94,186,7118.0,7153.0,35.0,-0.45
1645,10.181,49.613,44,84,94,186,7114.0,7153.0,39.0,-0.749
1645,10.181,49.613,84,129,94,186,7121.0,7159.0,38.0,-0.225
1645,10.181,49.613,129,170,94,186,7122.0,7164.0,42.0,-0.15
1645,10.181,49.613,170,212,94,186,7132.0,7175.0,43.0,0.6
1645,10.181,49.613,212,253,94,186,7141.0,7179.0,38.0,1.274
1645,10.181,49.613,253,301,94,186,7131.0,7170.0,39.0,0.525
1645,10.181,49.613,301,344,94,186,7142.0,7170.0,28.0,1.349
1645,10.181,49.613,344,386,94,186,7142.0,7173.0,31.0,1.349
1645,10.181,49.613,386,431,94,186,7137.0,7170.0,33.0,0.974
1645,10.181,49.613,431,471,94,186,7131.0,7171.0,40.0,0.525
1645,10.181,49.613,471,512,94,186,7128.0,7165.82,37.82,0.3
1645,10.181,49.613,0,37,186,256,7127.0,7154.84,27.84,0.225
1645,10.181,49.613,37,80,186,256,7131.0,7163.0,32.0,0.525
1645,10.181,49.613,80,124,186,256,7133.0,7164.0,31.0,0.674
1645,10.181,49.613,124,167,186,256,7137.0,7168.0,31.0,0.974
1645,10.181,49.613,167,210,186,256,7139.0,7169.0,30.0,1.124
1645,10.181,49.613,210,254,186,256,7139.0,7199.72,60.72,1.124
1645,10.181,49.613,254,300,186,256,7133.0,7163.0,30.0,0.674
1645,10.181,49.613,300,344,186,256,7139.0,7166.0,27.0,1.124
1645,10.181,49.613,344,389,186,256,7136.0,7167.14,31.14,0.899
1645,10.181,49.613,389,433,186,256,7137.0,7169.0,32.0,0.974
1645,10.181,49.613,433,477,186,256,7131.0,7166.0,35.0,0.525
1645,10.181,49.613,477,512,186,256,7133.0,7177.0,44.0,0.674
1645,10.181,49.613,28,69,382,489,7105.0,7139.0,34.0,-1.424
1645,10.181,49.613,69,106,382,489,7111.0,7146.0,35.0,-0.974
1645,10.181,49.613,106,145,382,489,7111.0,7163.35,52.35,-0.974
1645,10.181,49.613,145,210,382,489,7102.0,7147.0,45.0,-1.649
1645,10.181,49.613,210,272,382,489,7105.0,7144.0,39.0,-1.424
1645,10.181,49.613,272,314,382,489,7111.0,7148.0,37.0,-0.974
1645,10.181,49.613,314,356,382,489,7117.0,7148.0,31.0,-0.525
1645,10.181,49.613,356,397,382,489,7114.0,7147.0,33.0,-0.749
1645,10.181,49.613,397,443,382,489,7109.0,7148.0,39.0,-1.124
1645,10.181,49.613,443,481,382,489,7107.0,7142.0,35.0,-1.274
1645,10.181,49.613,16,60,489,569,7113.0,7142.0,29.0,-0.824
1645,10.181,49.613,60,103,489,569,7123.0,7152.0,29.0,-0.075
1645,10.181,49.613,103,145,489,569,7124.0,7155.0,31.0,0.0
1645,10.181,49.613,145,186,489,569,7125.0,7152.0,27.0,0.075
1645,10.181,49.613,186,229,489,569,7128.0,7159.0,31.0,0.3
1645,10.181,49.613,229,272,489,569,7124.0,7152.0,28.0,0.0
1645,10.181,49.613,272,315,489,569,7115.0,7146.0,31.0,-0.674
1645,10.181,49.613,315,358,489,569,7121.0,7145.0,24.0,-0.225
1645,10.181,49.613,358,402,489,569,7123.0,7150.0,27.0,-0.075
1645,10.181,49.613,402,445,489,569,7122.0,7151.0,29.0,-0.15
1645,10.181,49.613,445,488,489,569,7119.0,7146.0,27.0,-0.375
1650,10.181,49.613,17,57,93,186,7113.0,7149.0,36.0,-0.674
1650,10.181,49.613,57,103,93,186,7112.0,7157.0,45.0,-0.745
1650,10.181,49.613,103,145,93,186,7126.0,7165.0,39.0,0.248
1650,10.181,49.613,145,187,93,186,7134.0,7171.0,37.0,0.816
1650,10.181,49.613,187,232,93,186,7133.0,7174.0,41.0,0.745
1650,10.181,49.613,232,275,93,186,7144.0,7171.0,27.0,1.526
1650,10.181,49.613,275,316,93,186,7144.0,7170.34,26.34,1.526
1650,10.181,49.613,316,359,93,186,7137.0,7168.0,31.0,1.029
1650,10.181,49.613,359,404,93,186,7125.0,7169.0,44.0,0.177
1650,10.181,49.613,404,446,93,186,7124.0,7161.0,37.0,0.106
1650,10.181,49.613,446,496,93,186,7117.0,7157.0,40.0,-0.39
1650,10.181,49.613,10,55,186,257,7124.0,7154.61,30.61,0.106
1650,10.181,49.613,55,97,186,257,7131.0,7162.0,31.0,0.603
1650,10.181,49.613,97,141,186,257,7134.0,7165.0,31.0,0.816
1650,10.181,49.613,141,185,186,257,7137.0,7199.66,62.66,1.029
1650,10.181,49.613,185,230,186,257,7130.0,7161.0,31.0,0.532
1650,10.181,49.613,230,274,186,257,7136.0,7163.0,27.0,0.958
1650,10.181,49.613,274,318,186,257,7134.0,7166.0,32.0,0.816
1650,10.181,49.613,318,362,186,257,7136.0,7169.0,33.0,0.958
1650,10.181,49.613,362,407,186,257,7129.5,7165.0,35.5,0.497
1650,10.181,49.613,407,451,186,257,7130.0,7176.0,46.0,0.532
1650,10.181,49.613,451,495,186,257,7131.0,7169.0,38.0,0.603
1650,10.181,49.613,6,51,383,490,7096.0,7138.0,42.0,-1.881
1650,10.181,49.613,51,122,383,490,7104.0,7146.5,42.5,-1.313
1650,10.181,49.613,122,165,383,490,7106.0,7146.64,40.64,-1.171
1650,10.181,49.613,165,205,383,490,7107.0,7143.74,36.74,-1.1
1650,10.181,49.613,205,248,383,490,7107.0,7144.0,37.0,-1.1
1650,10.181,49.613,248,288,383,490,7115.0,7146.0,31.0,-0.532
1650,10.181,49.613,288,333,383,490,7107.0,7146.0,39.0,-1.1
1650,10.181,49.613,333,373,383,490,7116.0,7148.0,32.0,-0.461
1650,10.181,49.613,373,414,383,490,7104.0,7143.0,39.0,-1.313
1650,10.181,49.613,414,483,383,490,7099.0,7138.0,39.0,-1.668
1650,10.181,49.613,0,35,490,571,7117.0,7144.0,27.0,-0.39
1650,10.181,49.613,35,76,490,571,7119.0,7149.0,30.0,-0.248
1650,10.181,49.613,76,119,490,571,7119.0,7147.0,28.0,-0.248
1650,10.181,49.613,119,162,490,571,7124.0,7156.0,32.0,0.106
1650,10.181,49.613,162,204,490,571,7122.0,7149.0,27.0,-0.035
1650,10.181,49.613,204,246,490,571,7112.0,7143.0,31.0,-0.745
1650,10.181,49.613,246,289,490,571,7122.0,7146.0,24.0,-0.035
1650,10.181,49.613,289,332,490,571,7124.0,7152.0,28.0,0.106
1650,10.181,49.613,332,376,490,571,7123.0,7152.0,29.0,0.035
1650,10.181,49.613,376,420,490,571,7119.0,7147.0,28.0,-0.248
1650,10.181,49.613,420,462,490,571,7113.0,7147.0,34.0,-0.674
1650,10.181,49.613,462,507,490,571,7113.0,7140.0,27.0,-0.674
1655,10.181,49.613,33,80,89,185,7119.0,7160.58,41.58,-0.59
1655,10.181,49.613,80,123,89,185,7133.0,7168.0,35.0,0.59
1655,10.181,49.613,123,165,89,185,7132.0,7168.0,36.0,0.506
1655,10.181,49.613,165,210,89,185,7144.0,7173.0,29.0,1.518
1655,10.181,49.613,210,253,89,185,7151.0,7181.0,30.0,2.108
1655,10.181,49.613,253,296,89,185,7144.0,7173.0,29.0,1.518
1655,10.181,49.613,296,339,89,185,7131.0,7172.0,41.0,0.422
1655,10.181,49.613,339,380,89,185,7128.0,7166.0,38.0,0.169
1655,10.181,49.613,380,418,89,185,7123.0,7157.0,34.0,-0.253
1655,10.181,49.613,418,465,89,185,7126.0,7166.0,40.0,0.0
1655,10.181,49.613,465,512,89,185,7136.0,7173.0,37.0,0.843
1655,10.181,49.613,31,75,185,256,7131.0,7163.0,32.0,0.422
1655,10.181,49.613,75,119,185,256,7135.0,7195.53,60.53,0.759
1655,10.181,49.613,119,163,185,256,7133.0,7164.0,31.0,0.59
1655,10.181,49.613,163,207,185,256,7138.0,7168.0,30.0,1.012
1655,10.181,49.613,207,251,185,256,7136.0,7168.0,32.0,0.843
1655,10.181,49.613,251,295,185,256,7138.0,7171.0,33.0,1.012
1655,10.181,49.613,295,340,185,256,7132.0,7169.0,37.0,0.506
1655,10.181,49.613,340,385,185,256,7132.0,7178.81,46.81,0.506
1655,10.181,49.613,385,429,185,256,7134.0,7170.0,36.0,0.674
1655,10.181,49.613,429,472,185,256,7136.0,7171.0,35.0,0.843
1655,10.181,49.613,472,512,185,256,7142.0,7175.0,33.0,1.349
1655,10.181,49.613,18,88,383,490,7101.0,7142.0,41.0,-2.108
1655,10.181,49.613,88,143,383,490,7102.0,7146.0,44.0,-2.023
1655,10.181,49.613,143,184,383,490,7111.0,7147.0,36.0,-1.265
1655,10.181,49.613,184,226,383,490,7115.0,7149.0,34.0,-0.927
1655,10.181,49.613,226,270,383,490,7109.0,7146.0,37.0,-1.433
1655,10.181,49.613,270,308,383,490,7119.0,7149.0,30.0,-0.59
1655,10.181,49.613,308,355,383,490,7101.0,7144.0,43.0,-2.108
1655,10.181,49.613,355,427,383,490,7106.0,7141.0,35.0,-1.686
1655,10.181,49.613,427,467,383,490,7096.0,7136.0,40.0,-2.529
1655,10.181,49.613,467,510,383,490,7099.0,7139.0,40.0,-2.276
1655,10.181,49.613,12,54,490,572,7119.0,7148.0,29.0,-0.59
1655,10.181,49.613,54,97,490,572,7124.0,7154.0,30.0,-0.169
1655,10.181,49.613,97,140,490,572,7123.0,7150.23,27.23,-0.253
1655,10.181,49.613,140,181,490,572,7115.0,7144.0,29.0,-0.927
1655,10.181,49.613,181,224,490,572,7123.0,7147.0,24.0,-0.253
1655,10.181,49.613,224,267,490,572,7128.0,7156.0,28.0,0.169
1655,10.181,49.613,267,310,490,572,7129.0,7158.0,29.0,0.253
1655,10.181,49.613,310,354,490,572,7124.0,7153.0,29.0,-0.169
1655,10.181,49.613,354,398,490,572,7118.0,7153.0,35.0,-0.674
1655,10.181,49.613,398,442,490,572,7118.0,7147.0,29.0,-0.674
1655,10.181,49.613,442,487,490,572,7111.0,7141.0,30.0,-1.265
1660,10.181,49.613,20,63,84,182,7126.0,7158.43,32.43,0.0
1660,10.181,49.613,63,102,84,182,7126.0,7163.0,37.0,0.0
1660,10.181,49.613,102,150,84,182,7136.0,7166.0,30.0,0.843
1660,10.181,49.613,150,194,84,182,7146.0,7174.0,28.0,1.686
1660,10.181,49.613,194,236,84,182,7149.0,7180.0,31.0,1.939
1660,10.181,49.613,236,276,84,182,7136.0,7179.0,43.0,0.843
1660,10.181,49.613,276,323,84,182,7126.0,7166.39,40.39,0.0
1660,10.181,49.613,323,363,84,182,7127.0,7158.0,31.0,0.084
1660,10.181,49.613,363,407,84,182,7131.0,7163.0,32.0,0.422
1660,10.181,49.613,407,457,84,182,7130.0,7172.0,42.0,0.337
1660,10.181,49.613,457,506,84,182,7131.0,7169.0,38.0,0.422
1660,10.181,49.613,13,57,182,254,7129.0,7187.81,58.81,0.253
1660,10.181,49.613,57,101,182,254,7127.0,7159.44,32.44,0.084
1660,10.181,49.613,101,147,182,254,7136.0,7165.0,29.0,0.843
1660,10.181,49.613,147,189,182,254,7138.0,7170.0,32.0,1.012
1660,10.181,49.613,189,233,182,254,7138.0,7172.0,34.0,1.012
1660,10.181,49.613,233,278,182,254,7132.0,7169.0,37.0,0.506
1660,10.181,49.613,278,322,182,254,7133.0,7181.16,48.16,0.59
1660,10.181,49.613,322,367,182,254,7133.0,7173.0,40.0,0.59
1660,10.181,49.613,367,411,182,254,7136.0,7171.0,35.0,0.843
1660,10.181,49.613,411,454,182,254,7142.0,7176.0,34.0,1.349
1660,10.181,49.613,454,499,182,254,7144.0,7181.0,37.0,1.518
1660,10.181,49.613,31,88,376,488,7095.0,7140.0,45.0,-2.614
1660,10.181,49.613,88,123,376,488,7111.0,7147.0,36.0,-1.265
1660,10.181,49.613,123,171,376,488,7108.0,7149.0,41.0,-1.518
1660,10.181,49.613,171,207,376,488,7118.0,7147.05,29.05,-0.674
1660,10.181,49.613,207,251,376,488,7113.0,7150.83,37.83,-1.096
1660,10.181,49.613,251,300,376,488,7099.0,7143.0,44.0,-2.276
1660,10.181,49.613,300,335,376,488,7110.0,7144.0,34.0,-1.349
1660,10.181,49.613,335,372,376,488,7108.0,7135.0,27.0,-1.518
1660,10.181,49.613,372,419,376,488,7101.0,7138.0,37.0,-2.108
1660,10.181,49.613,419,459,376,488,7109.0,7141.0,32.0,-1.433
1660,10.181,49.613,459,509,376,488,7100.0,7137.0,37.0,-2.192
1660,10.181,49.613,0,37,488,569,7121.0,7148.0,27.0,-0.422
1660,10.181,49.613,37,79,488,569,7119.0,7146.22,27.22,-0.59
1660,10.181,49.613,79,122,488,569,7112.0,7141.0,29.0,-1.18
1660,10.181,49.613,122,165,488,569,7122.0,7146.0,24.0,-0.337
1660,10.181,49.613,165,207,488,569,7128.0,7154.0,26.0,0.169
1660,10.181,49.613,207,250,488,569,7130.0,7159.0,29.0,0.337
1660,10.181,49.613,250,293,488,569,7127.0,7156.0,29.0,0.084
1660,10.181,49.613,293,336,488,569,7122.0,7155.0,33.0,-0.337
1660,10.181,49.613,336,380,488,569,7121.0,7149.0,28.0,-0.422
1660,10.181,49.613,380,424,488,569,7114.0,7144.0,30.0,-1.012
1660,10.181,49.613,424,467,488,569,7122.0,7148.0,26.0,-0.337
1660,10.181,49.613,467,512,488,569,7121.0,7150.0,29.0,-0.422
1665,10.181,49.613,6,49,77,180,7118.0,7153.0,35.0,-0.595
1665,10.181,49.613,49,90,77,180,7132.0,7161.0,29.0,0.516
1665,10.181,49.613,90,137,77,180,7138.0,7169.0,31.0,0.992
1665,10.181,49.613,137,182,77,180,7139.0,7170.0,31.0,1.071
1665,10.181,49.613,182,222,77,180,7137.0,7178.0,41.0,0.913
1665,10.181,49.613,222,264,77,180,7133.0,7173.0,40.0,0.595
1665,10.181,49.613,264,309,77,180,7126.0,7159.0,33.0,0.04
1665,10.181,49.613,309,351,77,180,7132.0,7165.0,33.0,0.516
1665,10.181,49.613,351,403,77,180,7127.0,7170.0,43.0,0.119
1665,10.181,49.613,403,465,77,180,7134.0,7168.0,34.0,0.674
1665,10.181,49.613,465,512,77,180,7118.0,7168.0,50.0,-0.595
1665,10.181,49.613,1,43,180,249,7123.0,7151.0,28.0,-0.198
1665,10.181,49.613,43,89,180,249,7130.0,7159.0,29.0,0.357
1665,10.181,49.613,89,133,180,249,7134.0,7165.0,31.0,0.674
1665,10.181,49.613,133,176,180,249,7139.0,7172.0,33.0,1.071
1665,10.181,49.613,176,220,180,249,7132.0,7168.0,36.0,0.516
1665,10.181,49.613,220,264,180,249,7133.0,7181.0,48.0,0.595
1665,10.181,49.613,264,309,180,249,7134.0,7173.0,39.0,0.674
1665,10.181,49.613,309,352,180,249,7137.0,7172.0,35.0,0.913
1665,10.181,49.613,352,397,180,249,7142.0,7178.0,36.0,1.309
1665,10.181,49.613,397,441,180,249,7145.0,7179.0,34.0,1.547
1665,10.181,49.613,441,485,180,249,7145.0,7177.0,32.0,1.547
1665,10.181,49.613,29,71,371,484,7103.0,7139.0,36.0,-1.785
1665,10.181,49.613,71,118,371,484,7107.0,7144.0,37.0,-1.468
1665,10.181,49.613,118,154,371,484,7118.0,7146.93,28.93,-0.595
1665,10.181,49.613,154,196,371,484,7114.0,7149.0,35.0,-0.913
1665,10.181,49.613,196,237,371,484,7104.0,7144.0,40.0,-1.706
1665,10.181,49.613,237,278,371,484,7106.0,7142.0,36.0,-1.547
1665,10.181,49.613,278,321,371,484,7107.0,7136.0,29.0,-1.468
1665,10.181,49.613,321,366,371,484,7102.0,7137.0,35.0,-1.865
1665,10.181,49.613,366,405,371,484,7112.0,7142.0,30.0,-1.071
1665,10.181,49.613,405,445,371,484,7113.0,7139.0,26.0,-0.992
1665,10.181,49.613,445,491,371,484,7103.0,7134.0,31.0,-1.785
1665,10.181,49.613,23,66,484,564,7108.0,7138.0,30.0,-1.389
1665,10.181,49.613,66,107,484,564,7119.0,7141.91,22.91,-0.516
1665,10.181,49.613,107,151,484,564,7126.0,7153.0,27.0,0.04
1665,10.181,49.613,151,194,484,564,7129.0,7156.0,27.0,0.278
1665,10.181,49.613,194,237,484,564,7127.0,7154.0,27.0,0.119
1665,10.181,49.613,237,280,484,564,7123.0,7157.0,34.0,-0.198
1665,10.181,49.613,280,323,484,564,7124.0,7152.0,28.0,-0.119
1665,10.181,49.613,323,366,484,564,7117.0,7148.0,31.0,-0.674
1665,10.181,49.613,366,411,484,564,7125.0,7152.0,27.0,-0.04
1665,10.181,49.613,411,453,484,564,7125.0,7154.0,29.0,-0.04
1665,10.181,49.613,453,497,484,564,7119.0,7153.0,34.0,-0.516
1670,10.181,49.613,18,68,355,478,7106.0,7144.0,38.0,-1.156
1670,10.181,49.613,68,105,355,478,7114.5,7146.0,31.5,-0.337
1670,10.181,49.613,105,143,355,478,7121.0,7152.0,31.0,0.289
1670,10.181,49.613,143,184,355,478,7109.0,7147.39,38.39,-0.867
1670,10.181,49.613,184,227,355,478,7111.0,7144.0,33.0,-0.674
1670,10.181,49.613,227,268,355,478,7114.0,7139.0,25.0,-0.385
1670,10.181,49.613,268,309,355,478,7111.0,7141.0,30.0,-0.674
1670,10.181,49.613,309,352,355,478,7114.0,7145.0,31.0,-0.385
1670,10.181,49.613,352,394,355,478,7118.0,7143.0,25.0,0.0
1670,10.181,49.613,394,434,355,478,7111.0,7138.0,27.0,-0.674
1670,10.181,49.613,434,471,355,478,7108.0,7149.0,41.0,-0.964
1670,10.181,49.613,471,512,355,478,7095.0,7141.14,46.14,-2.216
1670,10.181,49.613,11,55,478,559,7118.0,7143.0,25.0,0.0
1670,10.181,49.613,55,97,478,559,7127.0,7152.0,25.0,0.867
1670,10.181,49.613,97,140,478,559,7131.0,7159.0,28.0,1.253
1670,10.181,49.613,140,181,478,559,7131.0,7157.0,26.0,1.253
1670,10.181,49.613,181,225,478,559,7127.0,7161.2,34.2,0.867
1670,10.181,49.613,225,268,478,559,7128.0,7158.0,30.0,0.964
1670,10.181,49.613,268,311,478,559,7124.0,7156.0,32.0,0.578
1670,10.181,49.613,311,355,478,559,7132.0,7161.0,29.0,1.349
1670,10.181,49.613,355,399,478,559,7131.0,7162.0,31.0,1.253
1670,10.181,49.613,399,442,478,559,7124.0,7159.0,35.0,0.578
1670,10.181,49.613,442,485,478,559,7116.0,7143.0,27.0,-0.193
1745,10.181,49.613,0,39,525,615,7126.0,7154.0,28.0,-0.843
1745,10.181,49.613,39,86,525,615,7127.0,7157.0,30.0,-0.506
1745,10.181,49.613,86,133,525,615,7131.0,7158.0,27.0,0.843
1745,10.181,49.613,133,178,525,615,7128.0,7153.0,25.0,-0.169
1745,10.181,49.613,178,226,525,615,7133.0,7158.0,25.0,1.518
1745,10.181,49.613,226,279,525,615,7129.0,7159.0,30.0,0.169
1750,10.181,49.613,0,37,470,564,7132.0,7158.57,26.57,-0.674
1750,10.181,49.613,37,84,470,564,7132.0,7162.0,30.0,-0.674
1750,10.181,49.613,84,129,470,564,7134.0,7159.0,25.0,0.674
1750,10.181,49.613,129,176,470,564,7132.0,7156.0,24.0,-0.674
1750,10.181,49.613,176,224,470,564,7137.0,7162.0,25.0,2.698
1750,10.181,49.613,224,273,470,564,7135.0,7162.0,27.0,1.349
1755,10.181,49.613,4,52,0,77,7106.0,7124.0,18.0,-1.686
1755,10.181,49.613,52,99,0,77,7123.0,7145.0,22.0,-0.253
1755,10.181,49.613,99,145,0,77,7127.0,7147.0,20.0,0.084
1755,10.181,49.613,145,194,0,77,7115.0,7144.0,29.0,-0.927
1755,10.181,49.613,194,238,0,77,7108.5,7134.0,25.5,-1.475
1755,10.181,49.613,0,48,77,179,7123.0,7160.53,37.53,-0.253
1755,10.181,49.613,48,97,77,179,7126.0,7157.0,31.0,0.0
1755,10.181,49.613,97,145,77,179,7132.0,7164.0,32.0,0.506
1755,10.181,49.613,145,193,77,179,7132.0,7164.0,32.0,0.506
1755,10.181,49.613,193,246,77,179,7136.0,7175.0,39.0,0.843
1755,10.181,49.613,246,315,77,179,7055.0,7127.0,72.0,-5.986
1755,10.181,49.613,0,39,281,411,7131.0,7160.0,29.0,0.422
1755,10.181,49.613,39,85,281,411,7132.0,7167.0,35.0,0.506
1755,10.181,49.613,85,135,281,411,7122.0,7169.0,47.0,-0.337
1755,10.181,49.613,135,183,281,411,7117.0,7166.0,49.0,-0.759
1755,10.181,49.613,183,223,281,411,7126.0,7165.57,39.57,0.0
1755,10.181,49.613,223,287,281,411,7084.0,7150.0,66.0,-3.541
1755,10.181,49.613,287,346,281,411,7047.0,7119.52,72.52,-6.661
1755,10.181,49.613,0,35,411,511,7134.0,7161.0,27.0,0.674
1755,10.181,49.613,35,82,411,511,7133.0,7162.17,29.17,0.59
1755,10.181,49.613,82,128,411,511,7136.0,7162.0,26.0,0.843
1755,10.181,49.613,128,174,411,511,7134.0,7160.0,26.0,0.674
1755,10.181,49.613,174,221,411,511,7139.0,7165.0,26.0,1.096
1755,10.181,49.613,221,273,411,511,7134.0,7166.0,32.0,0.674
1755,10.181,49.613,273,312,411,511,7056.0,7166.54,110.54,-5.902
1760,10.181,49.613,0,41,0,113,7104.0,7142.0,38.0,-0.025
1760,10.181,49.613,41,91,0,113,7106.0,7143.0,37.0,0.025
1760,10.181,49.613,91,140,0,113,7115.0,7152.0,37.0,0.255
1760,10.181,49.613,140,189,0,113,7111.0,7147.0,36.0,0.153
1760,10.181,49.613,189,241,0,113,7111.0,7154.0,43.0,0.153
1760,10.181,49.613,241,293,0,113,7052.0,7120.42,68.42,-1.349
1760,10.181,49.613,286,331,113,199,7034.0,7078.71,44.71,-1.807
1760,10.181,49.613,27,78,350,468,7132.0,7164.0,32.0,0.687
1760,10.181,49.613,78,124,350,468,7138.0,7165.0,27.0,0.84
1760,10.181,49.613,124,170,350,468,7134.0,7159.0,25.0,0.738
1760,10.181,49.613,170,218,350,468,7138.0,7165.0,27.0,0.84
1760,10.181,49.613,218,266,350,468,7131.0,7164.0,33.0,0.662
1760,10.181,49.613,266,318,350,468,7048.0,7168.0,120.0,-1.451
1760,10.181,49.613,27,67,522,640,7092.0,7142.0,50.0,-0.331
1760,10.181,49.613,67,112,522,640,7101.0,7155.0,54.0,-0.102
1760,10.181,49.613,112,153,522,640,7106.0,7162.44,56.44,0.025
1760,10.181,49.613,153,190,522,640,7090.0,7153.0,63.0,-0.382
1760,10.181,49.613,190,249,522,640,7076.0,7146.0,70.0,-0.738
1760,10.181,49.613,249,300,522,640,7078.0,7144.0,66.0,-0.687
1760,10.181,49.613,300,347,522,640,7040.0,7096.0,56.0,-1.654
1770,10.181,49.613,26,73,117,217,7143.0,7175.0,32.0,0.95
1770,10.181,49.613,73,119,117,217,7147.0,7177.0,30.0,1.196
1770,10.181,49.613,119,164,117,217,7145.0,7180.0,35.0,1.073
1770,10.181,49.613,164,212,117,217,7143.0,7179.0,36.0,0.95
1770,10.181,49.613,212,266,117,217,7126.0,7165.0,39.0,-0.092
1770,10.181,49.613,22,69,217,317,7141.0,7170.0,29.0,0.828
1770,10.181,49.613,69,116,217,317,7145.0,7172.54,27.54,1.073
1770,10.181,49.613,116,163,217,317,7145.0,7171.0,26.0,1.073
1770,10.181,49.613,163,211,217,317,7149.0,7173.0,24.0,1.318
1770,10.181,49.613,211,262,217,317,7143.0,7175.0,32.0,0.95
1770,10.181,49.613,10,55,413,543,7119.0,7154.2,35.2,-0.521
1770,10.181,49.613,55,100,413,543,7123.0,7157.0,34.0,-0.276
1770,10.181,49.613,100,145,413,543,7124.0,7163.0,39.0,-0.215
1770,10.181,49.613,145,189,413,543,7124.0,7163.0,39.0,-0.215
1770,10.181,49.613,189,237,413,543,7114.0,7157.0,43.0,-0.828
1770,10.181,49.613,237,291,413,543,7111.0,7155.0,44.0,-1.012
1770,10.181,49.613,2,50,543,640,7123.0,7149.0,26.0,-0.276
1770,10.181,49.613,50,95,543,640,7123.0,7149.0,26.0,-0.276
1770,10.181,49.613,95,144,543,640,7124.0,7156.0,32.0,-0.215
1770,10.181,49.613,144,190,543,640,7127.0,7155.0,28.0,-0.031
1770,10.181,49.613,190,236,543,640,7132.0,7159.0,27.0,0.276
1770,10.181,49.613,236,286,543,640,7128.0,7159.0,31.0,0.031
1775,10.181,49.613,18,65,52,148,7138.0,7171.0,33.0,0.482
1775,10.181,49.613,65,112,52,148,7146.0,7179.66,33.66,1.253
1775,10.181,49.613,112,161,52,148,7141.0,7182.0,41.0,0.771
1775,10.181,49.613,161,206,52,148,7150.0,7185.0,35.0,1.638
1775,10.181,49.613,206,253,52,148,7142.0,7175.03,33.03,0.867
1775,10.181,49.613,14,62,148,250,7140.0,7170.0,30.0,0.674
1775,10.181,49.613,62,109,148,250,7144.0,7172.0,28.0,1.06
1775,10.181,49.613,109,157,148,250,7144.0,7170.0,26.0,1.06
1775,10.181,49.613,157,205,148,250,7152.0,7177.0,25.0,1.831
1775,10.181,49.613,205,256,148,250,7150.5,7178.0,27.5,1.686
1775,10.181,49.613,4,49,366,476,7126.0,7161.0,35.0,-0.674
1775,10.181,49.613,49,94,366,476,7128.0,7163.0,35.0,-0.482
1775,10.181,49.613,94,139,366,476,7130.0,7167.0,37.0,-0.289
1775,10.181,49.613,139,184,366,476,7127.0,7165.21,38.21,-0.578
1775,10.181,49.613,184,229,366,476,7121.0,7161.0,40.0,-1.156
1775,10.181,49.613,229,287,366,476,7113.0,7156.0,43.0,-1.927
1775,10.181,49.613,0,45,476,587,7129.0,7158.0,29.0,-0.385
1775,10.181,49.613,45,90,476,587,7128.0,7158.0,30.0,-0.482
1775,10.181,49.613,90,137,476,587,7128.0,7159.0,31.0,-0.482
1775,10.181,49.613,137,184,476,587,7130.0,7158.0,28.0,-0.289
1775,10.181,49.613,184,231,476,587,7136.0,7166.0,30.0,0.289
1775,10.181,49.613,231,279,476,587,7133.0,7164.0,31.0,0.0
1775,10.181,49.613,279,328,476,587,7067.0,7186.0,119.0,-6.359
1780,10.181,49.613,15,59,44,132,7138.0,7166.0,28.0,0.289
1780,10.181,49.613,59,106,44,132,7143.0,7174.0,31.0,0.771
1780,10.181,49.613,106,153,44,132,7144.0,7176.0,32.0,0.867
1780,10.181,49.613,153,201,44,132,7147.0,7179.0,32.0,1.156
1780,10.181,49.613,201,246,44,132,7146.0,7170.55,24.55,1.06
1780,10.181,49.613,6,56,132,227,7137.0,7168.0,31.0,0.193
1780,10.181,49.613,56,103,132,227,7144.0,7170.0,26.0,0.867
1780,10.181,49.613,103,152,132,227,7143.0,7170.0,27.0,0.771
1780,10.181,49.613,152,199,132,227,7152.0,7178.0,26.0,1.638
1780,10.181,49.613,199,251,132,227,7152.0,7179.0,27.0,1.638
1780,10.181,49.613,2,44,354,462,7128.0,7157.0,29.0,-0.674
1780,10.181,49.613,44,90,354,462,7129.0,7162.0,33.0,-0.578
1780,10.181,49.613,90,135,354,462,7131.0,7165.0,34.0,-0.385
1780,10.181,49.613,135,179,354,462,7130.0,7164.0,34.0,-0.482
1780,10.181,49.613,179,228,354,462,7121.0,7158.0,37.0,-1.349
1780,10.181,49.613,228,284,354,462,7116.0,7155.0,39.0,-1.831
1780,10.181,49.613,0,39,462,562,7131.0,7157.0,26.0,-0.385
1780,10.181,49.613,39,86,462,562,7128.0,7156.07,28.07,-0.674
1780,10.181,49.613,86,134,462,562,7128.0,7159.0,31.0,-0.674
1780,10.181,49.613,134,180,462,562,7132.0,7159.0,27.0,-0.289
1780,10.181,49.613,180,228,462,562,7136.0,7165.0,29.0,0.096
1780,10.181,49.613,228,275,462,562,7134.0,7164.0,30.0,-0.096
1785,10.181,49.613,13,61,44,140,7137.0,7166.0,29.0,0.18
1785,10.181,49.613,61,107,44,140,7146.0,7174.0,28.0,0.989
1785,10.181,49.613,107,154,44,140,7144.0,7177.0,33.0,0.809
1785,10.181,49.613,154,202,44,140,7144.0,7181.0,37.0,0.809
1785,10.181,49.613,202,247,44,140,7143.0,7172.0,29.0,0.719
1785,10.181,49.613,9,57,140,235,7138.0,7168.0,30.0,0.27
1785,10.181,49.613,57,105,140,235,7143.0,7170.0,27.0,0.719
1785,10.181,49.613,105,152,140,235,7145.0,7170.0,25.0,0.899
1785,10.181,49.613,152,202,140,235,7151.0,7177.0,26.0,1.439
1785,10.181,49.613,202,252,140,235,7152.0,7178.0,26.0,1.529
1785,10.181,49.613,0,45,360,470,7126.0,7158.0,32.0,-0.809
1785,10.181,49.613,45,90,360,470,7129.0,7162.0,33.0,-0.54
1785,10.181,49.613,90,136,360,470,7130.0,7165.0,35.0,-0.45
1785,10.181,49.613,136,181,360,470,7129.0,7164.0,35.0,-0.54
1785,10.181,49.613,181,226,360,470,7122.0,7159.0,37.0,-1.169
1785,10.181,49.613,226,279,360,470,7118.0,7156.0,38.0,-1.529
1785,10.181,49.613,0,41,470,582,7130.0,7156.0,26.0,-0.45
1785,10.181,49.613,41,87,470,582,7128.0,7156.52,28.52,-0.63
1785,10.181,49.613,87,135,470,582,7128.0,7158.0,30.0,-0.63
1785,10.181,49.613,135,181,470,582,7133.0,7159.0,26.0,-0.18
1785,10.181,49.613,181,229,470,582,7137.0,7164.42,27.42,0.18
1785,10.181,49.613,229,280,470,582,7132.0,7163.0,31.0,-0.27
1790,10.181,49.613,14,62,47,142,7134.0,7165.0,31.0,0.18
1790,10.181,49.613,62,108,47,142,7144.0,7173.0,29.0,1.079
1790,10.181,49.613,108,155,47,142,7143.0,7176.0,33.0,0.989
1790,10.181,49.613,155,203,47,142,7144.0,7179.0,35.0,1.079
1790,10.181,49.613,203,250,47,142,7141.0,7170.0,29.0,0.809
1790,10.181,49.613,10,57,142,245,7136.0,7165.0,29.0,0.36
1790,10.181,49.613,57,105,142,245,7141.0,7169.0,28.0,0.809
1790,10.181,49.613,105,153,142,245,7141.0,7167.0,26.0,0.809
1790,10.181,49.613,153,202,142,245,7148.0,7175.0,27.0,1.439
1790,10.181,49.613,202,253,142,245,7148.0,7176.0,28.0,1.439
1790,10.181,49.613,4,45,361,472,7125.0,7158.0,33.0,-0.63
1790,10.181,49.613,45,90,361,472,7127.0,7162.0,35.0,-0.45
1790,10.181,49.613,90,136,361,472,7127.0,7165.0,38.0,-0.45
1790,10.181,49.613,136,184,361,472,7124.0,7163.0,39.0,-0.719
1790,10.181,49.613,184,226,361,472,7124.0,7159.0,35.0,-0.719
1790,10.181,49.613,226,282,361,472,7114.0,7155.0,41.0,-1.619
1790,10.181,49.613,0,41,472,584,7127.0,7153.0,26.0,-0.45
1790,10.181,49.613,41,87,472,584,7126.0,7153.55,27.55,-0.54
1790,10.181,49.613,87,135,472,584,7127.0,7157.0,30.0,-0.45
1790,10.181,49.613,135,181,472,584,7130.0,7157.0,27.0,-0.18
1790,10.181,49.613,181,228,472,584,7134.0,7164.0,30.0,0.18
1790,10.181,49.613,228,280,472,584,7129.0,7162.0,33.0,-0.27
1795,10.181,49.613,20,73,51,147,7136.0,7169.0,33.0,0.45
1795,10.181,49.613,73,116,51,147,7149.0,7179.0,30.0,1.911
1795,10.181,49.613,116,163,51,147,7144.0,7178.0,34.0,1.349
1795,10.181,49.613,163,212,51,147,7146.0,7184.0,38.0,1.574
1795,10.181,49.613,212,264,51,147,7134.0,7172.0,38.0,0.225
1795,10.181,49.613,17,67,147,251,7139.0,7169.0,30.0,0.787
1795,10.181,49.613,67,114,147,251,7145.0,7171.0,26.0,1.461
1795,10.181,49.613,114,162,147,251,7143.0,7169.0,26.0,1.237
1795,10.181,49.613,162,211,147,251,7152.0,7175.0,23.0,2.248
1795,10.181,49.613,211,262,147,251,7150.0,7176.0,26.0,2.023
1795,10.181,49.613,8,53,347,475,7126.0,7159.0,33.0,-0.674
1795,10.181,49.613,53,99,347,475,7129.0,7163.0,34.0,-0.337
1795,10.181,49.613,99,145,347,475,7132.0,7167.0,35.0,0.0
1795,10.181,49.613,145,192,347,475,7128.0,7165.0,37.0,-0.45
1795,10.181,49.613,192,234,347,475,7124.0,7160.0,36.0,-0.899
1795,10.181,49.613,234,293,347,475,7111.0,7157.0,46.0,-2.361
1795,10.181,49.613,0,48,475,598,7128.0,7156.0,28.0,-0.45
1795,10.181,49.613,48,96,475,598,7127.0,7155.0,28.0,-0.562
1795,10.181,49.613,96,142,475,598,7129.0,7158.0,29.0,-0.337
1795,10.181,49.613,142,190,475,598,7131.0,7159.0,28.0,-0.112
1795,10.181,49.613,190,237,475,598,7136.0,7165.0,29.0,0.45
1795,10.181,49.613,237,288,475,598,7131.0,7163.0,32.0,-0.112
1795,10.181,49.613,288,344,475,598,7065.0,7205.44,140.44,-7.532
1800,10.181,49.613,5,45,58,149,7134.0,7164.0,30.0,-0.169
1800,10.181,49.613,45,98,58,149,7143.0,7177.0,34.0,0.699
1800,10.181,49.613,98,140,58,149,7153.0,7183.0,30.0,1.662
1800,10.181,49.613,140,188,58,149,7147.0,7183.0,36.0,1.084
1800,10.181,49.613,188,237,58,149,7150.0,7187.0,37.0,1.373
1800,10.181,49.613,237,287,58,149,7137.5,7172.0,34.5,0.169
1800,10.181,49.613,0,44,149,244,7141.0,7170.0,29.0,0.506
1800,10.181,49.613,44,91,149,244,7143.0,7173.0,30.0,0.699
1800,10.181,49.613,91,139,149,244,7146.0,7174.0,28.0,0.988
1800,10.181,49.613,139,188,149,244,7144.0,7171.0,27.0,0.795
1800,10.181,49.613,188,236,149,244,7153.0,7176.0,23.0,1.662
1800,10.181,49.613,236,287,149,244,7151.0,7178.0,27.0,1.469
1800,10.181,49.613,32,78,367,478,7127.0,7161.0,34.0,-0.843
1800,10.181,49.613,78,124,367,478,7132.0,7166.0,34.0,-0.361
1800,10.181,49.613,124,169,367,478,7133.0,7169.0,36.0,-0.265
1800,10.181,49.613,169,215,367,478,7131.0,7167.0,36.0,-0.458
1800,10.181,49.613,215,259,367,478,7124.0,7162.0,38.0,-1.132
1800,10.181,49.613,259,313,367,478,7118.0,7157.04,39.04,-1.71
1800,10.181,49.613,26,73,478,579,7132.0,7160.96,28.96,-0.361
1800,10.181,49.613,73,121,478,579,7129.0,7159.0,30.0,-0.65
1800,10.181,49.613,121,167,478,579,7131.0,7162.0,31.0,-0.458
1800,10.181,49.613,167,215,478,579,7133.0,7162.0,29.0,-0.265
1800,10.181,49.613,215,262,478,579,7138.0,7168.0,30.0,0.217
1800,10.181,49.613,262,319,478,579,7132.0,7168.0,36.0,-0.361
1805,10.181,49.613,2,38,52,149,7133.0,7162.63,29.63,-0.04
1805,10.181,49.613,38,82,52,149,7141.0,7170.0,29.0,0.595
1805,10.181,49.613,82,129,52,149,7150.0,7180.0,30.0,1.309
1805,10.181,49.613,129,176,52,149,7150.0,7183.0,33.0,1.309
1805,10.181,49.613,176,223,52,149,7152.0,7188.0,36.0,1.468
1805,10.181,49.613,223,268,52,149,7149.0,7186.0,37.0,1.23
1805,10.181,49.613,268,314,52,149,7134.0,7168.0,34.0,0.04
1805,10.181,49.613,28,78,149,252,7143.0,7173.0,30.0,0.754
1805,10.181,49.613,78,126,149,252,7146.0,7175.0,29.0,0.992
1805,10.181,49.613,126,174,149,252,7147.0,7175.0,28.0,1.071
1805,10.181,49.613,174,222,149,252,7146.0,7171.0,25.0,0.992
1805,10.181,49.613,222,270,149,252,7153.0,7177.0,24.0,1.547
1805,10.181,49.613,270,320,149,252,7148.0,7177.0,29.0,1.151
1805,10.181,49.613,19,65,350,478,7119.0,7152.0,33.0,-1.151
1805,10.181,49.613,65,111,350,478,7127.0,7163.0,36.0,-0.516
1805,10.181,49.613,111,156,350,478,7132.0,7168.0,36.0,-0.119
1805,10.181,49.613,156,202,350,478,7133.0,7168.0,35.0,-0.04
1805,10.181,49.613,202,248,350,478,7128.0,7168.0,40.0,-0.436
1805,10.181,49.613,248,294,350,478,7121.0,7159.0,38.0,-0.992
1805,10.181,49.613,294,347,350,478,7113.0,7158.0,45.0,-1.627
1805,10.181,49.613,347,389,350,478,7061.0,7123.0,62.0,-5.753
1805,10.181,49.613,14,61,478,590,7128.0,7156.0,28.0,-0.436
1805,10.181,49.613,61,108,478,590,7133.0,7163.0,30.0,-0.04
1805,10.181,49.613,108,155,478,590,7132.0,7161.0,29.0,-0.119
1805,10.181,49.613,155,202,478,590,7131.0,7161.0,30.0,-0.198
1805,10.181,49.613,202,248,478,590,7134.0,7163.0,29.0,0.04
1805,10.181,49.613,248,296,478,590,7137.0,7166.0,29.0,0.278
1805,10.181,49.613,296,349,478,590,7130.0,7164.43,34.43,-0.278
1810,10.181,49.613,21,71,35,149,7137.0,7171.0,34.0,-0.315
1810,10.181,49.613,71,115,35,149,7147.0,7178.0,31.0,0.585
1810,10.181,49.613,115,161,35,149,7153.0,7184.0,31.0,1.124
1810,10.181,49.613,161,209,35,149,7152.0,7190.0,38.0,1.034
1810,10.181,49.613,209,255,35,149,7151.0,7189.0,38.0,0.944
1810,10.181,49.613,255,302,35,149,7145.0,7183.0,38.0,0.405
1810,10.181,49.613,302,350,35,149,7128.0,7169.0,41.0,-1.124
1810,10.181,49.613,350,429,35,149,7057.0,7142.0,85.0,-7.509
1810,10.181,49.613,16,64,149,256,7143.5,7173.0,29.5,0.27
1810,10.181,49.613,64,111,149,256,7148.0,7178.0,30.0,0.674
1810,10.181,49.613,111,160,149,256,7148.0,7179.0,31.0,0.674
1810,10.181,49.613,160,208,149,256,7151.0,7178.0,27.0,0.944
1810,10.181,49.613,208,256,149,256,7148.0,7173.0,25.0,0.674
1810,10.181,49.613,256,305,149,256,7154.0,7178.0,24.0,1.214
1810,10.181,49.613,305,362,149,256,7142.0,7178.0,36.0,0.135
1810,10.181,49.613,0,48,477,600,7121.0,7157.0,36.0,-1.754
1810,10.181,49.613,48,94,477,600,7132.0,7160.0,28.0,-0.764
1810,10.181,49.613,94,141,477,600,7137.0,7165.0,28.0,-0.315
1810,10.181,49.613,141,188,477,600,7134.0,7163.0,29.0,-0.585
1810,10.181,49.613,188,234,477,600,7134.0,7164.0,30.0,-0.585
1810,10.181,49.613,234,282,477,600,7134.0,7162.0,28.0,-0.585
1810,10.181,49.613,282,328,477,600,7139.0,7167.0,28.0,-0.135
1810,10.181,49.613,328,380,477,600,7128.0,7163.0,35.0,-1.124
1810,10.181,49.613,380,416,477,600,7053.0,7185.0,132.0,-7.869
1840,10.181,49.613,0,37,146,220,7142.0,7176.0,34.0,0.0
1840,10.181,49.613,37,84,146,220,7144.0,7178.0,34.0,0.169
1840,10.181,49.613,84,134,146,220,7146.0,7176.0,30.0,0.337
1840,10.181,49.613,134,181,146,220,7158.0,7193.0,35.0,1.349
1840,10.181,49.613,181,230,146,220,7156.0,7185.77,29.77,1.18
1840,10.181,49.613,230,278,146,220,7156.0,7186.0,30.0,1.18
1840,10.181,49.613,278,326,146,220,7161.0,7189.0,28.0,1.602
1840,10.181,49.613,326,374,146,220,7159.0,7187.0,28.0,1.433
1840,10.181,49.613,374,422,146,220,7154.0,7183.91,29.91,1.012
1840,10.181,49.613,422,471,146,220,7153.0,7181.27,28.27,0.927
1840,10.181,49.613,471,512,146,220,7151.0,7177.0,26.0,0.759
1840,10.181,49.613,14,64,476,560,7134.0,7170.0,36.0,-0.674
1840,10.181,49.613,64,111,476,560,7137.0,7166.0,29.0,-0.422
1840,10.181,49.613,111,160,476,560,7138.0,7169.0,31.0,-0.337
1840,10.181,49.613,160,206,476,560,7136.0,7168.0,32.0,-0.506
1840,10.181,49.613,206,254,476,560,7138.0,7170.0,32.0,-0.337
1840,10.181,49.613,254,301,476,560,7135.0,7172.0,37.0,-0.59
1840,10.181,49.613,301,348,476,560,7141.0,7169.0,28.0,-0.084
1840,10.181,49.613,348,394,476,560,7142.0,7170.0,28.0,0.0
1840,10.181,49.613,394,442,476,560,7134.0,7163.0,29.0,-0.674
1840,10.181,49.613,442,489,476,560,7130.0,7159.0,29.0,-1.012
1845,10.181,49.613,2,48,33,145,7129.0,7159.0,30.0,-0.824
1845,10.181,49.613,48,96,33,145,7148.0,7182.0,34.0,0.6
1845,10.181,49.613,96,142,33,145,7150.0,7183.0,33.0,0.749
1845,10.181,49.613,142,190,33,145,7163.0,7253.0,90.0,1.724
1845,10.181,49.613,190,236,33,145,7153.5,7185.0,31.5,1.012
1845,10.181,49.613,236,282,33,145,7155.0,7193.0,38.0,1.124
1845,10.181,49.613,282,330,33,145,7143.0,7179.0,36.0,0.225
1845,10.181,49.613,330,377,33,145,7149.0,7190.0,41.0,0.674
1845,10.181,49.613,377,450,33,145,7138.0,7189.4,51.4,-0.15
1845,10.181,49.613,450,493,33,145,7135.0,7191.0,56.0,-0.375
1845,10.181,49.613,0,42,145,218,7134.0,7164.0,30.0,-0.45
1845,10.181,49.613,42,90,145,218,7146.0,7182.0,36.0,0.45
1845,10.181,49.613,90,140,145,218,7150.0,7184.0,34.0,0.749
1845,10.181,49.613,140,187,145,218,7151.0,7179.54,28.54,0.824
1845,10.181,49.613,187,236,145,218,7164.0,7196.0,32.0,1.799
1845,10.181,49.613,236,284,145,218,7160.0,7188.0,28.0,1.499
1845,10.181,49.613,284,332,145,218,7154.0,7187.0,33.0,1.049
1845,10.181,49.613,332,380,145,218,7161.0,7190.0,29.0,1.574
1845,10.181,49.613,380,428,145,218,7159.0,7187.0,28.0,1.424
1845,10.181,49.613,428,477,145,218,7157.0,7186.0,29.0,1.274
1845,10.181,49.613,477,512,145,218,7158.0,7185.0,27.0,1.349
1845,10.181,49.613,29,77,358,475,7124.0,7161.0,37.0,-1.199
1845,10.181,49.613,77,121,358,475,7137.0,7172.0,35.0,-0.225
1845,10.181,49.613,121,166,358,475,7132.0,7171.0,39.0,-0.6
1845,10.181,49.613,166,213,358,475,7126.0,7165.0,39.0,-1.049
1845,10.181,49.613,213,260,358,475,7127.0,7159.0,32.0,-0.974
1845,10.181,49.613,260,305,358,475,7131.0,7162.0,31.0,-0.674
1845,10.181,49.613,305,351,358,475,7127.0,7166.0,39.0,-0.974
1845,10.181,49.613,351,397,358,475,7127.0,7164.0,37.0,-0.974
1845,10.181,49.613,397,434,358,475,7131.0,7171.0,40.0,-0.674
1845,10.181,49.613,434,491,358,475,7120.0,7170.0,50.0,-1.499
1845,10.181,49.613,23,70,475,559,7136.0,7164.0,28.0,-0.3
1845,10.181,49.613,70,117,475,559,7140.0,7175.0,35.0,0.0
1845,10.181,49.613,117,166,475,559,7141.0,7170.91,29.91,0.075
1845,10.181,49.613,166,212,475,559,7142.0,7172.0,30.0,0.15
1845,10.181,49.613,212,259,475,559,7138.0,7171.0,33.0,-0.15
1845,10.181,49.613,259,307,475,559,7141.0,7171.0,30.0,0.075
1845,10.181,49.613,307,354,475,559,7136.0,7174.0,38.0,-0.3
1845,10.181,49.613,354,400,475,559,7140.0,7168.0,28.0,0.0
1845,10.181,49.613,400,448,475,559,7139.0,7169.0,30.0,-0.075
1845,10.181,49.613,448,495,475,559,7134.0,7163.0,29.0,-0.45
1850,10.181,49.613,6,59,35,142,7129.0,7165.49,36.49,-0.809
1850,10.181,49.613,59,104,35,142,7145.0,7173.0,28.0,0.27
1850,10.181,49.613,104,151,35,142,7156.0,7190.0,34.0,1.012
1850,10.181,49.613,151,198,35,142,7154.0,7188.0,34.0,0.877
1850,10.181,49.613,198,244,35,142,7171.0,7258.0,87.0,2.023
1850,10.181,49.613,244,290,35,142,7153.0,7183.0,30.0,0.809
1850,10.181,49.613,290,336,35,142,7153.0,7193.13,40.13,0.809
1850,10.181,49.613,336,387,35,142,7142.0,7181.0,39.0,0.067
1850,10.181,49.613,387,440,35,142,7144.0,7190.0,46.0,0.202
1850,10.181,49.613,440,503,35,142,7138.0,7190.0,52.0,-0.202
1850,10.181,49.613,3,52,142,216,7133.0,7171.0,38.0,-0.54
1850,10.181,49.613,52,98,142,216,7141.0,7173.0,32.0,0.0
1850,10.181,49.613,98,148,142,216,7151.0,7187.0,36.0,0.674
1850,10.181,49.613,148,195,142,216,7156.0,7189.0,33.0,1.012
1850,10.181,49.613,195,244,142,216,7157.0,7184.0,27.0,1.079
1850,10.181,49.613,244,292,142,216,7166.0,7199.0,33.0,1.686
1850,10.181,49.613,292,340,142,216,7159.0,7188.0,29.0,1.214
1850,10.181,49.613,340,388,142,216,7154.0,7188.0,34.0,0.877
1850,10.181,49.613,388,437,142,216,7161.0,7190.5,29.5,1.349
1850,10.181,49.613,437,485,142,216,7162.0,7191.0,29.0,1.416
1850,10.181,49.613,0,36,358,472,7133.0,7166.0,33.0,-0.54
1850,10.181,49.613,36,83,358,472,7124.0,7161.0,37.0,-1.147
1850,10.181,49.613,83,129,358,472,7132.0,7166.39,34.39,-0.607
1850,10.181,49.613,129,174,358,472,7139.0,7176.0,37.0,-0.135
1850,10.181,49.613,174,221,358,472,7136.0,7174.0,38.0,-0.337
1850,10.181,49.613,221,266,358,472,7132.0,7168.0,36.0,-0.607
1850,10.181,49.613,266,312,358,472,7129.0,7161.0,32.0,-0.809
1850,10.181,49.613,312,359,358,472,7131.0,7163.0,32.0,-0.674
1850,10.181,49.613,359,406,358,472,7127.0,7165.0,38.0,-0.944
1850,10.181,49.613,406,476,358,472,7125.0,7168.0,43.0,-1.079
1850,10.181,49.613,476,512,358,472,7113.0,7165.0,52.0,-1.889
1850,10.181,49.613,32,79,472,556,7131.0,7162.0,31.0,-0.674
1850,10.181,49.613,79,125,472,556,7141.0,7169.28,28.28,0.0
1850,10.181,49.613,125,173,472,556,7145.0,7179.0,34.0,0.27
1850,10.181,49.613,173,220,472,556,7146.0,7175.0,29.0,0.337
1850,10.181,49.613,220,268,472,556,7144.0,7175.71,31.71,0.202
1850,10.181,49.613,268,315,472,556,7140.0,7173.0,33.0,-0.067
1850,10.181,49.613,315,362,472,556,7141.0,7170.83,29.83,0.0
1850,10.181,49.613,362,409,472,556,7136.0,7173.0,37.0,-0.337
1850,10.181,49.613,409,456,472,556,7139.0,7166.0,27.0,-0.135
1850,10.181,49.613,456,504,472,556,7139.0,7168.0,29.0,-0.135
1855,10.181,49.613,10,59,35,140,7140.0,7171.0,31.0,-0.15
1855,10.181,49.613,59,107,35,140,7142.0,7174.0,32.0,0.0
1855,10.181,49.613,107,154,35,140,7148.0,7179.0,31.0,0.45
1855,10.181,49.613,154,202,35,140,7159.0,7195.0,36.0,1.274
1855,10.181,49.613,202,249,35,140,7156.0,7190.0,34.0,1.049
1855,10.181,49.613,249,296,35,140,7166.0,7256.0,90.0,1.799
1855,10.181,49.613,296,342,35,140,7151.0,7184.0,33.0,0.674
1855,10.181,49.613,342,392,35,140,7149.0,7195.0,46.0,0.525
1855,10.181,49.613,392,436,35,140,7146.0,7182.0,36.0,0.3
1855,10.181,49.613,436,490,35,140,7143.0,7194.0,51.0,0.075
1855,10.181,49.613,7,53,140,214,7142.0,7173.0,31.0,0.0
1855,10.181,49.613,53,103,140,214,7139.0,7175.0,36.0,-0.225
1855,10.181,49.613,103,153,140,214,7146.0,7178.0,32.0,0.3
1855,10.181,49.613,153,200,140,214,7156.0,7191.0,35.0,1.049
1855,10.181,49.613,200,249,140,214,7161.0,7193.0,32.0,1.424
1855,10.181,49.613,249,297,140,214,7157.0,7185.0,28.0,1.124
1855,10.181,49.613,297,345,140,214,7165.0,7200.0,35.0,1.724
1855,10.181,49.613,345,393,140,214,7158.0,7189.32,31.32,1.199
1855,10.181,49.613,393,442,140,214,7153.5,7185.0,31.5,0.862
1855,10.181,49.613,442,490,140,214,7164.0,7193.0,29.0,1.649
1855,10.181,49.613,0,40,362,470,7134.0,7162.0,28.0,-0.6
1855,10.181,49.613,40,87,362,470,7131.0,7168.0,37.0,-0.824
1855,10.181,49.613,87,132,362,470,7130.0,7165.0,35.0,-0.899
1855,10.181,49.613,132,177,362,470,7133.0,7171.0,38.0,-0.674
1855,10.181,49.613,177,226,362,470,7139.0,7178.0,39.0,-0.225
1855,10.181,49.613,226,273,362,470,7136.5,7175.0,38.5,-0.412
1855,10.181,49.613,273,318,362,470,7133.0,7167.55,34.55,-0.674
1855,10.181,49.613,318,364,362,470,7131.0,7160.93,29.93,-0.824
1855,10.181,49.613,364,411,362,470,7131.0,7161.0,30.0,-0.824
1855,10.181,49.613,411,459,362,470,7124.0,7164.0,40.0,-1.349
1855,10.181,49.613,459,501,362,470,7131.0,7163.0,32.0,-0.824
1855,10.181,49.613,0,36,470,554,7133.0,7163.0,30.0,-0.674
1855,10.181,49.613,36,81,470,554,7142.0,7173.0,31.0,0.0
1855,10.181,49.613,81,130,470,554,7133.0,7166.0,33.0,-0.674
1855,10.181,49.613,130,177,470,554,7144.0,7173.0,29.0,0.15
1855,10.181,49.613,177,225,470,554,7147.0,7181.0,34.0,0.375
1855,10.181,49.613,225,272,470,554,7147.0,7176.0,29.0,0.375
1855,10.181,49.613,272,320,470,554,7144.0,7176.0,32.0,0.15
1855,10.181,49.613,320,367,470,554,7139.0,7170.0,31.0,-0.225
1855,10.181,49.613,367,414,470,554,7139.0,7169.0,30.0,-0.225
1855,10.181,49.613,414,461,470,554,7132.0,7169.2,37.2,-0.749
1855,10.181,49.613,461,509,470,554,7138.0,7165.0,27.0,-0.3
1860,10.181,49.613,16,68,45,139,7139.0,7175.0,36.0,-0.379
1860,10.181,49.613,68,115,45,139,7151.0,7182.0,31.0,0.632
1860,10.181,49.613,115,164,45,139,7143.0,7179.0,36.0,-0.042
1860,10.181,49.613,164,210,45,139,7152.0,7184.0,32.0,0.717
1860,10.181,49.613,210,258,45,139,7159.0,7195.0,36.0,1.307
1860,10.181,49.613,258,305,45,139,7152.0,7185.0,33.0,0.717
1860,10.181,49.613,305,353,45,139,7163.0,7251.0,88.0,1.644
1860,10.181,49.613,353,398,45,139,7149.0,7182.0,33.0,0.464
1860,10.181,49.613,398,447,45,139,7149.0,7195.0,46.0,0.464
1860,10.181,49.613,447,494,45,139,7146.0,7182.0,36.0,0.211
1860,10.181,49.613,16,62,139,208,7144.0,7177.81,33.81,0.042
1860,10.181,49.613,62,110,139,208,7148.0,7179.0,31.0,0.379
1860,10.181,49.613,110,161,139,208,7143.0,7178.0,35.0,-0.042
1860,10.181,49.613,161,209,139,208,7149.0,7179.0,30.0,0.464
1860,10.181,49.613,209,258,139,208,7161.0,7193.0,32.0,1.475
1860,10.181,49.613,258,306,139,208,7161.0,7191.0,30.0,1.475
1860,10.181,49.613,306,354,139,208,7155.0,7183.0,28.0,0.97
1860,10.181,49.613,354,403,139,208,7163.0,7198.0,35.0,1.644
1860,10.181,49.613,403,451,139,208,7157.0,7187.0,30.0,1.138
1860,10.181,49.613,451,500,139,208,7157.0,7188.0,31.0,1.138
1860,10.181,49.613,5,45,359,470,7131.0,7164.0,33.0,-1.054
1860,10.181,49.613,45,89,359,470,7131.0,7163.0,32.0,-1.054
1860,10.181,49.613,89,137,359,470,7130.0,7171.0,41.0,-1.138
1860,10.181,49.613,137,184,359,470,7129.0,7166.0,37.0,-1.223
1860,10.181,49.613,184,229,359,470,7132.0,7171.0,39.0,-0.97
1860,10.181,49.613,229,278,359,470,7137.0,7178.0,41.0,-0.548
1860,10.181,49.613,278,323,359,470,7137.0,7174.0,37.0,-0.548
1860,10.181,49.613,323,369,359,470,7131.0,7166.0,35.0,-1.054
1860,10.181,49.613,369,415,359,470,7130.0,7158.0,28.0,-1.138
1860,10.181,49.613,415,460,359,470,7129.0,7161.0,32.0,-1.223
1860,10.181,49.613,460,509,359,470,7123.0,7163.0,40.0,-1.728
1860,10.181,49.613,0,41,470,551,7133.0,7163.0,30.0,-0.885
1860,10.181,49.613,41,88,470,551,7137.0,7167.46,30.46,-0.548
1860,10.181,49.613,88,133,470,551,7146.0,7176.0,30.0,0.211
1860,10.181,49.613,133,182,470,551,7136.0,7168.0,32.0,-0.632
1860,10.181,49.613,182,230,470,551,7146.0,7173.0,27.0,0.211
1860,10.181,49.613,230,277,470,551,7149.0,7182.0,33.0,0.464
1860,10.181,49.613,277,324,470,551,7147.0,7176.0,29.0,0.295
1860,10.181,49.613,324,372,470,551,7143.0,7173.0,30.0,-0.042
1860,10.181,49.613,372,419,470,551,7136.0,7168.0,32.0,-0.632
1860,10.181,49.613,419,466,470,551,7136.0,7165.0,29.0,-0.632
1860,10.181,49.613,466,512,470,551,7132.0,7169.0,37.0,-0.97
1865,10.181,49.613,21,71,47,139,7139.0,7170.0,31.0,-0.436
1865,10.181,49.613,71,120,47,139,7151.0,7184.0,33.0,0.516
1865,10.181,49.613,120,167,47,139,7153.0,7184.0,31.0,0.674
1865,10.181,49.613,167,215,47,139,7149.0,7186.96,37.96,0.357
1865,10.181,49.613,215,263,47,139,7149.0,7182.0,33.0,0.357
1865,10.181,49.613,263,309,47,139,7158.0,7191.0,33.0,1.071
1865,10.181,49.613,309,356,47,139,7151.0,7184.51,33.51,0.516
1865,10.181,49.613,356,404,47,139,7160.0,7251.0,91.0,1.23
1865,10.181,49.613,404,451,47,139,7149.0,7182.0,33.0,0.357
1865,10.181,49.613,451,499,47,139,7151.0,7195.0,44.0,0.516
1865,10.181,49.613,20,68,139,209,7144.0,7178.0,34.0,-0.04
1865,10.181,49.613,68,115,139,209,7149.0,7180.0,31.0,0.357
1865,10.181,49.613,115,163,139,209,7151.0,7182.0,31.0,0.516
1865,10.181,49.613,163,214,139,209,7145.0,7181.0,36.0,0.04
1865,10.181,49.613,214,262,139,209,7152.0,7179.0,27.0,0.595
1865,10.181,49.613,262,311,139,209,7158.0,7192.0,34.0,1.071
1865,10.181,49.613,311,359,139,209,7157.0,7190.0,33.0,0.992
1865,10.181,49.613,359,407,139,209,7153.0,7182.0,29.0,0.674
1865,10.181,49.613,407,456,139,209,7161.0,7196.0,35.0,1.309
1865,10.181,49.613,456,505,139,209,7158.0,7188.0,30.0,1.071
1865,10.181,49.613,4,50,361,471,7124.0,7166.0,42.0,-1.627
1865,10.181,49.613,50,96,361,471,7128.0,7165.0,37.0,-1.309
1865,10.181,49.613,96,141,361,471,7132.0,7166.0,34.0,-0.992
1865,10.181,49.613,141,187,361,471,7133.0,7173.0,40.0,-0.913
1865,10.181,49.613,187,236,361,471,7128.0,7168.0,40.0,-1.309
1865,10.181,49.613,236,282,361,471,7133.0,7171.57,38.57,-0.913
1865,10.181,49.613,282,328,361,471,7139.0,7177.14,38.14,-0.436
1865,10.181,49.613,328,374,361,471,7136.0,7173.0,37.0,-0.674
1865,10.181,49.613,374,418,361,471,7130.0,7164.0,34.0,-1.151
1865,10.181,49.613,418,466,361,471,7126.0,7156.0,30.0,-1.468
1865,10.181,49.613,466,509,361,471,7131.0,7158.0,27.0,-1.071
1865,10.181,49.613,0,45,471,551,7134.0,7166.0,32.0,-0.833
1865,10.181,49.613,45,93,471,551,7134.0,7168.0,34.0,-0.833
1865,10.181,49.613,93,137,471,551,7139.0,7167.0,28.0,-0.436
1865,10.181,49.613,137,185,471,551,7146.0,7177.0,31.0,0.119
1865,10.181,49.613,185,234,471,551,7136.0,7170.0,34.0,-0.674
1865,10.181,49.613,234,282,471,551,7146.0,7174.0,28.0,0.119
1865,10.181,49.613,282,329,471,551,7148.0,7181.0,33.0,0.278
1865,10.181,49.613,329,376,471,551,7144.0,7171.0,27.0,-0.04
1865,10.181,49.613,376,423,471,551,7140.0,7170.0,30.0,-0.357
1865,10.181,49.613,423,471,471,551,7132.0,7163.0,31.0,-0.992
1865,10.181,49.613,471,512,471,551,7134.0,7163.0,29.0,-0.833
1870,10.181,49.613,26,70,48,144,7141.0,7172.0,31.0,-0.506
1870,10.181,49.613,70,123,48,144,7149.0,7184.0,35.0,0.169
1870,10.181,49.613,123,169,48,144,7158.0,7192.0,34.0,0.927
1870,10.181,49.613,169,215,48,144,7163.0,7196.0,33.0,1.349
1870,10.181,49.613,215,264,48,144,7153.0,7190.0,37.0,0.506
1870,10.181,49.613,264,310,48,144,7153.0,7184.0,31.0,0.506
1870,10.181,49.613,310,358,48,144,7156.0,7193.0,37.0,0.759
1870,10.181,49.613,358,405,48,144,7152.0,7184.0,32.0,0.422
1870,10.181,49.613,405,455,48,144,7163.0,7252.48,89.48,1.349
1870,10.181,49.613,455,500,48,144,7154.0,7187.0,33.0,0.59
1870,10.181,49.613,21,70,144,215,7147.0,7177.0,30.0,0.0
1870,10.181,49.613,70,116,144,215,7152.0,7185.0,33.0,0.422
1870,10.181,49.613,116,165,144,215,7153.0,7185.0,32.0,0.506
1870,10.181,49.613,165,214,144,215,7156.0,7185.0,29.0,0.759
1870,10.181,49.613,214,264,144,215,7150.0,7184.0,34.0,0.253
1870,10.181,49.613,264,312,144,215,7152.0,7184.0,32.0,0.422
1870,10.181,49.613,312,361,144,215,7157.0,7193.0,36.0,0.843
1870,10.181,49.613,361,409,144,215,7157.0,7191.0,34.0,0.843
1870,10.181,49.613,409,457,144,215,7154.0,7183.0,29.0,0.59
1870,10.181,49.613,457,508,144,215,7163.0,7197.91,34.91,1.349
1870,10.181,49.613,5,56,365,476,7126.0,7165.0,39.0,-1.771
1870,10.181,49.613,56,98,365,476,7132.0,7171.0,39.0,-1.265
1870,10.181,49.613,98,143,365,476,7132.0,7171.0,39.0,-1.265
1870,10.181,49.613,143,191,365,476,7133.0,7168.0,35.0,-1.18
1870,10.181,49.613,191,235,365,476,7139.0,7176.0,37.0,-0.674
1870,10.181,49.613,235,283,365,476,7131.0,7169.0,38.0,-1.349
1870,10.181,49.613,283,318,365,476,7134.0,7173.0,39.0,-1.096
1870,10.181,49.613,318,374,365,476,7133.0,7177.0,44.0,-1.18
1870,10.181,49.613,374,424,365,476,7132.0,7174.0,42.0,-1.265
1870,10.181,49.613,424,468,365,476,7128.0,7166.0,38.0,-1.602
1870,10.181,49.613,468,512,365,476,7130.0,7156.43,26.43,-1.433
1870,10.181,49.613,0,47,476,556,7139.0,7171.0,32.0,-0.674
1870,10.181,49.613,47,95,476,556,7137.0,7172.0,35.0,-0.843
1870,10.181,49.613,95,141,476,556,7139.0,7171.0,32.0,-0.674
1870,10.181,49.613,141,187,476,556,7142.0,7171.0,29.0,-0.422
1870,10.181,49.613,187,235,476,556,7148.0,7179.0,31.0,0.084
1870,10.181,49.613,235,283,476,556,7140.0,7171.0,31.0,-0.59
1870,10.181,49.613,283,330,476,556,7147.0,7175.0,28.0,0.0
1870,10.181,49.613,330,378,476,556,7147.0,7179.0,32.0,0.0
1870,10.181,49.613,378,425,476,556,7143.0,7170.0,27.0,-0.337
1870,10.181,49.613,425,472,476,556,7139.0,7168.0,29.0,-0.674
1870,10.181,49.613,472,512,476,556,7132.0,7163.0,31.0,-1.265
1875,10.181,49.613,23,70,59,153,7143.0,7178.0,35.0,-0.096
1875,10.181,49.613,70,120,59,153,7146.0,7180.0,34.0,0.193
1875,10.181,49.613,120,166,59,153,7155.0,7188.0,33.0,1.06
1875,10.181,49.613,166,212,59,153,7163.0,7199.0,36.0,1.831
1875,10.181,49.613,212,257,59,153,7166.0,7197.0,31.0,2.12
1875,10.181,49.613,257,307,59,153,7148.0,7186.0,38.0,0.385
1875,10.181,49.613,307,355,59,153,7148.0,7180.0,32.0,0.385
1875,10.181,49.613,355,401,59,153,7159.0,7191.0,32.0,1.445
1875,10.181,49.613,401,448,59,153,7151.0,7189.0,38.0,0.674
1875,10.181,49.613,448,497,59,153,7166.0,7253.0,87.0,2.12
1875,10.181,49.613,19,65,153,225,7149.0,7176.0,27.0,0.482
1875,10.181,49.613,65,115,153,225,7150.0,7181.09,31.09,0.578
1875,10.181,49.613,115,163,153,225,7153.0,7188.0,35.0,0.867
1875,10.181,49.613,163,211,153,225,7155.0,7185.0,30.0,1.06
1875,10.181,49.613,211,259,153,225,7155.0,7185.0,30.0,1.06
1875,10.181,49.613,259,309,153,225,7148.0,7184.0,36.0,0.385
1875,10.181,49.613,309,358,153,225,7149.0,7179.0,30.0,0.482
1875,10.181,49.613,358,406,153,225,7157.0,7190.0,33.0,1.253
1875,10.181,49.613,406,454,153,225,7156.0,7189.0,33.0,1.156
1875,10.181,49.613,454,503,153,225,7153.0,7183.0,30.0,0.867
1875,10.181,49.613,3,50,373,481,7124.0,7156.0,32.0,-1.927
1875,10.181,49.613,50,96,373,481,7133.0,7170.0,37.0,-1.06
1875,10.181,49.613,96,141,373,481,7133.0,7174.0,41.0,-1.06
1875,10.181,49.613,141,188,373,481,7133.0,7171.0,38.0,-1.06
1875,10.181,49.613,188,232,373,481,7139.0,7171.0,32.0,-0.482
1875,10.181,49.613,232,281,373,481,7135.0,7176.0,41.0,-0.867
1875,10.181,49.613,281,328,373,481,7133.0,7171.0,38.0,-1.06
1875,10.181,49.613,328,373,373,481,7136.0,7173.0,37.0,-0.771
1875,10.181,49.613,373,415,373,481,7144.0,7179.0,35.0,0.0
1875,10.181,49.613,415,464,373,481,7132.0,7173.0,41.0,-1.156
1875,10.181,49.613,464,506,373,481,7129.0,7165.0,36.0,-1.445
1875,10.181,49.613,0,41,481,565,7139.0,7171.0,32.0,-0.482
1875,10.181,49.613,41,91,481,565,7140.0,7175.0,35.0,-0.385
1875,10.181,49.613,91,139,481,565,7138.0,7172.0,34.0,-0.578
1875,10.181,49.613,139,185,481,565,7139.0,7173.0,34.0,-0.482
1875,10.181,49.613,185,233,481,565,7141.0,7172.0,31.0,-0.289
1875,10.181,49.613,233,280,481,565,7147.0,7179.0,32.0,0.289
1875,10.181,49.613,280,328,481,565,7137.0,7170.0,33.0,-0.674
1875,10.181,49.613,328,376,481,565,7144.0,7171.0,27.0,0.0
1875,10.181,49.613,376,422,481,565,7144.0,7178.0,34.0,0.0
1875,10.181,49.613,422,470,481,565,7139.0,7168.0,29.0,-0.482
1875,10.181,49.613,470,512,481,565,7137.0,7167.0,30.0,-0.674
1880,10.181,49.613,20,67,67,160,7141.0,7170.0,29.0,-0.034
1880,10.181,49.613,67,114,67,160,7150.0,7184.0,34.0,0.573
1880,10.181,49.613,114,161,67,160,7149.0,7180.0,31.0,0.506
1880,10.181,49.613,161,209,67,160,7157.0,7191.0,34.0,1.045
1880,10.181,49.613,209,255,67,160,7164.0,7197.0,33.0,1.518
1880,10.181,49.613,255,302,67,160,7157.0,7188.0,31.0,1.045
1880,10.181,49.613,302,349,67,160,7146.0,7182.0,36.0,0.304
1880,10.181,49.613,349,396,67,160,7145.0,7177.0,32.0,0.236
1880,10.181,49.613,396,443,67,160,7155.0,7190.0,35.0,0.911
1880,10.181,49.613,443,490,67,160,7153.0,7190.0,37.0,0.776
1880,10.181,49.613,15,63,160,232,7144.0,7175.0,31.0,0.169
1880,10.181,49.613,63,110,160,232,7151.0,7179.0,28.0,0.641
1880,10.181,49.613,110,160,160,232,7152.0,7183.0,31.0,0.708
1880,10.181,49.613,160,208,160,232,7153.0,7187.0,34.0,0.776
1880,10.181,49.613,208,256,160,232,7152.0,7183.0,31.0,0.708
1880,10.181,49.613,256,304,160,232,7152.0,7182.0,30.0,0.708
1880,10.181,49.613,304,354,160,232,7144.0,7182.0,38.0,0.169
1880,10.181,49.613,354,403,160,232,7145.0,7176.0,31.0,0.236
1880,10.181,49.613,403,451,160,232,7155.0,7188.0,33.0,0.911
1880,10.181,49.613,451,503,160,232,7154.0,7188.0,34.0,0.843
1880,10.181,49.613,4,46,377,491,7122.0,7152.0,30.0,-1.315
1880,10.181,49.613,46,92,377,491,7124.0,7156.0,32.0,-1.18
1880,10.181,49.613,92,136,377,491,7131.0,7170.0,39.0,-0.708
1880,10.181,49.613,136,185,377,491,7126.0,7173.0,47.0,-1.045
1880,10.181,49.613,185,230,377,491,7131.0,7169.0,38.0,-0.708
1880,10.181,49.613,230,277,377,491,7130.0,7167.0,37.0,-0.776
1880,10.181,49.613,277,322,377,491,7134.0,7172.23,38.23,-0.506
1880,10.181,49.613,322,370,377,491,7127.0,7168.0,41.0,-0.978
1880,10.181,49.613,370,416,377,491,7127.0,7168.0,41.0,-0.978
1880,10.181,49.613,416,466,377,491,7131.0,7175.0,44.0,-0.708
1880,10.181,49.613,466,506,377,491,7134.0,7170.0,36.0,-0.506
1880,10.181,49.613,0,42,491,573,7131.0,7163.0,32.0,-0.708
1880,10.181,49.613,42,89,491,573,7138.0,7172.0,34.0,-0.236
1880,10.181,49.613,89,134,491,573,7142.0,7174.0,32.0,0.034
1880,10.181,49.613,134,182,491,573,7138.0,7171.0,33.0,-0.236
1880,10.181,49.613,182,230,491,573,7137.0,7171.0,34.0,-0.304
1880,10.181,49.613,230,277,491,573,7138.0,7168.86,30.86,-0.236
1880,10.181,49.613,277,324,491,573,7144.0,7173.0,29.0,0.169
1880,10.181,49.613,324,372,491,573,7132.0,7164.0,32.0,-0.641
1880,10.181,49.613,372,419,491,573,7139.0,7165.0,26.0,-0.169
1880,10.181,49.613,419,467,491,573,7140.0,7173.0,33.0,-0.101
1880,10.181,49.613,467,512,491,573,7137.0,7164.0,27.0,-0.304
1885,10.181,49.613,24,72,65,163,7139.0,7170.0,31.0,-0.225
1885,10.181,49.613,72,116,65,163,7152.0,7184.0,32.0,0.749
1885,10.181,49.613,116,165,65,163,7153.0,7188.0,35.0,0.824
1885,10.181,49.613,165,213,65,163,7157.0,7189.0,32.0,1.124
1885,10.181,49.613,213,261,65,163,7162.0,7195.0,33.0,1.499
1885,10.181,49.613,261,307,65,163,7162.0,7194.0,32.0,1.499
1885,10.181,49.613,307,355,65,163,7156.0,7189.0,33.0,1.049
1885,10.181,49.613,355,401,65,163,7148.0,7183.57,35.57,0.45
1885,10.181,49.613,401,451,65,163,7147.5,7179.03,31.53,0.412
1885,10.181,49.613,451,495,65,163,7161.0,7194.0,33.0,1.424
1885,10.181,49.613,19,66,163,235,7142.0,7177.0,35.0,0.0
1885,10.181,49.613,66,115,163,235,7151.0,7184.0,33.0,0.674
1885,10.181,49.613,115,164,163,235,7156.0,7185.0,29.0,1.049
1885,10.181,49.613,164,213,163,235,7156.0,7185.0,29.0,1.049
1885,10.181,49.613,213,262,163,235,7155.0,7189.0,34.0,0.974
1885,10.181,49.613,262,310,163,235,7156.0,7188.0,32.0,1.049
1885,10.181,49.613,310,358,163,235,7154.0,7184.0,30.0,0.899
1885,10.181,49.613,358,408,163,235,7146.0,7182.0,36.0,0.3
1885,10.181,49.613,408,459,163,235,7148.0,7180.49,32.49,0.45
1885,10.181,49.613,459,506,163,235,7158.0,7190.0,32.0,1.199
1885,10.181,49.613,4,50,381,491,7140.0,7175.0,35.0,-0.15
1885,10.181,49.613,50,96,381,491,7126.0,7158.0,32.0,-1.199
1885,10.181,49.613,96,143,381,491,7131.0,7161.0,30.0,-0.824
1885,10.181,49.613,143,186,381,491,7139.0,7173.0,34.0,-0.225
1885,10.181,49.613,186,233,381,491,7131.0,7177.0,46.0,-0.824
1885,10.181,49.613,233,282,381,491,7131.5,7173.0,41.5,-0.787
1885,10.181,49.613,282,328,381,491,7137.0,7170.0,33.0,-0.375
1885,10.181,49.613,328,374,381,491,7136.0,7173.0,37.0,-0.45
1885,10.181,49.613,374,422,381,491,7128.0,7167.24,39.24,-1.049
1885,10.181,49.613,422,467,381,491,7131.0,7169.0,38.0,-0.824
1885,10.181,49.613,467,502,381,491,7139.0,7175.0,36.0,-0.225
1885,10.181,49.613,0,44,491,577,7142.0,7173.0,31.0,0.0
1885,10.181,49.613,44,93,491,577,7134.0,7171.0,37.0,-0.6
1885,10.181,49.613,93,139,491,577,7142.0,7178.0,36.0,0.0
1885,10.181,49.613,139,187,491,577,7144.0,7178.0,34.0,0.15
1885,10.181,49.613,187,235,491,577,7141.0,7176.0,35.0,-0.075
1885,10.181,49.613,235,282,491,577,7139.0,7175.0,36.0,-0.225
1885,10.181,49.613,282,330,491,577,7139.0,7171.0,32.0,-0.225
1885,10.181,49.613,330,377,491,577,7143.0,7175.0,32.0,0.075
1885,10.181,49.613,377,425,491,577,7131.0,7164.0,33.0,-0.824
1885,10.181,49.613,425,478,491,577,7136.0,7167.0,31.0,-0.45
1890,10.181,49.613,0,37,68,164,7141.0,7174.0,33.0,-0.15
1890,10.181,49.613,37,82,68,164,7148.0,7185.0,37.0,0.375
1890,10.181,49.613,82,133,68,164,7142.0,7176.0,34.0,-0.075
1890,10.181,49.613,133,181,68,164,7152.0,7185.0,33.0,0.674
1890,10.181,49.613,181,228,68,164,7161.0,7195.0,34.0,1.349
1890,10.181,49.613,228,275,68,164,7155.0,7185.0,30.0,0.899
1890,10.181,49.613,275,321,68,164,7157.0,7187.0,30.0,1.049
1890,10.181,49.613,321,369,68,164,7157.0,7189.0,32.0,1.049
1890,10.181,49.613,369,416,68,164,7154.0,7185.0,31.0,0.824
1890,10.181,49.613,416,463,68,164,7148.0,7183.0,35.0,0.375
1890,10.181,49.613,463,512,68,164,7147.0,7179.0,32.0,0.3
1890,10.181,49.613,33,81,164,235,7147.0,7183.0,36.0,0.3
1890,10.181,49.613,81,130,164,235,7145.0,7180.0,35.0,0.15
1890,10.181,49.613,130,178,164,235,7154.0,7185.0,31.0,0.824
1890,10.181,49.613,178,227,164,235,7156.0,7184.0,28.0,0.974
1890,10.181,49.613,227,276,164,235,7156.0,7187.06,31.06,0.974
1890,10.181,49.613,276,324,164,235,7156.0,7189.0,33.0,0.974
1890,10.181,49.613,324,373,164,235,7154.0,7185.0,31.0,0.824
1890,10.181,49.613,373,421,164,235,7152.0,7183.0,31.0,0.674
1890,10.181,49.613,421,470,164,235,7146.0,7180.0,34.0,0.225
1890,10.181,49.613,470,512,164,235,7148.0,7178.0,30.0,0.375
1890,10.181,49.613,15,63,383,496,7128.0,7165.0,37.0,-1.124
1890,10.181,49.613,63,107,383,496,7141.0,7177.0,36.0,-0.15
1890,10.181,49.613,107,156,383,496,7126.0,7158.0,32.0,-1.274
1890,10.181,49.613,156,204,383,496,7129.0,7160.0,31.0,-1.049
1890,10.181,49.613,204,249,383,496,7137.0,7173.0,36.0,-0.45
1890,10.181,49.613,249,295,383,496,7131.0,7176.0,45.0,-0.899
1890,10.181,49.613,295,342,383,496,7130.0,7171.0,41.0,-0.974
1890,10.181,49.613,342,388,383,496,7131.0,7169.0,38.0,-0.899
1890,10.181,49.613,388,434,383,496,7131.0,7171.0,40.0,-0.899
1890,10.181,49.613,434,481,383,496,7124.0,7165.0,41.0,-1.424
1890,10.181,49.613,11,59,496,578,7137.0,7166.0,29.0,-0.45
1890,10.181,49.613,59,106,496,578,7143.0,7176.0,33.0,0.0
1890,10.181,49.613,106,152,496,578,7138.0,7173.0,35.0,-0.375
1890,10.181,49.613,152,201,496,578,7141.0,7178.0,37.0,-0.15
1890,10.181,49.613,201,249,496,578,7146.0,7180.0,34.0,0.225
1890,10.181,49.613,249,296,496,578,7142.0,7177.0,35.0,-0.075
1890,10.181,49.613,296,344,496,578,7137.0,7172.1,35.1,-0.45
1890,10.181,49.613,344,392,496,578,7136.0,7167.0,31.0,-0.525
1890,10.181,49.613,392,439,496,578,7139.0,7170.0,31.0,-0.3
1890,10.181,49.613,439,488,496,578,7128.0,7159.0,31.0,-1.124
1895,10.181,49.613,5,53,66,163,7142.0,7178.0,36.0,-0.198
1895,10.181,49.613,53,101,66,163,7148.0,7188.0,40.0,0.278
1895,10.181,49.613,101,150,66,163,7153.0,7192.0,39.0,0.674
1895,10.181,49.613,150,197,66,163,7151.0,7183.0,32.0,0.516
1895,10.181,49.613,197,243,66,163,7161.0,7190.0,29.0,1.309
1895,10.181,49.613,243,292,66,163,7153.0,7189.0,36.0,0.674
1895,10.181,49.613,292,338,66,163,7151.0,7181.0,30.0,0.516
1895,10.181,49.613,338,385,66,163,7154.0,7185.0,31.0,0.754
1895,10.181,49.613,385,429,66,163,7156.0,7188.0,32.0,0.913
1895,10.181,49.613,429,480,66,163,7155.0,7189.0,34.0,0.833
1895,10.181,49.613,0,50,163,234,7140.0,7177.0,37.0,-0.357
1895,10.181,49.613,50,96,163,234,7149.0,7178.01,29.01,0.357
1895,10.181,49.613,96,145,163,234,7151.0,7188.0,37.0,0.516
1895,10.181,49.613,145,195,163,234,7148.0,7183.0,35.0,0.278
1895,10.181,49.613,195,244,163,234,7154.0,7185.0,31.0,0.754
1895,10.181,49.613,244,292,163,234,7158.0,7184.0,26.0,1.071
1895,10.181,49.613,292,341,163,234,7156.0,7186.06,30.06,0.913
1895,10.181,49.613,341,391,163,234,7153.0,7188.0,35.0,0.674
1895,10.181,49.613,391,438,163,234,7153.0,7183.0,30.0,0.674
1895,10.181,49.613,438,487,163,234,7153.0,7181.0,28.0,0.674
1895,10.181,49.613,31,79,381,495,7128.0,7164.0,36.0,-1.309
1895,10.181,49.613,79,125,381,495,7137.0,7169.0,32.0,-0.595
1895,10.181,49.613,125,172,381,495,7144.0,7179.0,35.0,-0.04
1895,10.181,49.613,172,220,381,495,7129.0,7161.0,32.0,-1.23
1895,10.181,49.613,220,266,381,495,7131.0,7160.0,29.0,-1.071
1895,10.181,49.613,266,312,381,495,7139.0,7172.0,33.0,-0.436
1895,10.181,49.613,312,360,381,495,7129.0,7176.0,47.0,-1.23
1895,10.181,49.613,360,405,381,495,7131.0,7169.0,38.0,-1.071
1895,10.181,49.613,405,451,381,495,7128.0,7165.0,37.0,-1.309
1895,10.181,49.613,451,496,381,495,7129.5,7168.0,38.5,-1.19
1895,10.181,49.613,27,74,495,578,7136.0,7173.0,37.0,-0.674
1895,10.181,49.613,74,120,495,578,7141.0,7170.0,29.0,-0.278
1895,10.181,49.613,120,169,495,578,7146.0,7178.0,32.0,0.119
1895,10.181,49.613,169,217,495,578,7138.0,7175.0,37.0,-0.516
1895,10.181,49.613,217,265,495,578,7143.0,7181.0,38.0,-0.119
1895,10.181,49.613,265,313,495,578,7145.0,7178.0,33.0,0.04
1895,10.181,49.613,313,361,495,578,7139.0,7175.0,36.0,-0.436
1895,10.181,49.613,361,408,495,578,7135.0,7168.0,33.0,-0.754
1895,10.181,49.613,408,455,495,578,7132.0,7163.0,31.0,-0.992
1895,10.181,49.613,455,504,495,578,7136.0,7166.0,30.0,-0.674
1900,10.181,49.613,16,64,63,160,7146.0,7182.0,36.0,-0.075
1900,10.181,49.613,64,110,63,160,7156.0,7192.0,36.0,0.674
1900,10.181,49.613,110,160,63,160,7154.0,7197.0,43.0,0.525
1900,10.181,49.613,160,207,63,160,7164.0,7203.0,39.0,1.274
1900,10.181,49.613,207,256,63,160,7154.0,7187.0,33.0,0.525
1900,10.181,49.613,256,304,63,160,7156.0,7189.0,33.0,0.674
1900,10.181,49.613,304,349,63,160,7156.0,7191.96,35.96,0.674
1900,10.181,49.613,349,398,63,160,7147.0,7183.0,36.0,0.0
1900,10.181,49.613,398,449,63,160,7153.0,7189.0,36.0,0.45
1900,10.181,49.613,449,487,63,160,7165.0,7197.0,32.0,1.349
1900,10.181,49.613,11,60,160,232,7147.0,7180.0,33.0,0.0
1900,10.181,49.613,60,108,160,232,7149.0,7185.0,36.0,0.15
1900,10.181,49.613,108,157,160,232,7155.0,7185.0,30.0,0.6
1900,10.181,49.613,157,207,160,232,7157.0,7192.0,35.0,0.749
1900,10.181,49.613,207,256,160,232,7152.0,7187.0,35.0,0.375
1900,10.181,49.613,256,305,160,232,7159.0,7190.0,31.0,0.899
1900,10.181,49.613,305,354,160,232,7160.0,7188.0,28.0,0.974
1900,10.181,49.613,354,402,160,232,7158.0,7188.0,30.0,0.824
1900,10.181,49.613,402,451,160,232,7157.0,7191.0,34.0,0.749
1900,10.181,49.613,451,500,160,232,7157.0,7187.0,30.0,0.749
1900,10.181,49.613,1,42,382,490,7136.0,7168.0,32.0,-0.824
1900,10.181,49.613,42,90,382,490,7132.0,7170.0,38.0,-1.124
1900,10.181,49.613,90,136,382,490,7136.0,7170.0,34.0,-0.824
1900,10.181,49.613,136,184,382,490,7142.0,7174.0,32.0,-0.375
1900,10.181,49.613,184,231,382,490,7149.0,7184.0,35.0,0.15
1900,10.181,49.613,231,277,382,490,7133.0,7163.0,30.0,-1.049
1900,10.181,49.613,277,324,382,490,7136.0,7164.0,28.0,-0.824
1900,10.181,49.613,324,370,382,490,7141.0,7175.0,34.0,-0.45
1900,10.181,49.613,370,416,382,490,7134.0,7176.0,42.0,-0.974
1900,10.181,49.613,416,462,382,490,7132.0,7170.0,38.0,-1.124
1900,10.181,49.613,462,512,382,490,7127.0,7166.0,39.0,-1.499
1900,10.181,49.613,0,38,490,576,7141.0,7171.0,30.0,-0.45
1900,10.181,49.613,38,87,490,576,7141.0,7172.0,31.0,-0.45
1900,10.181,49.613,87,134,490,576,7141.0,7177.0,36.0,-0.45
1900,10.181,49.613,134,180,490,576,7147.0,7175.0,28.0,0.0
1900,10.181,49.613,180,229,490,576,7150.0,7182.0,32.0,0.225
1900,10.181,49.613,229,277,490,576,7142.0,7178.0,36.0,-0.375
1900,10.181,49.613,277,325,490,576,7146.0,7179.0,33.0,-0.075
1900,10.181,49.613,325,373,490,576,7144.0,7178.0,34.0,-0.225
1900,10.181,49.613,373,420,490,576,7138.0,7172.0,34.0,-0.674
1900,10.181,49.613,420,468,490,576,7133.0,7168.0,35.0,-1.049
1900,10.181,49.613,468,512,490,576,7133.0,7163.0,30.0,-1.049
1905,10.181,49.613,29,77,59,155,7153.0,7188.0,35.0,0.422
1905,10.181,49.613,77,126,59,155,7154.0,7189.0,35.0,0.506
1905,10.181,49.613,126,174,59,155,7159.0,7195.0,36.0,0.927
1905,10.181,49.613,174,221,59,155,7163.0,7201.0,38.0,1.265
1905,10.181,49.613,221,268,59,155,7162.0,7199.0,37.0,1.18
1905,10.181,49.613,268,317,59,155,7149.0,7181.08,32.08,0.084
1905,10.181,49.613,317,364,59,155,7153.0,7186.0,33.0,0.422
1905,10.181,49.613,364,411,59,155,7151.0,7186.0,35.0,0.253
1905,10.181,49.613,411,463,59,155,7148.0,7186.0,38.0,0.0
1905,10.181,49.613,463,508,59,155,7159.0,7191.74,32.74,0.927
1905,10.181,49.613,25,73,155,227,7147.0,7177.0,30.0,-0.084
1905,10.181,49.613,73,122,155,227,7151.0,7184.0,33.0,0.253
1905,10.181,49.613,122,171,155,227,7153.0,7190.0,37.0,0.422
1905,10.181,49.613,171,220,155,227,7156.0,7185.0,29.0,0.674
1905,10.181,49.613,220,270,155,227,7158.0,7193.97,35.97,0.843
1905,10.181,49.613,270,318,155,227,7153.0,7187.0,34.0,0.422
1905,10.181,49.613,318,367,155,227,7158.0,7189.0,31.0,0.843
1905,10.181,49.613,367,416,155,227,7158.0,7187.0,29.0,0.843
1905,10.181,49.613,416,465,155,227,7158.0,7187.0,29.0,0.843
1905,10.181,49.613,465,512,155,227,7159.0,7190.0,31.0,0.927
1905,10.181,49.613,7,55,378,487,7135.0,7169.0,34.0,-1.096
1905,10.181,49.613,55,103,378,487,7133.0,7171.0,38.0,-1.265
1905,10.181,49.613,103,150,378,487,7136.0,7172.0,36.0,-1.012
1905,10.181,49.613,150,197,378,487,7137.5,7173.0,35.5,-0.885
1905,10.181,49.613,197,243,378,487,7143.0,7177.0,34.0,-0.422
1905,10.181,49.613,243,291,378,487,7148.0,7183.0,35.0,0.0
1905,10.181,49.613,291,337,378,487,7133.0,7163.0,30.0,-1.265
1905,10.181,49.613,337,385,378,487,7133.0,7162.0,29.0,-1.265
1905,10.181,49.613,385,433,378,487,7137.0,7174.0,37.0,-0.927
1905,10.181,49.613,433,475,378,487,7134.0,7175.0,41.0,-1.18
1905,10.181,49.613,475,512,378,487,7131.0,7169.0,38.0,-1.433
1905,10.181,49.613,2,49,487,574,7144.0,7173.0,29.0,-0.337
1905,10.181,49.613,49,97,487,574,7144.0,7175.0,31.0,-0.337
1905,10.181,49.613,97,145,487,574,7143.0,7175.0,32.0,-0.422
1905,10.181,49.613,145,195,487,574,7141.0,7179.0,38.0,-0.59
1905,10.181,49.613,195,243,487,574,7146.0,7176.0,30.0,-0.169
1905,10.181,49.613,243,291,487,574,7149.0,7182.0,33.0,0.084
1905,10.181,49.613,291,340,487,574,7138.0,7175.0,37.0,-0.843
1905,10.181,49.613,340,387,487,574,7143.0,7178.0,35.0,-0.422
1905,10.181,49.613,387,434,487,574,7143.0,7174.0,31.0,-0.422
1905,10.181,49.613,434,483,487,574,7134.0,7169.0,35.0,-1.18
1910,10.181,49.613,1,46,54,148,7133.0,7164.94,31.94,-1.079
1910,10.181,49.613,46,92,54,148,7159.0,7191.0,32.0,1.259
1910,10.181,49.613,92,139,54,148,7161.0,7194.0,33.0,1.439
1910,10.181,49.613,139,188,54,148,7158.0,7191.0,33.0,1.169
1910,10.181,49.613,188,236,54,148,7165.0,7197.0,32.0,1.799
1910,10.181,49.613,236,284,54,148,7159.0,7195.0,36.0,1.259
1910,10.181,49.613,284,332,54,148,7157.0,7192.91,35.91,1.079
1910,10.181,49.613,332,383,54,148,7145.0,7178.0,33.0,0.0
1910,10.181,49.613,383,427,54,148,7156.0,7185.0,29.0,0.989
1910,10.181,49.613,427,483,54,148,7148.0,7190.0,42.0,0.27
1910,10.181,49.613,0,39,148,224,7136.0,7166.0,30.0,-0.809
1910,10.181,49.613,39,87,148,224,7148.0,7178.0,30.0,0.27
1910,10.181,49.613,87,136,148,224,7148.0,7182.0,34.0,0.27
1910,10.181,49.613,136,187,148,224,7151.0,7185.0,34.0,0.54
1910,10.181,49.613,187,237,148,224,7152.0,7187.0,35.0,0.63
1910,10.181,49.613,237,286,148,224,7156.0,7185.0,29.0,0.989
1910,10.181,49.613,286,335,148,224,7156.0,7191.0,35.0,0.989
1910,10.181,49.613,335,383,148,224,7149.0,7184.0,35.0,0.36
1910,10.181,49.613,383,437,148,224,7153.0,7186.0,33.0,0.719
1910,10.181,49.613,437,485,148,224,7158.0,7185.0,27.0,1.169
1910,10.181,49.613,17,70,375,484,7126.0,7165.0,39.0,-1.709
1910,10.181,49.613,70,115,375,484,7139.0,7172.0,33.0,-0.54
1910,10.181,49.613,115,165,375,484,7134.0,7172.0,38.0,-0.989
1910,10.181,49.613,165,211,375,484,7138.0,7174.0,36.0,-0.63
1910,10.181,49.613,211,258,375,484,7138.0,7173.0,35.0,-0.63
1910,10.181,49.613,258,305,375,484,7141.0,7173.0,32.0,-0.36
1910,10.181,49.613,305,353,375,484,7146.0,7181.0,35.0,0.09
1910,10.181,49.613,353,399,375,484,7131.0,7160.0,29.0,-1.259
1910,10.181,49.613,399,444,375,484,7131.0,7159.0,28.0,-1.259
1910,10.181,49.613,444,497,375,484,7130.0,7170.0,40.0,-1.349
1910,10.181,49.613,16,63,484,571,7133.0,7169.0,36.0,-1.079
1910,10.181,49.613,63,112,484,571,7145.0,7175.0,30.0,0.0
1910,10.181,49.613,112,162,484,571,7145.0,7177.0,32.0,0.0
1910,10.181,49.613,162,210,484,571,7143.0,7174.0,31.0,-0.18
1910,10.181,49.613,210,259,484,571,7142.0,7179.0,37.0,-0.27
1910,10.181,49.613,259,307,484,571,7144.0,7175.0,31.0,-0.09
1910,10.181,49.613,307,356,484,571,7146.0,7179.0,33.0,0.09
1910,10.181,49.613,356,404,484,571,7135.0,7169.0,34.0,-0.899
1910,10.181,49.613,404,451,484,571,7138.0,7172.0,34.0,-0.63
1910,10.181,49.613,451,500,484,571,7138.0,7171.0,33.0,-0.63
1915,10.181,49.613,10,59,51,145,7142.0,7175.55,33.55,0.0
1915,10.181,49.613,59,111,51,145,7142.0,7177.0,35.0,0.0
1915,10.181,49.613,111,166,51,145,7157.0,7194.0,37.0,1.557
1915,10.181,49.613,166,205,51,145,7170.0,7202.64,32.64,2.905
1915,10.181,49.613,205,254,51,145,7157.0,7191.0,34.0,1.557
1915,10.181,49.613,254,304,51,145,7155.0,7190.0,35.0,1.349
1915,10.181,49.613,304,353,51,145,7154.0,7191.0,37.0,1.245
1915,10.181,49.613,353,399,51,145,7154.0,7190.0,36.0,1.245
1915,10.181,49.613,399,448,51,145,7146.0,7179.0,33.0,0.415
1915,10.181,49.613,448,495,51,145,7155.0,7187.0,32.0,1.349
1915,10.181,49.613,5,56,145,220,7137.0,7173.0,36.0,-0.519
1915,10.181,49.613,56,106,145,220,7139.0,7170.0,31.0,-0.311
1915,10.181,49.613,106,157,145,220,7152.0,7183.0,31.0,1.038
1915,10.181,49.613,157,206,145,220,7152.0,7183.0,31.0,1.038
1915,10.181,49.613,206,256,145,220,7153.0,7184.0,31.0,1.141
1915,10.181,49.613,256,306,145,220,7152.0,7185.0,33.0,1.038
1915,10.181,49.613,306,355,145,220,7154.0,7184.0,30.0,1.245
1915,10.181,49.613,355,404,145,220,7153.0,7189.0,36.0,1.141
1915,10.181,49.613,404,453,145,220,7148.0,7182.0,34.0,0.623
1915,10.181,49.613,453,507,145,220,7155.0,7188.0,33.0,1.349
1915,10.181,49.613,0,38,371,482,7137.0,7162.0,25.0,-0.519
1915,10.181,49.613,38,74,371,482,7132.0,7169.0,37.0,-1.038
1915,10.181,49.613,74,134,371,482,7127.0,7165.0,38.0,-1.557
1915,10.181,49.613,134,182,371,482,7139.0,7176.0,37.0,-0.311
1915,10.181,49.613,182,230,371,482,7137.0,7171.0,34.0,-0.519
1915,10.181,49.613,230,277,371,482,7136.0,7171.0,35.0,-0.623
1915,10.181,49.613,277,324,371,482,7137.0,7170.0,33.0,-0.519
1915,10.181,49.613,324,371,371,482,7140.0,7171.0,31.0,-0.208
1915,10.181,49.613,371,419,371,482,7142.0,7176.0,34.0,0.0
1915,10.181,49.613,419,464,371,482,7127.0,7154.0,27.0,-1.557
1915,10.181,49.613,464,506,371,482,7128.0,7156.0,28.0,-1.453
1915,10.181,49.613,0,35,482,570,7136.0,7172.0,36.0,-0.623
1915,10.181,49.613,35,83,482,570,7141.0,7174.0,33.0,-0.104
1915,10.181,49.613,83,131,482,570,7134.0,7170.0,36.0,-0.83
1915,10.181,49.613,131,180,482,570,7148.0,7179.0,31.0,0.623
1915,10.181,49.613,180,229,482,570,7146.0,7177.0,31.0,0.415
1915,10.181,49.613,229,278,482,570,7143.0,7174.0,31.0,0.104
1915,10.181,49.613,278,326,482,570,7139.0,7177.0,38.0,-0.311
1915,10.181,49.613,326,374,482,570,7141.0,7170.0,29.0,-0.104
1915,10.181,49.613,374,421,482,570,7142.0,7174.0,32.0,0.0
1915,10.181,49.613,421,470,482,570,7129.0,7165.0,36.0,-1.349
1915,10.181,49.613,470,512,482,570,7135.0,7169.0,34.0,-0.726
1920,10.181,49.613,31,77,45,144,7145.0,7175.0,30.0,-0.096
1920,10.181,49.613,77,128,45,144,7154.0,7188.0,34.0,0.771
1920,10.181,49.613,128,179,45,144,7147.0,7182.0,35.0,0.096
1920,10.181,49.613,179,229,45,144,7166.0,7200.0,34.0,1.927
1920,10.181,49.613,229,276,45,144,7163.0,7198.0,35.0,1.638
1920,10.181,49.613,276,324,45,144,7153.0,7188.0,35.0,0.674
1920,10.181,49.613,324,375,45,144,7151.0,7189.0,38.0,0.482
1920,10.181,49.613,375,420,45,144,7155.0,7192.0,37.0,0.867
1920,10.181,49.613,420,468,45,144,7156.0,7194.0,38.0,0.964
1920,10.181,49.613,468,512,45,144,7145.0,7177.0,32.0,-0.096
1920,10.181,49.613,27,77,144,218,7146.0,7181.0,35.0,0.0
1920,10.181,49.613,77,126,144,218,7147.0,7182.0,35.0,0.096
1920,10.181,49.613,126,177,144,218,7146.0,7177.0,31.0,0.0
1920,10.181,49.613,177,228,144,218,7156.0,7183.0,27.0,0.964
1920,10.181,49.613,228,277,144,218,7155.0,7187.0,32.0,0.867
1920,10.181,49.613,277,327,144,218,7154.0,7188.0,34.0,0.771
1920,10.181,49.613,327,376,144,218,7153.0,7187.0,34.0,0.674
1920,10.181,49.613,376,428,144,218,7153.0,7185.0,32.0,0.674
1920,10.181,49.613,428,475,144,218,7156.0,7191.0,35.0,0.964
1920,10.181,49.613,475,512,144,218,7149.0,7187.0,38.0,0.289
1920,10.181,49.613,11,60,367,481,7143.0,7188.0,45.0,-0.289
1920,10.181,49.613,60,137,367,481,7137.0,7172.0,35.0,-0.867
1920,10.181,49.613,137,203,367,481,7130.0,7169.0,39.0,-1.542
1920,10.181,49.613,203,251,367,481,7140.0,7176.0,36.0,-0.578
1920,10.181,49.613,251,298,367,481,7139.0,7171.0,32.0,-0.674
1920,10.181,49.613,298,345,367,481,7136.0,7172.0,36.0,-0.964
1920,10.181,49.613,345,392,367,481,7136.0,7168.19,32.19,-0.964
1920,10.181,49.613,392,439,367,481,7137.0,7169.0,32.0,-0.867
1920,10.181,49.613,439,485,367,481,7141.0,7174.0,33.0,-0.482
1920,10.181,49.613,7,56,481,567,7141.0,7170.0,29.0,-0.482
1920,10.181,49.613,56,102,481,567,7145.0,7181.0,36.0,-0.096
1920,10.181,49.613,102,153,481,567,7145.0,7181.0,36.0,-0.096
1920,10.181,49.613,153,202,481,567,7138.0,7174.96,36.96,-0.771
1920,10.181,49.613,202,251,481,567,7150.0,7182.0,32.0,0.385
1920,10.181,49.613,251,299,481,567,7147.0,7180.0,33.0,0.096
1920,10.181,49.613,299,348,481,567,7143.0,7175.0,32.0,-0.289
1920,10.181,49.613,348,396,481,567,7138.0,7176.0,38.0,-0.771
1920,10.181,49.613,396,444,481,567,7139.0,7168.0,29.0,-0.674
1920,10.181,49.613,444,493,481,567,7140.0,7172.0,32.0,-0.578
1925,10.18,49.613,0,48,45,143,7146.0,7174.0,28.0,-0.104
1925,10.18,49.613,48,99,45,143,7151.0,7179.0,28.0,0.415
1925,10.18,49.613,99,147,45,143,7154.0,7185.0,31.0,0.726
1925,10.18,49.613,147,193,45,143,7162.0,7193.16,31.16,1.557
1925,10.18,49.613,193,244,45,143,7151.0,7184.0,33.0,0.415
1925,10.18,49.613,244,293,45,143,7160.0,7195.0,35.0,1.349
1925,10.18,49.613,293,342,45,143,7159.0,7196.0,37.0,1.245
1925,10.18,49.613,342,390,45,143,7154.0,7189.0,35.0,0.726
1925,10.18,49.613,390,438,45,143,7156.0,7193.0,37.0,0.934
1925,10.18,49.613,438,490,45,143,7153.0,7196.0,43.0,0.623
1925,10.18,49.613,0,43,143,217,7149.0,7181.0,32.0,0.208
1925,10.18,49.613,43,95,143,217,7147.0,7183.0,36.0,0.0
1925,10.18,49.613,95,145,143,217,7152.0,7187.0,35.0,0.519
1925,10.18,49.613,145,194,143,217,7151.0,7184.0,33.0,0.415
1925,10.18,49.613,194,245,143,217,7147.0,7175.0,28.0,0.0
1925,10.18,49.613,245,295,143,217,7158.0,7185.0,27.0,1.141
1925,10.18,49.613,295,345,143,217,7154.0,7186.0,32.0,0.726
1925,10.18,49.613,345,394,143,217,7154.0,7187.0,33.0,0.726
1925,10.18,49.613,394,444,143,217,7153.0,7187.0,34.0,0.623
1925,10.18,49.613,444,494,143,217,7158.0,7187.0,29.0,1.141
1925,10.18,49.613,28,77,371,482,7146.0,7177.0,31.0,-0.104
1925,10.18,49.613,77,122,371,482,7149.0,7191.0,42.0,0.208
1925,10.18,49.613,122,172,371,482,7143.0,7173.0,30.0,-0.415
1925,10.18,49.613,172,232,371,482,7131.0,7173.0,42.0,-1.66
1925,10.18,49.613,232,267,371,482,7136.0,7169.0,33.0,-1.141
1925,10.18,49.613,267,315,371,482,7139.0,7175.0,36.0,-0.83
1925,10.18,49.613,315,363,371,482,7138.0,7171.0,33.0,-0.934
1925,10.18,49.613,363,410,371,482,7136.0,7171.0,35.0,-1.141
1925,10.18,49.613,410,458,371,482,7134.0,7169.0,35.0,-1.349
1925,10.18,49.613,458,503,371,482,7138.0,7169.0,31.0,-0.934
1925,10.18,49.613,24,73,482,568,7143.0,7176.0,33.0,-0.415
1925,10.18,49.613,73,119,482,568,7145.0,7175.0,30.0,-0.208
1925,10.18,49.613,119,169,482,568,7146.0,7184.0,38.0,-0.104
1925,10.18,49.613,169,219,482,568,7147.0,7182.0,35.0,0.0
1925,10.18,49.613,219,269,482,568,7138.0,7174.0,36.0,-0.934
1925,10.18,49.613,269,318,482,568,7149.0,7181.0,32.0,0.208
1925,10.18,49.613,318,366,482,568,7146.0,7179.46,33.46,-0.104
1925,10.18,49.613,366,414,482,568,7141.0,7172.0,31.0,-0.623
1925,10.18,49.613,414,462,482,568,7137.0,7174.0,37.0,-1.038
1925,10.18,49.613,462,512,482,568,7137.0,7166.0,29.0,-1.038
1930,10.18,49.613,17,67,43,144,7151.0,7182.0,31.0,-0.202
1930,10.18,49.613,67,112,43,144,7161.0,7187.0,26.0,1.147
1930,10.18,49.613,112,164,43,144,7157.0,7187.0,30.0,0.607
1930,10.18,49.613,164,213,43,144,7161.0,7193.0,32.0,1.147
1930,10.18,49.613,213,261,43,144,7165.0,7195.51,30.51,1.686
1930,10.18,49.613,261,311,43,144,7149.0,7182.0,33.0,-0.472
1930,10.18,49.613,311,359,43,144,7162.0,7195.0,33.0,1.282
1930,10.18,49.613,359,407,43,144,7160.0,7196.0,36.0,1.012
1930,10.18,49.613,407,456,43,144,7158.0,7193.0,35.0,0.742
1930,10.18,49.613,456,492,43,144,7159.0,7196.0,37.0,0.877
1930,10.18,49.613,13,62,144,218,7161.0,7191.0,30.0,1.147
1930,10.18,49.613,62,113,144,218,7152.0,7188.0,36.0,-0.067
1930,10.18,49.613,113,162,144,218,7153.0,7187.0,34.0,0.067
1930,10.18,49.613,162,213,144,218,7155.0,7189.0,34.0,0.337
1930,10.18,49.613,213,262,144,218,7153.0,7185.0,32.0,0.067
1930,10.18,49.613,262,314,144,218,7149.0,7177.0,28.0,-0.472
1930,10.18,49.613,314,363,144,218,7158.0,7187.0,29.0,0.742
1930,10.18,49.613,363,413,144,218,7154.0,7187.0,33.0,0.202
1930,10.18,49.613,413,463,144,218,7157.0,7188.0,31.0,0.607
1930,10.18,49.613,463,512,144,218,7158.0,7190.0,32.0,0.742
1930,10.18,49.613,0,45,371,483,7157.0,7190.0,33.0,0.607
1930,10.18,49.613,45,93,371,483,7156.0,7186.0,30.0,0.472
1930,10.18,49.613,93,140,371,483,7151.0,7183.0,32.0,-0.202
1930,10.18,49.613,140,188,371,483,7150.0,7193.0,43.0,-0.337
1930,10.18,49.613,188,236,371,483,7146.0,7173.0,27.0,-0.877
1930,10.18,49.613,236,284,371,483,7140.0,7176.0,36.0,-1.686
1930,10.18,49.613,284,332,371,483,7136.0,7173.0,37.0,-2.226
1930,10.18,49.613,332,393,371,483,7134.0,7176.0,42.0,-2.496
1930,10.18,49.613,0,37,483,569,7155.0,7183.0,28.0,0.337
1930,10.18,49.613,37,87,483,569,7152.0,7183.0,31.0,-0.067
1930,10.18,49.613,87,137,483,569,7146.0,7180.0,34.0,-0.877
1930,10.18,49.613,137,187,483,569,7147.0,7177.0,30.0,-0.742
1930,10.18,49.613,187,236,483,569,7148.0,7187.0,39.0,-0.607
1930,10.18,49.613,236,285,483,569,7149.0,7184.0,35.0,-0.472
1930,10.18,49.613,285,335,483,569,7139.0,7175.0,36.0,-1.821
1930,10.18,49.613,335,383,483,569,7150.0,7180.0,30.0,-0.337
1930,10.18,49.613,383,432,483,569,7144.0,7176.0,32.0,-1.147
1930,10.18,49.613,432,481,483,569,7139.0,7170.0,31.0,-1.821
1935,10.18,49.613,0,35,49,144,7147.0,7174.81,27.81,-0.956
1935,10.18,49.613,35,85,49,144,7161.0,7191.0,30.0,0.618
1935,10.18,49.613,85,134,49,144,7165.0,7196.87,31.87,1.068
1935,10.18,49.613,134,183,49,144,7166.0,7194.0,28.0,1.18
1935,10.18,49.613,183,229,49,144,7169.0,7197.0,28.0,1.518
1935,10.18,49.613,229,279,49,144,7161.0,7190.0,29.0,0.618
1935,10.18,49.613,279,328,49,144,7162.0,7193.0,31.0,0.731
1935,10.18,49.613,328,376,49,144,7150.0,7184.0,34.0,-0.618
1935,10.18,49.613,376,430,49,144,7159.0,7196.0,37.0,0.393
1935,10.18,49.613,430,477,49,144,7166.0,7203.0,37.0,1.18
1935,10.18,49.613,477,512,49,144,7161.0,7191.0,30.0,0.618
1935,10.18,49.613,28,79,144,221,7157.0,7191.0,34.0,0.169
1935,10.18,49.613,79,131,144,221,7167.0,7199.0,32.0,1.293
1935,10.18,49.613,131,181,144,221,7158.0,7195.79,37.79,0.281
1935,10.18,49.613,181,231,144,221,7156.0,7189.0,33.0,0.056
1935,10.18,49.613,231,281,144,221,7158.0,7192.0,34.0,0.281
1935,10.18,49.613,281,331,144,221,7154.0,7187.0,33.0,-0.169
1935,10.18,49.613,331,382,144,221,7149.0,7179.0,30.0,-0.731
1935,10.18,49.613,382,432,144,221,7158.0,7186.0,28.0,0.281
1935,10.18,49.613,432,481,144,221,7157.0,7188.0,31.0,0.169
1935,10.18,49.613,19,62,370,486,7155.0,7184.0,29.0,-0.056
1935,10.18,49.613,62,110,370,486,7162.0,7195.0,33.0,0.731
1935,10.18,49.613,110,159,370,486,7161.0,7192.07,31.07,0.618
1935,10.18,49.613,159,206,370,486,7154.0,7187.0,33.0,-0.169
1935,10.18,49.613,206,254,370,486,7152.0,7197.74,45.74,-0.393
1935,10.18,49.613,254,302,370,486,7147.0,7176.0,29.0,-0.956
1935,10.18,49.613,302,349,370,486,7142.0,7178.0,36.0,-1.518
1935,10.18,49.613,349,398,370,486,7136.0,7172.0,36.0,-2.192
1935,10.18,49.613,398,454,370,486,7137.0,7178.0,41.0,-2.08
1935,10.18,49.613,454,493,370,486,7139.0,7170.0,31.0,-1.855
1935,10.18,49.613,9,55,486,572,7147.0,7175.0,28.0,-0.956
1935,10.18,49.613,55,105,486,572,7158.0,7189.0,31.0,0.281
1935,10.18,49.613,105,155,486,572,7158.0,7189.97,31.97,0.281
1935,10.18,49.613,155,205,486,572,7149.0,7184.0,35.0,-0.731
1935,10.18,49.613,205,254,486,572,7151.0,7180.0,29.0,-0.506
1935,10.18,49.613,254,303,486,572,7150.0,7187.0,37.0,-0.618
1935,10.18,49.613,303,352,486,572,7149.0,7183.0,34.0,-0.731
1935,10.18,49.613,352,402,486,572,7138.0,7175.0,37.0,-1.967
1935,10.18,49.613,402,450,486,572,7148.0,7177.0,29.0,-0.843
1935,10.18,49.613,450,500,486,572,7143.0,7175.0,32.0,-1.405
1940,10.18,49.613,4,54,46,146,7164.0,7199.0,35.0,0.674
1940,10.18,49.613,54,106,46,146,7157.0,7190.0,33.0,-0.112
1940,10.18,49.613,106,157,46,146,7164.0,7197.0,33.0,0.674
1940,10.18,49.613,157,205,46,146,7170.0,7202.29,32.29,1.349
1940,10.18,49.613,205,253,46,146,7171.0,7197.0,26.0,1.461
1940,10.18,49.613,253,302,46,146,7162.0,7190.0,28.0,0.45
1940,10.18,49.613,302,349,46,146,7158.0,7189.0,31.0,0.0
1940,10.18,49.613,349,399,46,146,7158.0,7191.0,33.0,0.0
1940,10.18,49.613,399,453,46,146,7149.0,7187.0,38.0,-1.012
1940,10.18,49.613,453,498,46,146,7169.0,7202.0,33.0,1.237
1940,10.18,49.613,0,50,146,220,7157.0,7189.0,32.0,-0.112
1940,10.18,49.613,50,102,146,220,7156.0,7187.0,31.0,-0.225
1940,10.18,49.613,102,154,146,220,7162.0,7198.0,36.0,0.45
1940,10.18,49.613,154,204,146,220,7172.0,7202.0,30.0,1.574
1940,10.18,49.613,204,254,146,220,7161.0,7194.0,33.0,0.337
1940,10.18,49.613,254,304,146,220,7158.0,7189.0,31.0,0.0
1940,10.18,49.613,304,354,146,220,7158.0,7192.0,34.0,0.0
1940,10.18,49.613,354,404,146,220,7153.0,7184.0,31.0,-0.562
1940,10.18,49.613,404,454,146,220,7149.0,7177.0,28.0,-1.012
1940,10.18,49.613,454,505,146,220,7163.0,7189.0,26.0,0.562
1940,10.18,49.613,0,35,374,485,7162.0,7191.0,29.0,0.45
1940,10.18,49.613,35,88,374,485,7159.0,7191.0,32.0,0.112
1940,10.18,49.613,88,133,374,485,7159.0,7189.0,30.0,0.112
1940,10.18,49.613,133,180,374,485,7165.0,7199.0,34.0,0.787
1940,10.18,49.613,180,228,374,485,7163.0,7193.0,30.0,0.562
1940,10.18,49.613,228,276,374,485,7154.0,7187.0,33.0,-0.45
1940,10.18,49.613,276,324,374,485,7153.0,7197.0,44.0,-0.562
1940,10.18,49.613,324,371,374,485,7147.0,7176.0,29.0,-1.237
1940,10.18,49.613,371,418,374,485,7141.0,7177.0,36.0,-1.911
1940,10.18,49.613,418,466,374,485,7135.0,7169.54,34.54,-2.586
1940,10.18,49.613,466,510,374,485,7142.0,7174.0,32.0,-1.799
1940,10.18,49.613,31,80,485,572,7151.0,7181.0,30.0,-0.787
1940,10.18,49.613,80,128,485,572,7149.0,7178.0,29.0,-1.012
1940,10.18,49.613,128,178,485,572,7161.0,7194.0,33.0,0.337
1940,10.18,49.613,178,228,485,572,7159.0,7191.0,32.0,0.112
1940,10.18,49.613,228,277,485,572,7151.0,7185.0,34.0,-0.787
1940,10.18,49.613,277,326,485,572,7151.0,7181.0,30.0,-0.787
1940,10.18,49.613,326,375,485,572,7148.0,7187.0,39.0,-1.124
1940,10.18,49.613,375,423,485,572,7147.0,7181.0,34.0,-1.237
1940,10.18,49.613,423,473,485,572,7135.0,7170.84,35.84,-2.586
1940,10.18,49.613,473,512,485,572,7146.0,7177.0,31.0,-1.349
1945,10.18,49.613,27,80,51,144,7166.0,7199.0,33.0,0.787
1945,10.18,49.613,80,128,51,144,7173.0,7208.0,35.0,1.574
1945,10.18,49.613,128,178,51,144,7164.0,7195.0,31.0,0.562
1945,10.18,49.613,178,228,51,144,7170.0,7204.0,34.0,1.237
1945,10.18,49.613,228,275,51,144,7169.0,7198.95,29.95,1.124
1945,10.18,49.613,275,324,51,144,7164.0,7191.0,27.0,0.562
1945,10.18,49.613,324,372,51,144,7159.0,7188.0,29.0,0.0
1945,10.18,49.613,372,422,51,144,7154.0,7187.0,33.0,-0.562
1945,10.18,49.613,422,472,51,144,7163.0,7198.67,35.67,0.45
1945,10.18,49.613,472,512,51,144,7153.0,7189.0,36.0,-0.674
1945,10.18,49.613,23,74,144,218,7166.0,7197.0,31.0,0.787
1945,10.18,49.613,74,124,144,218,7162.0,7194.0,32.0,0.337
1945,10.18,49.613,124,177,144,218,7161.0,7193.0,32.0,0.225
1945,10.18,49.613,177,227,144,218,7166.0,7199.0,33.0,0.787
1945,10.18,49.613,227,278,144,218,7173.0,7202.0,29.0,1.574
1945,10.18,49.613,278,328,144,218,7161.0,7196.0,35.0,0.225
1945,10.18,49.613,328,377,144,218,7157.0,7191.0,34.0,-0.225
1945,10.18,49.613,377,428,144,218,7157.0,7191.0,34.0,-0.225
1945,10.18,49.613,428,481,144,218,7154.0,7188.0,34.0,-0.562
1945,10.18,49.613,8,57,372,484,7156.0,7189.0,33.0,-0.337
1945,10.18,49.613,57,106,372,484,7163.0,7195.0,32.0,0.45
1945,10.18,49.613,106,154,372,484,7165.0,7196.0,31.0,0.674
1945,10.18,49.613,154,202,372,484,7160.0,7190.0,30.0,0.112
1945,10.18,49.613,202,250,372,484,7165.0,7200.0,35.0,0.674
1945,10.18,49.613,250,298,372,484,7163.0,7193.0,30.0,0.45
1945,10.18,49.613,298,346,372,484,7154.0,7186.87,32.87,-0.562
1945,10.18,49.613,346,393,372,484,7153.0,7197.0,44.0,-0.674
1945,10.18,49.613,393,439,372,484,7146.0,7173.0,27.0,-1.461
1945,10.18,49.613,439,484,372,484,7141.0,7173.0,32.0,-2.023
1945,10.18,49.613,4,54,484,571,7151.0,7179.0,28.0,-0.899
1945,10.18,49.613,54,101,484,571,7159.0,7186.0,27.0,0.0
1945,10.18,49.613,101,152,484,571,7153.0,7182.0,29.0,-0.674
1945,10.18,49.613,152,201,484,571,7152.0,7180.0,28.0,-0.787
1945,10.18,49.613,201,251,484,571,7162.0,7194.81,32.81,0.337
1945,10.18,49.613,251,300,484,571,7159.0,7191.0,32.0,0.0
1945,10.18,49.613,300,350,484,571,7150.0,7184.0,34.0,-1.012
1945,10.18,49.613,350,398,484,571,7148.0,7177.0,29.0,-1.237
1945,10.18,49.613,398,446,484,571,7147.0,7184.0,37.0,-1.349
1945,10.18,49.613,446,496,484,571,7144.0,7178.0,34.0,-1.686
1950,10.18,49.613,3,49,51,141,7166.0,7199.0,33.0,0.674
1950,10.18,49.613,49,101,51,141,7167.0,7204.0,37.0,0.797
1950,10.18,49.613,101,151,51,141,7172.0,7205.0,33.0,1.41
1950,10.18,49.613,151,199,51,141,7180.0,7214.0,34.0,2.391
1950,10.18,49.613,199,250,51,141,7166.0,7197.0,31.0,0.674
1950,10.18,49.613,250,300,51,141,7164.0,7198.0,34.0,0.429
1950,10.18,49.613,300,347,51,141,7164.0,7195.0,31.0,0.429
1950,10.18,49.613,347,396,51,141,7162.0,7190.0,28.0,0.184
1950,10.18,49.613,396,446,51,141,7157.0,7187.0,30.0,-0.429
1950,10.18,49.613,446,495,51,141,7160.0,7191.0,31.0,-0.061
1950,10.18,49.613,0,46,141,215,7166.0,7194.0,28.0,0.674
1950,10.18,49.613,46,97,141,215,7168.0,7201.0,33.0,0.92
1950,10.18,49.613,97,148,141,215,7170.0,7203.0,33.0,1.165
1950,10.18,49.613,148,198,141,215,7166.0,7197.0,31.0,0.674
1950,10.18,49.613,198,251,141,215,7162.0,7191.15,29.15,0.184
1950,10.18,49.613,251,302,141,215,7167.0,7200.0,33.0,0.797
1950,10.18,49.613,302,352,141,215,7172.0,7204.0,32.0,1.41
1950,10.18,49.613,352,402,141,215,7160.0,7196.0,36.0,-0.061
1950,10.18,49.613,402,452,141,215,7156.0,7191.0,35.0,-0.552
1950,10.18,49.613,452,502,141,215,7159.0,7194.0,35.0,-0.184
1950,10.18,49.613,31,80,375,482,7158.0,7191.0,33.0,-0.307
1950,10.18,49.613,80,129,375,482,7159.0,7190.0,31.0,-0.184
1950,10.18,49.613,129,178,375,482,7165.0,7195.0,30.0,0.552
1950,10.18,49.613,178,225,375,482,7165.0,7194.0,29.0,0.552
1950,10.18,49.613,225,273,375,482,7159.0,7188.0,29.0,-0.184
1950,10.18,49.613,273,322,375,482,7163.0,7196.0,33.0,0.307
1950,10.18,49.613,322,369,375,482,7162.0,7190.0,28.0,0.184
1950,10.18,49.613,369,417,375,482,7152.0,7182.47,30.47,-1.042
1950,10.18,49.613,417,468,375,482,7148.0,7191.0,43.0,-1.533
1950,10.18,49.613,468,506,375,482,7147.0,7171.0,24.0,-1.656
1950,10.18,49.613,22,77,482,569,7147.0,7179.0,32.0,-1.656
1950,10.18,49.613,77,124,482,569,7153.0,7183.0,30.0,-0.92
1950,10.18,49.613,124,175,482,569,7158.0,7188.0,30.0,-0.307
1950,10.18,49.613,175,225,482,569,7154.0,7185.0,31.0,-0.797
1950,10.18,49.613,225,275,482,569,7150.0,7181.23,31.23,-1.288
1950,10.18,49.613,275,324,482,569,7161.0,7194.0,33.0,0.061
1950,10.18,49.613,324,374,482,569,7156.0,7188.0,32.0,-0.552
1950,10.18,49.613,374,421,482,569,7147.0,7179.0,32.0,-1.656
1950,10.18,49.613,421,471,482,569,7144.0,7174.0,30.0,-2.023
1950,10.18,49.613,471,512,482,569,7143.0,7181.0,38.0,-2.146
1955,10.18,49.613,20,71,52,141,7168.0,7200.0,32.0,0.736
1955,10.18,49.613,71,121,52,141,7174.0,7208.0,34.0,1.472
1955,10.18,49.613,121,172,52,141,7175.0,7211.0,36.0,1.594
1955,10.18,49.613,172,220,52,141,7181.0,7211.0,30.0,2.33
1955,10.18,49.613,220,268,52,141,7177.0,7209.0,32.0,1.84
1955,10.18,49.613,268,321,52,141,7160.0,7191.0,31.0,-0.245
1955,10.18,49.613,321,370,52,141,7162.0,7196.0,34.0,0.0
1955,10.18,49.613,370,419,52,141,7162.0,7195.0,33.0,0.0
1955,10.18,49.613,419,469,52,141,7165.0,7195.0,30.0,0.368
1955,10.18,49.613,469,512,52,141,7162.0,7188.0,26.0,0.0
1955,10.18,49.613,17,66,141,215,7169.0,7195.77,26.77,0.858
1955,10.18,49.613,66,119,141,215,7169.5,7200.0,30.5,0.92
1955,10.18,49.613,119,169,141,215,7173.0,7205.0,32.0,1.349
1955,10.18,49.613,169,220,141,215,7173.0,7204.0,31.0,1.349
1955,10.18,49.613,220,271,141,215,7167.0,7197.0,30.0,0.613
1955,10.18,49.613,271,322,141,215,7162.0,7191.0,29.0,0.0
1955,10.18,49.613,322,374,141,215,7164.0,7196.0,32.0,0.245
1955,10.18,49.613,374,424,141,215,7171.0,7203.0,32.0,1.104
1955,10.18,49.613,424,475,141,215,7160.0,7195.0,35.0,-0.245
1955,10.18,49.613,475,512,141,215,7157.0,7190.0,33.0,-0.613
1955,10.18,49.613,3,52,380,483,7156.0,7185.0,29.0,-0.736
1955,10.18,49.613,52,101,380,483,7159.0,7185.0,26.0,-0.368
1955,10.18,49.613,101,151,380,483,7162.0,7196.0,34.0,0.0
1955,10.18,49.613,151,198,380,483,7163.0,7194.0,31.0,0.123
1955,10.18,49.613,198,246,380,483,7166.0,7196.0,30.0,0.491
1955,10.18,49.613,246,295,380,483,7163.0,7194.0,31.0,0.123
1955,10.18,49.613,295,342,380,483,7159.0,7187.0,28.0,-0.368
1955,10.18,49.613,342,390,380,483,7162.0,7194.0,32.0,0.0
1955,10.18,49.613,390,439,380,483,7158.0,7188.0,30.0,-0.491
1955,10.18,49.613,439,484,380,483,7151.0,7179.0,28.0,-1.349
1955,10.18,49.613,0,48,483,570,7153.0,7179.0,26.0,-1.104
1955,10.18,49.613,48,96,483,570,7155.0,7184.0,29.0,-0.858
1955,10.18,49.613,96,146,483,570,7153.0,7183.0,30.0,-1.104
1955,10.18,49.613,146,197,483,570,7154.0,7186.0,32.0,-0.981
1955,10.18,49.613,197,247,483,570,7159.0,7190.0,31.0,-0.368
1955,10.18,49.613,247,296,483,570,7153.0,7183.0,30.0,-1.104
1955,10.18,49.613,296,346,483,570,7148.0,7179.0,31.0,-1.717
1955,10.18,49.613,346,395,483,570,7158.0,7191.0,33.0,-0.491
1955,10.18,49.613,395,444,483,570,7153.0,7184.0,31.0,-1.104
1955,10.18,49.613,444,493,483,570,7143.0,7176.0,33.0,-2.33
1960,10.18,49.613,0,42,53,142,7150.0,7178.0,28.0,-0.944
1960,10.18,49.613,42,93,53,142,7165.0,7197.0,32.0,0.405
1960,10.18,49.613,93,143,53,142,7173.0,7203.59,30.59,1.124
1960,10.18,49.613,143,192,53,142,7181.0,7215.0,34.0,1.844
1960,10.18,49.613,192,241,53,142,7177.0,7212.0,35.0,1.484
1960,10.18,49.613,241,290,53,142,7174.0,7204.0,30.0,1.214
1960,10.18,49.613,290,339,53,142,7173.0,7207.0,34.0,1.124
1960,10.18,49.613,339,391,53,142,7158.0,7189.0,31.0,-0.225
1960,10.18,49.613,391,442,53,142,7161.0,7193.0,32.0,0.045
1960,10.18,49.613,442,489,53,142,7165.0,7199.0,34.0,0.405
1960,10.18,49.613,0,35,142,217,7151.0,7181.0,30.0,-0.854
1960,10.18,49.613,35,89,142,217,7162.0,7196.0,34.0,0.135
1960,10.18,49.613,89,140,142,217,7171.0,7199.0,28.0,0.944
1960,10.18,49.613,140,191,142,217,7173.0,7202.0,29.0,1.124
1960,10.18,49.613,191,242,142,217,7173.0,7203.0,30.0,1.124
1960,10.18,49.613,242,292,142,217,7173.0,7203.0,30.0,1.124
1960,10.18,49.613,292,343,142,217,7165.0,7196.0,31.0,0.405
1960,10.18,49.613,343,395,142,217,7158.0,7189.0,31.0,-0.225
1960,10.18,49.613,395,446,142,217,7162.0,7195.0,33.0,0.135
1960,10.18,49.613,446,497,142,217,7171.0,7201.0,30.0,0.944
1960,10.18,49.613,23,82,381,485,7143.0,7178.0,35.0,-1.574
1960,10.18,49.613,82,120,381,485,7162.0,7190.0,28.0,0.135
1960,10.18,49.613,120,170,381,485,7160.0,7189.0,29.0,-0.045
1960,10.18,49.613,170,219,381,485,7163.0,7198.0,35.0,0.225
1960,10.18,49.613,219,267,381,485,7160.0,7192.0,32.0,-0.045
1960,10.18,49.613,267,316,381,485,7165.0,7194.0,29.0,0.405
1960,10.18,49.613,316,363,381,485,7162.0,7193.0,31.0,0.135
1960,10.18,49.613,363,411,381,485,7157.0,7186.0,29.0,-0.315
1960,10.18,49.613,411,460,381,485,7158.0,7192.0,34.0,-0.225
1960,10.18,49.613,460,508,381,485,7153.0,7184.0,31.0,-0.674
1960,10.18,49.613,19,68,485,573,7146.0,7172.0,26.0,-1.304
1960,10.18,49.613,68,117,485,573,7154.0,7182.0,28.0,-0.585
1960,10.18,49.613,117,168,485,573,7154.0,7187.0,33.0,-0.585
1960,10.18,49.613,168,218,485,573,7152.0,7182.0,30.0,-0.764
1960,10.18,49.613,218,268,485,573,7153.0,7184.0,31.0,-0.674
1960,10.18,49.613,268,318,485,573,7158.0,7187.0,29.0,-0.225
1960,10.18,49.613,318,368,485,573,7150.0,7180.0,30.0,-0.944
1960,10.18,49.613,368,415,485,573,7145.0,7175.0,30.0,-1.394
1960,10.18,49.613,415,465,485,573,7153.0,7185.0,32.0,-0.674
1960,10.18,49.613,465,512,485,573,7149.0,7178.0,29.0,-1.034
1965,10.18,49.613,15,67,54,144,7160.0,7197.0,37.0,-0.084
1965,10.18,49.613,67,118,54,144,7158.0,7189.0,31.0,-0.253
1965,10.18,49.613,118,170,54,144,7170.0,7204.0,34.0,0.759
1965,10.18,49.613,170,219,54,144,7179.0,7212.0,33.0,1.518
1965,10.18,49.613,219,268,54,144,7177.0,7211.0,34.0,1.349
1965,10.18,49.613,268,316,54,144,7172.0,7209.0,37.0,0.927
1965,10.18,49.613,316,366,54,144,7171.0,7204.0,33.0,0.843
1965,10.18,49.613,366,415,54,144,7172.0,7207.0,35.0,0.927
1965,10.18,49.613,415,470,54,144,7162.0,7195.0,33.0,0.084
1965,10.18,49.613,470,506,54,144,7168.0,7198.0,30.0,0.59
1965,10.18,49.613,12,62,144,218,7159.0,7189.0,30.0,-0.169
1965,10.18,49.613,62,115,144,218,7154.0,7185.0,31.0,-0.59
1965,10.18,49.613,115,168,144,218,7167.0,7201.0,34.0,0.506
1965,10.18,49.613,168,219,144,218,7174.0,7201.0,27.0,1.096
1965,10.18,49.613,219,269,144,218,7176.0,7203.0,27.0,1.265
1965,10.18,49.613,269,320,144,218,7173.0,7205.41,32.41,1.012
1965,10.18,49.613,320,371,144,218,7172.0,7202.0,30.0,0.927
1965,10.18,49.613,371,421,144,218,7165.0,7196.0,31.0,0.337
1965,10.18,49.613,421,474,144,218,7161.0,7191.0,30.0,0.0
1965,10.18,49.613,474,512,144,218,7166.0,7199.0,33.0,0.422
1965,10.18,49.613,0,46,378,487,7158.0,7189.0,31.0,-0.253
1965,10.18,49.613,46,97,378,487,7149.0,7184.0,35.0,-1.012
1965,10.18,49.613,97,150,378,487,7148.0,7181.0,33.0,-1.096
1965,10.18,49.613,150,196,378,487,7163.0,7192.0,29.0,0.169
1965,10.18,49.613,196,245,378,487,7161.0,7190.0,29.0,0.0
1965,10.18,49.613,245,293,378,487,7163.0,7197.0,34.0,0.169
1965,10.18,49.613,293,342,378,487,7159.0,7194.64,35.64,-0.169
1965,10.18,49.613,342,389,378,487,7164.0,7196.0,32.0,0.253
1965,10.18,49.613,389,437,378,487,7161.0,7193.0,32.0,0.0
1965,10.18,49.613,437,490,378,487,7151.0,7183.0,32.0,-0.843
1965,10.18,49.613,0,43,487,576,7152.0,7181.0,29.0,-0.759
1965,10.18,49.613,43,93,487,576,7144.0,7177.0,33.0,-1.433
1965,10.18,49.613,93,145,487,576,7146.0,7178.0,32.0,-1.265
1965,10.18,49.613,145,195,487,576,7156.0,7184.0,28.0,-0.422
1965,10.18,49.613,195,245,487,576,7155.0,7188.0,33.0,-0.506
1965,10.18,49.613,245,295,487,576,7152.0,7182.0,30.0,-0.759
1965,10.18,49.613,295,345,487,576,7152.0,7183.0,31.0,-0.759
1965,10.18,49.613,345,396,487,576,7154.0,7183.0,29.0,-0.59
1965,10.18,49.613,396,444,487,576,7148.0,7176.0,28.0,-1.096
1965,10.18,49.613,444,493,487,576,7141.0,7170.0,29.0,-1.686
1970,10.18,49.613,0,48,52,142,7158.0,7191.93,33.93,-0.225
1970,10.18,49.613,48,101,52,142,7170.0,7204.0,34.0,0.674
1970,10.18,49.613,101,151,52,142,7171.0,7207.0,36.0,0.749
1970,10.18,49.613,151,203,52,142,7166.0,7197.0,31.0,0.375
1970,10.18,49.613,203,252,52,142,7172.0,7206.0,34.0,0.824
1970,10.18,49.613,252,301,52,142,7174.0,7206.0,32.0,0.974
1970,10.18,49.613,301,350,52,142,7175.0,7209.0,34.0,1.049
1970,10.18,49.613,350,401,52,142,7170.0,7208.0,38.0,0.674
1970,10.18,49.613,401,450,52,142,7176.0,7207.0,31.0,1.124
1970,10.18,49.613,450,499,52,142,7176.0,7211.0,35.0,1.124
1970,10.18,49.613,0,44,142,217,7153.0,7189.0,36.0,-0.6
1970,10.18,49.613,44,96,142,217,7162.0,7195.0,33.0,0.075
1970,10.18,49.613,96,148,142,217,7164.0,7198.0,34.0,0.225
1970,10.18,49.613,148,202,142,217,7159.0,7189.0,30.0,-0.15
1970,10.18,49.613,202,254,142,217,7171.0,7202.27,31.27,0.749
1970,10.18,49.613,254,305,142,217,7175.0,7202.0,27.0,1.049
1970,10.18,49.613,305,355,142,217,7176.0,7204.0,28.0,1.124
1970,10.18,49.613,355,406,142,217,7173.0,7204.0,31.0,0.899
1970,10.18,49.613,406,457,142,217,7173.0,7203.0,30.0,0.899
1970,10.18,49.613,457,512,142,217,7169.0,7199.0,30.0,0.6
1970,10.18,49.613,29,79,379,488,7157.0,7194.0,37.0,-0.3
1970,10.18,49.613,79,129,379,488,7160.0,7193.0,33.0,-0.075
1970,10.18,49.613,129,179,379,488,7152.0,7186.0,34.0,-0.674
1970,10.18,49.613,179,226,379,488,7153.0,7184.0,31.0,-0.6
1970,10.18,49.613,226,278,379,488,7157.0,7191.0,34.0,-0.3
1970,10.18,49.613,278,327,379,488,7162.0,7189.0,27.0,0.075
1970,10.18,49.613,327,375,379,488,7162.0,7198.0,36.0,0.075
1970,10.18,49.613,375,423,379,488,7158.0,7193.0,35.0,-0.225
1970,10.18,49.613,423,470,379,488,7161.0,7191.0,30.0,0.0
1970,10.18,49.613,470,512,379,488,7158.0,7189.0,31.0,-0.225
1970,10.18,49.613,25,75,488,577,7152.0,7183.0,31.0,-0.674
1970,10.18,49.613,75,124,488,577,7157.0,7187.0,30.0,-0.3
1970,10.18,49.613,124,178,488,577,7145.0,7178.0,33.0,-1.199
1970,10.18,49.613,178,229,488,577,7149.0,7179.0,30.0,-0.899
1970,10.18,49.613,229,279,488,577,7157.0,7184.33,27.33,-0.3
1970,10.18,49.613,279,330,488,577,7155.0,7185.0,30.0,-0.45
1970,10.18,49.613,330,378,488,577,7152.0,7181.0,29.0,-0.674
1970,10.18,49.613,378,429,488,577,7149.0,7178.0,29.0,-0.899
1970,10.18,49.613,429,480,488,577,7152.0,7180.0,28.0,-0.674
1975,10.18,49.613,0,37,53,139,7164.0,7193.0,29.0,0.253
1975,10.18,49.613,37,91,53,139,7166.0,7200.0,34.0,0.422
1975,10.18,49.613,91,141,53,139,7171.0,7205.0,34.0,0.843
1975,10.18,49.613,141,191,53,139,7180.0,7212.0,32.0,1.602
1975,10.18,49.613,191,241,53,139,7175.0,7210.0,35.0,1.18
1975,10.18,49.613,241,292,53,139,7161.0,7190.0,29.0,0.0
1975,10.18,49.613,292,343,53,139,7168.0,7202.0,34.0,0.59
1975,10.18,49.613,343,391,53,139,7175.0,7206.09,31.09,1.18
1975,10.18,49.613,391,441,53,139,7177.0,7211.0,34.0,1.349
1975,10.18,49.613,441,491,53,139,7173.0,7210.0,37.0,1.012
1975,10.18,49.613,32,86,139,214,7158.0,7188.0,30.0,-0.253
1975,10.18,49.613,86,138,139,214,7159.0,7195.0,36.0,-0.169
1975,10.18,49.613,138,190,139,214,7169.0,7202.0,33.0,0.674
1975,10.18,49.613,190,241,139,214,7167.0,7198.0,31.0,0.506
1975,10.18,49.613,241,295,139,214,7159.0,7190.0,31.0,-0.169
1975,10.18,49.613,295,347,139,214,7169.0,7202.0,33.0,0.674
1975,10.18,49.613,347,397,139,214,7175.5,7205.0,29.5,1.223
1975,10.18,49.613,397,448,139,214,7175.0,7206.0,31.0,1.18
1975,10.18,49.613,448,499,139,214,7177.0,7208.0,31.0,1.349
1975,10.18,49.613,19,68,374,486,7162.0,7193.0,31.0,0.084
1975,10.18,49.613,68,119,374,486,7163.0,7196.0,33.0,0.169
1975,10.18,49.613,119,169,374,486,7162.0,7197.0,35.0,0.084
1975,10.18,49.613,169,218,374,486,7163.0,7196.0,33.0,0.169
1975,10.18,49.613,218,269,374,486,7152.0,7188.0,36.0,-0.759
1975,10.18,49.613,269,315,374,486,7152.0,7182.0,30.0,-0.759
1975,10.18,49.613,315,366,374,486,7158.0,7190.0,32.0,-0.253
1975,10.18,49.613,366,414,374,486,7159.0,7189.0,30.0,-0.169
1975,10.18,49.613,414,462,374,486,7158.0,7193.01,35.01,-0.253
1975,10.18,49.613,462,512,374,486,7152.0,7187.0,35.0,-0.759
1975,10.18,49.613,14,62,486,575,7152.0,7178.0,26.0,-0.759
1975,10.18,49.613,62,116,486,575,7151.0,7183.0,32.0,-0.843
1975,10.18,49.613,116,166,486,575,7156.0,7188.0,32.0,-0.422
1975,10.18,49.613,166,217,486,575,7159.0,7189.0,30.0,-0.169
1975,10.18,49.613,217,269,486,575,7147.0,7180.0,33.0,-1.18
1975,10.18,49.613,269,320,486,575,7148.0,7176.76,28.76,-1.096
1975,10.18,49.613,320,371,486,575,7155.0,7183.0,28.0,-0.506
1975,10.18,49.613,371,420,486,575,7152.0,7183.0,31.0,-0.759
1975,10.18,49.613,420,470,486,575,7147.0,7176.0,29.0,-1.18
1975,10.18,49.613,470,512,486,575,7146.0,7175.0,29.0,-1.265
1980,10.18,49.613,26,80,50,135,7165.0,7203.0,38.0,0.326
1980,10.18,49.613,80,130,50,135,7173.0,7204.0,31.0,1.07
1980,10.18,49.613,130,181,50,135,7174.0,7207.0,33.0,1.163
1980,10.18,49.613,181,230,50,135,7176.0,7209.0,33.0,1.349
1980,10.18,49.613,230,280,50,135,7175.0,7208.0,33.0,1.256
1980,10.18,49.613,280,330,50,135,7168.0,7203.0,35.0,0.605
1980,10.18,49.613,330,383,50,135,7158.0,7188.0,30.0,-0.326
1980,10.18,49.613,383,433,50,135,7168.5,7202.0,33.5,0.651
1980,10.18,49.613,433,483,50,135,7174.0,7207.0,33.0,1.163
1980,10.18,49.613,20,75,135,211,7159.0,7191.9,32.9,-0.233
1980,10.18,49.613,75,127,135,211,7161.0,7196.84,35.84,-0.047
1980,10.18,49.613,127,179,135,211,7163.0,7195.0,32.0,0.14
1980,10.18,49.613,179,231,135,211,7162.0,7197.0,35.0,0.047
1980,10.18,49.613,231,283,135,211,7168.0,7202.0,34.0,0.605
1980,10.18,49.613,283,335,135,211,7165.0,7199.0,34.0,0.326
1980,10.18,49.613,335,387,135,211,7158.0,7190.0,32.0,-0.326
1980,10.18,49.613,387,439,135,211,7167.0,7201.0,34.0,0.512
1980,10.18,49.613,439,490,135,211,7177.0,7206.0,29.0,1.442
1980,10.18,49.613,13,58,371,482,7169.0,7250.0,81.0,0.698
1980,10.18,49.613,58,107,371,482,7164.0,7197.0,33.0,0.233
1980,10.18,49.613,107,156,371,482,7164.0,7196.0,32.0,0.233
1980,10.18,49.613,156,208,371,482,7162.0,7196.0,34.0,0.047
1980,10.18,49.613,208,257,371,482,7162.0,7196.0,34.0,0.047
1980,10.18,49.613,257,307,371,482,7161.0,7192.0,31.0,-0.047
1980,10.18,49.613,307,357,371,482,7152.0,7184.0,32.0,-0.884
1980,10.18,49.613,357,399,371,482,7148.0,7178.0,30.0,-1.256
1980,10.18,49.613,399,453,371,482,7153.0,7185.0,32.0,-0.791
1980,10.18,49.613,453,502,371,482,7153.0,7180.0,27.0,-0.791
1980,10.18,49.613,2,51,482,573,7147.0,7172.56,25.56,-1.349
1980,10.18,49.613,51,103,482,573,7155.0,7182.0,27.0,-0.605
1980,10.18,49.613,103,155,482,573,7151.0,7179.0,28.0,-0.977
1980,10.18,49.613,155,207,482,573,7153.0,7183.0,30.0,-0.791
1980,10.18,49.613,207,258,482,573,7154.0,7187.0,33.0,-0.698
1980,10.18,49.613,258,309,482,573,7156.0,7187.0,31.0,-0.512
1980,10.18,49.613,309,360,482,573,7144.0,7177.0,33.0,-1.628
1980,10.18,49.613,360,410,482,573,7143.0,7170.0,27.0,-1.721
1980,10.18,49.613,410,461,482,573,7149.0,7176.0,27.0,-1.163
1980,10.18,49.613,461,512,482,573,7146.0,7177.0,31.0,-1.442
1985,10.18,49.613,11,64,54,136,7154.0,7187.0,33.0,-0.45
1985,10.18,49.613,64,116,54,136,7158.0,7194.0,36.0,0.0
1985,10.18,49.613,116,167,54,136,7172.0,7209.0,37.0,1.574
1985,10.18,49.613,167,217,54,136,7178.0,7210.0,32.0,2.248
1985,10.18,49.613,217,268,54,136,7172.0,7204.0,32.0,1.574
1985,10.18,49.613,268,316,54,136,7171.0,7202.0,31.0,1.461
1985,10.18,49.613,316,366,54,136,7173.0,7202.0,29.0,1.686
1985,10.18,49.613,366,417,54,136,7165.0,7200.0,35.0,0.787
1985,10.18,49.613,417,467,54,136,7162.0,7190.0,28.0,0.45
1985,10.18,49.613,467,508,54,136,7161.0,7195.0,34.0,0.337
1985,10.18,49.613,7,61,136,213,7148.0,7182.0,34.0,-1.124
1985,10.18,49.613,61,112,136,213,7149.0,7176.0,27.0,-1.012
1985,10.18,49.613,112,164,136,213,7163.0,7194.0,31.0,0.562
1985,10.18,49.613,164,217,136,213,7161.0,7195.0,34.0,0.337
1985,10.18,49.613,217,268,136,213,7163.0,7191.0,28.0,0.562
1985,10.18,49.613,268,320,136,213,7161.0,7196.0,35.0,0.337
1985,10.18,49.613,320,372,136,213,7165.0,7196.0,31.0,0.787
1985,10.18,49.613,372,423,136,213,7162.0,7196.0,34.0,0.45
1985,10.18,49.613,423,475,136,213,7157.0,7188.0,31.0,-0.112
1985,10.18,49.613,475,512,136,213,7164.0,7198.0,34.0,0.674
1985,10.18,49.613,0,43,373,486,7154.0,7181.0,27.0,-0.45
1985,10.18,49.613,43,95,373,486,7154.0,7188.0,34.0,-0.45
1985,10.18,49.613,95,142,373,486,7172.0,7252.0,80.0,1.574
1985,10.18,49.613,142,194,373,486,7161.0,7199.0,38.0,0.337
1985,10.18,49.613,194,244,373,486,7161.0,7194.0,33.0,0.337
1985,10.18,49.613,244,293,373,486,7163.0,7195.0,32.0,0.562
1985,10.18,49.613,293,342,373,486,7161.0,7195.0,34.0,0.337
1985,10.18,49.613,342,392,373,486,7158.0,7191.0,33.0,0.0
1985,10.18,49.613,392,441,373,486,7147.0,7178.0,31.0,-1.237
1985,10.18,49.613,441,476,373,486,7137.0,7172.0,35.0,-2.361
1985,10.18,49.613,476,512,373,486,7131.0,7177.0,46.0,-3.035
1985,10.18,49.613,0,40,486,576,7142.0,7172.0,30.0,-1.799
1985,10.18,49.613,40,90,486,576,7144.0,7169.25,25.25,-1.574
1985,10.18,49.613,90,142,486,576,7146.0,7173.0,27.0,-1.349
1985,10.18,49.613,142,192,486,576,7156.0,7182.0,26.0,-0.225
1985,10.18,49.613,192,244,486,576,7150.0,7178.0,28.0,-0.899
1985,10.18,49.613,244,295,486,576,7152.0,7180.94,28.94,-0.674
1985,10.18,49.613,295,345,486,576,7152.0,7184.0,32.0,-0.674
1985,10.18,49.613,345,396,486,576,7152.0,7183.0,31.0,-0.674
1985,10.18,49.613,396,448,486,576,7137.0,7170.0,33.0,-2.361
1985,10.18,49.613,448,499,486,576,7136.0,7163.0,27.0,-2.473
1990,10.18,49.613,0,49,52,136,7157.0,7184.0,27.0,-0.363
1990,10.18,49.613,49,103,52,136,7165.0,7204.0,39.0,0.467
1990,10.18,49.613,103,154,52,136,7167.0,7204.0,37.0,0.674
1990,10.18,49.613,154,204,52,136,7171.0,7204.0,33.0,1.09
1990,10.18,49.613,204,254,52,136,7177.0,7214.0,37.0,1.712
1990,10.18,49.613,254,304,52,136,7172.0,7205.0,33.0,1.193
1990,10.18,49.613,304,354,52,136,7170.0,7203.0,33.0,0.986
1990,10.18,49.613,354,405,52,136,7168.0,7202.0,34.0,0.778
1990,10.18,49.613,405,455,52,136,7176.0,7207.0,31.0,1.608
1990,10.18,49.613,455,507,52,136,7166.0,7204.44,38.44,0.571
1990,10.18,49.613,0,45,136,212,7153.0,7183.0,30.0,-0.778
1990,10.18,49.613,45,99,136,212,7157.0,7195.0,38.0,-0.363
1990,10.18,49.613,99,151,136,212,7158.0,7191.81,33.81,-0.259
1990,10.18,49.613,151,203,136,212,7155.0,7182.0,27.0,-0.571
1990,10.18,49.613,203,256,136,212,7167.0,7195.0,28.0,0.674
1990,10.18,49.613,256,307,136,212,7164.0,7196.0,32.0,0.363
1990,10.18,49.613,307,359,136,212,7163.0,7193.0,30.0,0.259
1990,10.18,49.613,359,411,136,212,7160.0,7198.0,38.0,-0.052
1990,10.18,49.613,411,463,136,212,7166.0,7198.0,32.0,0.571
1990,10.18,49.613,463,512,136,212,7168.0,7199.0,31.0,0.778
1990,10.18,49.613,30,81,382,486,7153.0,7182.0,29.0,-0.778
1990,10.18,49.613,81,131,382,486,7158.0,7188.0,30.0,-0.259
1990,10.18,49.613,131,177,382,486,7161.0,7193.0,32.0,0.052
1990,10.18,49.613,177,231,382,486,7172.0,7258.0,86.0,1.193
1990,10.18,49.613,231,281,382,486,7164.0,7200.0,36.0,0.363
1990,10.18,49.613,281,330,382,486,7164.0,7195.0,31.0,0.363
1990,10.18,49.613,330,379,382,486,7163.0,7195.0,32.0,0.259
1990,10.18,49.613,379,432,382,486,7154.0,7193.0,39.0,-0.674
1990,10.18,49.613,432,479,382,486,7156.0,7187.0,31.0,-0.467
1990,10.18,49.613,25,74,486,577,7147.0,7178.74,31.74,-1.401
1990,10.18,49.613,74,126,486,577,7148.0,7179.0,31.0,-1.297
1990,10.18,49.613,126,179,486,577,7147.0,7175.0,28.0,-1.401
1990,10.18,49.613,179,231,486,577,7149.0,7176.37,27.37,-1.193
1990,10.18,49.613,231,282,486,577,7157.0,7184.0,27.0,-0.363
1990,10.18,49.613,282,333,486,577,7152.0,7178.0,26.0,-0.882
1990,10.18,49.613,333,383,486,577,7151.0,7178.96,27.96,-0.986
1990,10.18,49.613,383,434,486,577,7148.0,7179.0,31.0,-1.297
1990,10.18,49.613,434,485,486,577,7148.0,7177.0,29.0,-1.297
1995,10.18,49.613,0,35,50,134,7156.0,7187.0,31.0,-0.289
1995,10.18,49.613,35,90,50,134,7165.0,7197.0,32.0,0.578
1995,10.18,49.613,90,141,50,134,7169.0,7199.0,30.0,0.964
1995,10.18,49.613,141,191,50,134,7175.0,7211.0,36.0,1.542
1995,10.18,49.613,191,242,50,134,7173.0,7207.0,34.0,1.349
1995,10.18,49.613,242,291,50,134,7166.0,7199.0,33.0,0.674
1995,10.18,49.613,291,342,50,134,7172.0,7209.0,37.0,1.253
1995,10.18,49.613,342,392,50,134,7171.0,7203.0,32.0,1.156
1995,10.18,49.613,392,444,50,134,7172.0,7205.0,33.0,1.253
1995,10.18,49.613,444,495,50,134,7172.0,7205.0,33.0,1.253
1995,10.18,49.613,31,85,134,211,7153.0,7187.0,34.0,-0.578
1995,10.18,49.613,85,137,134,211,7159.0,7193.0,34.0,0.0
1995,10.18,49.613,137,190,134,211,7162.0,7202.0,40.0,0.289
1995,10.18,49.613,190,242,134,211,7161.0,7192.0,31.0,0.193
1995,10.18,49.613,242,295,134,211,7156.0,7182.0,26.0,-0.289
1995,10.18,49.613,295,347,134,211,7168.0,7197.0,29.0,0.867
1995,10.18,49.613,347,398,134,211,7163.0,7197.0,34.0,0.385
1995,10.18,49.613,398,450,134,211,7164.0,7192.0,28.0,0.482
1995,10.18,49.613,450,504,134,211,7163.0,7202.0,39.0,0.385
1995,10.18,49.613,17,67,380,486,7151.0,7184.0,33.0,-0.771
1995,10.18,49.613,67,118,380,486,7152.0,7187.0,35.0,-0.674
1995,10.18,49.613,118,168,380,486,7157.0,7185.0,28.0,-0.193
1995,10.18,49.613,168,217,380,486,7161.0,7190.0,29.0,0.193
1995,10.18,49.613,217,268,380,486,7159.0,7194.0,35.0,0.0
1995,10.18,49.613,268,318,380,486,7174.0,7257.0,83.0,1.445
1995,10.18,49.613,318,367,380,486,7164.0,7201.0,37.0,0.482
1995,10.18,49.613,367,416,380,486,7162.0,7193.0,31.0,0.289
1995,10.18,49.613,416,470,380,486,7155.0,7191.0,36.0,-0.385
1995,10.18,49.613,470,512,380,486,7159.0,7189.0,30.0,0.0
1995,10.18,49.613,6,63,486,576,7148.0,7184.0,36.0,-1.06
1995,10.18,49.613,63,115,486,576,7146.0,7181.0,35.0,-1.253
1995,10.18,49.613,115,167,486,576,7148.0,7181.0,33.0,-1.06
1995,10.18,49.613,167,218,486,576,7151.0,7181.0,30.0,-0.771
1995,10.18,49.613,218,269,486,576,7150.0,7175.0,25.0,-0.867
1995,10.18,49.613,269,321,486,576,7149.0,7175.0,26.0,-0.964
1995,10.18,49.613,321,371,486,576,7156.0,7181.0,25.0,-0.289
1995,10.18,49.613,371,421,486,576,7148.0,7174.0,26.0,-1.06
1995,10.18,49.613,421,472,486,576,7147.0,7173.0,26.0,-1.156
1995,10.18,49.613,472,512,486,576,7147.0,7175.0,28.0,-1.156
2000,10.18,49.613,19,68,51,138,7166.0,7199.86,33.86,0.899
2000,10.18,49.613,68,120,51,138,7169.0,7206.0,37.0,1.237
2000,10.18,49.613,120,172,51,138,7172.0,7206.0,34.0,1.574
2000,10.18,49.613,172,222,51,138,7176.0,7205.0,29.0,2.023
2000,10.18,49.613,222,273,51,138,7173.0,7210.0,37.0,1.686
2000,10.18,49.613,273,323,51,138,7166.0,7200.0,34.0,0.899
2000,10.18,49.613,323,373,51,138,7162.0,7194.0,32.0,0.45
2000,10.18,49.613,373,424,51,138,7169.0,7208.0,39.0,1.237
2000,10.18,49.613,424,476,51,138,7172.0,7207.0,35.0,1.574
2000,10.18,49.613,476,512,51,138,7170.0,7200.0,30.0,1.349
2000,10.18,49.613,7,62,138,214,7154.0,7184.0,30.0,-0.45
2000,10.18,49.613,62,117,138,214,7157.0,7188.0,31.0,-0.112
2000,10.18,49.613,117,169,138,214,7158.0,7191.0,33.0,0.0
2000,10.18,49.613,169,222,138,214,7161.0,7192.0,31.0,0.337
2000,10.18,49.613,222,274,138,214,7164.0,7198.0,34.0,0.674
2000,10.18,49.613,274,327,138,214,7159.0,7191.0,32.0,0.112
2000,10.18,49.613,327,379,138,214,7153.0,7179.0,26.0,-0.562
2000,10.18,49.613,379,431,138,214,7164.0,7194.0,30.0,0.674
2000,10.18,49.613,431,483,138,214,7163.0,7194.0,31.0,0.562
2000,10.18,49.613,2,48,382,490,7149.0,7180.0,31.0,-1.012
2000,10.18,49.613,48,98,382,490,7154.0,7190.0,36.0,-0.45
2000,10.18,49.613,98,149,382,490,7153.0,7187.0,34.0,-0.562
2000,10.18,49.613,149,199,382,490,7153.0,7189.0,36.0,-0.562
2000,10.18,49.613,199,249,382,490,7155.0,7186.0,31.0,-0.337
2000,10.18,49.613,249,298,382,490,7158.0,7190.0,32.0,0.0
2000,10.18,49.613,298,346,382,490,7159.0,7193.0,34.0,0.112
2000,10.18,49.613,346,398,382,490,7170.0,7255.0,85.0,1.349
2000,10.18,49.613,398,447,382,490,7159.0,7196.0,37.0,0.112
2000,10.18,49.613,447,495,382,490,7156.0,7188.0,32.0,-0.225
2000,10.18,49.613,0,43,490,581,7149.0,7175.0,26.0,-1.012
2000,10.18,49.613,43,92,490,581,7158.0,7187.0,29.0,0.0
2000,10.18,49.613,92,145,490,581,7152.0,7187.0,35.0,-0.674
2000,10.18,49.613,145,197,490,581,7147.0,7184.0,37.0,-1.237
2000,10.18,49.613,197,249,490,581,7148.0,7183.0,35.0,-1.124
2000,10.18,49.613,249,300,490,581,7149.0,7181.0,32.0,-1.012
2000,10.18,49.613,300,352,490,581,7146.0,7173.0,27.0,-1.349
2000,10.18,49.613,352,402,490,581,7145.0,7171.0,26.0,-1.461
2000,10.18,49.613,402,453,490,581,7149.0,7177.0,28.0,-1.012
2000,10.18,49.613,453,505,490,581,7141.0,7168.0,27.0,-1.911
2005,10.18,49.613,0,39,53,138,7160.0,7190.0,30.0,0.225
2005,10.18,49.613,39,94,53,138,7158.0,7190.0,32.0,0.0
2005,10.18,49.613,94,146,53,138,7174.0,7210.0,36.0,1.799
2005,10.18,49.613,146,197,53,138,7177.0,7214.0,37.0,2.136
2005,10.18,49.613,197,248,53,138,7178.0,7209.0,31.0,2.248
2005,10.18,49.613,248,298,53,138,7170.5,7199.0,28.5,1.405
2005,10.18,49.613,298,350,53,138,7170.0,7206.0,36.0,1.349
2005,10.18,49.613,350,400,53,138,7165.0,7200.0,35.0,0.787
2005,10.18,49.613,400,451,53,138,7165.0,7197.0,32.0,0.787
2005,10.18,49.613,451,502,53,138,7172.5,7212.0,39.5,1.63
2005,10.18,49.613,0,36,138,215,7149.0,7177.0,28.0,-1.012
2005,10.18,49.613,36,90,138,215,7152.0,7179.14,27.14,-0.674
2005,10.18,49.613,90,143,138,215,7163.0,7192.0,29.0,0.562
2005,10.18,49.613,143,196,138,215,7163.0,7192.64,29.64,0.562
2005,10.18,49.613,196,248,138,215,7160.0,7190.0,30.0,0.225
2005,10.18,49.613,248,301,138,215,7162.0,7193.0,31.0,0.45
2005,10.18,49.613,301,354,138,215,7163.0,7200.0,37.0,0.562
2005,10.18,49.613,354,406,138,215,7158.0,7190.39,32.39,0.0
2005,10.18,49.613,406,460,138,215,7154.0,7179.0,25.0,-0.45
2005,10.18,49.613,460,512,138,215,7168.0,7195.0,27.0,1.124
2005,10.18,49.613,21,72,381,491,7151.0,7187.0,36.0,-0.787
2005,10.18,49.613,72,121,381,491,7149.0,7187.0,38.0,-1.012
2005,10.18,49.613,121,174,381,491,7156.0,7194.0,38.0,-0.225
2005,10.18,49.613,174,224,381,491,7155.0,7190.0,35.0,-0.337
2005,10.18,49.613,224,274,381,491,7153.0,7188.67,35.67,-0.562
2005,10.18,49.613,274,323,381,491,7157.0,7185.0,28.0,-0.112
2005,10.18,49.613,323,374,381,491,7155.0,7189.0,34.0,-0.337
2005,10.18,49.613,374,423,381,491,7156.0,7191.0,35.0,-0.225
2005,10.18,49.613,423,474,381,491,7166.0,7253.0,87.0,0.899
2005,10.18,49.613,474,512,381,491,7161.0,7192.0,31.0,0.337
2005,10.18,49.613,15,69,491,582,7148.0,7182.0,34.0,-1.124
2005,10.18,49.613,69,118,491,582,7153.0,7180.0,27.0,-0.562
2005,10.18,49.613,118,171,491,582,7159.0,7189.0,30.0,0.112
2005,10.18,49.613,171,223,491,582,7156.0,7189.0,33.0,-0.225
2005,10.18,49.613,223,275,491,582,7147.0,7182.0,35.0,-1.237
2005,10.18,49.613,275,327,491,582,7148.0,7181.0,33.0,-1.124
2005,10.18,49.613,327,379,491,582,7148.0,7179.0,31.0,-1.124
2005,10.18,49.613,379,428,491,582,7146.0,7170.0,24.0,-1.349
2005,10.18,49.613,428,486,491,582,7139.0,7167.0,28.0,-2.136
2010,10.18,49.613,15,63,55,140,7168.0,7203.0,35.0,1.237
2010,10.18,49.613,63,116,55,140,7171.0,7206.0,35.0,1.574
2010,10.18,49.613,116,168,55,140,7164.0,7195.0,31.0,0.787
2010,10.18,49.613,168,220,55,140,7179.0,7216.0,37.0,2.473
2010,10.18,49.613,220,271,55,140,7175.0,7211.72,36.72,2.023
2010,10.18,49.613,271,322,55,140,7172.0,7204.0,32.0,1.686
2010,10.18,49.613,322,373,55,140,7168.0,7197.0,29.0,1.237
2010,10.18,49.613,373,424,55,140,7166.0,7204.0,38.0,1.012
2010,10.18,49.613,424,475,55,140,7168.0,7204.0,36.0,1.237
2010,10.18,49.613,475,512,55,140,7161.0,7194.0,33.0,0.45
2010,10.18,49.613,7,58,140,217,7157.0,7184.0,27.0,0.0
2010,10.18,49.613,58,113,140,217,7156.0,7187.0,31.0,-0.112
2010,10.18,49.613,113,167,140,217,7156.0,7184.0,28.0,-0.112
2010,10.18,49.613,167,220,140,217,7164.0,7190.0,26.0,0.787
2010,10.18,49.613,220,273,140,217,7163.0,7191.0,28.0,0.674
2010,10.18,49.613,273,325,140,217,7160.0,7190.35,30.35,0.337
2010,10.18,49.613,325,377,140,217,7160.0,7192.0,32.0,0.337
2010,10.18,49.613,377,430,140,217,7160.0,7196.0,36.0,0.337
2010,10.18,49.613,430,483,140,217,7159.0,7187.0,28.0,0.225
2010,10.18,49.613,0,44,376,493,7165.0,7253.0,88.0,0.899
2010,10.18,49.613,44,94,376,493,7152.0,7188.0,36.0,-0.562
2010,10.18,49.613,94,145,376,493,7154.0,7191.0,37.0,-0.337
2010,10.18,49.613,145,197,376,493,7148.0,7187.0,39.0,-1.012
2010,10.18,49.613,197,247,376,493,7157.0,7195.0,38.0,0.0
2010,10.18,49.613,247,298,376,493,7152.0,7189.0,37.0,-0.562
2010,10.18,49.613,298,347,376,493,7153.0,7187.93,34.93,-0.45
2010,10.18,49.613,347,397,376,493,7151.0,7183.0,32.0,-0.674
2010,10.18,49.613,397,446,376,493,7151.0,7184.0,33.0,-0.674
2010,10.18,49.613,446,495,376,493,7149.0,7185.0,36.0,-0.899
2010,10.18,49.613,0,39,493,584,7150.0,7179.0,29.0,-0.787
2010,10.18,49.613,39,91,493,584,7154.0,7188.0,34.0,-0.337
2010,10.18,49.613,91,144,493,584,7152.0,7186.0,34.0,-0.562
2010,10.18,49.613,144,195,493,584,7153.0,7182.0,29.0,-0.45
2010,10.18,49.613,195,247,493,584,7159.0,7190.0,31.0,0.225
2010,10.18,49.613,247,299,493,584,7153.0,7188.0,35.0,-0.45
2010,10.18,49.613,299,349,493,584,7146.0,7182.0,36.0,-1.237
2010,10.18,49.613,349,400,493,584,7144.0,7177.0,33.0,-1.461
2010,10.18,49.613,400,452,493,584,7141.0,7174.0,33.0,-1.799
2010,10.18,49.613,452,504,493,584,7138.0,7164.0,26.0,-2.136
2015,10.18,49.613,0,36,53,139,7159.0,7191.0,32.0,-0.193
2015,10.18,49.613,36,88,53,139,7170.0,7202.0,32.0,0.867
2015,10.18,49.613,88,136,53,139,7181.0,7213.0,32.0,1.927
2015,10.18,49.613,136,189,53,139,7179.0,7215.0,36.0,1.734
2015,10.18,49.613,189,241,53,139,7171.0,7202.0,31.0,0.964
2015,10.18,49.613,241,293,53,139,7176.0,7212.0,36.0,1.445
2015,10.18,49.613,293,344,53,139,7173.0,7210.0,37.0,1.156
2015,10.18,49.613,344,395,53,139,7174.0,7206.0,32.0,1.253
2015,10.18,49.613,395,446,53,139,7171.0,7200.0,29.0,0.964
2015,10.18,49.613,446,497,53,139,7175.0,7212.42,37.42,1.349
2015,10.18,49.613,28,82,139,216,7161.0,7189.0,28.0,0.0
2015,10.18,49.613,82,135,139,216,7163.0,7191.0,28.0,0.193
2015,10.18,49.613,135,188,139,216,7163.0,7195.0,32.0,0.193
2015,10.18,49.613,188,241,139,216,7162.0,7186.0,24.0,0.096
2015,10.18,49.613,241,295,139,216,7167.0,7195.06,28.06,0.578
2015,10.18,49.613,295,348,139,216,7164.0,7194.0,30.0,0.289
2015,10.18,49.613,348,400,139,216,7161.0,7193.0,32.0,0.0
2015,10.18,49.613,400,452,139,216,7163.0,7195.0,32.0,0.193
2015,10.18,49.613,452,505,139,216,7166.0,7201.0,35.0,0.482
2015,10.18,49.613,14,65,379,492,7168.0,7258.0,90.0,0.674
2015,10.18,49.613,65,115,379,492,7174.0,7265.0,91.0,1.253
2015,10.18,49.613,115,166,379,492,7157.0,7193.0,36.0,-0.385
2015,10.18,49.613,166,218,379,492,7157.0,7196.71,39.71,-0.385
2015,10.18,49.613,218,269,379,492,7151.0,7190.0,39.0,-0.964
2015,10.18,49.613,269,319,379,492,7161.0,7199.0,38.0,0.0
2015,10.18,49.613,319,369,379,492,7154.0,7191.76,37.76,-0.674
2015,10.18,49.613,369,418,379,492,7152.0,7189.0,37.0,-0.867
2015,10.18,49.613,418,467,379,492,7152.0,7183.0,31.0,-0.867
2015,10.18,49.613,467,502,379,492,7152.0,7184.0,32.0,-0.867
2015,10.18,49.613,9,62,492,583,7153.0,7182.0,29.0,-0.771
2015,10.18,49.613,62,111,492,583,7156.0,7187.0,31.0,-0.482
2015,10.18,49.613,111,164,492,583,7159.0,7193.0,34.0,-0.193
2015,10.18,49.613,164,218,492,583,7154.0,7189.0,35.0,-0.674
2015,10.18,49.613,218,269,492,583,7157.0,7187.0,30.0,-0.385
2015,10.18,49.613,269,321,492,583,7161.0,7192.0,31.0,0.0
2015,10.18,49.613,321,372,492,583,7154.0,7189.0,35.0,-0.674
2015,10.18,49.613,372,423,492,583,7144.0,7182.0,38.0,-1.638
2015,10.18,49.613,423,474,492,583,7143.0,7175.0,32.0,-1.734
2015,10.18,49.613,474,512,492,583,7141.0,7173.0,32.0,-1.927
2020,10.18,49.613,1,56,54,140,7160.0,7195.0,35.0,-0.056
2020,10.18,49.613,56,107,54,140,7173.0,7206.39,33.39,1.405
2020,10.18,49.613,107,159,54,140,7176.0,7209.0,33.0,1.742
2020,10.18,49.613,159,210,54,140,7184.0,7219.0,35.0,2.642
2020,10.18,49.613,210,260,54,140,7181.0,7214.0,33.0,2.305
2020,10.18,49.613,260,315,54,140,7163.0,7196.0,33.0,0.281
2020,10.18,49.613,315,364,54,140,7178.0,7211.0,33.0,1.967
2020,10.18,49.613,364,416,54,140,7171.0,7208.0,37.0,1.18
2020,10.18,49.613,416,467,54,140,7176.0,7210.0,34.0,1.742
2020,10.18,49.613,467,512,54,140,7172.0,7200.0,28.0,1.293
2020,10.18,49.613,0,50,140,218,7156.0,7184.0,28.0,-0.506
2020,10.18,49.613,50,103,140,218,7162.0,7194.0,32.0,0.169
2020,10.18,49.613,103,157,140,218,7164.0,7194.0,30.0,0.393
2020,10.18,49.613,157,209,140,218,7166.0,7193.0,27.0,0.618
2020,10.18,49.613,209,262,140,218,7163.0,7191.0,28.0,0.281
2020,10.18,49.613,262,317,140,218,7159.0,7185.0,26.0,-0.169
2020,10.18,49.613,317,370,140,218,7165.0,7193.0,28.0,0.506
2020,10.18,49.613,370,422,140,218,7162.0,7191.0,29.0,0.169
2020,10.18,49.613,422,474,140,218,7161.0,7191.0,30.0,0.056
2020,10.18,49.613,474,512,140,218,7164.0,7195.0,31.0,0.393
2020,10.18,49.613,30,85,376,494,7153.0,7196.0,43.0,-0.843
2020,10.18,49.613,85,136,376,494,7171.0,7260.0,89.0,1.18
2020,10.18,49.613,136,187,376,494,7172.0,7264.0,92.0,1.293
2020,10.18,49.613,187,237,376,494,7157.0,7194.0,37.0,-0.393
2020,10.18,49.613,237,289,376,494,7155.0,7195.0,40.0,-0.618
2020,10.18,49.613,289,339,376,494,7149.0,7189.0,40.0,-1.293
2020,10.18,49.613,339,389,376,494,7158.0,7195.0,37.0,-0.281
2020,10.18,49.613,389,440,376,494,7151.0,7187.0,36.0,-1.068
2020,10.18,49.613,440,490,376,494,7148.0,7183.0,35.0,-1.405
2020,10.18,49.613,30,83,494,585,7154.0,7184.0,30.0,-0.731
2020,10.18,49.613,83,134,494,585,7156.0,7185.0,29.0,-0.506
2020,10.18,49.613,134,185,494,585,7157.0,7189.0,32.0,-0.393
2020,10.18,49.613,185,237,494,585,7159.0,7193.0,34.0,-0.169
2020,10.18,49.613,237,289,494,585,7154.0,7189.0,35.0,-0.731
2020,10.18,49.613,289,342,494,585,7154.0,7183.0,29.0,-0.731
2020,10.18,49.613,342,392,494,585,7159.0,7188.0,29.0,-0.169
2020,10.18,49.613,392,444,494,585,7151.0,7185.0,34.0,-1.068
2020,10.18,49.613,444,496,494,585,7139.0,7176.0,37.0,-2.417
2025,10.18,49.613,18,73,59,146,7165.0,7201.0,36.0,0.225
2025,10.18,49.613,73,123,59,146,7177.0,7212.0,35.0,1.574
2025,10.18,49.613,123,175,59,146,7180.0,7215.0,35.0,1.911
2025,10.18,49.613,175,226,59,146,7186.0,7221.0,35.0,2.586
2025,10.18,49.613,226,276,59,146,7185.0,7219.83,34.83,2.473
2025,10.18,49.613,276,327,59,146,7180.0,7215.0,35.0,1.911
2025,10.18,49.613,327,382,59,146,7166.0,7200.0,34.0,0.337
2025,10.18,49.613,382,433,59,146,7180.0,7216.0,36.0,1.911
2025,10.18,49.613,433,484,59,146,7180.0,7217.0,37.0,1.911
2025,10.18,49.613,9,65,146,224,7161.0,7189.0,28.0,-0.225
2025,10.18,49.613,65,120,146,224,7165.0,7194.0,29.0,0.225
2025,10.18,49.613,120,173,146,224,7169.0,7203.0,34.0,0.674
2025,10.18,49.613,173,226,146,224,7169.0,7196.0,27.0,0.674
2025,10.18,49.613,226,279,146,224,7170.0,7197.0,27.0,0.787
2025,10.18,49.613,279,332,146,224,7168.0,7196.0,28.0,0.562
2025,10.18,49.613,332,386,146,224,7163.0,7190.0,27.0,0.0
2025,10.18,49.613,386,439,146,224,7168.0,7194.0,26.0,0.562
2025,10.18,49.613,439,491,146,224,7168.0,7195.0,27.0,0.562
2025,10.18,49.613,7,50,381,501,7155.0,7193.0,38.0,-0.899
2025,10.18,49.613,50,101,381,501,7160.0,7201.18,41.18,-0.337
2025,10.18,49.613,101,152,381,501,7162.0,7202.0,40.0,-0.112
2025,10.18,49.613,152,203,381,501,7177.0,7267.0,90.0,1.574
2025,10.18,49.613,203,254,381,501,7175.0,7271.0,96.0,1.349
2025,10.18,49.613,254,303,381,501,7161.0,7196.0,35.0,-0.225
2025,10.18,49.613,303,355,381,501,7157.0,7197.33,40.33,-0.674
2025,10.18,49.613,355,406,381,501,7149.0,7189.0,40.0,-1.574
2025,10.18,49.613,406,454,381,501,7159.0,7194.0,35.0,-0.45
2025,10.18,49.613,454,503,381,501,7151.0,7187.0,36.0,-1.349
2025,10.18,49.613,0,46,501,594,7154.0,7180.0,26.0,-1.012
2025,10.18,49.613,46,96,501,594,7163.0,7191.0,28.0,0.0
2025,10.18,49.613,96,151,501,594,7158.0,7190.0,32.0,-0.562
2025,10.18,49.613,151,202,501,594,7159.0,7190.0,31.0,-0.45
2025,10.18,49.613,202,254,501,594,7160.0,7193.0,33.0,-0.337
2025,10.18,49.613,254,306,501,594,7162.0,7194.0,32.0,-0.112
2025,10.18,49.613,306,359,501,594,7155.0,7189.0,34.0,-0.899
2025,10.18,49.613,359,409,501,594,7154.0,7182.0,28.0,-1.012
2025,10.18,49.613,409,461,501,594,7157.0,7186.0,29.0,-0.674
2025,10.18,49.613,461,512,501,594,7150.0,7183.0,33.0,-1.461
2030,10.18,49.613,30,85,66,155,7164.0,7201.0,37.0,0.052
2030,10.18,49.613,85,135,66,155,7175.0,7209.0,34.0,1.193
2030,10.18,49.613,135,190,66,155,7179.0,7216.0,37.0,1.608
2030,10.18,49.613,190,241,66,155,7187.0,7222.0,35.0,2.439
2030,10.18,49.613,241,291,66,155,7182.0,7216.0,34.0,1.92
2030,10.18,49.613,291,342,66,155,7182.0,7218.0,36.0,1.92
2030,10.18,49.613,342,395,66,155,7178.0,7213.0,35.0,1.505
2030,10.18,49.613,395,447,66,155,7170.0,7202.0,32.0,0.674
2030,10.18,49.613,447,499,66,155,7181.0,7216.0,35.0,1.816
2030,10.18,49.613,27,80,155,233,7158.0,7190.0,32.0,-0.571
2030,10.18,49.613,80,135,155,233,7166.0,7196.0,30.0,0.259
2030,10.18,49.613,135,188,155,233,7169.0,7196.0,27.0,0.571
2030,10.18,49.613,188,241,155,233,7170.0,7201.0,31.0,0.674
2030,10.18,49.613,241,295,155,233,7170.0,7196.0,26.0,0.674
2030,10.18,49.613,295,347,155,233,7170.0,7198.89,28.89,0.674
2030,10.18,49.613,347,400,155,233,7165.0,7195.0,30.0,0.156
2030,10.18,49.613,400,454,155,233,7161.0,7187.67,26.67,-0.259
2030,10.18,49.613,454,512,155,233,7166.0,7195.0,29.0,0.259
2030,10.18,49.613,13,66,394,510,7152.0,7189.0,37.0,-1.193
2030,10.18,49.613,66,112,394,510,7153.0,7196.0,43.0,-1.09
2030,10.18,49.613,112,167,394,510,7160.0,7203.0,43.0,-0.363
2030,10.18,49.613,167,218,394,510,7163.0,7202.0,39.0,-0.052
2030,10.18,49.613,218,268,394,510,7178.0,7266.0,88.0,1.505
2030,10.18,49.613,268,319,394,510,7176.0,7270.0,94.0,1.297
2030,10.18,49.613,319,369,394,510,7158.0,7194.0,36.0,-0.571
2030,10.18,49.613,369,419,394,510,7156.0,7194.0,38.0,-0.778
2030,10.18,49.613,419,474,394,510,7143.0,7184.0,41.0,-2.127
2030,10.18,49.613,474,512,394,510,7161.0,7191.0,30.0,-0.259
2030,10.18,49.613,5,62,510,603,7144.0,7178.17,34.17,-2.023
2030,10.18,49.613,62,114,510,603,7156.0,7184.0,28.0,-0.778
2030,10.18,49.613,114,164,510,603,7165.0,7195.0,30.0,0.156
2030,10.18,49.613,164,217,510,603,7159.0,7190.0,31.0,-0.467
2030,10.18,49.613,217,269,510,603,7160.0,7204.0,44.0,-0.363
2030,10.18,49.613,269,320,510,603,7159.0,7192.0,33.0,-0.467
2030,10.18,49.613,320,372,510,603,7159.0,7193.0,34.0,-0.467
2030,10.18,49.613,372,427,510,603,7151.0,7186.0,35.0,-1.297
2030,10.18,49.613,427,477,510,603,7149.0,7176.0,27.0,-1.505
2030,10.18,49.613,477,512,510,603,7155.0,7183.0,28.0,-0.882
2035,10.18,49.613,0,52,74,162,7159.0,7193.0,34.0,-0.253
2035,10.18,49.613,52,100,74,162,7164.0,7194.0,30.0,0.169
2035,10.18,49.613,100,155,74,162,7168.0,7203.0,35.0,0.506
2035,10.18,49.613,155,208,74,162,7177.0,7212.0,35.0,1.265
2035,10.18,49.613,208,259,74,162,7183.0,7216.0,33.0,1.771
2035,10.18,49.613,259,310,74,162,7180.0,7213.0,33.0,1.518
2035,10.18,49.613,310,360,74,162,7177.0,7210.0,33.0,1.265
2035,10.18,49.613,360,413,74,162,7178.0,7213.0,35.0,1.349
2035,10.18,49.613,413,464,74,162,7182.0,7216.0,34.0,1.686
2035,10.18,49.613,464,512,74,162,7171.0,7200.17,29.17,0.759
2035,10.18,49.613,0,42,162,241,7152.0,7186.0,34.0,-0.843
2035,10.18,49.613,42,99,162,241,7154.0,7187.0,33.0,-0.674
2035,10.18,49.613,99,153,162,241,7161.0,7193.0,32.0,-0.084
2035,10.18,49.613,153,207,162,241,7166.0,7195.0,29.0,0.337
2035,10.18,49.613,207,260,162,241,7166.0,7195.0,29.0,0.337
2035,10.18,49.613,260,313,162,241,7168.0,7200.0,32.0,0.506
2035,10.18,49.613,313,367,162,241,7166.0,7196.0,30.0,0.337
2035,10.18,49.613,367,419,162,241,7165.0,7195.0,30.0,0.253
2035,10.18,49.613,419,474,162,241,7162.0,7191.0,29.0,0.0
2035,10.18,49.613,474,512,162,241,7161.0,7186.0,25.0,-0.084
2035,10.18,49.613,31,82,399,516,7157.0,7194.0,37.0,-0.422
2035,10.18,49.613,82,133,399,516,7154.0,7192.0,38.0,-0.674
2035,10.18,49.613,133,185,399,516,7153.0,7199.0,46.0,-0.759
2035,10.18,49.613,185,236,399,516,7162.0,7202.0,40.0,0.0
2035,10.18,49.613,236,287,399,516,7162.0,7200.0,38.0,0.0
2035,10.18,49.613,287,337,399,516,7175.0,7261.0,86.0,1.096
2035,10.18,49.613,337,387,399,516,7172.0,7263.0,91.0,0.843
2035,10.18,49.613,387,438,399,516,7152.0,7188.0,36.0,-0.843
2035,10.18,49.613,438,486,399,516,7153.0,7189.0,36.0,-0.759
2035,10.18,49.613,26,79,516,612,7153.0,7184.0,31.0,-0.759
2035,10.18,49.613,79,129,516,612,7148.0,7182.0,34.0,-1.18
2035,10.18,49.613,129,183,516,612,7156.0,7185.0,29.0,-0.506
2035,10.18,49.613,183,235,516,612,7163.0,7194.0,31.0,0.084
2035,10.18,49.613,235,288,516,612,7158.0,7198.0,40.0,-0.337
2035,10.18,49.613,288,339,516,612,7156.0,7187.0,31.0,-0.506
2035,10.18,49.613,339,391,516,612,7153.0,7186.0,33.0,-0.759
2035,10.18,49.613,391,443,516,612,7153.0,7186.48,33.48,-0.759
2035,10.18,49.613,443,496,516,612,7145.0,7178.0,33.0,-1.433
2040,10.18,49.613,25,77,73,162,7166.0,7198.0,32.0,0.648
2040,10.18,49.613,77,127,73,162,7169.0,7202.0,33.0,0.971
2040,10.18,49.613,127,179,73,162,7164.0,7198.0,34.0,0.432
2040,10.18,49.613,179,233,73,162,7175.0,7211.0,36.0,1.619
2040,10.18,49.613,233,284,73,162,7177.0,7210.0,33.0,1.835
2040,10.18,49.613,284,335,73,162,7177.0,7210.0,33.0,1.835
2040,10.18,49.613,335,386,73,162,7177.0,7210.0,33.0,1.835
2040,10.18,49.613,386,439,73,162,7176.0,7209.0,33.0,1.727
2040,10.18,49.613,439,490,73,162,7182.0,7217.0,35.0,2.374
2040,10.18,49.613,17,71,162,240,7161.0,7191.0,30.0,0.108
2040,10.18,49.613,71,124,162,240,7154.0,7191.0,37.0,-0.648
2040,10.18,49.613,124,177,162,240,7159.0,7189.0,30.0,-0.108
2040,10.18,49.613,177,234,162,240,7158.0,7190.0,32.0,-0.216
2040,10.18,49.613,234,286,162,240,7166.0,7193.0,27.0,0.648
2040,10.18,49.613,286,340,162,240,7165.0,7194.0,29.0,0.54
2040,10.18,49.613,340,392,162,240,7167.0,7200.0,33.0,0.755
2040,10.18,49.613,392,445,162,240,7165.0,7193.0,28.0,0.54
2040,10.18,49.613,445,498,162,240,7166.0,7193.0,27.0,0.648
2040,10.18,49.613,4,55,395,517,7153.0,7190.0,37.0,-0.755
2040,10.18,49.613,55,107,395,517,7156.0,7193.0,37.0,-0.432
2040,10.18,49.613,107,158,395,517,7158.0,7195.0,37.0,-0.216
2040,10.18,49.613,158,209,395,517,7153.5,7193.0,39.5,-0.701
2040,10.18,49.613,209,260,395,517,7153.0,7197.0,44.0,-0.755
2040,10.18,49.613,260,310,395,517,7160.0,7202.0,42.0,0.0
2040,10.18,49.613,310,362,395,517,7160.0,7197.0,37.0,0.0
2040,10.18,49.613,362,412,395,517,7173.0,7259.0,86.0,1.403
2040,10.18,49.613,412,460,395,517,7169.0,7259.0,90.0,0.971
2040,10.18,49.613,460,512,395,517,7147.0,7185.0,38.0,-1.403
2040,10.18,49.613,0,52,517,612,7152.0,7183.0,31.0,-0.863
2040,10.18,49.613,52,101,517,612,7157.0,7184.0,27.0,-0.324
2040,10.18,49.613,101,157,517,612,7154.0,7187.0,33.0,-0.648
2040,10.18,49.613,157,208,517,612,7149.0,7184.0,35.0,-1.187
2040,10.18,49.613,208,261,517,612,7157.0,7199.0,42.0,-0.324
2040,10.18,49.613,261,313,517,612,7162.0,7192.0,30.0,0.216
2040,10.18,49.613,313,364,517,612,7156.0,7187.0,31.0,-0.432
2040,10.18,49.613,364,417,517,612,7152.0,7183.0,31.0,-0.863
2040,10.18,49.613,417,469,517,612,7148.0,7180.0,32.0,-1.295
2040,10.18,49.613,469,512,517,612,7149.0,7180.47,31.47,-1.187
2045,10.18,49.613,0,51,63,155,7161.0,7196.0,35.0,0.061
2045,10.18,49.613,51,103,63,155,7171.0,7211.0,40.0,1.288
2045,10.18,49.613,103,154,63,155,7176.0,7210.0,34.0,1.901
2045,10.18,49.613,154,205,63,155,7174.0,7210.0,36.0,1.656
2045,10.18,49.613,205,257,63,155,7172.0,7208.0,36.0,1.41
2045,10.18,49.613,257,310,63,155,7170.0,7208.0,38.0,1.165
2045,10.18,49.613,310,361,63,155,7173.0,7207.0,34.0,1.533
2045,10.18,49.613,361,414,63,155,7175.0,7209.0,34.0,1.778
2045,10.18,49.613,414,465,63,155,7181.0,7215.0,34.0,2.514
2045,10.18,49.613,465,512,63,155,7180.0,7211.0,31.0,2.391
2045,10.18,49.613,0,43,155,234,7159.0,7189.0,30.0,-0.184
2045,10.18,49.613,43,95,155,234,7159.0,7190.0,31.0,-0.184
2045,10.18,49.613,95,150,155,234,7166.0,7199.0,33.0,0.674
2045,10.18,49.613,150,204,155,234,7158.0,7194.0,36.0,-0.307
2045,10.18,49.613,204,258,155,234,7158.0,7190.0,32.0,-0.307
2045,10.18,49.613,258,314,155,234,7161.0,7190.0,29.0,0.061
2045,10.18,49.613,314,367,155,234,7166.0,7194.0,28.0,0.674
2045,10.18,49.613,367,420,155,234,7166.0,7194.0,28.0,0.674
2045,10.18,49.613,420,473,155,234,7168.0,7198.0,30.0,0.92
2045,10.18,49.613,473,512,155,234,7169.0,7195.0,26.0,1.042
2045,10.18,49.613,25,82,395,512,7172.0,7261.0,89.0,1.41
2045,10.18,49.613,82,133,395,512,7156.0,7195.0,39.0,-0.552
2045,10.18,49.613,133,184,395,512,7160.0,7195.0,35.0,-0.061
2045,10.18,49.613,184,235,395,512,7159.0,7196.0,37.0,-0.184
2045,10.18,49.613,235,286,395,512,7152.0,7193.0,41.0,-1.042
2045,10.18,49.613,286,337,395,512,7153.0,7196.0,43.0,-0.92
2045,10.18,49.613,337,387,395,512,7157.0,7200.0,43.0,-0.429
2045,10.18,49.613,387,439,395,512,7158.0,7196.0,38.0,-0.307
2045,10.18,49.613,439,491,395,512,7170.0,7254.11,84.11,1.165
2045,10.18,49.613,25,78,512,607,7157.0,7188.0,31.0,-0.429
2045,10.18,49.613,78,128,512,607,7159.0,7191.15,32.15,-0.184
2045,10.18,49.613,128,182,512,607,7159.0,7190.0,31.0,-0.184
2045,10.18,49.613,182,235,512,607,7157.0,7189.0,32.0,-0.429
2045,10.18,49.613,235,288,512,607,7150.0,7195.0,45.0,-1.288
2045,10.18,49.613,288,340,512,607,7156.0,7185.0,29.0,-0.552
2045,10.18,49.613,340,391,512,607,7161.0,7190.0,29.0,0.061
2045,10.18,49.613,391,444,512,607,7152.0,7183.0,31.0,-1.042
2045,10.18,49.613,444,496,512,607,7148.0,7179.0,31.0,-1.533
2050,10.18,49.613,23,73,59,145,7168.0,7203.0,35.0,1.042
2050,10.18,49.613,73,126,59,145,7172.0,7209.0,37.0,1.533
2050,10.18,49.613,126,178,59,145,7176.0,7217.0,41.0,2.023
2050,10.18,49.613,178,230,59,145,7182.0,7216.68,34.68,2.759
2050,10.18,49.613,230,281,59,145,7176.0,7210.23,34.23,2.023
2050,10.18,49.613,281,336,59,145,7164.0,7201.0,37.0,0.552
2050,10.18,49.613,336,385,59,145,7171.0,7205.0,34.0,1.41
2050,10.18,49.613,385,439,59,145,7172.0,7207.0,35.0,1.533
2050,10.18,49.613,439,496,59,145,7175.0,7213.0,38.0,1.901
2050,10.18,49.613,14,68,145,227,7164.0,7196.0,32.0,0.552
2050,10.18,49.613,68,122,145,227,7163.0,7194.0,31.0,0.429
2050,10.18,49.613,122,175,145,227,7162.0,7195.0,33.0,0.307
2050,10.18,49.613,175,230,145,227,7164.0,7196.0,32.0,0.552
2050,10.18,49.613,230,283,145,227,7157.0,7191.31,34.31,-0.307
2050,10.18,49.613,283,337,145,227,7159.0,7189.0,30.0,-0.061
2050,10.18,49.613,337,392,145,227,7159.0,7189.0,30.0,-0.061
2050,10.18,49.613,392,446,145,227,7165.0,7192.0,27.0,0.674
2050,10.18,49.613,446,499,145,227,7167.0,7191.0,24.0,0.92
2050,10.18,49.613,2,50,388,506,7147.0,7187.0,40.0,-1.533
2050,10.18,49.613,50,104,388,506,7159.0,7202.0,43.0,-0.061
2050,10.18,49.613,104,157,388,506,7179.0,7267.0,88.0,2.391
2050,10.18,49.613,157,209,388,506,7155.0,7199.0,44.0,-0.552
2050,10.18,49.613,209,260,388,506,7159.0,7196.0,37.0,-0.061
2050,10.18,49.613,260,311,388,506,7158.0,7196.0,38.0,-0.184
2050,10.18,49.613,311,362,388,506,7152.0,7191.35,39.35,-0.92
2050,10.18,49.613,362,412,388,506,7152.0,7194.0,42.0,-0.92
2050,10.18,49.613,412,464,388,506,7149.0,7196.0,47.0,-1.288
2050,10.18,49.613,464,512,388,506,7156.0,7192.0,36.0,-0.429
2050,10.18,49.613,0,50,506,602,7198.0,7441.7,243.7,4.721
2050,10.18,49.613,50,100,506,602,7163.0,7190.0,27.0,0.429
2050,10.18,49.613,100,155,506,602,7159.0,7194.0,35.0,-0.061
2050,10.18,49.613,155,208,506,602,7158.0,7193.0,35.0,-0.184
2050,10.18,49.613,208,261,506,602,7160.0,7191.0,31.0,0.061
2050,10.18,49.613,261,313,506,602,7156.0,7189.0,33.0,-0.429
2050,10.18,49.613,313,367,506,602,7146.0,7183.0,37.0,-1.656
2050,10.18,49.613,367,417,506,602,7152.0,7181.0,29.0,-0.92
2050,10.18,49.613,417,470,506,602,7154.0,7183.0,29.0,-0.674
2050,10.18,49.613,470,512,506,602,7147.0,7177.0,30.0,-1.533
2055,10.18,49.613,0,43,36,144,7160.0,7191.61,31.61,-0.241
2055,10.18,49.613,43,99,36,144,7163.0,7202.0,39.0,0.048
2055,10.18,49.613,99,149,36,144,7176.0,7214.0,38.0,1.301
2055,10.18,49.613,149,201,36,144,7176.0,7215.26,39.26,1.301
2055,10.18,49.613,201,251,36,144,7182.0,7222.0,40.0,1.879
2055,10.18,49.613,251,302,36,144,7178.0,7211.68,33.68,1.494
2055,10.18,49.613,302,355,36,144,7170.0,7207.0,37.0,0.723
2055,10.18,49.613,355,406,36,144,7164.0,7199.0,35.0,0.145
2055,10.18,49.613,406,457,36,144,7171.0,7209.0,38.0,0.819
2055,10.18,49.613,457,507,36,144,7173.0,7209.0,36.0,1.012
2055,10.18,49.613,0,40,144,222,7158.0,7194.0,36.0,-0.434
2055,10.18,49.613,40,92,144,222,7165.0,7197.0,32.0,0.241
2055,10.18,49.613,92,146,144,222,7171.0,7203.0,32.0,0.819
2055,10.18,49.613,146,199,144,222,7169.0,7198.0,29.0,0.626
2055,10.18,49.613,199,252,144,222,7163.0,7195.0,32.0,0.048
2055,10.18,49.613,252,305,144,222,7169.0,7196.0,27.0,0.626
2055,10.18,49.613,305,359,144,222,7159.0,7194.0,35.0,-0.337
2055,10.18,49.613,359,411,144,222,7161.0,7190.0,29.0,-0.145
2055,10.18,49.613,411,467,144,222,7162.0,7190.0,28.0,-0.048
2055,10.18,49.613,467,512,144,222,7172.0,7196.0,24.0,0.915
2055,10.18,49.613,24,77,382,498,7148.0,7190.0,42.0,-1.397
2055,10.18,49.613,77,129,382,498,7151.0,7194.0,43.0,-1.108
2055,10.18,49.613,129,179,382,498,7166.0,7209.36,43.36,0.337
2055,10.18,49.613,179,231,382,498,7180.0,7271.0,91.0,1.686
2055,10.18,49.613,231,282,382,498,7157.0,7199.0,42.0,-0.53
2055,10.18,49.613,282,332,382,498,7161.0,7197.0,36.0,-0.145
2055,10.18,49.613,332,382,382,498,7158.0,7197.0,39.0,-0.434
2055,10.18,49.613,382,431,382,498,7151.0,7191.0,40.0,-1.108
2055,10.18,49.613,431,484,382,498,7147.0,7192.31,45.31,-1.494
2055,10.18,49.613,19,71,498,593,7152.0,7181.0,29.0,-1.012
2055,10.18,49.613,71,124,498,593,7194.0,7460.77,266.77,3.035
2055,10.18,49.613,124,178,498,593,7165.0,7196.0,31.0,0.241
2055,10.18,49.613,178,230,498,593,7162.0,7195.0,33.0,-0.048
2055,10.18,49.613,230,282,498,593,7162.0,7196.0,34.0,-0.048
2055,10.18,49.613,282,334,498,593,7160.0,7190.0,30.0,-0.241
2055,10.18,49.613,334,388,498,593,7154.0,7187.0,33.0,-0.819
2055,10.18,49.613,388,438,498,593,7147.0,7179.0,32.0,-1.494
2055,10.18,49.613,438,490,498,593,7151.0,7178.0,27.0,-1.108
2060,10.18,49.613,8,60,33,141,7159.0,7195.0,36.0,-0.096
2060,10.18,49.613,60,112,33,141,7168.0,7201.0,33.0,0.771
2060,10.18,49.613,112,166,33,141,7167.0,7204.0,37.0,0.674
2060,10.18,49.613,166,217,33,141,7179.0,7218.0,39.0,1.831
2060,10.18,49.613,217,268,33,141,7176.0,7213.0,37.0,1.542
2060,10.18,49.613,268,319,33,141,7172.0,7215.0,43.0,1.156
2060,10.18,49.613,319,366,33,141,7173.0,7208.17,35.17,1.253
2060,10.18,49.613,366,427,33,141,7161.0,7203.0,42.0,0.096
2060,10.18,49.613,427,475,33,141,7166.0,7201.0,35.0,0.578
2060,10.18,49.613,475,512,33,141,7162.0,7202.0,40.0,0.193
2060,10.18,49.613,3,58,141,220,7159.0,7190.0,31.0,-0.096
2060,10.18,49.613,58,111,141,220,7162.0,7197.8,35.8,0.193
2060,10.18,49.613,111,164,141,220,7168.0,7200.0,32.0,0.771
2060,10.18,49.613,164,217,141,220,7172.0,7202.0,30.0,1.156
2060,10.18,49.613,217,270,141,220,7168.0,7196.0,28.0,0.771
2060,10.18,49.613,270,323,141,220,7163.0,7195.0,32.0,0.289
2060,10.18,49.613,323,377,141,220,7166.0,7195.0,29.0,0.578
2060,10.18,49.613,377,429,141,220,7156.0,7190.0,34.0,-0.385
2060,10.18,49.613,429,484,141,220,7159.0,7187.0,28.0,-0.096
2060,10.18,49.613,0,42,379,496,7146.5,7185.0,38.5,-1.301
2060,10.18,49.613,42,92,379,496,7148.0,7189.0,41.0,-1.156
2060,10.18,49.613,92,146,379,496,7148.0,7191.0,43.0,-1.156
2060,10.18,49.613,146,196,379,496,7151.0,7194.0,43.0,-0.867
2060,10.18,49.613,196,247,379,496,7164.0,7204.2,40.2,0.385
2060,10.18,49.613,247,298,379,496,7179.0,7269.0,90.0,1.831
2060,10.18,49.613,298,349,379,496,7156.0,7197.0,41.0,-0.385
2060,10.18,49.613,349,399,379,496,7157.0,7194.0,37.0,-0.289
2060,10.18,49.613,399,445,379,496,7155.0,7191.0,36.0,-0.482
2060,10.18,49.613,445,499,379,496,7142.0,7184.0,42.0,-1.734
2060,10.18,49.613,0,37,496,591,7146.0,7176.0,30.0,-1.349
2060,10.18,49.613,37,90,496,591,7154.0,7189.0,35.0,-0.578
2060,10.18,49.613,90,143,496,591,7153.0,7183.0,30.0,-0.674
2060,10.18,49.613,143,196,496,591,7194.0,7461.09,267.09,3.276
2060,10.18,49.613,196,248,496,591,7167.0,7196.0,29.0,0.674
2060,10.18,49.613,248,300,496,591,7160.0,7193.0,33.0,0.0
2060,10.18,49.613,300,352,496,591,7158.0,7191.0,33.0,-0.193
2060,10.18,49.613,352,406,496,591,7155.0,7186.0,31.0,-0.482
2060,10.18,49.613,406,456,496,591,7151.0,7182.0,31.0,-0.867
2060,10.18,49.613,456,512,496,591,7138.0,7175.0,37.0,-2.12
2065,10.18,49.613,26,77,35,143,7164.0,7199.0,35.0,0.079
2065,10.18,49.613,77,127,35,143,7172.0,7210.0,38.0,0.714
2065,10.18,49.613,127,176,35,143,7173.0,7208.0,35.0,0.794
2065,10.18,49.613,176,229,35,143,7173.0,7211.0,38.0,0.794
2065,10.18,49.613,229,279,35,143,7177.0,7214.0,37.0,1.111
2065,10.18,49.613,279,329,35,143,7171.0,7209.0,38.0,0.635
2065,10.18,49.613,329,382,35,143,7168.0,7213.0,45.0,0.397
2065,10.18,49.613,382,423,35,143,7173.0,7206.0,33.0,0.794
2065,10.18,49.613,423,484,35,143,7164.0,7208.0,44.0,0.079
2065,10.18,49.613,18,71,143,221,7161.0,7192.26,31.26,-0.159
2065,10.18,49.613,71,124,143,221,7168.0,7196.0,28.0,0.397
2065,10.18,49.613,124,176,143,221,7168.0,7203.0,35.0,0.397
2065,10.18,49.613,176,229,143,221,7168.0,7200.0,32.0,0.397
2065,10.18,49.613,229,281,143,221,7173.0,7202.0,29.0,0.794
2065,10.18,49.613,281,334,143,221,7167.0,7195.0,28.0,0.317
2065,10.18,49.613,334,386,143,221,7162.0,7192.89,30.89,-0.079
2065,10.18,49.613,386,438,143,221,7166.0,7193.0,27.0,0.238
2065,10.18,49.613,438,491,143,221,7157.0,7189.33,32.33,-0.476
2065,10.18,49.613,4,56,377,494,7143.0,7182.0,39.0,-1.587
2065,10.18,49.613,56,107,377,494,7147.0,7191.0,44.0,-1.27
2065,10.18,49.613,107,157,377,494,7153.0,7193.0,40.0,-0.794
2065,10.18,49.613,157,208,377,494,7150.5,7194.83,44.33,-0.992
2065,10.18,49.613,208,259,377,494,7151.0,7193.0,42.0,-0.952
2065,10.18,49.613,259,309,377,494,7164.0,7206.0,42.0,0.079
2065,10.18,49.613,309,359,377,494,7178.0,7270.29,92.29,1.19
2065,10.18,49.613,359,408,377,494,7156.0,7195.0,39.0,-0.555
2065,10.18,49.613,408,458,377,494,7153.0,7189.0,36.0,-0.794
2065,10.18,49.613,458,507,377,494,7149.0,7189.0,40.0,-1.111
2065,10.18,49.613,0,52,494,588,7146.0,7178.98,32.98,-1.349
2065,10.18,49.613,52,103,494,588,7154.0,7185.0,31.0,-0.714
2065,10.18,49.613,103,155,494,588,7159.0,7193.0,34.0,-0.317
2065,10.18,49.613,155,208,494,588,7156.0,7185.0,29.0,-0.555
2065,10.18,49.613,208,260,494,588,7196.0,7468.04,272.04,2.619
2065,10.18,49.613,260,312,494,588,7165.0,7194.0,29.0,0.159
2065,10.18,49.613,312,362,494,588,7160.0,7192.0,32.0,-0.238
2065,10.18,49.613,362,414,494,588,7156.0,7190.0,34.0,-0.555
2065,10.18,49.613,414,465,494,588,7153.0,7183.0,30.0,-0.794
2065,10.18,49.613,465,512,494,588,7149.0,7178.0,29.0,-1.111
2070,10.18,49.613,34,86,40,150,7166.0,7201.0,35.0,0.0
2070,10.18,49.613,86,135,40,150,7175.0,7210.0,35.0,0.607
2070,10.18,49.613,135,186,40,150,7177.0,7213.0,36.0,0.742
2070,10.18,49.613,186,236,40,150,7181.0,7217.0,36.0,1.012
2070,10.18,49.613,236,286,40,150,7175.0,7210.0,35.0,0.607
2070,10.18,49.613,286,337,40,150,7177.0,7214.0,37.0,0.742
2070,10.18,49.613,337,389,40,150,7171.0,7211.0,40.0,0.337
2070,10.18,49.613,389,440,40,150,7173.0,7215.0,42.0,0.472
2070,10.18,49.613,440,478,40,150,7179.0,7214.0,35.0,0.877
2070,10.18,49.613,27,79,150,228,7164.0,7200.0,36.0,-0.135
2070,10.18,49.613,79,132,150,228,7167.0,7200.0,33.0,0.067
2070,10.18,49.613,132,184,150,228,7173.0,7202.0,29.0,0.472
2070,10.18,49.613,184,237,150,228,7169.0,7203.0,34.0,0.202
2070,10.18,49.613,237,290,150,228,7171.0,7201.0,30.0,0.337
2070,10.18,49.613,290,342,150,228,7176.0,7207.0,31.0,0.674
2070,10.18,49.613,342,393,150,228,7170.0,7197.0,27.0,0.27
2070,10.18,49.613,393,446,150,228,7164.0,7194.0,30.0,-0.135
2070,10.18,49.613,446,498,150,228,7169.0,7195.0,26.0,0.202
2070,10.18,49.613,13,63,382,500,7148.0,7184.0,36.0,-1.214
2070,10.18,49.613,63,114,382,500,7149.0,7189.0,40.0,-1.147
2070,10.18,49.613,114,164,382,500,7151.0,7195.0,44.0,-1.012
2070,10.18,49.613,164,214,382,500,7155.0,7196.0,41.0,-0.742
2070,10.18,49.613,214,266,382,500,7152.0,7196.0,44.0,-0.944
2070,10.18,49.613,266,317,382,500,7152.0,7196.0,44.0,-0.944
2070,10.18,49.613,317,366,382,500,7166.0,7208.14,42.14,0.0
2070,10.18,49.613,366,414,382,500,7180.0,7270.0,90.0,0.944
2070,10.18,49.613,414,467,382,500,7151.0,7195.0,44.0,-1.012
2070,10.18,49.613,467,512,382,500,7156.0,7190.0,34.0,-0.674
2070,10.18,49.613,2,60,500,594,7146.0,7182.0,36.0,-1.349
2070,10.18,49.613,60,112,500,594,7151.0,7184.0,33.0,-1.012
2070,10.18,49.613,112,162,500,594,7156.0,7189.0,33.0,-0.674
2070,10.18,49.613,162,214,500,594,7161.0,7194.0,33.0,-0.337
2070,10.18,49.613,214,267,500,594,7158.0,7190.0,32.0,-0.54
2070,10.18,49.613,267,319,500,594,7198.0,7469.0,271.0,2.158
2070,10.18,49.613,319,370,500,594,7166.0,7196.0,30.0,0.0
2070,10.18,49.613,370,421,500,594,7158.5,7192.0,33.5,-0.506
2070,10.18,49.613,421,473,500,594,7154.0,7188.0,34.0,-0.809
2070,10.18,49.613,473,512,500,594,7153.0,7183.0,30.0,-0.877
2075,10.18,49.613,2,41,61,157,7163.0,7197.0,34.0,-0.15
2075,10.18,49.613,41,90,61,157,7175.0,7210.7,35.7,0.749
2075,10.18,49.613,90,142,61,157,7173.0,7207.0,34.0,0.6
2075,10.18,49.613,142,192,61,157,7177.0,7212.0,35.0,0.899
2075,10.18,49.613,192,242,61,157,7183.0,7220.23,37.23,1.349
2075,10.18,49.613,242,292,61,157,7177.0,7213.0,36.0,0.899
2075,10.18,49.613,292,343,61,157,7172.0,7207.0,35.0,0.525
2075,10.18,49.613,343,395,61,157,7173.0,7212.0,39.0,0.6
2075,10.18,49.613,395,445,61,157,7171.0,7208.0,37.0,0.45
2075,10.18,49.613,445,496,61,157,7175.0,7219.0,44.0,0.749
2075,10.18,49.613,32,87,157,235,7166.0,7196.0,30.0,0.075
2075,10.18,49.613,87,138,157,235,7169.0,7203.0,34.0,0.3
2075,10.18,49.613,138,191,157,235,7169.0,7201.0,32.0,0.3
2075,10.18,49.613,191,243,157,235,7172.0,7201.0,29.0,0.525
2075,10.18,49.613,243,295,157,235,7170.0,7202.0,32.0,0.375
2075,10.18,49.613,295,347,157,235,7171.0,7201.0,30.0,0.45
2075,10.18,49.613,347,399,157,235,7174.0,7204.0,30.0,0.674
2075,10.18,49.613,399,451,157,235,7168.0,7196.0,28.0,0.225
2075,10.18,49.613,451,504,157,235,7164.0,7193.0,29.0,-0.075
2075,10.18,49.613,20,69,388,506,7159.0,7197.0,38.0,-0.45
2075,10.18,49.613,69,119,388,506,7149.0,7188.0,39.0,-1.199
2075,10.18,49.613,119,171,388,506,7148.0,7190.0,42.0,-1.274
2075,10.18,49.613,171,221,388,506,7151.0,7195.0,44.0,-1.049
2075,10.18,49.613,221,271,388,506,7152.0,7196.0,44.0,-0.974
2075,10.18,49.613,271,322,388,506,7152.0,7195.0,43.0,-0.974
2075,10.18,49.613,322,370,388,506,7152.0,7193.0,41.0,-0.974
2075,10.18,49.613,370,422,388,506,7160.0,7204.88,44.88,-0.375
2075,10.18,49.613,422,468,388,506,7176.0,7265.0,89.0,0.824
2075,10.18,49.613,468,512,388,506,7153.0,7193.0,40.0,-0.899
2075,10.18,49.613,15,62,506,599,7159.0,7184.0,25.0,-0.45
2075,10.18,49.613,62,118,506,599,7149.0,7185.0,36.0,-1.199
2075,10.18,49.613,118,168,506,599,7153.0,7188.0,35.0,-0.899
2075,10.18,49.613,168,220,506,599,7156.0,7189.0,33.0,-0.674
2075,10.18,49.613,220,272,506,599,7162.0,7202.0,40.0,-0.225
2075,10.18,49.613,272,325,506,599,7155.0,7187.0,32.0,-0.749
2075,10.18,49.613,325,375,506,599,7200.0,7467.39,267.39,2.623
2075,10.18,49.613,375,427,506,599,7162.0,7191.0,29.0,-0.225
2075,10.18,49.613,427,478,506,599,7154.0,7187.0,33.0,-0.824
2080,10.18,49.613,13,64,64,155,7162.0,7201.0,39.0,0.067
2080,10.18,49.613,64,117,64,155,7172.0,7212.0,40.0,0.742
2080,10.18,49.613,117,167,64,155,7179.0,7216.0,37.0,1.214
2080,10.18,49.613,167,217,64,155,7178.0,7216.0,38.0,1.147
2080,10.18,49.613,217,268,64,155,7179.0,7217.0,38.0,1.214
2080,10.18,49.613,268,319,64,155,7176.0,7216.0,40.0,1.012
2080,10.18,49.613,319,370,64,155,7171.0,7208.0,37.0,0.674
2080,10.18,49.613,370,420,64,155,7171.0,7206.0,35.0,0.674
2080,10.18,49.613,420,471,64,155,7177.0,7217.0,40.0,1.079
2080,10.18,49.613,471,507,64,155,7173.0,7212.0,39.0,0.809
2080,10.18,49.613,5,59,155,233,7159.0,7188.0,29.0,-0.135
2080,10.18,49.613,59,112,155,233,7167.0,7194.0,27.0,0.405
2080,10.18,49.613,112,165,155,233,7171.0,7201.0,30.0,0.674
2080,10.18,49.613,165,217,155,233,7169.0,7204.0,35.0,0.54
2080,10.18,49.613,217,269,155,233,7168.0,7201.0,33.0,0.472
2080,10.18,49.613,269,322,155,233,7171.0,7201.0,30.0,0.674
2080,10.18,49.613,322,374,155,233,7168.0,7202.0,34.0,0.472
2080,10.18,49.613,374,426,155,233,7170.0,7200.99,30.99,0.607
2080,10.18,49.613,426,481,155,233,7173.0,7202.0,29.0,0.809
2080,10.18,49.613,0,49,385,505,7150.0,7185.0,35.0,-0.742
2080,10.18,49.613,49,94,385,505,7161.0,7196.0,35.0,0.0
2080,10.18,49.613,94,145,385,505,7160.0,7201.0,41.0,-0.067
2080,10.18,49.613,145,196,385,505,7151.0,7191.0,40.0,-0.674
2080,10.18,49.613,196,246,385,505,7151.0,7189.0,38.0,-0.674
2080,10.18,49.613,246,296,385,505,7149.0,7196.0,47.0,-0.809
2080,10.18,49.613,296,345,385,505,7152.0,7194.0,42.0,-0.607
2080,10.18,49.613,345,396,385,505,7148.0,7191.0,43.0,-0.877
2080,10.18,49.613,396,446,385,505,7149.0,7191.0,42.0,-0.809
2080,10.18,49.613,446,494,385,505,7157.0,7193.0,36.0,-0.27
2080,10.18,49.613,0,40,505,599,7143.0,7173.0,30.0,-1.214
2080,10.18,49.613,40,89,505,599,7157.0,7181.0,24.0,-0.27
2080,10.18,49.613,89,143,505,599,7159.0,7190.0,31.0,-0.135
2080,10.18,49.613,143,194,505,599,7155.0,7190.0,35.0,-0.405
2080,10.18,49.613,194,246,505,599,7153.0,7188.0,35.0,-0.54
2080,10.18,49.613,246,297,505,599,7156.0,7190.96,34.96,-0.337
2080,10.18,49.613,297,349,505,599,7159.0,7192.0,33.0,-0.135
2080,10.18,49.613,349,402,505,599,7152.0,7182.0,30.0,-0.607
2080,10.18,49.613,402,453,505,599,7196.0,7453.04,257.04,2.361
2080,10.18,49.613,453,505,505,599,7158.0,7187.0,29.0,-0.202
2085,10.18,49.613,0,46,58,147,7163.0,7196.0,33.0,0.084
2085,10.18,49.613,46,96,58,147,7170.0,7206.0,36.0,0.674
2085,10.18,49.613,96,148,58,147,7173.0,7211.44,38.44,0.927
2085,10.18,49.613,148,198,58,147,7180.0,7217.02,37.02,1.518
2085,10.18,49.613,198,248,58,147,7185.0,7221.0,36.0,1.939
2085,10.18,49.613,248,298,58,147,7176.0,7210.0,34.0,1.18
2085,10.18,49.613,298,349,58,147,7173.0,7209.16,36.16,0.927
2085,10.18,49.613,349,400,58,147,7173.0,7209.89,36.89,0.927
2085,10.18,49.613,400,450,58,147,7171.0,7208.0,37.0,0.759
2085,10.18,49.613,450,500,58,147,7173.0,7209.0,36.0,0.927
2085,10.18,49.613,0,39,147,227,7161.0,7188.0,27.0,-0.084
2085,10.18,49.613,39,90,147,227,7162.0,7188.0,26.0,0.0
2085,10.18,49.613,90,145,147,227,7165.0,7195.0,30.0,0.253
2085,10.18,49.613,145,197,147,227,7171.0,7199.02,28.02,0.759
2085,10.18,49.613,197,249,147,227,7171.0,7202.98,31.98,0.759
2085,10.18,49.613,249,301,147,227,7170.0,7204.0,34.0,0.674
2085,10.18,49.613,301,353,147,227,7169.0,7202.0,33.0,0.59
2085,10.18,49.613,353,405,147,227,7170.0,7199.0,29.0,0.674
2085,10.18,49.613,405,458,147,227,7165.0,7202.0,37.0,0.253
2085,10.18,49.613,458,512,147,227,7170.0,7200.0,30.0,0.674
2085,10.18,49.613,26,75,378,497,7155.0,7199.0,44.0,-0.59
2085,10.18,49.613,75,127,378,497,7155.0,7195.0,40.0,-0.59
2085,10.18,49.613,127,178,378,497,7161.0,7200.0,39.0,-0.084
2085,10.18,49.613,178,235,378,497,7152.0,7206.0,54.0,-0.843
2085,10.18,49.613,235,276,378,497,7156.0,7193.0,37.0,-0.506
2085,10.18,49.613,276,326,378,497,7151.0,7191.0,40.0,-0.927
2085,10.18,49.613,326,375,378,497,7147.0,7194.0,47.0,-1.265
2085,10.18,49.613,375,424,378,497,7148.0,7193.0,45.0,-1.18
2085,10.18,49.613,424,473,378,497,7148.5,7188.0,39.5,-1.138
2085,10.18,49.613,473,512,378,497,7142.0,7188.0,46.0,-1.686
2085,10.18,49.613,22,73,497,590,7149.0,7183.0,34.0,-1.096
2085,10.18,49.613,73,125,497,590,7149.0,7181.0,32.0,-1.096
2085,10.18,49.613,125,175,497,590,7160.0,7185.0,25.0,-0.169
2085,10.18,49.613,175,226,497,590,7164.0,7195.0,31.0,0.169
2085,10.18,49.613,226,278,497,590,7158.0,7192.0,34.0,-0.337
2085,10.18,49.613,278,328,497,590,7155.0,7188.0,33.0,-0.59
2085,10.18,49.613,328,378,497,590,7154.0,7188.0,34.0,-0.674
2085,10.18,49.613,378,430,497,590,7155.0,7189.0,34.0,-0.59
2085,10.18,49.613,430,483,497,590,7149.0,7178.0,29.0,-1.096
2090,10.18,49.613,23,75,50,144,7168.0,7203.0,35.0,0.3
2090,10.18,49.613,75,127,50,144,7178.0,7214.0,36.0,1.049
2090,10.18,49.613,127,177,50,144,7176.0,7211.0,35.0,0.899
2090,10.18,49.613,177,228,50,144,7178.0,7217.0,39.0,1.049
2090,10.18,49.613,228,278,50,144,7178.0,7216.0,38.0,1.049
2090,10.18,49.613,278,328,50,144,7178.0,7216.0,38.0,1.049
2090,10.18,49.613,328,379,50,144,7173.0,7209.0,36.0,0.674
2090,10.18,49.613,379,426,50,144,7174.0,7211.0,37.0,0.749
2090,10.18,49.613,426,480,50,144,7175.0,7216.0,41.0,0.824
2090,10.18,49.613,19,70,144,221,7159.0,7185.0,26.0,-0.375
2090,10.18,49.613,70,122,144,221,7168.0,7196.0,28.0,0.3
2090,10.18,49.613,122,174,144,221,7168.0,7194.0,26.0,0.3
2090,10.18,49.613,174,228,144,221,7169.0,7196.0,27.0,0.375
2090,10.18,49.613,228,281,144,221,7173.0,7201.0,28.0,0.674
2090,10.18,49.613,281,333,144,221,7175.0,7204.0,29.0,0.824
2090,10.18,49.613,333,384,144,221,7171.0,7204.0,33.0,0.525
2090,10.18,49.613,384,436,144,221,7170.0,7201.0,31.0,0.45
2090,10.18,49.613,436,487,144,221,7175.0,7202.0,27.0,0.824
2090,10.18,49.613,7,57,373,489,7148.0,7185.0,37.0,-1.199
2090,10.18,49.613,57,107,373,489,7161.0,7197.0,36.0,-0.225
2090,10.18,49.613,107,157,373,489,7158.0,7203.0,45.0,-0.45
2090,10.18,49.613,157,207,373,489,7159.0,7197.0,38.0,-0.375
2090,10.18,49.613,207,257,373,489,7166.0,7201.0,35.0,0.15
2090,10.18,49.613,257,307,373,489,7162.0,7206.0,44.0,-0.15
2090,10.18,49.613,307,356,373,489,7154.0,7193.0,39.0,-0.749
2090,10.18,49.613,356,407,373,489,7151.0,7190.0,39.0,-0.974
2090,10.18,49.613,407,448,373,489,7152.0,7193.0,41.0,-0.899
2090,10.18,49.613,448,502,373,489,7143.0,7190.0,47.0,-1.574
2090,10.18,49.613,2,54,489,582,7154.0,7190.0,36.0,-0.749
2090,10.18,49.613,54,105,489,582,7153.0,7184.0,31.0,-0.824
2090,10.18,49.613,105,156,489,582,7156.0,7189.0,33.0,-0.6
2090,10.18,49.613,156,206,489,582,7155.0,7185.49,30.49,-0.674
2090,10.18,49.613,206,258,489,582,7162.0,7188.0,26.0,-0.15
2090,10.18,49.613,258,309,489,582,7166.0,7194.0,28.0,0.15
2090,10.18,49.613,309,359,489,582,7158.0,7191.0,33.0,-0.45
2090,10.18,49.613,359,409,489,582,7154.0,7186.0,32.0,-0.749
2090,10.18,49.613,409,460,489,582,7152.0,7184.0,32.0,-0.899
2090,10.18,49.613,460,512,489,582,7155.0,7185.0,30.0,-0.674
2095,10.18,49.613,14,51,47,139,7153.0,7187.0,34.0,-0.843
2095,10.18,49.613,51,101,47,139,7175.0,7217.0,42.0,1.012
2095,10.18,49.613,101,151,47,139,7179.0,7215.0,36.0,1.349
2095,10.18,49.613,151,201,47,139,7181.0,7217.0,36.0,1.518
2095,10.18,49.613,201,250,47,139,7180.0,7216.0,36.0,1.433
2095,10.18,49.613,250,302,47,139,7171.0,7210.0,39.0,0.674
2095,10.18,49.613,302,353,47,139,7172.0,7211.0,39.0,0.759
2095,10.18,49.613,353,402,47,139,7176.0,7214.0,38.0,1.096
2095,10.18,49.613,402,454,47,139,7171.0,7209.0,38.0,0.674
2095,10.18,49.613,454,504,47,139,7175.0,7213.0,38.0,1.012
2095,10.18,49.613,0,44,139,215,7158.0,7186.0,28.0,-0.422
2095,10.18,49.613,44,95,139,215,7163.0,7190.0,27.0,0.0
2095,10.18,49.613,95,147,139,215,7164.0,7194.0,30.0,0.084
2095,10.18,49.613,147,199,139,215,7171.0,7200.0,29.0,0.674
2095,10.18,49.613,199,251,139,215,7169.0,7194.0,25.0,0.506
2095,10.18,49.613,251,305,139,215,7170.0,7196.0,26.0,0.59
2095,10.18,49.613,305,357,139,215,7172.0,7200.0,28.0,0.759
2095,10.18,49.613,357,408,139,215,7173.0,7203.0,30.0,0.843
2095,10.18,49.613,408,460,139,215,7170.0,7206.0,36.0,0.59
2095,10.18,49.613,460,512,139,215,7171.0,7200.0,29.0,0.674
2095,10.18,49.613,31,78,370,485,7149.0,7193.0,44.0,-1.18
2095,10.18,49.613,78,130,370,485,7152.0,7189.0,37.0,-0.927
2095,10.18,49.613,130,181,370,485,7162.0,7198.0,36.0,-0.084
2095,10.18,49.613,181,231,370,485,7160.0,7203.0,43.0,-0.253
2095,10.18,49.613,231,281,370,485,7159.0,7196.0,37.0,-0.337
2095,10.18,49.613,281,332,370,485,7166.0,7200.0,34.0,0.253
2095,10.18,49.613,332,379,370,485,7163.0,7202.12,39.12,0.0
2095,10.18,49.613,379,427,370,485,7152.0,7190.0,38.0,-0.927
2095,10.18,49.613,427,476,370,485,7148.0,7185.0,37.0,-1.265
2095,10.18,49.613,476,512,370,485,7145.0,7188.0,43.0,-1.518
2095,10.18,49.613,28,79,485,576,7155.0,7187.0,32.0,-0.674
2095,10.18,49.613,79,127,485,576,7161.0,7194.0,33.0,-0.169
2095,10.18,49.613,127,180,485,576,7156.0,7185.0,29.0,-0.59
2095,10.18,49.613,180,231,485,576,7157.0,7189.0,32.0,-0.506
2095,10.18,49.613,231,282,485,576,7153.0,7183.0,30.0,-0.843
2095,10.18,49.613,282,333,485,576,7161.0,7184.0,23.0,-0.169
2095,10.18,49.613,333,382,485,576,7164.0,7191.0,27.0,0.084
2095,10.18,49.613,382,433,485,576,7153.0,7185.0,32.0,-0.843
2095,10.18,49.613,433,485,485,576,7148.0,7181.0,33.0,-1.265
2100,10.18,49.613,11,66,42,135,7153.0,7191.0,38.0,-0.899
2100,10.18,49.613,66,116,42,135,7166.0,7200.0,34.0,0.27
2100,10.18,49.613,116,163,42,135,7179.0,7221.0,42.0,1.439
2100,10.18,49.613,163,215,42,135,7180.0,7216.0,36.0,1.529
2100,10.18,49.613,215,265,42,135,7181.0,7217.0,36.0,1.619
2100,10.18,49.613,265,314,42,135,7176.0,7211.0,35.0,1.169
2100,10.18,49.613,314,365,42,135,7171.0,7209.0,38.0,0.719
2100,10.18,49.613,365,418,42,135,7168.0,7211.0,43.0,0.45
2100,10.18,49.613,418,468,42,135,7178.0,7217.0,39.0,1.349
2100,10.18,49.613,468,512,42,135,7175.0,7207.0,32.0,1.079
2100,10.18,49.613,7,59,135,211,7162.0,7193.0,31.0,-0.09
2100,10.18,49.613,59,110,135,211,7163.0,7193.0,30.0,0.0
2100,10.18,49.613,110,163,135,211,7165.0,7195.0,30.0,0.18
2100,10.18,49.613,163,214,135,211,7167.0,7195.0,28.0,0.36
2100,10.18,49.613,214,266,135,211,7171.0,7198.0,27.0,0.719
2100,10.18,49.613,266,318,135,211,7169.0,7195.0,26.0,0.54
2100,10.18,49.613,318,372,135,211,7169.0,7197.0,28.0,0.54
2100,10.18,49.613,372,423,135,211,7172.0,7201.0,29.0,0.809
2100,10.18,49.613,423,475,135,211,7174.0,7205.0,31.0,0.989
2100,10.18,49.613,475,512,135,211,7172.0,7208.0,36.0,0.809
2100,10.18,49.613,1,46,367,481,7146.0,7179.0,33.0,-1.529
2100,10.18,49.613,46,95,367,481,7154.0,7193.0,39.0,-0.809
2100,10.18,49.613,95,146,367,481,7151.0,7193.26,42.26,-1.079
2100,10.18,49.613,146,195,367,481,7156.0,7189.0,33.0,-0.63
2100,10.18,49.613,195,245,367,481,7163.0,7197.0,34.0,0.0
2100,10.18,49.613,245,295,367,481,7160.0,7203.0,43.0,-0.27
2100,10.18,49.613,295,344,367,481,7160.0,7196.04,36.04,-0.27
2100,10.18,49.613,344,396,367,481,7163.0,7199.0,36.0,0.0
2100,10.18,49.613,396,437,367,481,7165.0,7201.0,36.0,0.18
2100,10.18,49.613,437,490,367,481,7144.0,7185.0,41.0,-1.709
2100,10.18,49.613,1,43,481,572,7145.5,7176.0,30.5,-1.574
2100,10.18,49.613,43,94,481,572,7158.0,7188.0,30.0,-0.45
2100,10.18,49.613,94,144,481,572,7156.0,7187.0,31.0,-0.63
2100,10.18,49.613,144,194,481,572,7162.0,7194.0,32.0,-0.09
2100,10.18,49.613,194,245,481,572,7157.0,7187.0,30.0,-0.54
2100,10.18,49.613,245,297,481,572,7155.0,7187.0,32.0,-0.719
2100,10.18,49.613,297,347,481,572,7153.0,7181.0,28.0,-0.899
2100,10.18,49.613,347,398,481,572,7159.0,7182.0,23.0,-0.36
2100,10.18,49.613,398,448,481,572,7162.0,7188.0,26.0,-0.09
2100,10.18,49.613,448,499,481,572,7151.0,7183.0,32.0,-1.079
2105,10.18,49.613,0,35,35,129,7135.0,7168.0,33.0,-2.192
2105,10.18,49.613,35,89,35,129,7153.0,7190.0,37.0,-0.674
2105,10.18,49.613,89,138,35,129,7171.0,7206.05,35.05,0.843
2105,10.18,49.613,138,188,35,129,7169.0,7204.9,35.9,0.674
2105,10.18,49.613,188,238,35,129,7181.0,7220.04,39.04,1.686
2105,10.18,49.613,238,288,35,129,7176.0,7210.0,34.0,1.265
2105,10.18,49.613,288,337,35,129,7176.0,7210.0,34.0,1.265
2105,10.18,49.613,337,389,35,129,7172.0,7209.0,37.0,0.927
2105,10.18,49.613,389,441,35,129,7170.0,7208.0,38.0,0.759
2105,10.18,49.613,441,492,35,129,7173.0,7212.0,39.0,1.012
2105,10.18,49.613,31,82,129,205,7159.0,7189.0,30.0,-0.169
2105,10.18,49.613,82,135,129,205,7170.0,7201.0,31.0,0.759
2105,10.18,49.613,135,186,129,205,7166.0,7198.0,32.0,0.422
2105,10.18,49.613,186,238,129,205,7167.0,7195.0,28.0,0.506
2105,10.18,49.613,238,290,129,205,7165.0,7195.0,30.0,0.337
2105,10.18,49.613,290,342,129,205,7170.0,7201.0,31.0,0.759
2105,10.18,49.613,342,394,129,205,7167.0,7194.0,27.0,0.506
2105,10.18,49.613,394,446,129,205,7169.0,7198.0,29.0,0.674
2105,10.18,49.613,446,499,129,205,7175.0,7204.0,29.0,1.18
2105,10.18,49.613,17,67,363,475,7138.0,7181.77,43.77,-1.939
2105,10.18,49.613,67,119,363,475,7147.0,7185.0,38.0,-1.18
2105,10.18,49.613,119,169,363,475,7157.0,7199.0,42.0,-0.337
2105,10.18,49.613,169,219,363,475,7152.0,7195.0,43.0,-0.759
2105,10.18,49.613,219,268,363,475,7156.0,7191.0,35.0,-0.422
2105,10.18,49.613,268,318,363,475,7163.0,7197.0,34.0,0.169
2105,10.18,49.613,318,367,363,475,7162.0,7202.77,40.77,0.084
2105,10.18,49.613,367,417,363,475,7157.0,7194.0,37.0,-0.337
2105,10.18,49.613,417,469,363,475,7158.0,7196.0,38.0,-0.253
2105,10.18,49.613,469,512,363,475,7160.0,7197.0,37.0,-0.084
2105,10.18,49.613,13,63,475,566,7143.0,7175.0,32.0,-1.518
2105,10.18,49.613,63,114,475,566,7148.0,7182.0,34.0,-1.096
2105,10.18,49.613,114,167,475,566,7162.0,7195.0,33.0,0.084
2105,10.18,49.613,167,218,475,566,7158.0,7191.0,33.0,-0.253
2105,10.18,49.613,218,269,475,566,7161.0,7195.0,34.0,0.0
2105,10.18,49.613,269,321,475,566,7153.0,7184.0,31.0,-0.674
2105,10.18,49.613,321,371,475,566,7154.0,7185.0,31.0,-0.59
2105,10.18,49.613,371,421,475,566,7149.0,7178.0,29.0,-1.012
2105,10.18,49.613,421,472,475,566,7155.0,7178.0,23.0,-0.506
2105,10.18,49.613,472,512,475,566,7158.0,7185.0,27.0,-0.253
2110,10.18,49.613,20,67,33,131,7144.0,7175.0,31.0,-1.096
2110,10.18,49.613,67,115,33,131,7149.0,7185.0,36.0,-0.674
2110,10.18,49.613,115,165,33,131,7161.0,7199.0,38.0,0.337
2110,10.18,49.613,165,213,33,131,7172.0,7210.0,38.0,1.265
2110,10.18,49.613,213,261,33,131,7170.0,7207.0,37.0,1.096
2110,10.18,49.613,261,309,33,131,7176.0,7218.0,42.0,1.602
2110,10.18,49.613,309,357,33,131,7174.0,7208.0,34.0,1.433
2110,10.18,49.613,357,407,33,131,7173.0,7210.0,37.0,1.349
2110,10.18,49.613,407,455,33,131,7171.0,7208.65,37.65,1.18
2110,10.18,49.613,455,506,33,131,7166.0,7207.0,41.0,0.759
2110,10.18,49.613,13,62,131,205,7154.0,7189.0,35.0,-0.253
2110,10.18,49.613,62,113,131,205,7153.0,7188.0,35.0,-0.337
2110,10.18,49.613,113,163,131,205,7161.0,7192.09,31.09,0.337
2110,10.18,49.613,163,213,131,205,7170.0,7201.0,31.0,1.096
2110,10.18,49.613,213,263,131,205,7165.0,7195.0,30.0,0.674
2110,10.18,49.613,263,313,131,205,7165.0,7195.0,30.0,0.674
2110,10.18,49.613,313,362,131,205,7164.0,7193.0,29.0,0.59
2110,10.18,49.613,362,412,131,205,7168.0,7196.0,28.0,0.927
2110,10.18,49.613,412,461,131,205,7166.0,7192.0,26.0,0.759
2110,10.18,49.613,461,512,131,205,7169.0,7196.0,27.0,1.012
2110,10.18,49.613,1,49,353,465,7142.0,7182.48,40.48,-1.265
2110,10.18,49.613,49,99,353,465,7147.0,7182.74,35.74,-0.843
2110,10.18,49.613,99,147,353,465,7138.0,7183.0,45.0,-1.602
2110,10.18,49.613,147,195,353,465,7147.0,7184.0,37.0,-0.843
2110,10.18,49.613,195,243,353,465,7155.0,7195.0,40.0,-0.169
2110,10.18,49.613,243,290,353,465,7151.0,7194.0,43.0,-0.506
2110,10.18,49.613,290,338,353,465,7153.0,7189.0,36.0,-0.337
2110,10.18,49.613,338,385,353,465,7160.0,7194.0,34.0,0.253
2110,10.18,49.613,385,431,353,465,7157.0,7199.0,42.0,0.0
2110,10.18,49.613,431,477,353,465,7151.0,7188.92,37.92,-0.506
2110,10.18,49.613,477,512,353,465,7151.0,7189.66,38.66,-0.506
2110,10.18,49.613,0,46,465,553,7150.0,7182.49,32.49,-0.59
2110,10.18,49.613,46,92,465,553,7148.0,7183.0,35.0,-0.759
2110,10.18,49.613,92,144,465,553,7142.0,7177.0,35.0,-1.265
2110,10.18,49.613,144,194,465,553,7148.0,7183.0,35.0,-0.759
2110,10.18,49.613,194,243,465,553,7162.0,7193.0,31.0,0.422
2110,10.18,49.613,243,292,465,553,7157.0,7189.0,32.0,0.0
2110,10.18,49.613,292,341,465,553,7159.0,7193.0,34.0,0.169
2110,10.18,49.613,341,389,465,553,7153.0,7180.25,27.25,-0.337
2110,10.18,49.613,389,438,465,553,7149.0,7181.0,32.0,-0.674
2110,10.18,49.613,438,487,465,553,7146.0,7173.0,27.0,-0.927
2115,10.18,49.613,0,43,34,132,7140.5,7169.0,28.5,-1.245
2115,10.18,49.613,43,92,34,132,7147.0,7182.0,35.0,-0.571
2115,10.18,49.613,92,139,34,132,7153.0,7186.0,33.0,0.052
2115,10.18,49.613,139,188,34,132,7150.0,7189.0,39.0,-0.259
2115,10.18,49.613,188,236,34,132,7165.0,7201.0,36.0,1.297
2115,10.18,49.613,236,283,34,132,7169.0,7205.0,36.0,1.712
2115,10.18,49.613,283,331,34,132,7163.0,7199.0,36.0,1.09
2115,10.18,49.613,331,379,34,132,7171.0,7215.03,44.03,1.92
2115,10.18,49.613,379,428,34,132,7169.0,7206.0,37.0,1.712
2115,10.18,49.613,428,506,34,132,7168.0,7209.0,41.0,1.608
2115,10.18,49.613,0,37,132,205,7149.0,7186.0,37.0,-0.363
2115,10.18,49.613,37,86,132,205,7152.0,7188.0,36.0,-0.052
2115,10.18,49.613,86,136,132,205,7159.0,7193.54,34.54,0.674
2115,10.18,49.613,136,186,132,205,7157.0,7190.0,33.0,0.467
2115,10.18,49.613,186,236,132,205,7161.0,7191.0,30.0,0.882
2115,10.18,49.613,236,285,132,205,7169.0,7200.0,31.0,1.712
2115,10.18,49.613,285,335,132,205,7163.0,7193.0,30.0,1.09
2115,10.18,49.613,335,384,132,205,7163.0,7191.0,28.0,1.09
2115,10.18,49.613,384,434,132,205,7160.0,7189.0,29.0,0.778
2115,10.18,49.613,434,484,132,205,7166.0,7195.0,29.0,1.401
2115,10.18,49.613,23,72,357,464,7138.0,7173.47,35.47,-1.505
2115,10.18,49.613,72,118,357,464,7144.0,7185.0,41.0,-0.882
2115,10.18,49.613,118,169,357,464,7148.0,7184.0,36.0,-0.467
2115,10.18,49.613,169,216,357,464,7138.0,7183.0,45.0,-1.505
2115,10.18,49.613,216,265,357,464,7144.0,7181.0,37.0,-0.882
2115,10.18,49.613,265,312,357,464,7154.0,7194.0,40.0,0.156
2115,10.18,49.613,312,359,357,464,7148.0,7191.7,43.7,-0.467
2115,10.18,49.613,359,407,357,464,7149.0,7184.0,35.0,-0.363
2115,10.18,49.613,407,455,357,464,7154.0,7189.0,35.0,0.156
2115,10.18,49.613,455,495,357,464,7156.0,7193.0,37.0,0.363
2115,10.18,49.613,18,68,464,552,7148.0,7182.0,34.0,-0.467
2115,10.18,49.613,68,115,464,552,7151.0,7183.0,32.0,-0.156
2115,10.18,49.613,115,166,464,552,7147.0,7183.0,36.0,-0.571
2115,10.18,49.613,166,217,464,552,7143.0,7177.0,34.0,-0.986
2115,10.18,49.613,217,265,464,552,7147.0,7182.0,35.0,-0.571
2115,10.18,49.613,265,314,464,552,7159.0,7190.0,31.0,0.674
2115,10.18,49.613,314,362,464,552,7152.0,7184.0,32.0,-0.052
2115,10.18,49.613,362,411,464,552,7154.0,7188.0,34.0,0.156
2115,10.18,49.613,411,460,464,552,7146.0,7173.68,27.68,-0.674
2115,10.18,49.613,460,509,464,552,7143.0,7175.0,32.0,-0.986
2120,10.18,49.613,27,75,35,128,7143.0,7179.3,36.3,-0.882
2120,10.18,49.613,75,123,35,128,7152.0,7182.0,30.0,0.052
2120,10.18,49.613,123,170,35,128,7153.0,7188.0,35.0,0.156
2120,10.18,49.613,170,217,35,128,7157.0,7189.0,32.0,0.571
2120,10.18,49.613,217,264,35,128,7151.0,7190.0,39.0,-0.052
2120,10.18,49.613,264,312,35,128,7157.0,7194.0,37.0,0.571
2120,10.18,49.613,312,360,35,128,7162.0,7199.0,37.0,1.09
2120,10.18,49.613,360,408,35,128,7159.0,7196.0,37.0,0.778
2120,10.18,49.613,408,459,35,128,7169.0,7213.0,44.0,1.816
2120,10.18,49.613,459,503,35,128,7170.0,7207.0,37.0,1.92
2120,10.18,49.613,20,69,128,199,7157.0,7194.0,37.0,0.571
2120,10.18,49.613,69,119,128,199,7158.0,7194.0,36.0,0.674
2120,10.18,49.613,119,168,128,199,7157.0,7194.0,37.0,0.571
2120,10.18,49.613,168,217,128,199,7162.0,7194.0,32.0,1.09
2120,10.18,49.613,217,266,128,199,7158.0,7189.0,31.0,0.674
2120,10.18,49.613,266,315,128,199,7160.0,7191.0,31.0,0.882
2120,10.18,49.613,315,364,128,199,7167.0,7198.0,31.0,1.608
2120,10.18,49.613,364,412,128,199,7161.0,7190.0,29.0,0.986
2120,10.18,49.613,412,461,128,199,7162.0,7189.0,27.0,1.09
2120,10.18,49.613,461,510,128,199,7161.0,7191.0,30.0,0.986
2120,10.18,49.613,6,56,350,455,7135.0,7171.24,36.24,-1.712
2120,10.18,49.613,56,104,350,455,7146.0,7179.0,33.0,-0.571
2120,10.18,49.613,104,151,350,455,7142.0,7180.0,38.0,-0.986
2120,10.18,49.613,151,197,350,455,7145.0,7188.0,43.0,-0.674
2120,10.18,49.613,197,244,350,455,7148.0,7185.0,37.0,-0.363
2120,10.18,49.613,244,292,350,455,7136.0,7183.0,47.0,-1.608
2120,10.18,49.613,292,339,350,455,7142.0,7183.0,41.0,-0.986
2120,10.18,49.613,339,397,350,455,7141.0,7192.0,51.0,-1.09
2120,10.18,49.613,397,432,350,455,7146.0,7190.0,44.0,-0.571
2120,10.18,49.613,432,478,350,455,7146.0,7183.0,37.0,-0.571
2120,10.18,49.613,3,52,455,541,7143.0,7177.0,34.0,-0.882
2120,10.18,49.613,52,100,455,541,7148.0,7182.0,34.0,-0.363
2120,10.18,49.613,100,149,455,541,7151.0,7187.0,36.0,-0.052
2120,10.18,49.613,149,197,455,541,7152.0,7187.0,35.0,0.052
2120,10.18,49.613,197,245,455,541,7148.0,7185.0,37.0,-0.363
2120,10.18,49.613,245,294,455,541,7143.0,7178.0,35.0,-0.882
2120,10.18,49.613,294,342,455,541,7144.0,7182.0,38.0,-0.778
2120,10.18,49.613,342,390,455,541,7156.0,7190.0,34.0,0.467
2120,10.18,49.613,390,438,455,541,7149.0,7183.0,34.0,-0.259
2120,10.18,49.613,438,486,455,541,7151.0,7186.0,35.0,-0.052
2125,10.18,49.613,3,50,31,125,7127.0,7158.0,31.0,-2.066
2125,10.18,49.613,50,100,31,125,7141.0,7176.0,35.0,-0.885
2125,10.18,49.613,100,146,31,125,7153.0,7188.0,35.0,0.126
2125,10.18,49.613,146,194,31,125,7155.0,7185.0,30.0,0.295
2125,10.18,49.613,194,240,31,125,7156.0,7191.0,35.0,0.379
2125,10.18,49.613,240,287,31,125,7151.0,7183.0,32.0,-0.042
2125,10.18,49.613,287,334,31,125,7146.0,7184.0,38.0,-0.464
2125,10.18,49.613,334,381,31,125,7156.0,7191.0,35.0,0.379
2125,10.18,49.613,381,428,31,125,7161.0,7197.2,36.2,0.801
2125,10.18,49.613,428,475,31,125,7162.0,7199.0,37.0,0.885
2125,10.18,49.613,475,512,31,125,7165.0,7208.0,43.0,1.138
2125,10.18,49.613,0,46,125,196,7152.0,7183.0,31.0,0.042
2125,10.18,49.613,46,95,125,196,7160.0,7194.0,34.0,0.717
2125,10.18,49.613,95,144,125,196,7163.0,7200.0,37.0,0.97
2125,10.18,49.613,144,192,125,196,7162.0,7199.0,37.0,0.885
2125,10.18,49.613,192,241,125,196,7158.0,7195.0,37.0,0.548
2125,10.18,49.613,241,289,125,196,7163.0,7195.0,32.0,0.97
2125,10.18,49.613,289,337,125,196,7156.0,7190.0,34.0,0.379
2125,10.18,49.613,337,385,125,196,7159.0,7190.73,31.73,0.632
2125,10.18,49.613,385,434,125,196,7165.0,7197.0,32.0,1.138
2125,10.18,49.613,434,482,125,196,7161.0,7190.0,29.0,0.801
2125,10.18,49.613,0,36,344,449,7112.0,7153.0,41.0,-3.33
2125,10.18,49.613,36,83,344,449,7134.0,7166.0,32.0,-1.475
2125,10.18,49.613,83,128,344,449,7141.0,7177.0,36.0,-0.885
2125,10.18,49.613,128,174,344,449,7149.0,7180.0,31.0,-0.211
2125,10.18,49.613,174,221,344,449,7142.0,7179.0,37.0,-0.801
2125,10.18,49.613,221,267,344,449,7144.0,7185.19,41.19,-0.632
2125,10.18,49.613,267,314,344,449,7146.0,7184.0,38.0,-0.464
2125,10.18,49.613,314,361,344,449,7134.0,7181.0,47.0,-1.475
2125,10.18,49.613,361,407,344,449,7139.0,7180.0,41.0,-1.054
2125,10.18,49.613,407,452,344,449,7148.0,7188.0,40.0,-0.295
2125,10.18,49.613,452,499,344,449,7139.0,7184.14,45.14,-1.054
2125,10.18,49.613,28,75,449,533,7140.0,7177.0,37.0,-0.97
2125,10.18,49.613,75,126,449,533,7144.0,7181.0,37.0,-0.632
2125,10.18,49.613,126,172,449,533,7152.0,7185.0,33.0,0.042
2125,10.18,49.613,172,221,449,533,7152.0,7189.0,37.0,0.042
2125,10.18,49.613,221,268,449,533,7152.0,7187.0,35.0,0.042
2125,10.18,49.613,268,316,449,533,7146.0,7183.0,37.0,-0.464
2125,10.18,49.613,316,364,449,533,7141.0,7176.0,35.0,-0.885
2125,10.18,49.613,364,411,449,533,7143.0,7177.0,34.0,-0.717
2125,10.18,49.613,411,459,449,533,7152.0,7184.0,32.0,0.042
2125,10.18,49.613,459,506,449,533,7146.0,7178.0,32.0,-0.464
2130,10.18,49.613,32,76,36,122,7124.0,7162.0,38.0,-1.484
2130,10.18,49.613,76,127,36,122,7134.0,7169.0,35.0,-0.809
2130,10.18,49.613,127,176,36,122,7146.0,7181.0,35.0,0.0
2130,10.18,49.613,176,222,36,122,7158.0,7189.0,31.0,0.809
2130,10.18,49.613,222,270,36,122,7153.0,7185.0,32.0,0.472
2130,10.18,49.613,270,316,36,122,7150.0,7187.0,37.0,0.27
2130,10.18,49.613,316,365,36,122,7147.0,7180.0,33.0,0.067
2130,10.18,49.613,365,411,36,122,7145.0,7183.0,38.0,-0.067
2130,10.18,49.613,411,459,36,122,7156.0,7193.0,37.0,0.674
2130,10.18,49.613,459,506,36,122,7161.0,7200.0,39.0,1.012
2130,10.18,49.613,25,73,122,193,7142.0,7179.0,37.0,-0.27
2130,10.18,49.613,73,125,122,193,7158.0,7191.0,33.0,0.809
2130,10.18,49.613,125,174,122,193,7164.0,7199.0,35.0,1.214
2130,10.18,49.613,174,223,122,193,7168.0,7202.0,34.0,1.484
2130,10.18,49.613,223,271,122,193,7165.0,7199.0,34.0,1.282
2130,10.18,49.613,271,320,122,193,7157.0,7195.06,38.06,0.742
2130,10.18,49.613,320,368,122,193,7160.0,7194.0,34.0,0.944
2130,10.18,49.613,368,416,122,193,7153.0,7188.0,35.0,0.472
2130,10.18,49.613,416,465,122,193,7159.0,7191.0,32.0,0.877
2130,10.18,49.613,465,512,122,193,7169.0,7199.0,30.0,1.551
2130,10.18,49.613,19,61,344,447,7126.0,7162.0,36.0,-1.349
2130,10.18,49.613,61,108,344,447,7117.0,7156.0,39.0,-1.956
2130,10.18,49.613,108,157,344,447,7136.0,7169.0,33.0,-0.674
2130,10.18,49.613,157,203,344,447,7139.0,7177.0,38.0,-0.472
2130,10.18,49.613,203,250,344,447,7149.0,7182.0,33.0,0.202
2130,10.18,49.613,250,296,344,447,7142.0,7178.0,36.0,-0.27
2130,10.18,49.613,296,343,344,447,7143.0,7186.0,43.0,-0.202
2130,10.18,49.613,343,389,344,447,7144.0,7182.0,38.0,-0.135
2130,10.18,49.613,389,436,344,447,7130.0,7176.0,46.0,-1.079
2130,10.18,49.613,436,477,344,447,7134.0,7176.0,42.0,-0.809
2130,10.18,49.613,477,512,344,447,7132.0,7184.0,52.0,-0.944
2130,10.18,49.613,9,57,447,531,7131.0,7166.0,35.0,-1.012
2130,10.18,49.613,57,105,447,531,7126.0,7168.0,42.0,-1.349
2130,10.18,49.613,105,154,447,531,7142.0,7181.0,39.0,-0.27
2130,10.18,49.613,154,203,447,531,7147.0,7185.66,38.66,0.067
2130,10.18,49.613,203,251,447,531,7151.0,7185.0,34.0,0.337
2130,10.18,49.613,251,298,447,531,7151.0,7189.0,38.0,0.337
2130,10.18,49.613,298,346,447,531,7149.0,7185.0,36.0,0.202
2130,10.18,49.613,346,393,447,531,7144.0,7181.0,37.0,-0.135
2130,10.18,49.613,393,442,447,531,7136.0,7171.0,35.0,-0.674
2130,10.18,49.613,442,490,447,531,7138.0,7173.0,35.0,-0.54
2135,10.18,49.613,18,66,35,121,7119.0,7159.0,40.0,-1.42
2135,10.18,49.613,66,113,35,121,7129.0,7166.0,37.0,-0.71
2135,10.18,49.613,113,158,35,121,7128.0,7167.0,39.0,-0.781
2135,10.18,49.613,158,209,35,121,7132.5,7171.0,38.5,-0.461
2135,10.18,49.613,209,255,35,121,7147.0,7179.0,32.0,0.568
2135,10.18,49.613,255,301,35,121,7149.0,7183.0,34.0,0.71
2135,10.18,49.613,301,348,35,121,7148.0,7180.0,32.0,0.639
2135,10.18,49.613,348,395,35,121,7144.0,7183.0,39.0,0.355
2135,10.18,49.613,395,445,35,121,7144.0,7177.0,33.0,0.355
2135,10.18,49.613,445,490,35,121,7147.0,7184.0,37.0,0.568
2135,10.18,49.613,9,59,121,191,7138.0,7172.0,34.0,-0.071
2135,10.18,49.613,59,108,121,191,7151.0,7182.0,31.0,0.852
2135,10.18,49.613,108,157,121,191,7146.0,7183.0,37.0,0.497
2135,10.18,49.613,157,207,121,191,7159.5,7194.0,34.5,1.455
2135,10.18,49.613,207,256,121,191,7167.0,7199.0,32.0,1.988
2135,10.18,49.613,256,305,121,191,7164.0,7199.0,35.0,1.775
2135,10.18,49.613,305,353,121,191,7159.0,7196.0,37.0,1.42
2135,10.18,49.613,353,401,121,191,7153.0,7190.0,37.0,0.994
2135,10.18,49.613,401,449,121,191,7157.0,7193.0,36.0,1.278
2135,10.18,49.613,449,497,121,191,7153.0,7190.0,37.0,0.994
2135,10.18,49.613,5,51,343,446,7121.0,7159.0,38.0,-1.278
2135,10.18,49.613,51,95,343,446,7121.0,7156.0,35.0,-1.278
2135,10.18,49.613,95,141,343,446,7126.0,7163.0,37.0,-0.923
2135,10.18,49.613,141,187,343,446,7116.0,7157.27,41.27,-1.633
2135,10.18,49.613,187,234,343,446,7133.0,7166.0,33.0,-0.426
2135,10.18,49.613,234,282,343,446,7134.0,7176.0,42.0,-0.355
2135,10.18,49.613,282,328,343,446,7148.0,7178.0,30.0,0.639
2135,10.18,49.613,328,374,343,446,7139.0,7175.0,36.0,0.0
2135,10.18,49.613,374,419,343,446,7139.0,7182.0,43.0,0.0
2135,10.18,49.613,419,465,343,446,7138.0,7177.1,39.1,-0.071
2135,10.18,49.613,465,512,343,446,7126.0,7175.0,49.0,-0.923
2135,10.18,49.613,0,43,446,529,7117.0,7149.0,32.0,-1.562
2135,10.18,49.613,43,90,446,529,7128.0,7169.0,41.0,-0.781
2135,10.18,49.613,90,137,446,529,7133.0,7168.0,35.0,-0.426
2135,10.18,49.613,137,185,446,529,7126.0,7166.8,40.8,-0.923
2135,10.18,49.613,185,236,446,529,7139.0,7178.61,39.61,0.0
2135,10.18,49.613,236,283,446,529,7146.0,7183.0,37.0,0.497
2135,10.18,49.613,283,330,446,529,7148.0,7182.0,34.0,0.639
2135,10.18,49.613,330,377,446,529,7149.0,7184.0,35.0,0.71
2135,10.18,49.613,377,425,446,529,7146.0,7181.0,35.0,0.497
2135,10.18,49.613,425,472,446,529,7137.0,7175.0,38.0,-0.142
2135,10.18,49.613,472,512,446,529,7133.0,7165.0,32.0,-0.426
2140,10.18,49.613,12,47,35,122,7107.0,7143.88,36.88,-2.13
2140,10.18,49.613,47,95,35,122,7118.5,7158.0,39.5,-1.313
2140,10.18,49.613,95,143,35,122,7129.0,7170.0,41.0,-0.568
2140,10.18,49.613,143,188,35,122,7136.0,7170.0,34.0,-0.071
2140,10.18,49.613,188,235,35,122,7131.0,7170.0,39.0,-0.426
2140,10.18,49.613,235,283,35,122,7133.0,7170.0,37.0,-0.284
2140,10.18,49.613,283,329,35,122,7144.0,7178.0,34.0,0.497
2140,10.18,49.613,329,377,35,122,7146.0,7184.0,38.0,0.639
2140,10.18,49.613,377,422,35,122,7148.0,7181.59,33.59,0.781
2140,10.18,49.613,422,470,35,122,7146.0,7186.59,40.59,0.639
2140,10.18,49.613,470,512,35,122,7146.0,7176.56,30.56,0.639
2140,10.18,49.613,0,40,122,192,7120.5,7153.0,32.5,-1.171
2140,10.18,49.613,40,90,122,192,7134.0,7169.0,35.0,-0.213
2140,10.18,49.613,90,137,122,192,7148.0,7179.77,31.77,0.781
2140,10.18,49.613,137,186,122,192,7156.0,7186.0,30.0,1.349
2140,10.18,49.613,186,234,122,192,7150.0,7187.0,37.0,0.923
2140,10.18,49.613,234,285,122,192,7161.0,7194.0,33.0,1.704
2140,10.18,49.613,285,333,122,192,7164.0,7199.0,35.0,1.917
2140,10.18,49.613,333,381,122,192,7162.0,7199.0,37.0,1.775
2140,10.18,49.613,381,429,122,192,7157.0,7195.0,38.0,1.42
2140,10.18,49.613,429,476,122,192,7154.0,7191.0,37.0,1.207
2140,10.18,49.613,476,512,122,192,7158.0,7194.0,36.0,1.491
2140,10.18,49.613,31,80,341,445,7104.0,7144.0,40.0,-2.343
2140,10.18,49.613,80,123,341,445,7126.0,7163.0,37.0,-0.781
2140,10.18,49.613,123,171,341,445,7119.0,7158.0,39.0,-1.278
2140,10.18,49.613,171,216,341,445,7127.0,7164.0,37.0,-0.71
2140,10.18,49.613,216,262,341,445,7116.0,7157.0,41.0,-1.491
2140,10.18,49.613,262,309,341,445,7132.0,7169.0,37.0,-0.355
2140,10.18,49.613,309,357,341,445,7132.0,7174.0,42.0,-0.355
2140,10.18,49.613,357,401,341,445,7146.0,7176.0,30.0,0.639
2140,10.18,49.613,401,445,341,445,7137.0,7173.0,36.0,0.0
2140,10.18,49.613,445,487,341,445,7137.0,7179.0,42.0,0.0
2140,10.18,49.613,26,73,445,526,7112.0,7151.0,39.0,-1.775
2140,10.18,49.613,73,120,445,526,7121.0,7155.0,34.0,-1.136
2140,10.18,49.613,120,167,445,526,7131.0,7171.0,40.0,-0.426
2140,10.18,49.613,167,215,445,526,7135.0,7171.0,36.0,-0.142
2140,10.18,49.613,215,262,445,526,7126.0,7168.0,42.0,-0.781
2140,10.18,49.613,262,311,445,526,7139.0,7178.0,39.0,0.142
2140,10.18,49.613,311,358,445,526,7144.0,7179.0,35.0,0.497
2140,10.18,49.613,358,405,445,526,7146.0,7179.0,33.0,0.639
2140,10.18,49.613,405,452,445,526,7144.0,7179.0,35.0,0.497
2140,10.18,49.613,452,499,445,526,7141.0,7175.0,34.0,0.284
2145,10.18,49.613,23,73,28,121,7099.0,7142.0,43.0,-2.473
2145,10.18,49.613,73,121,28,121,7114.0,7153.09,39.09,-1.349
2145,10.18,49.613,121,168,28,121,7123.0,7165.0,42.0,-0.674
2145,10.18,49.613,168,215,28,121,7132.0,7175.0,43.0,0.0
2145,10.18,49.613,215,261,28,121,7133.0,7173.0,40.0,0.075
2145,10.18,49.613,261,309,28,121,7127.0,7168.0,41.0,-0.375
2145,10.18,49.613,309,355,28,121,7133.0,7168.0,35.0,0.075
2145,10.18,49.613,355,403,28,121,7140.0,7178.0,38.0,0.6
2145,10.18,49.613,403,450,28,121,7147.0,7184.0,37.0,1.124
2145,10.18,49.613,450,498,28,121,7146.0,7182.0,36.0,1.049
2145,10.18,49.613,19,69,121,191,7107.0,7144.0,37.0,-1.874
2145,10.18,49.613,69,117,121,191,7127.0,7159.0,32.0,-0.375
2145,10.18,49.613,117,166,121,191,7140.0,7174.0,34.0,0.6
2145,10.18,49.613,166,214,121,191,7152.0,7184.0,32.0,1.499
2145,10.18,49.613,214,263,121,191,7160.0,7189.0,29.0,2.098
2145,10.18,49.613,263,311,121,191,7149.0,7187.13,38.13,1.274
2145,10.18,49.613,311,360,121,191,7159.0,7193.53,34.53,2.023
2145,10.18,49.613,360,409,121,191,7161.0,7196.62,35.62,2.173
2145,10.18,49.613,409,457,121,191,7162.0,7200.0,38.0,2.248
2145,10.18,49.613,457,505,121,191,7159.0,7197.0,38.0,2.023
2145,10.18,49.613,3,60,340,443,7065.0,7102.0,37.0,-5.021
2145,10.18,49.613,60,104,340,443,7103.0,7138.0,35.0,-2.173
2145,10.18,49.613,104,149,340,443,7109.0,7147.0,38.0,-1.724
2145,10.18,49.613,149,197,340,443,7122.0,7166.0,44.0,-0.749
2145,10.18,49.613,197,243,340,443,7123.0,7159.0,36.0,-0.674
2145,10.18,49.613,243,288,340,443,7128.0,7165.0,37.0,-0.3
2145,10.18,49.613,288,335,340,443,7116.0,7156.0,40.0,-1.199
2145,10.18,49.613,335,382,340,443,7130.0,7165.0,35.0,-0.15
2145,10.18,49.613,382,426,340,443,7134.0,7172.0,38.0,0.15
2145,10.18,49.613,426,469,340,443,7141.0,7172.0,31.0,0.674
2145,10.18,49.613,469,512,340,443,7129.0,7169.0,40.0,-0.225
2145,10.18,49.613,11,50,443,525,7071.0,7108.0,37.0,-4.572
2145,10.18,49.613,50,101,443,525,7100.0,7141.0,41.0,-2.398
2145,10.18,49.613,101,148,443,525,7115.0,7155.0,40.0,-1.274
2145,10.18,49.613,148,195,443,525,7123.0,7157.0,34.0,-0.674
2145,10.18,49.613,195,243,443,525,7132.0,7172.0,40.0,0.0
2145,10.18,49.613,243,290,443,525,7134.0,7170.0,36.0,0.15
2145,10.18,49.613,290,338,443,525,7123.0,7165.0,42.0,-0.674
2145,10.18,49.613,338,386,443,525,7137.0,7175.0,38.0,0.375
2145,10.18,49.613,386,433,443,525,7139.0,7173.0,34.0,0.525
2145,10.18,49.613,433,479,443,525,7141.0,7172.09,31.09,0.674
2150,10.18,49.613,45,98,37,123,7067.0,7107.0,40.0,-3.26
2150,10.18,49.613,98,146,37,123,7106.0,7152.0,46.0,-1.068
2150,10.18,49.613,146,193,37,123,7116.0,7157.0,41.0,-0.506
2150,10.18,49.613,193,240,37,123,7124.0,7168.0,44.0,-0.056
2150,10.18,49.613,240,286,37,123,7129.0,7172.0,43.0,0.225
2150,10.18,49.613,286,333,37,123,7127.0,7169.0,42.0,0.112
2150,10.18,49.613,333,383,37,123,7122.0,7166.0,44.0,-0.169
2150,10.18,49.613,383,427,37,123,7134.0,7168.0,34.0,0.506
2150,10.18,49.613,427,476,37,123,7141.5,7180.19,38.69,0.927
2150,10.18,49.613,476,512,37,123,7145.0,7181.0,36.0,1.124
2150,10.18,49.613,57,93,123,193,7076.5,7107.0,30.5,-2.726
2150,10.18,49.613,93,142,123,193,7111.0,7148.0,37.0,-0.787
2150,10.18,49.613,142,191,123,193,7126.0,7164.0,38.0,0.056
2150,10.18,49.613,191,240,123,193,7142.0,7174.0,32.0,0.956
2150,10.18,49.613,240,288,123,193,7151.0,7182.0,31.0,1.461
2150,10.18,49.613,288,336,123,193,7154.0,7185.0,31.0,1.63
2150,10.18,49.613,336,385,123,193,7143.0,7183.0,40.0,1.012
2150,10.18,49.613,385,435,123,193,7157.0,7191.0,34.0,1.799
2150,10.18,49.613,435,483,123,193,7164.0,7198.0,34.0,2.192
2150,10.18,49.613,78,128,343,445,7067.0,7104.0,37.0,-3.26
2150,10.18,49.613,128,173,343,445,7100.0,7138.0,38.0,-1.405
2150,10.18,49.613,173,222,343,445,7106.0,7146.0,40.0,-1.068
2150,10.18,49.613,222,268,343,445,7123.0,7165.0,42.0,-0.112
2150,10.18,49.613,268,314,343,445,7121.0,7158.0,37.0,-0.225
2150,10.18,49.613,314,358,343,445,7126.0,7162.0,36.0,0.056
2150,10.18,49.613,358,405,343,445,7112.0,7154.0,42.0,-0.731
2150,10.18,49.613,405,453,343,445,7125.0,7161.0,36.0,0.0
2150,10.18,49.613,453,497,343,445,7129.0,7168.0,39.0,0.225
2150,10.18,49.613,78,124,445,528,7066.0,7106.05,40.05,-3.316
2150,10.18,49.613,124,173,445,528,7100.0,7140.0,40.0,-1.405
2150,10.18,49.613,173,220,445,528,7113.0,7153.0,40.0,-0.674
2150,10.18,49.613,220,268,445,528,7119.0,7154.0,35.0,-0.337
2150,10.18,49.613,268,315,445,528,7128.0,7169.0,41.0,0.169
2150,10.18,49.613,315,362,445,528,7131.0,7167.0,36.0,0.337
2150,10.18,49.613,362,409,445,528,7119.0,7162.0,43.0,-0.337
2150,10.18,49.613,409,460,445,528,7131.0,7169.0,38.0,0.337
2150,10.18,49.613,460,505,445,528,7136.0,7170.21,34.21,0.618
2155,10.18,49.613,100,150,39,126,7071.0,7112.0,41.0,-3.621
2155,10.18,49.613,150,197,39,126,7112.0,7155.0,43.0,-0.71
2155,10.18,49.613,197,244,39,126,7118.0,7159.0,41.0,-0.284
2155,10.18,49.613,244,292,39,126,7121.0,7164.0,43.0,-0.071
2155,10.18,49.613,292,339,39,126,7127.0,7172.0,45.0,0.355
2155,10.18,49.613,339,385,39,126,7129.0,7169.0,40.0,0.497
2155,10.18,49.613,385,433,39,126,7125.0,7167.28,42.28,0.213
2155,10.18,49.613,433,480,39,126,7133.0,7171.0,38.0,0.781
2155,10.18,49.613,103,148,126,197,7074.0,7111.0,37.0,-3.408
2155,10.18,49.613,148,197,126,197,7113.0,7150.0,37.0,-0.639
2155,10.18,49.613,197,245,126,197,7129.5,7161.0,31.5,0.532
2155,10.18,49.613,245,294,126,197,7139.0,7173.0,34.0,1.207
2155,10.18,49.613,294,342,126,197,7148.0,7180.0,32.0,1.846
2155,10.18,49.613,342,390,126,197,7153.0,7185.0,32.0,2.201
2155,10.18,49.613,390,438,126,197,7144.0,7181.0,37.0,1.562
2155,10.18,49.613,438,488,126,197,7159.0,7193.0,34.0,2.627
2155,10.18,49.613,132,180,345,449,7067.0,7103.0,36.0,-3.905
2155,10.18,49.613,180,227,345,449,7100.0,7140.54,40.54,-1.562
2155,10.18,49.613,227,273,345,449,7108.0,7148.0,40.0,-0.994
2155,10.18,49.613,273,319,345,449,7123.0,7165.0,42.0,0.071
2155,10.18,49.613,319,364,345,449,7122.0,7158.0,36.0,0.0
2155,10.18,49.613,364,411,345,449,7122.0,7161.0,39.0,0.0
2155,10.18,49.613,411,456,345,449,7111.0,7152.81,41.81,-0.781
2155,10.18,49.613,456,501,345,449,7125.0,7160.0,35.0,0.213
2155,10.18,49.613,134,178,449,532,7068.0,7109.0,41.0,-3.834
2155,10.18,49.613,178,226,449,532,7102.0,7141.0,39.0,-1.42
2155,10.18,49.613,226,273,449,532,7112.0,7153.0,41.0,-0.71
2155,10.18,49.613,273,321,449,532,7118.0,7154.0,36.0,-0.284
2155,10.18,49.613,321,368,449,532,7126.0,7169.0,43.0,0.284
2155,10.18,49.613,368,415,449,532,7128.0,7164.0,36.0,0.426
2155,10.18,49.613,415,463,449,532,7116.0,7158.0,42.0,-0.426
2155,10.18,49.613,463,512,449,532,7130.0,7168.0,38.0,0.568
2160,10.18,49.613,181,228,35,128,7082.0,7124.0,42.0,-3.769
2160,10.18,49.613,228,276,35,128,7117.0,7162.0,45.0,-0.992
2160,10.18,49.613,276,322,35,128,7123.0,7162.0,39.0,-0.516
2160,10.18,49.613,322,370,35,128,7126.5,7169.0,42.5,-0.238
2160,10.18,49.613,370,416,35,128,7133.0,7179.0,46.0,0.278
2160,10.18,49.613,416,464,35,128,7137.0,7180.0,43.0,0.595
2160,10.18,49.613,464,508,35,128,7137.0,7178.0,41.0,0.595
2160,10.18,49.613,181,228,128,199,7083.0,7124.0,41.0,-3.69
2160,10.18,49.613,228,277,128,199,7124.0,7158.0,34.0,-0.436
2160,10.18,49.613,277,325,128,199,7137.0,7169.71,32.71,0.595
2160,10.18,49.613,325,373,128,199,7148.0,7179.0,31.0,1.468
2160,10.18,49.613,373,422,128,199,7155.0,7186.0,31.0,2.023
2160,10.18,49.613,422,470,128,199,7164.0,7193.0,29.0,2.738
2160,10.18,49.613,470,512,128,199,7159.0,7196.0,37.0,2.341
2160,10.18,49.613,211,256,347,451,7078.0,7116.0,38.0,-4.087
2160,10.18,49.613,256,303,347,451,7113.0,7151.0,38.0,-1.309
2160,10.18,49.613,303,348,347,451,7116.0,7157.0,41.0,-1.071
2160,10.18,49.613,348,395,347,451,7131.0,7175.0,44.0,0.119
2160,10.18,49.613,395,440,347,451,7130.0,7165.75,35.75,0.04
2160,10.18,49.613,440,486,347,451,7132.0,7170.12,38.12,0.198
2160,10.18,49.613,211,257,451,534,7078.0,7119.0,41.0,-4.087
2160,10.18,49.613,257,304,451,534,7112.0,7152.0,40.0,-1.389
2160,10.18,49.613,304,353,451,534,7121.0,7163.0,42.0,-0.674
2160,10.18,49.613,353,399,451,534,7129.0,7163.0,34.0,-0.04
2160,10.18,49.613,399,447,451,534,7134.0,7176.0,42.0,0.357
2160,10.18,49.613,447,494,451,534,7138.0,7172.0,34.0,0.674
2165,10.18,49.613,202,242,29,124,7085.0,7124.0,39.0,-2.428
2165,10.18,49.613,242,290,29,124,7114.5,7160.43,45.93,-0.66
2165,10.18,49.613,290,336,29,124,7122.0,7162.0,40.0,-0.21
2165,10.18,49.613,336,383,29,124,7125.0,7170.37,45.37,-0.03
2165,10.18,49.613,383,431,29,124,7130.0,7179.0,49.0,0.27
2165,10.18,49.613,431,479,29,124,7136.0,7183.0,47.0,0.63
2165,10.18,49.613,196,242,124,195,7085.0,7127.0,42.0,-2.428
2165,10.18,49.613,242,291,124,195,7125.0,7160.0,35.0,-0.03
2165,10.18,49.613,291,340,124,195,7137.0,7169.0,32.0,0.689
2165,10.18,49.613,340,389,124,195,7147.0,7179.0,32.0,1.289
2165,10.18,49.613,389,437,124,195,7157.0,7188.0,31.0,1.889
2165,10.18,49.613,437,486,124,195,7166.0,7195.0,29.0,2.428
2165,10.18,49.613,232,271,342,449,7083.0,7117.0,34.0,-2.548
2165,10.18,49.613,271,317,342,449,7108.0,7152.0,44.0,-1.049
2165,10.18,49.613,317,364,342,449,7112.0,7157.0,45.0,-0.809
2165,10.18,49.613,364,409,342,449,7130.0,7175.88,45.88,0.27
2165,10.18,49.613,409,455,342,449,7126.0,7166.0,40.0,0.03
2165,10.18,49.613,455,505,342,449,7129.0,7171.0,42.0,0.21
2165,10.18,49.613,226,271,449,532,7077.0,7120.0,43.0,-2.908
2165,10.18,49.613,271,320,449,532,7112.0,7152.0,40.0,-0.809
2165,10.18,49.613,320,367,449,532,7122.0,7163.0,41.0,-0.21
2165,10.18,49.613,367,414,449,532,7129.0,7162.0,33.0,0.21
2165,10.18,49.613,414,462,449,532,7136.0,7176.0,40.0,0.63
2165,10.18,49.613,462,512,449,532,7138.0,7173.0,35.0,0.749
2170,10.18,49.613,192,239,28,122,7079.0,7123.0,44.0,-3.238
2170,10.18,49.613,239,287,28,122,7118.0,7161.0,43.0,-0.607
2170,10.18,49.613,287,333,28,122,7123.0,7161.0,38.0,-0.27
2170,10.18,49.613,333,381,28,122,7127.0,7170.0,43.0,0.0
2170,10.18,49.613,381,428,28,122,7133.0,7178.0,45.0,0.405
2170,10.18,49.613,428,476,28,122,7137.0,7182.25,45.25,0.674
2170,10.18,49.613,476,512,28,122,7137.0,7177.0,40.0,0.674
2170,10.18,49.613,192,239,122,194,7083.0,7123.0,40.0,-2.968
2170,10.18,49.613,239,289,122,194,7125.0,7159.97,34.97,-0.135
2170,10.18,49.613,289,337,122,194,7137.0,7169.0,32.0,0.674
2170,10.18,49.613,337,385,122,194,7148.0,7180.0,32.0,1.416
2170,10.18,49.613,385,434,122,194,7156.0,7187.0,31.0,1.956
2170,10.18,49.613,434,483,122,194,7165.0,7195.0,30.0,2.563
2170,10.18,49.613,223,268,343,452,7077.0,7117.0,40.0,-3.372
2170,10.18,49.613,268,314,343,452,7106.0,7152.0,46.0,-1.416
2170,10.18,49.613,314,359,343,452,7112.0,7158.0,46.0,-1.012
2170,10.18,49.613,359,407,343,452,7128.0,7176.0,48.0,0.067
2170,10.18,49.613,407,456,343,452,7123.0,7167.0,44.0,-0.27
2170,10.18,49.613,456,498,343,452,7134.0,7172.0,38.0,0.472
2170,10.18,49.613,223,268,452,532,7078.0,7121.0,43.0,-3.305
2170,10.18,49.613,268,316,452,532,7114.0,7153.0,39.0,-0.877
2170,10.18,49.613,316,363,452,532,7124.0,7162.0,38.0,-0.202
2170,10.18,49.613,363,411,452,532,7131.0,7162.0,31.0,0.27
2170,10.18,49.613,411,459,452,532,7137.0,7177.0,40.0,0.674
2170,10.18,49.613,459,506,452,532,7141.0,7174.0,33.0,0.944
2175,10.18,49.613,194,235,23,114,7083.0,7120.11,37.11,-3.298
2175,10.18,49.613,235,282,23,114,7118.0,7160.0,42.0,-0.674
2175,10.18,49.613,282,328,23,114,7122.0,7162.0,40.0,-0.375
2175,10.18,49.613,328,376,23,114,7127.0,7170.0,43.0,0.0
2175,10.18,49.613,376,423,23,114,7134.0,7179.0,45.0,0.525
2175,10.18,49.613,423,471,23,114,7137.0,7180.0,43.0,0.749
2175,10.18,49.613,471,512,23,114,7136.0,7173.0,37.0,0.674
2175,10.18,49.613,187,235,114,188,7082.0,7125.32,43.32,-3.372
2175,10.18,49.613,235,283,114,188,7124.0,7160.0,36.0,-0.225
2175,10.18,49.613,283,332,114,188,7136.0,7169.0,33.0,0.674
2175,10.18,49.613,332,380,114,188,7147.0,7180.0,33.0,1.499
2175,10.18,49.613,380,429,114,188,7154.0,7187.0,33.0,2.023
2175,10.18,49.613,429,478,114,188,7164.0,7193.0,29.0,2.773
2175,10.18,49.613,218,263,337,443,7077.0,7116.0,39.0,-3.747
2175,10.18,49.613,263,310,337,443,7112.0,7151.0,39.0,-1.124
2175,10.18,49.613,310,355,337,443,7113.0,7158.0,45.0,-1.049
2175,10.18,49.613,355,401,337,443,7127.0,7177.0,50.0,0.0
2175,10.18,49.613,401,452,337,443,7122.0,7165.0,43.0,-0.375
2175,10.18,49.613,452,494,337,443,7135.0,7171.74,36.74,0.6
2175,10.18,49.613,218,264,443,526,7078.0,7118.0,40.0,-3.672
2175,10.18,49.613,264,311,443,526,7113.0,7151.0,38.0,-1.049
2175,10.18,49.613,311,358,443,526,7122.0,7160.0,38.0,-0.375
2175,10.18,49.613,358,406,443,526,7130.0,7162.0,32.0,0.225
2175,10.18,49.613,406,454,443,526,7136.0,7177.0,41.0,0.674
2175,10.18,49.613,454,502,443,526,7139.0,7172.0,33.0,0.899
2180,10.18,49.613,180,227,12,96,7073.0,7120.0,47.0,-3.464
2180,10.18,49.613,227,275,12,96,7116.0,7156.0,40.0,-0.828
2180,10.18,49.613,275,321,12,96,7124.0,7163.0,39.0,-0.337
2180,10.18,49.613,321,369,12,96,7130.0,7171.0,41.0,0.031
2180,10.18,49.613,369,417,12,96,7136.0,7179.0,43.0,0.399
2180,10.18,49.613,417,465,12,96,7138.0,7177.0,39.0,0.521
2180,10.18,49.613,465,510,12,96,7135.0,7171.13,36.13,0.337
2180,10.18,49.613,180,226,96,170,7085.0,7128.0,43.0,-2.729
2180,10.18,49.613,226,276,96,170,7127.0,7164.0,37.0,-0.153
2180,10.18,49.613,276,324,96,170,7139.0,7175.0,36.0,0.583
2180,10.18,49.613,324,373,96,170,7147.0,7183.0,36.0,1.073
2180,10.18,49.613,373,422,96,170,7155.0,7188.0,33.0,1.564
2180,10.18,49.613,422,471,96,170,7165.0,7195.0,30.0,2.177
2180,10.18,49.613,471,512,96,170,7157.0,7195.0,38.0,1.686
2180,10.18,49.613,210,256,321,426,7077.5,7118.0,40.5,-3.189
2180,10.18,49.613,256,302,321,426,7109.0,7152.0,43.0,-1.257
2180,10.18,49.613,302,347,321,426,7114.0,7159.0,45.0,-0.95
2180,10.18,49.613,347,395,321,426,7128.0,7177.0,49.0,-0.092
2180,10.18,49.613,395,440,321,426,7129.0,7170.0,41.0,-0.031
2180,10.18,49.613,440,487,321,426,7135.0,7176.0,41.0,0.337
2180,10.18,49.613,210,255,426,508,7079.0,7120.18,41.18,-3.097
2180,10.18,49.613,255,304,426,508,7114.0,7152.0,38.0,-0.95
2180,10.18,49.613,304,351,426,508,7126.0,7163.0,37.0,-0.215
2180,10.18,49.613,351,399,426,508,7132.0,7165.0,33.0,0.153
2180,10.18,49.613,399,447,426,508,7138.0,7178.19,40.19,0.521
2180,10.18,49.613,447,494,426,508,7142.0,7175.0,33.0,0.766
2185,10.18,49.613,174,219,54,124,7083.0,7126.0,43.0,-2.113
2185,10.18,49.613,219,268,54,124,7124.0,7166.0,42.0,-0.27
2185,10.18,49.613,268,317,54,124,7135.5,7175.0,39.5,0.247
2185,10.18,49.613,317,366,54,124,7147.0,7181.0,34.0,0.764
2185,10.18,49.613,366,415,54,124,7156.0,7190.0,34.0,1.169
2185,10.18,49.613,415,465,54,124,7163.0,7195.0,32.0,1.484
2185,10.18,49.613,465,512,54,124,7153.0,7194.0,41.0,1.034
2185,10.18,49.613,202,248,281,386,7078.0,7117.0,39.0,-2.338
2185,10.18,49.613,248,295,281,386,7107.0,7151.0,44.0,-1.034
2185,10.18,49.613,295,340,281,386,7115.0,7164.0,49.0,-0.674
2185,10.18,49.613,340,388,281,386,7128.0,7182.0,54.0,-0.09
2185,10.18,49.613,388,434,281,386,7129.0,7173.0,44.0,-0.045
2185,10.18,49.613,434,508,281,386,7133.0,7176.93,43.93,0.135
2185,10.18,49.613,202,248,386,465,7082.0,7123.0,41.0,-2.158
2185,10.18,49.613,248,296,386,465,7119.0,7156.0,37.0,-0.495
2185,10.18,49.613,296,343,386,465,7130.0,7168.0,38.0,0.0
2185,10.18,49.613,343,391,386,465,7138.0,7170.0,32.0,0.36
2185,10.18,49.613,391,439,386,465,7144.0,7183.0,39.0,0.63
2185,10.18,49.613,439,487,386,465,7147.0,7180.0,33.0,0.764
2190,10.18,49.613,190,239,208,310,7065.0,7114.0,49.0,-2.113
2190,10.18,49.613,239,286,208,310,7103.0,7151.0,48.0,-0.405
2190,10.18,49.613,286,332,208,310,7112.0,7158.0,46.0,0.0
2190,10.18,49.613,332,382,208,310,7121.0,7176.0,55.0,0.405
2190,10.18,49.613,382,425,208,310,7127.0,7170.0,43.0,0.674
2190,10.18,49.613,425,473,208,310,7132.0,7178.0,46.0,0.899
2190,10.18,49.613,473,512,208,310,7127.0,7169.0,42.0,0.674
2190,10.18,49.613,190,237,310,389,7077.0,7121.0,44.0,-1.574
2190,10.18,49.613,237,286,310,389,7113.0,7156.0,43.0,0.045
2190,10.18,49.613,286,335,310,389,7126.0,7166.0,40.0,0.63
2190,10.18,49.613,335,382,310,389,7135.0,7169.0,34.0,1.034
2190,10.18,49.613,382,431,310,389,7141.0,7184.0,43.0,1.304
2190,10.18,49.613,431,479,310,389,7147.0,7183.0,36.0,1.574
2190,10.18,49.613,221,266,524,640,7050.0,7113.0,63.0,-2.788
2190,10.18,49.613,266,312,524,640,7077.0,7136.0,59.0,-1.574
2190,10.18,49.613,312,359,524,640,7095.0,7141.0,46.0,-0.764
2190,10.18,49.613,359,404,524,640,7109.0,7147.0,38.0,-0.135
2190,10.18,49.613,404,451,524,640,7112.0,7141.0,29.0,0.0
2190,10.18,49.613,451,493,524,640,7109.0,7143.0,34.0,-0.135
2195,10.18,49.613,175,224,102,197,7075.0,7122.0,47.0,-2.309
2195,10.18,49.613,224,272,102,197,7113.0,7158.0,45.0,-0.337
2195,10.18,49.613,272,319,102,197,7123.0,7166.0,43.0,0.182
2195,10.18,49.613,319,368,102,197,7134.0,7183.0,49.0,0.752
2195,10.18,49.613,368,413,102,197,7136.0,7176.0,40.0,0.856
2195,10.18,49.613,413,461,102,197,7139.0,7181.0,42.0,1.012
2195,10.18,49.613,461,512,102,197,7131.0,7176.0,45.0,0.597
2195,10.18,49.613,175,223,197,272,7079.0,7120.0,41.0,-2.101
2195,10.18,49.613,223,272,197,272,7116.0,7155.0,39.0,-0.182
2195,10.18,49.613,272,321,197,272,7127.0,7168.0,41.0,0.389
2195,10.18,49.613,321,369,197,272,7136.0,7170.0,34.0,0.856
2195,10.18,49.613,369,418,197,272,7143.0,7183.0,40.0,1.219
2195,10.18,49.613,418,467,197,272,7148.0,7185.0,37.0,1.479
2195,10.18,49.613,467,512,197,272,7139.0,7180.55,41.55,1.012
2195,10.18,49.613,207,253,423,542,7058.0,7118.0,60.0,-3.191
2195,10.18,49.613,253,299,423,542,7088.0,7141.0,53.0,-1.634
2195,10.18,49.613,299,347,423,542,7100.0,7149.0,49.0,-1.012
2195,10.18,49.613,347,392,423,542,7111.0,7155.0,44.0,-0.441
2195,10.18,49.613,392,438,423,542,7118.0,7151.0,33.0,-0.078
2195,10.18,49.613,438,484,423,542,7113.0,7157.0,44.0,-0.337
2195,10.18,49.613,204,252,542,629,7069.0,7109.0,40.0,-2.62
2195,10.18,49.613,252,301,542,629,7110.0,7150.0,40.0,-0.493
2195,10.18,49.613,301,348,542,629,7117.0,7154.8,37.8,-0.13
2195,10.18,49.613,348,396,542,629,7121.0,7159.0,38.0,0.078
2195,10.18,49.613,396,444,542,629,7123.0,7158.0,35.0,0.182
2195,10.18,49.613,444,493,542,629,7123.0,7154.0,31.0,0.182
2200,10.18,49.613,157,206,0,70,7072.0,7117.0,45.0,-3.811
2200,10.18,49.613,206,255,0,70,7109.0,7151.0,42.0,-1.315
2200,10.18,49.613,255,303,0,70,7122.0,7159.0,37.0,-0.438
2200,10.18,49.613,303,351,0,70,7138.0,7177.0,39.0,0.641
2200,10.18,49.613,351,398,0,70,7140.0,7174.0,34.0,0.776
2200,10.18,49.613,398,447,0,70,7142.0,7177.0,35.0,0.911
2200,10.18,49.613,447,497,0,70,7131.0,7168.0,37.0,0.169
2200,10.18,49.613,157,205,70,144,7084.0,7127.0,43.0,-3.001
2200,10.18,49.613,205,255,70,144,7126.0,7168.0,42.0,-0.169
2200,10.18,49.613,255,304,70,144,7135.0,7178.0,43.0,0.438
2200,10.18,49.613,304,354,70,144,7139.0,7175.0,36.0,0.708
2200,10.18,49.613,354,403,70,144,7147.0,7188.0,41.0,1.248
2200,10.18,49.613,403,452,70,144,7152.0,7189.0,37.0,1.585
2200,10.18,49.613,452,503,70,144,7144.0,7189.0,45.0,1.045
2200,10.18,49.613,189,236,303,422,7066.0,7123.02,57.02,-4.216
2200,10.18,49.613,236,283,303,422,7100.0,7150.0,50.0,-1.922
2200,10.18,49.613,283,330,303,422,7113.0,7158.52,45.52,-1.045
2200,10.18,49.613,330,377,303,422,7122.0,7167.0,45.0,-0.438
2200,10.18,49.613,377,425,303,422,7129.0,7162.0,33.0,0.034
2200,10.18,49.613,425,469,303,422,7129.0,7170.0,41.0,0.034
2200,10.18,49.613,469,509,303,422,7126.0,7162.0,36.0,-0.169
2200,10.18,49.613,189,236,422,506,7078.0,7119.0,41.0,-3.406
2200,10.18,49.613,236,284,422,506,7116.0,7157.0,41.0,-0.843
2200,10.18,49.613,284,332,422,506,7128.0,7166.0,38.0,-0.034
2200,10.18,49.613,332,380,422,506,7133.0,7172.0,39.0,0.304
2200,10.18,49.613,380,429,422,506,7136.0,7174.0,38.0,0.506
2200,10.18,49.613,429,477,422,506,7137.0,7171.0,34.0,0.573
2200,10.18,49.613,477,512,422,506,7123.0,7179.0,56.0,-0.371
2205,10.18,49.613,177,218,189,308,7062.0,7118.0,56.0,-3.091
2205,10.18,49.613,218,266,189,308,7086.0,7148.0,62.0,-1.742
2205,10.18,49.613,266,311,189,308,7112.0,7157.94,45.94,-0.281
2205,10.18,49.613,311,360,189,308,7111.0,7164.0,53.0,-0.337
2205,10.18,49.613,360,405,189,308,7117.0,7163.0,46.0,0.0
2205,10.18,49.613,405,451,189,308,7118.0,7169.0,51.0,0.056
2205,10.18,49.613,451,508,189,308,7117.0,7166.75,49.75,0.0
2205,10.18,49.613,168,217,308,388,7077.0,7122.0,45.0,-2.248
2205,10.18,49.613,217,266,308,388,7116.5,7158.0,41.5,-0.028
2205,10.18,49.613,266,315,308,388,7129.0,7169.0,40.0,0.674
2205,10.18,49.613,315,363,308,388,7135.0,7175.0,40.0,1.012
2205,10.18,49.613,363,412,308,388,7139.0,7177.0,38.0,1.237
2205,10.18,49.613,412,461,308,388,7140.0,7175.0,35.0,1.293
2205,10.18,49.613,461,512,308,388,7129.0,7184.0,55.0,0.674
2210,10.18,49.613,154,195,99,204,7080.0,7123.0,43.0,-2.759
2210,10.18,49.613,195,243,99,204,7109.0,7154.0,45.0,-0.981
2210,10.18,49.613,243,291,99,204,7123.0,7164.0,41.0,-0.123
2210,10.18,49.613,291,341,99,204,7132.0,7172.0,40.0,0.429
2210,10.18,49.613,341,389,99,204,7136.0,7169.0,33.0,0.674
2210,10.18,49.613,389,433,99,204,7136.0,7173.0,37.0,0.674
2210,10.18,49.613,433,487,99,204,7132.0,7173.0,41.0,0.429
2210,10.18,49.613,146,194,204,282,7078.0,7119.0,41.0,-2.882
2210,10.18,49.613,194,243,204,282,7116.0,7157.0,41.0,-0.552
2210,10.18,49.613,243,293,204,282,7128.0,7166.0,38.0,0.184
2210,10.18,49.613,293,342,204,282,7136.0,7173.0,37.0,0.674
2210,10.18,49.613,342,391,204,282,7139.0,7176.0,37.0,0.858
2210,10.18,49.613,391,440,204,282,7141.0,7173.0,32.0,0.981
2210,10.18,49.613,440,489,204,282,7131.0,7185.0,54.0,0.368
2210,10.18,49.613,171,216,542,632,7078.0,7118.0,40.0,-2.882
2210,10.18,49.613,216,265,542,632,7111.0,7151.38,40.38,-0.858
2210,10.18,49.613,265,313,542,632,7122.0,7166.0,44.0,-0.184
2210,10.18,49.613,313,361,542,632,7125.0,7159.0,34.0,0.0
2210,10.18,49.613,361,410,542,632,7131.0,7162.0,31.0,0.368
2210,10.18,49.613,410,458,542,632,7112.0,7141.0,29.0,-0.797
2210,10.18,49.613,458,507,542,632,7118.0,7159.35,41.35,-0.429
2215,10.18,49.613,129,180,83,177,7074.0,7121.0,47.0,-2.563
2215,10.18,49.613,180,228,83,177,7112.0,7154.0,42.0,-0.513
2215,10.18,49.613,228,276,83,177,7128.0,7167.0,39.0,0.351
2215,10.18,49.613,276,325,83,177,7137.0,7173.0,36.0,0.836
2215,10.18,49.613,325,372,83,177,7136.0,7165.65,29.65,0.782
2215,10.18,49.613,372,420,83,177,7133.0,7172.0,39.0,0.621
2215,10.18,49.613,420,468,83,177,7137.0,7173.0,36.0,0.836
2215,10.18,49.613,468,512,83,177,7149.0,7182.0,33.0,1.484
2215,10.18,49.613,132,178,177,252,7080.0,7118.0,38.0,-2.239
2215,10.18,49.613,178,228,177,252,7117.0,7157.0,40.0,-0.243
2215,10.18,49.613,228,277,177,252,7129.0,7166.0,37.0,0.405
2215,10.18,49.613,277,327,177,252,7135.0,7172.0,37.0,0.728
2215,10.18,49.613,327,376,177,252,7139.0,7174.34,35.34,0.944
2215,10.18,49.613,376,425,177,252,7141.0,7172.0,31.0,1.052
2215,10.18,49.613,425,475,177,252,7131.0,7183.0,52.0,0.513
2215,10.18,49.613,475,512,177,252,7155.5,7194.0,38.5,1.835
2215,10.18,49.613,149,199,387,516,7061.0,7109.0,48.0,-3.265
2215,10.18,49.613,199,246,387,516,7083.0,7141.0,58.0,-2.077
2215,10.18,49.613,246,294,387,516,7098.0,7142.0,44.0,-1.268
2215,10.18,49.613,294,341,387,516,7117.0,7152.0,35.0,-0.243
2215,10.18,49.613,341,387,387,516,7119.5,7159.0,39.5,-0.108
2215,10.18,49.613,387,438,387,516,7102.0,7137.0,35.0,-1.052
2215,10.18,49.613,438,483,387,516,7113.0,7154.0,41.0,-0.459
2215,10.18,49.613,149,198,516,603,7076.0,7118.0,42.0,-2.455
2215,10.18,49.613,198,247,516,603,7110.0,7153.0,43.0,-0.621
2215,10.18,49.613,247,296,516,603,7122.0,7170.0,48.0,0.027
2215,10.18,49.613,296,344,516,603,7126.0,7162.0,36.0,0.243
2215,10.18,49.613,344,392,516,603,7132.0,7164.0,32.0,0.567
2215,10.18,49.613,392,440,516,603,7113.0,7143.0,30.0,-0.459
2215,10.18,49.613,440,489,516,603,7121.0,7165.0,44.0,-0.027
2220,10.18,49.613,124,175,69,158,7077.5,7123.0,45.5,-2.913
2220,10.18,49.613,175,223,69,158,7114.0,7158.0,44.0,-0.674
2220,10.18,49.613,223,271,69,158,7131.0,7172.0,41.0,0.368
2220,10.18,49.613,271,320,69,158,7139.0,7176.0,37.0,0.858
2220,10.18,49.613,320,367,69,158,7137.0,7170.0,33.0,0.736
2220,10.18,49.613,367,415,69,158,7136.0,7175.0,39.0,0.674
2220,10.18,49.613,415,463,69,158,7136.0,7174.0,38.0,0.674
2220,10.18,49.613,463,512,69,158,7148.0,7180.0,32.0,1.41
2220,10.18,49.613,127,173,158,232,7083.0,7122.0,39.0,-2.575
2220,10.18,49.613,173,222,158,232,7120.0,7159.0,39.0,-0.307
2220,10.18,49.613,222,272,158,232,7131.0,7168.0,37.0,0.368
2220,10.18,49.613,272,321,158,232,7139.0,7176.77,37.77,0.858
2220,10.18,49.613,321,371,158,232,7142.0,7176.0,34.0,1.042
2220,10.18,49.613,371,420,158,232,7143.0,7173.77,30.77,1.104
2220,10.18,49.613,420,470,158,232,7134.0,7187.0,53.0,0.552
2220,10.18,49.613,470,512,158,232,7160.0,7195.0,35.0,2.146
2220,10.18,49.613,142,194,373,498,7063.0,7112.0,49.0,-3.802
2220,10.18,49.613,194,241,373,498,7087.0,7143.0,56.0,-2.33
2220,10.18,49.613,241,288,373,498,7104.0,7147.0,43.0,-1.288
2220,10.18,49.613,288,335,373,498,7122.0,7156.0,34.0,-0.184
2220,10.18,49.613,335,382,373,498,7123.0,7162.0,39.0,-0.123
2220,10.18,49.613,382,429,373,498,7108.0,7141.0,33.0,-1.042
2220,10.18,49.613,429,476,373,498,7117.0,7158.73,41.73,-0.491
2220,10.18,49.613,476,512,373,498,7124.0,7161.0,37.0,-0.061
2220,10.18,49.613,145,191,498,583,7080.0,7122.0,42.0,-2.759
2220,10.18,49.613,191,240,498,583,7114.0,7155.0,41.0,-0.674
2220,10.18,49.613,240,289,498,583,7125.0,7170.0,45.0,0.0
2220,10.18,49.613,289,338,498,583,7129.0,7165.0,36.0,0.245
2220,10.18,49.613,338,386,498,583,7136.0,7166.0,30.0,0.674
2220,10.18,49.613,386,435,498,583,7116.0,7145.0,29.0,-0.552
2220,10.18,49.613,435,483,498,583,7126.0,7168.0,42.0,0.061
2225,10.18,49.613,111,163,28,111,7076.0,7118.0,42.0,-3.692
2225,10.18,49.613,163,212,28,111,7109.0,7149.0,40.0,-1.349
2225,10.18,49.613,212,260,28,111,7123.0,7158.86,35.86,-0.355
2225,10.18,49.613,260,309,28,111,7132.0,7164.73,32.73,0.284
2225,10.18,49.613,309,356,28,111,7132.0,7161.0,29.0,0.284
2225,10.18,49.613,356,405,28,111,7132.0,7169.0,37.0,0.284
2225,10.18,49.613,405,454,28,111,7133.0,7166.98,33.98,0.355
2225,10.18,49.613,454,503,28,111,7142.0,7172.0,30.0,0.994
2225,10.18,49.613,115,160,111,184,7082.0,7121.0,39.0,-3.266
2225,10.18,49.613,160,211,111,184,7119.0,7160.0,41.0,-0.639
2225,10.18,49.613,211,260,111,184,7134.0,7168.0,34.0,0.426
2225,10.18,49.613,260,310,111,184,7141.0,7176.0,35.0,0.923
2225,10.18,49.613,310,359,111,184,7142.0,7177.0,35.0,0.994
2225,10.18,49.613,359,410,111,184,7142.0,7174.0,32.0,0.994
2225,10.18,49.613,410,460,111,184,7134.0,7185.0,51.0,0.426
2225,10.18,49.613,460,512,111,184,7162.0,7201.0,39.0,2.414
2225,10.18,49.613,131,181,332,454,7072.5,7111.0,38.5,-3.94
2225,10.18,49.613,181,230,332,454,7103.0,7143.0,40.0,-1.775
2225,10.18,49.613,230,277,332,454,7112.0,7145.0,33.0,-1.136
2225,10.18,49.613,277,324,332,454,7124.0,7156.0,32.0,-0.284
2225,10.18,49.613,324,371,332,454,7128.0,7165.0,37.0,0.0
2225,10.18,49.613,371,418,332,454,7110.0,7144.0,34.0,-1.278
2225,10.18,49.613,418,466,332,454,7120.0,7160.0,40.0,-0.568
2225,10.18,49.613,466,503,332,454,7128.0,7166.0,38.0,0.0
2225,10.18,49.613,134,179,454,538,7083.0,7119.0,36.0,-3.195
2225,10.18,49.613,179,229,454,538,7115.0,7157.0,42.0,-0.923
2225,10.18,49.613,229,278,454,538,7126.0,7171.0,45.0,-0.142
2225,10.18,49.613,278,327,454,538,7131.0,7166.0,35.0,0.213
2225,10.18,49.613,327,375,454,538,7138.0,7169.0,31.0,0.71
2225,10.18,49.613,375,424,454,538,7118.0,7148.0,30.0,-0.71
2225,10.18,49.613,424,472,454,538,7128.0,7170.0,42.0,0.0
2225,10.18,49.613,472,512,454,538,7128.0,7169.73,41.73,0.0
2230,10.18,49.613,104,155,20,107,7076.0,7118.0,42.0,-4.19
2230,10.18,49.613,155,205,20,107,7107.0,7148.0,41.0,-1.656
2230,10.18,49.613,205,253,20,107,7122.0,7158.0,36.0,-0.429
2230,10.18,49.613,253,302,20,107,7132.0,7165.0,33.0,0.388
2230,10.18,49.613,302,350,20,107,7133.0,7163.0,30.0,0.47
2230,10.18,49.613,350,398,20,107,7134.0,7171.0,37.0,0.552
2230,10.18,49.613,398,448,20,107,7133.0,7168.25,35.25,0.47
2230,10.18,49.613,448,497,20,107,7143.0,7173.0,30.0,1.288
2230,10.18,49.613,107,153,107,180,7082.0,7122.0,40.0,-3.699
2230,10.18,49.613,153,203,107,180,7119.0,7159.0,40.0,-0.674
2230,10.18,49.613,203,253,107,180,7135.0,7169.0,34.0,0.634
2230,10.18,49.613,253,303,107,180,7142.0,7177.0,35.0,1.206
2230,10.18,49.613,303,353,107,180,7144.0,7179.0,35.0,1.369
2230,10.18,49.613,353,403,107,180,7144.0,7175.0,31.0,1.369
2230,10.18,49.613,403,453,107,180,7135.0,7186.0,51.0,0.634
2230,10.18,49.613,453,504,107,180,7165.0,7202.95,37.95,3.086
2230,10.18,49.613,124,176,331,451,7065.0,7112.0,47.0,-5.089
2230,10.18,49.613,176,223,331,451,7089.0,7143.0,54.0,-3.127
2230,10.18,49.613,223,270,331,451,7109.0,7147.0,38.0,-1.492
2230,10.18,49.613,270,318,331,451,7124.0,7157.0,33.0,-0.266
2230,10.18,49.613,318,365,331,451,7126.5,7164.0,37.5,-0.061
2230,10.18,49.613,365,413,331,451,7112.0,7143.0,31.0,-1.247
2230,10.18,49.613,413,459,331,451,7121.0,7159.0,38.0,-0.511
2230,10.18,49.613,459,509,331,451,7119.0,7165.0,46.0,-0.674
2230,10.18,49.613,124,173,451,535,7081.0,7121.0,40.0,-3.781
2230,10.18,49.613,173,222,451,535,7115.0,7157.0,42.0,-1.002
2230,10.18,49.613,222,271,451,535,7128.0,7171.0,43.0,0.061
2230,10.18,49.613,271,320,451,535,7132.0,7169.0,37.0,0.388
2230,10.18,49.613,320,369,451,535,7139.0,7170.0,31.0,0.961
2230,10.18,49.613,369,417,451,535,7122.0,7151.0,29.0,-0.429
2230,10.18,49.613,417,466,451,535,7129.0,7171.0,42.0,0.143
2230,10.18,49.613,466,512,451,535,7131.0,7170.0,39.0,0.307
2235,10.18,49.613,100,152,35,118,7078.0,7118.0,40.0,-3.56
2235,10.18,49.613,152,202,35,118,7108.0,7148.0,40.0,-1.312
2235,10.18,49.613,202,250,35,118,7125.0,7161.0,36.0,-0.037
2235,10.18,49.613,250,299,35,118,7133.0,7166.0,33.0,0.562
2235,10.18,49.613,299,346,35,118,7133.0,7162.0,29.0,0.562
2235,10.18,49.613,346,398,35,118,7131.0,7169.0,38.0,0.412
2235,10.18,49.613,398,444,35,118,7135.0,7169.0,34.0,0.712
2235,10.18,49.613,444,493,35,118,7146.0,7175.9,29.9,1.536
2235,10.18,49.613,105,149,118,191,7082.0,7121.0,39.0,-3.26
2235,10.18,49.613,149,200,118,191,7118.0,7159.0,41.0,-0.562
2235,10.18,49.613,200,250,118,191,7132.0,7166.0,34.0,0.487
2235,10.18,49.613,250,300,118,191,7139.0,7175.0,36.0,1.012
2235,10.18,49.613,300,350,118,191,7143.0,7177.0,34.0,1.312
2235,10.18,49.613,350,400,118,191,7143.0,7174.0,31.0,1.312
2235,10.18,49.613,400,450,118,191,7134.0,7183.0,49.0,0.637
2235,10.18,49.613,450,500,118,191,7164.0,7201.0,37.0,2.885
2235,10.18,49.613,120,171,340,462,7067.0,7110.0,43.0,-4.384
2235,10.18,49.613,171,220,340,462,7086.0,7142.0,56.0,-2.96
2235,10.18,49.613,220,266,340,462,7108.0,7144.0,36.0,-1.312
2235,10.18,49.613,266,315,340,462,7122.0,7156.0,34.0,-0.262
2235,10.18,49.613,315,362,340,462,7126.0,7164.0,38.0,0.037
2235,10.18,49.613,362,409,340,462,7111.0,7141.86,30.86,-1.087
2235,10.18,49.613,409,456,340,462,7118.0,7158.44,40.44,-0.562
2235,10.18,49.613,456,506,340,462,7119.0,7163.0,44.0,-0.487
2235,10.18,49.613,120,169,462,546,7079.0,7118.0,39.0,-3.485
2235,10.18,49.613,169,218,462,546,7114.0,7153.0,39.0,-0.862
2235,10.18,49.613,218,268,462,546,7124.0,7168.0,44.0,-0.112
2235,10.18,49.613,268,317,462,546,7131.0,7165.0,34.0,0.412
2235,10.18,49.613,317,365,462,546,7139.0,7168.0,29.0,1.012
2235,10.18,49.613,365,414,462,546,7118.0,7147.0,29.0,-0.562
2235,10.18,49.613,414,463,462,546,7128.0,7169.0,41.0,0.187
2235,10.18,49.613,463,512,462,546,7128.0,7165.0,37.0,0.187
2240,10.18,49.613,98,151,35,122,7075.0,7117.0,42.0,-3.408
2240,10.18,49.613,151,200,35,122,7108.0,7146.0,38.0,-1.065
2240,10.18,49.613,200,249,35,122,7123.0,7160.0,37.0,0.0
2240,10.18,49.613,249,298,35,122,7132.0,7165.0,33.0,0.639
2240,10.18,49.613,298,345,35,122,7133.0,7160.0,27.0,0.71
2240,10.18,49.613,345,395,35,122,7130.0,7168.0,38.0,0.497
2240,10.18,49.613,395,443,35,122,7132.0,7167.0,35.0,0.639
2240,10.18,49.613,443,492,35,122,7146.0,7173.0,27.0,1.633
2240,10.18,49.613,98,148,122,196,7076.0,7116.0,40.0,-3.337
2240,10.18,49.613,148,198,122,196,7115.0,7156.0,41.0,-0.568
2240,10.18,49.613,198,248,122,196,7129.0,7165.0,36.0,0.426
2240,10.18,49.613,248,298,122,196,7136.0,7171.0,35.0,0.923
2240,10.18,49.613,298,349,122,196,7139.0,7174.0,35.0,1.136
2240,10.18,49.613,349,399,122,196,7140.0,7170.09,30.09,1.207
2240,10.18,49.613,399,449,122,196,7130.0,7181.0,51.0,0.497
2240,10.18,49.613,449,499,122,196,7160.0,7197.0,37.0,2.627
2240,10.18,49.613,118,169,342,467,7063.0,7108.0,45.0,-4.26
2240,10.18,49.613,169,218,342,467,7082.0,7139.0,57.0,-2.911
2240,10.18,49.613,218,265,342,467,7103.0,7143.0,40.0,-1.42
2240,10.18,49.613,265,313,342,467,7119.0,7153.0,34.0,-0.284
2240,10.18,49.613,313,361,342,467,7120.0,7161.0,41.0,-0.213
2240,10.18,49.613,361,409,342,467,7108.0,7139.0,31.0,-1.065
2240,10.18,49.613,409,455,342,467,7116.0,7156.0,40.0,-0.497
2240,10.18,49.613,455,495,342,467,7119.0,7161.0,42.0,-0.284
2240,10.18,49.613,121,167,467,551,7078.0,7116.0,38.0,-3.195
2240,10.18,49.613,167,217,467,551,7111.0,7151.0,40.0,-0.852
2240,10.18,49.613,217,266,467,551,7123.0,7165.0,42.0,0.0
2240,10.18,49.613,266,315,467,551,7129.0,7162.0,33.0,0.426
2240,10.18,49.613,315,364,467,551,7136.0,7165.0,29.0,0.923
2240,10.18,49.613,364,413,467,551,7117.0,7144.0,27.0,-0.426
2240,10.18,49.613,413,462,467,551,7126.0,7165.0,39.0,0.213
2240,10.18,49.613,462,512,467,551,7126.0,7163.0,37.0,0.213
2245,10.18,49.613,93,146,39,127,7076.0,7118.12,42.12,-3.238
2245,10.18,49.613,146,195,39,127,7108.0,7148.0,40.0,-1.079
2245,10.18,49.613,195,243,39,127,7124.0,7161.86,37.86,0.0
2245,10.18,49.613,243,292,39,127,7134.0,7168.0,34.0,0.674
2245,10.18,49.613,292,339,39,127,7134.0,7162.0,28.0,0.674
2245,10.18,49.613,339,387,39,127,7133.0,7169.0,36.0,0.607
2245,10.18,49.613,387,437,39,127,7132.0,7166.0,34.0,0.54
2245,10.18,49.613,437,486,39,127,7148.0,7177.0,29.0,1.619
2245,10.18,49.613,99,142,127,200,7079.0,7116.0,37.0,-3.035
2245,10.18,49.613,142,192,127,200,7116.0,7158.0,42.0,-0.54
2245,10.18,49.613,192,242,127,200,7130.0,7164.0,34.0,0.405
2245,10.18,49.613,242,292,127,200,7137.0,7171.53,34.53,0.877
2245,10.18,49.613,292,343,127,200,7141.0,7173.0,32.0,1.147
2245,10.18,49.613,343,392,127,200,7142.0,7171.2,29.2,1.214
2245,10.18,49.613,392,443,127,200,7130.0,7181.0,51.0,0.405
2245,10.18,49.613,443,493,127,200,7162.0,7195.58,33.58,2.563
2245,10.18,49.613,112,164,349,471,7062.0,7109.0,47.0,-4.182
2245,10.18,49.613,164,212,349,471,7084.0,7139.0,55.0,-2.698
2245,10.18,49.613,212,260,349,471,7103.0,7143.0,40.0,-1.416
2245,10.18,49.613,260,308,349,471,7121.0,7153.0,32.0,-0.202
2245,10.18,49.613,308,355,349,471,7124.0,7162.0,38.0,0.0
2245,10.18,49.613,355,404,349,471,7106.0,7140.0,34.0,-1.214
2245,10.18,49.613,404,450,349,471,7118.0,7157.0,39.0,-0.405
2245,10.18,49.613,450,501,349,471,7116.0,7160.0,44.0,-0.54
2245,10.18,49.613,116,161,471,555,7078.0,7117.77,39.77,-3.103
2245,10.18,49.613,161,211,471,555,7111.0,7151.0,40.0,-0.877
2245,10.18,49.613,211,260,471,555,7123.0,7166.0,43.0,-0.067
2245,10.18,49.613,260,309,471,555,7130.0,7163.0,33.0,0.405
2245,10.18,49.613,309,358,471,555,7137.0,7168.0,31.0,0.877
2245,10.18,49.613,358,407,471,555,7118.0,7146.0,28.0,-0.405
2245,10.18,49.613,407,456,471,555,7126.0,7166.0,40.0,0.135
2245,10.18,49.613,456,505,471,555,7127.0,7164.0,37.0,0.202
2250,10.18,49.613,68,122,46,131,7073.0,7115.97,42.97,-2.594
2250,10.18,49.613,122,172,46,131,7107.0,7149.04,42.04,-0.83
2250,10.18,49.613,172,220,46,131,7123.0,7161.0,38.0,0.0
2250,10.18,49.613,220,268,46,131,7137.0,7171.0,34.0,0.726
2250,10.18,49.613,268,317,46,131,7136.0,7168.0,32.0,0.674
2250,10.18,49.613,317,364,46,131,7136.0,7170.0,34.0,0.674
2250,10.18,49.613,364,414,46,131,7133.0,7169.0,36.0,0.519
2250,10.18,49.613,414,462,46,131,7152.0,7179.0,27.0,1.505
2250,10.18,49.613,462,512,46,131,7149.0,7183.0,34.0,1.349
2250,10.18,49.613,75,119,131,205,7076.0,7114.0,38.0,-2.439
2250,10.18,49.613,119,169,131,205,7114.0,7156.0,42.0,-0.467
2250,10.18,49.613,169,218,131,205,7130.0,7165.0,35.0,0.363
2250,10.18,49.613,218,268,131,205,7136.0,7171.0,35.0,0.674
2250,10.18,49.613,268,319,131,205,7141.0,7176.0,35.0,0.934
2250,10.18,49.613,319,369,131,205,7142.0,7172.0,30.0,0.986
2250,10.18,49.613,369,418,131,205,7132.0,7183.0,51.0,0.467
2250,10.18,49.613,418,468,131,205,7159.0,7194.14,35.14,1.868
2250,10.18,49.613,468,512,131,205,7165.0,7196.22,31.22,2.179
2250,10.18,49.613,88,141,349,475,7062.0,7109.0,47.0,-3.165
2250,10.18,49.613,141,189,349,475,7083.0,7142.0,59.0,-2.075
2250,10.18,49.613,189,236,349,475,7100.0,7143.0,43.0,-1.193
2250,10.18,49.613,236,284,349,475,7119.0,7153.0,34.0,-0.208
2250,10.18,49.613,284,332,349,475,7123.0,7162.0,39.0,0.0
2250,10.18,49.613,332,379,349,475,7108.0,7140.0,32.0,-0.778
2250,10.18,49.613,379,426,349,475,7115.0,7157.0,42.0,-0.415
2250,10.18,49.613,426,472,349,475,7120.0,7163.0,43.0,-0.156
2250,10.18,49.613,472,512,349,475,7122.0,7172.0,50.0,-0.052
2250,10.18,49.613,92,139,475,559,7075.0,7117.0,42.0,-2.49
2250,10.18,49.613,139,187,475,559,7112.0,7151.28,39.28,-0.571
2250,10.18,49.613,187,236,475,559,7123.0,7164.0,41.0,0.0
2250,10.18,49.613,236,285,475,559,7129.0,7164.0,35.0,0.311
2250,10.18,49.613,285,334,475,559,7138.0,7169.0,31.0,0.778
2250,10.18,49.613,334,382,475,559,7119.0,7147.0,28.0,-0.208
2250,10.18,49.613,382,432,475,559,7127.0,7169.0,42.0,0.208
2250,10.18,49.613,432,481,475,559,7129.0,7169.0,40.0,0.311
2255,10.18,49.613,35,90,49,136,7066.0,7111.0,45.0,-3.113
2255,10.18,49.613,90,141,49,136,7104.0,7148.0,44.0,-1.141
2255,10.18,49.613,141,188,49,136,7122.0,7158.0,36.0,-0.208
2255,10.18,49.613,188,237,49,136,7136.0,7170.0,34.0,0.519
2255,10.18,49.613,237,285,49,136,7139.0,7170.0,31.0,0.674
2255,10.18,49.613,285,333,49,136,7138.0,7174.0,36.0,0.623
2255,10.18,49.613,333,382,49,136,7134.0,7170.0,36.0,0.415
2255,10.18,49.613,382,429,49,136,7148.0,7176.0,28.0,1.141
2255,10.18,49.613,429,478,49,136,7153.0,7185.6,32.6,1.401
2255,10.18,49.613,42,87,136,210,7072.0,7110.72,38.72,-2.802
2255,10.18,49.613,87,136,136,210,7113.0,7154.0,41.0,-0.674
2255,10.18,49.613,136,185,136,210,7129.0,7165.0,36.0,0.156
2255,10.18,49.613,185,235,136,210,7136.0,7172.0,36.0,0.519
2255,10.18,49.613,235,285,136,210,7139.0,7173.0,34.0,0.674
2255,10.18,49.613,285,334,136,210,7143.0,7172.77,29.77,0.882
2255,10.18,49.613,334,384,136,210,7131.0,7184.0,53.0,0.259
2255,10.18,49.613,384,434,136,210,7157.0,7194.0,37.0,1.608
2255,10.18,49.613,434,485,136,210,7163.0,7196.0,33.0,1.92
2255,10.18,49.613,55,111,354,479,7059.0,7106.0,47.0,-3.476
2255,10.18,49.613,111,158,354,479,7083.0,7139.0,56.0,-2.231
2255,10.18,49.613,158,206,354,479,7099.0,7142.0,43.0,-1.401
2255,10.18,49.613,206,252,354,479,7120.0,7152.0,32.0,-0.311
2255,10.18,49.613,252,300,354,479,7122.0,7162.0,40.0,-0.208
2255,10.18,49.613,300,348,354,479,7108.0,7142.0,34.0,-0.934
2255,10.18,49.613,348,395,354,479,7116.0,7158.55,42.55,-0.519
2255,10.18,49.613,395,442,354,479,7119.0,7163.0,44.0,-0.363
2255,10.18,49.613,442,489,354,479,7122.0,7172.91,50.91,-0.208
2255,10.18,49.613,61,107,479,563,7074.0,7113.0,39.0,-2.698
2255,10.18,49.613,107,155,479,563,7111.0,7151.0,40.0,-0.778
2255,10.18,49.613,155,203,479,563,7123.0,7165.0,42.0,-0.156
2255,10.18,49.613,203,252,479,563,7129.0,7163.0,34.0,0.156
2255,10.18,49.613,252,301,479,563,7139.0,7169.0,30.0,0.674
2255,10.18,49.613,301,351,479,563,7119.0,7149.0,30.0,-0.363
2255,10.18,49.613,351,399,479,563,7129.0,7170.0,41.0,0.156
2255,10.18,49.613,399,447,479,563,7129.0,7168.0,39.0,0.156
2255,10.18,49.613,447,496,479,563,7150.0,7185.0,35.0,1.245
2260,10.18,49.613,0,53,55,143,7066.0,7107.0,41.0,-3.035
2260,10.18,49.613,53,104,55,143,7099.0,7142.0,43.0,-1.445
2260,10.18,49.613,104,151,55,143,7122.0,7159.0,37.0,-0.337
2260,10.18,49.613,151,199,55,143,7133.0,7168.0,35.0,0.193
2260,10.18,49.613,199,246,55,143,7140.0,7170.0,30.0,0.53
2260,10.18,49.613,246,294,55,143,7143.0,7179.0,36.0,0.674
2260,10.18,49.613,294,344,55,143,7137.0,7176.0,39.0,0.385
2260,10.18,49.613,344,390,55,143,7149.0,7177.0,28.0,0.964
2260,10.18,49.613,390,440,55,143,7151.0,7183.28,32.28,1.06
2260,10.18,49.613,440,488,55,143,7156.0,7191.0,35.0,1.301
2260,10.18,49.613,3,47,143,217,7070.0,7108.0,38.0,-2.842
2260,10.18,49.613,47,97,143,217,7111.0,7151.0,40.0,-0.867
2260,10.18,49.613,97,147,143,217,7128.0,7164.0,36.0,-0.048
2260,10.18,49.613,147,196,143,217,7136.0,7172.0,36.0,0.337
2260,10.18,49.613,196,246,143,217,7141.0,7173.0,32.0,0.578
2260,10.18,49.613,246,295,143,217,7144.0,7172.0,28.0,0.723
2260,10.18,49.613,295,344,143,217,7134.0,7185.0,51.0,0.241
2260,10.18,49.613,344,394,143,217,7158.0,7194.13,36.13,1.397
2260,10.18,49.613,394,444,143,217,7163.0,7196.0,33.0,1.638
2260,10.18,49.613,444,494,143,217,7159.0,7194.0,35.0,1.445
2260,10.18,49.613,16,76,358,485,7059.0,7108.0,49.0,-3.372
2260,10.18,49.613,76,120,358,485,7090.0,7138.73,48.73,-1.879
2260,10.18,49.613,120,169,358,485,7096.0,7142.0,46.0,-1.59
2260,10.18,49.613,169,216,358,485,7117.0,7152.0,35.0,-0.578
2260,10.18,49.613,216,263,358,485,7123.0,7161.0,38.0,-0.289
2260,10.18,49.613,263,309,358,485,7108.0,7142.0,34.0,-1.012
2260,10.18,49.613,309,358,358,485,7115.0,7161.0,46.0,-0.674
2260,10.18,49.613,358,404,358,485,7123.0,7166.0,43.0,-0.289
2260,10.18,49.613,404,452,358,485,7123.0,7177.0,54.0,-0.289
2260,10.18,49.613,452,498,358,485,7134.0,7171.0,37.0,0.241
2260,10.18,49.613,22,67,485,569,7074.0,7114.0,40.0,-2.65
2260,10.18,49.613,67,117,485,569,7108.0,7149.0,41.0,-1.012
2260,10.18,49.613,117,166,485,569,7122.0,7165.0,43.0,-0.337
2260,10.18,49.613,166,214,485,569,7129.0,7161.25,32.25,0.0
2260,10.18,49.613,214,263,485,569,7139.0,7169.0,30.0,0.482
2260,10.18,49.613,263,311,485,569,7123.0,7152.0,29.0,-0.289
2260,10.18,49.613,311,361,485,569,7129.0,7175.74,46.74,0.0
2260,10.18,49.613,361,408,485,569,7133.0,7170.0,37.0,0.193
2260,10.18,49.613,408,457,485,569,7153.0,7188.0,35.0,1.156
2260,10.18,49.613,457,506,485,569,7146.0,7183.61,37.61,0.819
2265,10.18,49.613,6,58,65,149,7094.0,7134.0,40.0,-2.131
2265,10.18,49.613,58,107,65,149,7114.0,7152.0,38.0,-1.052
2265,10.18,49.613,107,154,65,149,7133.0,7168.0,35.0,-0.027
2265,10.18,49.613,154,202,65,149,7136.0,7167.0,31.0,0.135
2265,10.18,49.613,202,249,65,149,7143.0,7178.0,35.0,0.513
2265,10.18,49.613,249,297,65,149,7142.0,7182.0,40.0,0.459
2265,10.18,49.613,297,346,65,149,7148.0,7178.0,30.0,0.782
2265,10.18,49.613,346,393,65,149,7153.0,7184.0,31.0,1.052
2265,10.18,49.613,393,441,65,149,7153.0,7187.0,34.0,1.052
2265,10.18,49.613,441,490,65,149,7156.0,7194.0,38.0,1.214
2265,10.18,49.613,0,52,149,224,7104.0,7144.0,40.0,-1.592
2265,10.18,49.613,52,101,149,224,7123.0,7161.0,38.0,-0.567
2265,10.18,49.613,101,150,149,224,7133.0,7172.0,39.0,-0.027
2265,10.18,49.613,150,199,149,224,7141.0,7174.34,33.34,0.405
2265,10.18,49.613,199,249,149,224,7142.0,7172.0,30.0,0.459
2265,10.18,49.613,249,298,149,224,7134.0,7183.0,49.0,0.027
2265,10.18,49.613,298,349,149,224,7157.0,7195.0,38.0,1.268
2265,10.18,49.613,349,397,149,224,7164.0,7198.0,34.0,1.646
2265,10.18,49.613,397,446,149,224,7158.0,7193.0,35.0,1.322
2265,10.18,49.613,446,495,149,224,7161.0,7192.0,31.0,1.484
2265,10.18,49.613,33,76,364,487,7090.0,7135.0,45.0,-2.347
2265,10.18,49.613,76,126,364,487,7095.0,7141.0,46.0,-2.077
2265,10.18,49.613,126,172,364,487,7121.0,7153.0,32.0,-0.674
2265,10.18,49.613,172,219,364,487,7124.0,7162.0,38.0,-0.513
2265,10.18,49.613,219,265,364,487,7111.0,7141.0,30.0,-1.214
2265,10.18,49.613,265,313,364,487,7117.0,7161.63,44.63,-0.89
2265,10.18,49.613,313,362,364,487,7121.0,7167.0,46.0,-0.674
2265,10.18,49.613,362,409,364,487,7128.0,7179.0,51.0,-0.297
2265,10.18,49.613,409,454,364,487,7138.0,7174.0,36.0,0.243
2265,10.18,49.613,454,501,364,487,7137.0,7169.91,32.91,0.189
2265,10.18,49.613,23,71,487,575,7106.0,7146.0,40.0,-1.484
2265,10.18,49.613,71,120,487,575,7118.0,7160.0,42.0,-0.836
2265,10.18,49.613,120,168,487,575,7127.0,7161.0,34.0,-0.351
2265,10.18,49.613,168,217,487,575,7137.0,7167.03,30.03,0.189
2265,10.18,49.613,217,265,487,575,7121.0,7151.0,30.0,-0.674
2265,10.18,49.613,265,314,487,575,7132.0,7173.0,41.0,-0.081
2265,10.18,49.613,314,363,487,575,7132.0,7172.0,40.0,-0.081
2265,10.18,49.613,363,411,487,575,7154.0,7190.0,36.0,1.106
2265,10.18,49.613,411,460,487,575,7147.0,7186.0,39.0,0.728
2265,10.18,49.613,460,508,487,575,7143.0,7178.0,35.0,0.513
2270,10.18,49.613,7,58,63,151,7104.0,7141.0,37.0,-1.304
2270,10.18,49.613,58,105,63,151,7124.0,7158.0,34.0,-0.405
2270,10.18,49.613,105,153,63,151,7132.0,7162.0,30.0,-0.045
2270,10.18,49.613,153,200,63,151,7136.0,7171.0,35.0,0.135
2270,10.18,49.613,200,247,63,151,7138.0,7175.0,37.0,0.225
2270,10.18,49.613,247,296,63,151,7150.0,7178.0,28.0,0.764
2270,10.18,49.613,296,344,63,151,7153.0,7184.0,31.0,0.899
2270,10.18,49.613,344,391,63,151,7152.0,7184.0,32.0,0.854
2270,10.18,49.613,391,439,63,151,7152.0,7187.0,35.0,0.854
2270,10.18,49.613,439,488,63,151,7152.0,7186.0,34.0,0.854
2270,10.18,49.613,1,50,151,228,7114.0,7151.0,37.0,-0.854
2270,10.18,49.613,50,99,151,228,7127.0,7164.67,37.67,-0.27
2270,10.18,49.613,99,148,151,228,7136.0,7170.0,34.0,0.135
2270,10.18,49.613,148,197,151,228,7139.0,7171.0,32.0,0.27
2270,10.18,49.613,197,247,151,228,7129.0,7181.8,52.8,-0.18
2270,10.18,49.613,247,296,151,228,7155.0,7191.0,36.0,0.989
2270,10.18,49.613,296,345,151,228,7160.0,7195.5,35.5,1.214
2270,10.18,49.613,345,394,151,228,7155.0,7193.0,38.0,0.989
2270,10.18,49.613,394,444,151,228,7156.0,7189.85,33.85,1.034
2270,10.18,49.613,444,493,151,228,7158.0,7195.0,37.0,1.124
2270,10.18,49.613,28,75,367,494,7089.0,7136.0,47.0,-1.979
2270,10.18,49.613,75,123,367,494,7113.0,7149.0,36.0,-0.899
2270,10.18,49.613,123,171,367,494,7118.0,7159.0,41.0,-0.674
2270,10.18,49.613,171,216,367,494,7109.5,7141.0,31.5,-1.057
2270,10.18,49.613,216,264,367,494,7113.0,7160.0,47.0,-0.899
2270,10.18,49.613,264,311,367,494,7121.0,7166.0,45.0,-0.54
2270,10.18,49.613,311,358,367,494,7123.0,7177.0,54.0,-0.45
2270,10.18,49.613,358,405,367,494,7132.0,7174.0,42.0,-0.045
2270,10.18,49.613,405,451,367,494,7136.0,7170.0,34.0,0.135
2270,10.18,49.613,451,498,367,494,7128.0,7163.0,35.0,-0.225
2270,10.18,49.613,21,70,494,578,7114.0,7154.0,40.0,-0.854
2270,10.18,49.613,70,119,494,578,7122.0,7154.0,32.0,-0.495
2270,10.18,49.613,119,167,494,578,7134.0,7163.0,29.0,0.045
2270,10.18,49.613,167,215,494,578,7118.0,7147.0,29.0,-0.674
2270,10.18,49.613,215,263,494,578,7131.0,7173.0,42.0,-0.09
2270,10.18,49.613,263,312,494,578,7132.0,7172.0,40.0,-0.045
2270,10.18,49.613,312,361,494,578,7154.0,7189.0,35.0,0.944
2270,10.18,49.613,361,408,494,578,7148.0,7185.0,37.0,0.674
2270,10.18,49.613,408,457,494,578,7143.0,7177.0,34.0,0.45
2270,10.18,49.613,457,507,494,578,7136.0,7170.0,34.0,0.135
2275,10.18,49.613,6,54,66,153,7113.0,7148.0,35.0,-0.957
2275,10.18,49.613,54,102,66,153,7123.0,7154.0,31.0,-0.522
2275,10.18,49.613,102,149,66,153,7133.0,7169.0,36.0,-0.087
2275,10.18,49.613,149,197,66,153,7134.0,7172.0,38.0,-0.044
2275,10.18,49.613,197,244,66,153,7154.0,7181.64,27.64,0.827
2275,10.18,49.613,244,291,66,153,7158.0,7189.0,31.0,1.001
2275,10.18,49.613,291,340,66,153,7153.0,7188.47,35.47,0.783
2275,10.18,49.613,340,386,66,153,7154.0,7189.0,35.0,0.827
2275,10.18,49.613,386,435,66,153,7148.0,7181.0,33.0,0.566
2275,10.18,49.613,435,483,66,153,7156.0,7191.0,35.0,0.914
2275,10.18,49.613,0,47,153,229,7119.0,7158.0,39.0,-0.696
2275,10.18,49.613,47,95,153,229,7132.0,7165.66,33.66,-0.131
2275,10.18,49.613,95,145,153,229,7137.0,7169.0,32.0,0.087
2275,10.18,49.613,145,193,153,229,7132.0,7182.0,50.0,-0.131
2275,10.18,49.613,193,243,153,229,7153.0,7192.0,39.0,0.783
2275,10.18,49.613,243,292,153,229,7161.0,7195.0,34.0,1.131
2275,10.18,49.613,292,342,153,229,7156.0,7193.0,37.0,0.914
2275,10.18,49.613,342,390,153,229,7158.0,7190.61,32.61,1.001
2275,10.18,49.613,390,440,153,229,7158.0,7195.0,37.0,1.001
2275,10.18,49.613,440,488,153,229,7161.0,7190.66,29.66,1.131
2275,10.18,49.613,27,75,368,494,7109.0,7144.0,35.0,-1.131
2275,10.18,49.613,75,121,368,494,7119.0,7157.0,38.0,-0.696
2275,10.18,49.613,121,164,368,494,7110.0,7138.0,28.0,-1.088
2275,10.18,49.613,164,212,368,494,7114.0,7159.0,45.0,-0.914
2275,10.18,49.613,212,260,368,494,7122.0,7166.0,44.0,-0.566
2275,10.18,49.613,260,308,368,494,7124.0,7178.0,54.0,-0.479
2275,10.18,49.613,308,353,368,494,7136.0,7175.0,39.0,0.044
2275,10.18,49.613,353,400,368,494,7139.0,7173.0,34.0,0.174
2275,10.18,49.613,400,447,368,494,7131.0,7165.0,34.0,-0.174
2275,10.18,49.613,447,494,368,494,7126.0,7161.0,35.0,-0.392
2275,10.18,49.613,18,67,494,578,7118.0,7151.0,33.0,-0.74
2275,10.18,49.613,67,115,494,578,7131.0,7160.32,29.32,-0.174
2275,10.18,49.613,115,164,494,578,7116.0,7145.0,29.0,-0.827
2275,10.18,49.613,164,212,494,578,7129.0,7170.0,41.0,-0.261
2275,10.18,49.613,212,259,494,578,7133.0,7172.0,39.0,-0.087
2275,10.18,49.613,259,308,494,578,7156.0,7191.0,35.0,0.914
2275,10.18,49.613,308,356,494,578,7150.0,7188.0,38.0,0.653
2275,10.18,49.613,356,404,494,578,7148.0,7182.0,34.0,0.566
2275,10.18,49.613,404,452,494,578,7139.0,7171.3,32.3,0.174
2275,10.18,49.613,452,502,494,578,7139.0,7169.0,30.0,0.174
2280,10.18,49.613,0,46,73,154,7115.0,7144.79,29.79,-1.141
2280,10.18,49.613,46,93,73,154,7124.0,7158.0,34.0,-0.674
2280,10.18,49.613,93,141,73,154,7129.0,7167.56,38.56,-0.415
2280,10.18,49.613,141,188,73,154,7148.0,7174.0,26.0,0.571
2280,10.18,49.613,188,235,73,154,7155.0,7187.0,32.0,0.934
2280,10.18,49.613,235,283,73,154,7155.0,7190.0,35.0,0.934
2280,10.18,49.613,283,330,73,154,7154.0,7190.0,36.0,0.882
2280,10.18,49.613,330,377,73,154,7148.0,7181.0,33.0,0.571
2280,10.18,49.613,377,426,73,154,7151.0,7185.0,34.0,0.726
2280,10.18,49.613,426,476,73,154,7143.0,7181.0,38.0,0.311
2280,10.18,49.613,476,512,73,154,7154.0,7183.0,29.0,0.882
2280,10.18,49.613,0,39,154,231,7122.0,7157.0,35.0,-0.778
2280,10.18,49.613,39,87,154,231,7130.0,7162.0,32.0,-0.363
2280,10.18,49.613,87,136,154,231,7126.0,7177.54,51.54,-0.571
2280,10.18,49.613,136,185,154,231,7152.0,7190.0,38.0,0.778
2280,10.18,49.613,185,234,154,231,7157.0,7191.0,34.0,1.038
2280,10.18,49.613,234,283,154,231,7153.0,7190.0,37.0,0.83
2280,10.18,49.613,283,332,154,231,7155.0,7190.0,35.0,0.934
2280,10.18,49.613,332,382,154,231,7155.0,7196.0,41.0,0.934
2280,10.18,49.613,382,430,154,231,7156.0,7191.0,35.0,0.986
2280,10.18,49.613,430,480,154,231,7149.0,7183.0,34.0,0.623
2280,10.18,49.613,21,64,371,495,7116.0,7152.0,36.0,-1.09
2280,10.18,49.613,64,110,371,495,7104.0,7134.0,30.0,-1.712
2280,10.18,49.613,110,156,371,495,7112.0,7157.0,45.0,-1.297
2280,10.18,49.613,156,206,371,495,7116.0,7164.0,48.0,-1.09
2280,10.18,49.613,206,252,371,495,7125.0,7176.0,51.0,-0.623
2280,10.18,49.613,252,298,371,495,7132.0,7174.0,42.0,-0.259
2280,10.18,49.613,298,345,371,495,7137.0,7171.0,34.0,0.0
2280,10.18,49.613,345,391,371,495,7132.0,7165.0,33.0,-0.259
2280,10.18,49.613,391,438,371,495,7127.0,7161.56,34.56,-0.519
2280,10.18,49.613,438,484,371,495,7130.0,7171.0,41.0,-0.363
2280,10.18,49.613,9,59,495,579,7126.0,7154.02,28.02,-0.571
2280,10.18,49.613,59,107,495,579,7112.0,7139.0,27.0,-1.297
2280,10.18,49.613,107,155,495,579,7126.0,7167.0,41.0,-0.571
2280,10.18,49.613,155,202,495,579,7129.0,7169.0,40.0,-0.415
2280,10.18,49.613,202,250,495,579,7153.0,7190.0,37.0,0.83
2280,10.18,49.613,250,298,495,579,7151.0,7188.0,37.0,0.726
2280,10.18,49.613,298,347,495,579,7146.0,7181.0,35.0,0.467
2280,10.18,49.613,347,394,495,579,7140.0,7176.0,36.0,0.156
2280,10.18,49.613,394,443,495,579,7139.0,7171.0,32.0,0.104
2280,10.18,49.613,443,492,495,579,7133.0,7168.0,35.0,-0.208
2285,10.18,49.613,33,82,78,156,7121.0,7158.0,37.0,-1.484
2285,10.18,49.613,82,129,78,156,7143.0,7169.0,26.0,0.0
2285,10.18,49.613,129,175,78,156,7151.0,7181.0,30.0,0.54
2285,10.18,49.613,175,222,78,156,7153.0,7187.0,34.0,0.674
2285,10.18,49.613,222,269,78,156,7158.0,7195.0,37.0,1.012
2285,10.18,49.613,269,316,78,156,7153.0,7187.0,34.0,0.674
2285,10.18,49.613,316,363,78,156,7154.0,7189.0,35.0,0.742
2285,10.18,49.613,363,411,78,156,7142.0,7180.0,38.0,-0.067
2285,10.18,49.613,411,461,78,156,7153.0,7183.0,30.0,0.674
2285,10.18,49.613,461,509,78,156,7159.0,7191.0,32.0,1.079
2285,10.18,49.613,25,73,156,233,7121.0,7171.0,50.0,-1.484
2285,10.18,49.613,73,122,156,233,7149.0,7188.0,39.0,0.405
2285,10.18,49.613,122,171,156,233,7157.0,7194.52,37.52,0.944
2285,10.18,49.613,171,220,156,233,7153.0,7191.0,38.0,0.674
2285,10.18,49.613,220,268,156,233,7156.0,7191.0,35.0,0.877
2285,10.18,49.613,268,317,156,233,7157.0,7196.0,39.0,0.944
2285,10.18,49.613,317,367,156,233,7158.0,7193.0,35.0,1.012
2285,10.18,49.613,367,417,156,233,7149.0,7182.0,33.0,0.405
2285,10.18,49.613,417,466,156,233,7160.0,7191.0,31.0,1.147
2285,10.18,49.613,466,512,156,233,7171.0,7201.0,30.0,1.889
2285,10.18,49.613,8,51,373,492,7102.0,7129.0,27.0,-2.765
2285,10.18,49.613,51,97,373,492,7113.0,7155.0,42.0,-2.023
2285,10.18,49.613,97,147,373,492,7118.0,7165.0,47.0,-1.686
2285,10.18,49.613,147,190,373,492,7130.0,7176.0,46.0,-0.877
2285,10.18,49.613,190,237,373,492,7131.0,7174.0,43.0,-0.809
2285,10.18,49.613,237,285,373,492,7139.0,7172.1,33.1,-0.27
2285,10.18,49.613,285,331,373,492,7135.0,7167.0,32.0,-0.54
2285,10.18,49.613,331,377,373,492,7131.0,7165.0,34.0,-0.809
2285,10.18,49.613,377,426,373,492,7133.0,7175.0,42.0,-0.674
2285,10.18,49.613,426,472,373,492,7137.0,7172.0,35.0,-0.405
2285,10.18,49.613,472,512,373,492,7143.0,7171.0,28.0,0.0
2285,10.18,49.613,0,45,492,580,7109.0,7136.1,27.1,-2.293
2285,10.18,49.613,45,93,492,580,7122.0,7163.0,41.0,-1.416
2285,10.18,49.613,93,141,492,580,7127.0,7168.0,41.0,-1.079
2285,10.18,49.613,141,189,492,580,7152.0,7189.0,37.0,0.607
2285,10.18,49.613,189,236,492,580,7149.0,7188.0,39.0,0.405
2285,10.18,49.613,236,284,492,580,7149.0,7184.0,35.0,0.405
2285,10.18,49.613,284,333,492,580,7143.0,7179.0,36.0,0.0
2285,10.18,49.613,333,381,492,580,7144.0,7177.0,33.0,0.067
2285,10.18,49.613,381,430,492,580,7137.0,7174.0,37.0,-0.405
2285,10.18,49.613,430,478,492,580,7140.0,7171.0,31.0,-0.202
2290,10.18,49.613,11,59,87,160,7128.0,7158.0,30.0,-1.557
2290,10.18,49.613,59,105,87,160,7141.0,7170.0,29.0,-0.208
2290,10.18,49.613,105,151,87,160,7147.0,7179.0,32.0,0.415
2290,10.18,49.613,151,198,87,160,7150.0,7187.0,37.0,0.726
2290,10.18,49.613,198,245,87,160,7151.0,7183.0,32.0,0.83
2290,10.18,49.613,245,291,87,160,7154.0,7189.0,35.0,1.141
2290,10.18,49.613,291,340,87,160,7142.0,7179.0,37.0,-0.104
2290,10.18,49.613,340,388,87,160,7151.0,7179.22,28.22,0.83
2290,10.18,49.613,388,435,87,160,7154.0,7186.0,32.0,1.141
2290,10.18,49.613,435,484,87,160,7159.0,7192.0,33.0,1.66
2290,10.18,49.613,0,49,160,237,7140.0,7178.0,38.0,-0.311
2290,10.18,49.613,49,98,160,237,7149.0,7187.0,38.0,0.623
2290,10.18,49.613,98,147,160,237,7149.0,7189.0,40.0,0.623
2290,10.18,49.613,147,195,160,237,7153.0,7189.0,36.0,1.038
2290,10.18,49.613,195,244,160,237,7153.0,7194.0,41.0,1.038
2290,10.18,49.613,244,292,160,237,7155.0,7188.0,33.0,1.245
2290,10.18,49.613,292,343,160,237,7146.0,7181.0,35.0,0.311
2290,10.18,49.613,343,391,160,237,7159.0,7190.24,31.24,1.66
2290,10.18,49.613,391,440,160,237,7168.0,7201.0,33.0,2.594
2290,10.18,49.613,440,490,160,237,7164.0,7202.0,38.0,2.179
2290,10.18,49.613,28,74,380,495,7119.0,7158.0,39.0,-2.49
2290,10.18,49.613,74,121,380,495,7119.0,7172.0,53.0,-2.49
2290,10.18,49.613,121,168,380,495,7128.0,7171.0,43.0,-1.557
2290,10.18,49.613,168,214,380,495,7138.0,7171.0,33.0,-0.519
2290,10.18,49.613,214,260,380,495,7132.0,7166.0,34.0,-1.141
2290,10.18,49.613,260,306,380,495,7129.0,7164.0,35.0,-1.453
2290,10.18,49.613,306,355,380,495,7133.0,7174.0,41.0,-1.038
2290,10.18,49.613,355,401,380,495,7137.0,7174.48,37.48,-0.623
2290,10.18,49.613,401,448,380,495,7141.0,7171.0,30.0,-0.208
2290,10.18,49.613,448,495,380,495,7137.0,7176.0,39.0,-0.623
2290,10.18,49.613,22,70,495,583,7120.0,7159.0,39.0,-2.387
2290,10.18,49.613,70,117,495,583,7146.0,7181.0,35.0,0.311
2290,10.18,49.613,117,165,495,583,7144.0,7183.0,39.0,0.104
2290,10.18,49.613,165,212,495,583,7145.0,7181.0,36.0,0.208
2290,10.18,49.613,212,260,495,583,7139.0,7176.0,37.0,-0.415
2290,10.18,49.613,260,308,495,583,7143.0,7177.0,34.0,0.0
2290,10.18,49.613,308,356,495,583,7137.0,7175.0,38.0,-0.623
2290,10.18,49.613,356,405,495,583,7140.0,7173.0,33.0,-0.311
2290,10.18,49.613,405,453,495,583,7143.0,7174.0,31.0,0.0
2290,10.18,49.613,453,501,495,583,7139.0,7168.0,29.0,-0.415
2295,10.18,49.613,28,75,90,165,7137.0,7171.0,34.0,-0.719
2295,10.18,49.613,75,122,90,165,7147.0,7179.24,32.24,0.18
2295,10.18,49.613,122,168,90,165,7147.0,7177.0,30.0,0.18
2295,10.18,49.613,168,215,90,165,7152.0,7187.0,35.0,0.63
2295,10.18,49.613,215,263,90,165,7145.0,7184.0,39.0,0.0
2295,10.18,49.613,263,310,90,165,7156.0,7185.0,29.0,0.989
2295,10.18,49.613,310,356,90,165,7159.0,7189.0,30.0,1.259
2295,10.18,49.613,356,404,90,165,7157.0,7190.0,33.0,1.079
2295,10.18,49.613,404,452,90,165,7159.0,7193.0,34.0,1.259
2295,10.18,49.613,452,500,90,165,7162.0,7195.0,33.0,1.529
2295,10.18,49.613,19,67,165,241,7144.0,7181.0,37.0,-0.09
2295,10.18,49.613,67,116,165,241,7151.0,7188.0,37.0,0.54
2295,10.18,49.613,116,165,165,241,7155.0,7193.0,38.0,0.899
2295,10.18,49.613,165,213,165,241,7158.0,7191.0,33.0,1.169
2295,10.18,49.613,213,262,165,241,7149.0,7182.0,33.0,0.36
2295,10.18,49.613,262,311,165,241,7160.0,7191.03,31.03,1.349
2295,10.18,49.613,311,360,165,241,7170.0,7204.0,34.0,2.248
2295,10.18,49.613,360,408,165,241,7168.0,7205.0,37.0,2.068
2295,10.18,49.613,408,457,165,241,7166.0,7198.0,32.0,1.889
2295,10.18,49.613,457,506,165,241,7165.0,7200.0,35.0,1.799
2295,10.18,49.613,3,45,385,498,7124.0,7168.0,44.0,-1.889
2295,10.18,49.613,45,91,385,498,7126.0,7168.0,42.0,-1.709
2295,10.18,49.613,91,138,385,498,7135.5,7170.0,34.5,-0.854
2295,10.18,49.613,138,183,385,498,7134.0,7168.0,34.0,-0.989
2295,10.18,49.613,183,231,385,498,7131.0,7165.0,34.0,-1.259
2295,10.18,49.613,231,279,385,498,7135.0,7176.0,41.0,-0.899
2295,10.18,49.613,279,325,385,498,7139.5,7175.0,35.5,-0.495
2295,10.18,49.613,325,371,385,498,7145.0,7176.0,31.0,0.0
2295,10.18,49.613,371,416,385,498,7142.0,7182.0,40.0,-0.27
2295,10.18,49.613,416,464,385,498,7133.0,7168.0,35.0,-1.079
2295,10.18,49.613,464,512,385,498,7136.0,7169.0,33.0,-0.809
2295,10.18,49.613,0,40,498,586,7142.0,7175.0,33.0,-0.27
2295,10.18,49.613,40,87,498,586,7142.0,7178.0,36.0,-0.27
2295,10.18,49.613,87,135,498,586,7143.0,7178.0,35.0,-0.18
2295,10.18,49.613,135,183,498,586,7141.0,7175.0,34.0,-0.36
2295,10.18,49.613,183,229,498,586,7146.0,7178.0,32.0,0.09
2295,10.18,49.613,229,278,498,586,7141.0,7181.0,40.0,-0.36
2295,10.18,49.613,278,326,498,586,7146.0,7177.0,31.0,0.09
2295,10.18,49.613,326,373,498,586,7148.0,7182.0,34.0,0.27
2295,10.18,49.613,373,421,498,586,7144.0,7174.0,30.0,-0.09
2295,10.18,49.613,421,470,498,586,7139.0,7172.0,33.0,-0.54
2295,10.18,49.613,470,512,498,586,7141.0,7172.68,31.68,-0.36
2300,10.18,49.613,0,41,93,166,7137.0,7170.0,33.0,-0.674
2300,10.18,49.613,41,87,93,166,7139.0,7170.0,31.0,-0.532
2300,10.18,49.613,87,134,93,166,7147.0,7181.0,34.0,0.035
2300,10.18,49.613,134,181,93,166,7140.0,7177.0,37.0,-0.461
2300,10.18,49.613,181,229,93,166,7153.0,7183.0,30.0,0.461
2300,10.18,49.613,229,275,93,166,7162.0,7192.0,30.0,1.1
2300,10.18,49.613,275,322,93,166,7162.0,7195.0,33.0,1.1
2300,10.18,49.613,322,368,93,166,7162.0,7195.0,33.0,1.1
2300,10.18,49.613,368,416,93,166,7161.0,7194.0,33.0,1.029
2300,10.18,49.613,416,465,93,166,7166.0,7200.0,34.0,1.384
2300,10.18,49.613,465,512,93,166,7161.0,7196.0,35.0,1.029
2300,10.18,49.613,32,82,166,242,7148.0,7189.0,41.0,0.106
2300,10.18,49.613,82,129,166,242,7155.0,7190.0,35.0,0.603
2300,10.18,49.613,129,178,166,242,7149.0,7183.0,34.0,0.177
2300,10.18,49.613,178,227,166,242,7159.0,7192.0,33.0,0.887
2300,10.18,49.613,227,275,166,242,7170.0,7203.0,33.0,1.668
2300,10.18,49.613,275,324,166,242,7168.0,7206.0,38.0,1.526
2300,10.18,49.613,324,373,166,242,7167.0,7200.0,33.0,1.455
2300,10.18,49.613,373,420,166,242,7168.0,7205.31,37.31,1.526
2300,10.18,49.613,420,469,166,242,7163.0,7195.0,32.0,1.171
2300,10.18,49.613,469,512,166,242,7157.0,7193.0,36.0,0.745
2300,10.18,49.613,16,58,402,499,7133.0,7165.0,32.0,-0.958
2300,10.18,49.613,58,104,402,499,7129.0,7165.0,36.0,-1.242
2300,10.18,49.613,104,152,402,499,7129.0,7165.0,36.0,-1.242
2300,10.18,49.613,152,198,402,499,7136.0,7175.84,39.84,-0.745
2300,10.18,49.613,198,243,402,499,7140.0,7176.0,36.0,-0.461
2300,10.18,49.613,243,290,402,499,7146.0,7177.03,31.03,-0.035
2300,10.18,49.613,290,336,402,499,7144.0,7183.0,39.0,-0.177
2300,10.18,49.613,336,382,402,499,7137.0,7169.0,32.0,-0.674
2300,10.18,49.613,382,430,402,499,7139.0,7173.0,34.0,-0.532
2300,10.18,49.613,430,475,402,499,7143.0,7176.0,33.0,-0.248
2300,10.18,49.613,475,512,402,499,7139.0,7168.0,29.0,-0.532
2300,10.18,49.613,4,53,499,586,7137.0,7171.0,34.0,-0.674
2300,10.18,49.613,53,100,499,586,7137.0,7172.0,35.0,-0.674
2300,10.18,49.613,100,147,499,586,7143.0,7175.0,32.0,-0.248
2300,10.18,49.613,147,196,499,586,7137.0,7175.0,38.0,-0.674
2300,10.18,49.613,196,243,499,586,7147.0,7177.0,30.0,0.035
2300,10.18,49.613,243,291,499,586,7151.0,7184.0,33.0,0.319
2300,10.18,49.613,291,339,499,586,7148.0,7178.0,30.0,0.106
2300,10.18,49.613,339,386,499,586,7145.0,7176.0,31.0,-0.106
2300,10.18,49.613,386,434,499,586,7144.0,7177.0,33.0,-0.177
2300,10.18,49.613,434,481,499,586,7145.0,7177.0,32.0,-0.106
2305,10.18,49.613,10,53,93,168,7137.0,7168.0,31.0,-0.674
2305,10.18,49.613,53,103,93,168,7129.0,7165.0,36.0,-1.274
2305,10.18,49.613,103,150,93,168,7146.0,7175.0,29.0,0.0
2305,10.18,49.613,150,197,93,168,7153.0,7184.0,31.0,0.525
2305,10.18,49.613,197,243,93,168,7157.0,7189.0,32.0,0.824
2305,10.18,49.613,243,289,93,168,7160.0,7195.0,35.0,1.049
2305,10.18,49.613,289,335,93,168,7162.0,7195.0,33.0,1.199
2305,10.18,49.613,335,383,93,168,7162.0,7196.0,34.0,1.199
2305,10.18,49.613,383,429,93,168,7153.0,7190.0,37.0,0.525
2305,10.18,49.613,429,477,93,168,7161.0,7193.0,32.0,1.124
2305,10.18,49.613,477,512,93,168,7163.0,7197.0,34.0,1.274
2305,10.18,49.613,0,49,168,244,7142.0,7179.0,37.0,-0.3
2305,10.18,49.613,49,98,168,244,7141.0,7175.0,34.0,-0.375
2305,10.18,49.613,98,146,168,244,7156.0,7189.0,33.0,0.749
2305,10.18,49.613,146,194,168,244,7167.0,7200.0,33.0,1.574
2305,10.18,49.613,194,242,168,244,7164.0,7202.0,38.0,1.349
2305,10.18,49.613,242,290,168,244,7164.0,7197.0,33.0,1.349
2305,10.18,49.613,290,338,168,244,7164.0,7199.0,35.0,1.349
2305,10.18,49.613,338,387,168,244,7160.0,7192.0,32.0,1.049
2305,10.18,49.613,387,435,168,244,7152.0,7189.0,37.0,0.45
2305,10.18,49.613,435,483,168,244,7160.0,7192.0,32.0,1.049
2305,10.18,49.613,25,72,409,499,7121.0,7157.0,36.0,-1.874
2305,10.18,49.613,72,120,409,499,7128.0,7170.0,42.0,-1.349
2305,10.18,49.613,120,165,409,499,7136.0,7173.0,37.0,-0.749
2305,10.18,49.613,165,212,409,499,7143.0,7176.0,33.0,-0.225
2305,10.18,49.613,212,258,409,499,7142.0,7182.0,40.0,-0.3
2305,10.18,49.613,258,304,409,499,7137.0,7170.0,33.0,-0.674
2305,10.18,49.613,304,349,409,499,7139.0,7171.0,32.0,-0.525
2305,10.18,49.613,349,395,409,499,7142.0,7175.14,33.14,-0.3
2305,10.18,49.613,395,442,409,499,7134.0,7168.28,34.28,-0.899
2305,10.18,49.613,442,488,409,499,7137.0,7168.0,31.0,-0.674
2305,10.18,49.613,20,68,499,585,7136.0,7167.19,31.19,-0.749
2305,10.18,49.613,68,115,499,585,7133.0,7170.0,37.0,-0.974
2305,10.18,49.613,115,164,499,585,7141.0,7173.0,32.0,-0.375
2305,10.18,49.613,164,210,499,585,7148.0,7179.0,31.0,0.15
2305,10.18,49.613,210,257,499,585,7147.0,7176.0,29.0,0.075
2305,10.18,49.613,257,305,499,585,7146.0,7177.0,31.0,0.0
2305,10.18,49.613,305,353,499,585,7144.0,7176.0,32.0,-0.15
2305,10.18,49.613,353,401,499,585,7143.0,7178.0,35.0,-0.225
2305,10.18,49.613,401,447,499,585,7141.0,7175.0,34.0,-0.375
2305,10.18,49.613,447,495,499,585,7146.0,7179.0,33.0,0.0
2310,10.18,49.613,25,73,97,170,7134.5,7162.0,27.5,-0.843
2310,10.18,49.613,73,118,97,170,7147.0,7177.0,30.0,0.0
2310,10.18,49.613,118,165,97,170,7152.0,7183.0,31.0,0.337
2310,10.18,49.613,165,211,97,170,7156.0,7188.0,32.0,0.607
2310,10.18,49.613,211,257,97,170,7161.0,7193.0,32.0,0.944
2310,10.18,49.613,257,303,97,170,7164.5,7197.0,32.5,1.18
2310,10.18,49.613,303,349,97,170,7156.0,7193.0,37.0,0.607
2310,10.18,49.613,349,397,97,170,7157.0,7189.0,32.0,0.674
2310,10.18,49.613,397,442,97,170,7159.0,7193.28,34.28,0.809
2310,10.18,49.613,442,491,97,170,7161.0,7196.0,35.0,0.944
2310,10.18,49.613,17,66,170,246,7145.0,7179.0,34.0,-0.135
2310,10.18,49.613,66,113,170,246,7161.0,7196.0,35.0,0.944
2310,10.18,49.613,113,161,170,246,7161.0,7199.0,38.0,0.944
2310,10.18,49.613,161,208,170,246,7162.0,7194.0,32.0,1.012
2310,10.18,49.613,208,256,170,246,7162.0,7198.0,36.0,1.012
2310,10.18,49.613,256,304,170,246,7159.0,7190.0,31.0,0.809
2310,10.18,49.613,304,353,170,246,7153.0,7189.0,36.0,0.405
2310,10.18,49.613,353,401,170,246,7159.0,7192.0,33.0,0.809
2310,10.18,49.613,401,449,170,246,7177.0,7255.0,78.0,2.023
2310,10.18,49.613,449,497,170,246,7159.0,7194.0,35.0,0.809
2310,10.18,49.613,7,43,413,503,7123.0,7163.0,40.0,-1.619
2310,10.18,49.613,43,88,413,503,7129.0,7164.0,35.0,-1.214
2310,10.18,49.613,88,134,413,503,7138.0,7169.0,31.0,-0.607
2310,10.18,49.613,134,179,413,503,7139.0,7178.0,39.0,-0.54
2310,10.18,49.613,179,226,413,503,7132.0,7168.0,36.0,-1.012
2310,10.18,49.613,226,271,413,503,7138.0,7171.0,33.0,-0.607
2310,10.18,49.613,271,317,413,503,7141.0,7175.07,34.07,-0.405
2310,10.18,49.613,317,362,413,503,7137.0,7169.0,32.0,-0.674
2310,10.18,49.613,362,408,413,503,7137.0,7169.13,32.13,-0.674
2310,10.18,49.613,408,455,413,503,7137.0,7174.0,37.0,-0.674
2310,10.18,49.613,455,500,413,503,7134.0,7169.0,35.0,-0.877
2310,10.18,49.613,34,84,503,586,7135.0,7166.0,31.0,-0.809
2310,10.18,49.613,84,132,503,586,7143.0,7175.0,32.0,-0.27
2310,10.18,49.613,132,178,503,586,7144.0,7172.0,28.0,-0.202
2310,10.18,49.613,178,224,503,586,7144.0,7175.0,31.0,-0.202
2310,10.18,49.613,224,271,503,586,7147.0,7181.0,34.0,0.0
2310,10.18,49.613,271,319,503,586,7147.0,7180.0,33.0,0.0
2310,10.18,49.613,319,366,503,586,7144.0,7178.44,34.44,-0.202
2310,10.18,49.613,366,414,503,586,7148.0,7183.0,35.0,0.067
2310,10.18,49.613,414,461,503,586,7144.0,7179.0,35.0,-0.202
2310,10.18,49.613,461,508,503,586,7139.0,7171.0,32.0,-0.54
2315,10.18,49.613,8,43,94,166,7137.0,7166.0,29.0,-0.749
2315,10.18,49.613,43,90,94,166,7142.0,7175.0,33.0,-0.375
2315,10.18,49.613,90,136,94,166,7151.0,7184.0,33.0,0.3
2315,10.18,49.613,136,182,94,166,7156.0,7188.0,32.0,0.674
2315,10.18,49.613,182,227,94,166,7161.0,7193.4,32.4,1.049
2315,10.18,49.613,227,273,94,166,7156.0,7194.0,38.0,0.674
2315,10.18,49.613,273,320,94,166,7161.0,7193.0,32.0,1.049
2315,10.18,49.613,320,365,94,166,7161.0,7196.0,35.0,1.049
2315,10.18,49.613,365,412,94,166,7158.0,7193.0,35.0,0.824
2315,10.18,49.613,412,459,94,166,7156.0,7186.0,30.0,0.674
2315,10.18,49.613,459,506,94,166,7159.5,7193.0,33.5,0.937
2315,10.18,49.613,0,36,166,242,7152.0,7185.0,33.0,0.375
2315,10.18,49.613,36,83,166,242,7155.0,7193.38,38.38,0.6
2315,10.18,49.613,83,131,166,242,7159.0,7193.0,34.0,0.899
2315,10.18,49.613,131,178,166,242,7162.0,7198.33,36.33,1.124
2315,10.18,49.613,178,226,166,242,7156.0,7190.0,34.0,0.674
2315,10.18,49.613,226,274,166,242,7152.0,7189.0,37.0,0.375
2315,10.18,49.613,274,321,166,242,7161.0,7194.0,33.0,1.049
2315,10.18,49.613,321,371,166,242,7177.0,7256.0,79.0,2.248
2315,10.18,49.613,371,417,166,242,7161.0,7197.0,36.0,1.049
2315,10.18,49.613,417,465,166,242,7158.0,7194.0,36.0,0.824
2315,10.18,49.613,465,512,166,242,7159.0,7193.0,34.0,0.899
2315,10.18,49.613,18,59,408,494,7136.0,7166.0,30.0,-0.824
2315,10.18,49.613,59,105,408,494,7134.0,7176.0,42.0,-0.974
2315,10.18,49.613,105,150,408,494,7133.0,7169.0,36.0,-1.049
2315,10.18,49.613,150,197,408,494,7138.0,7173.0,35.0,-0.674
2315,10.18,49.613,197,243,408,494,7142.0,7177.0,35.0,-0.375
2315,10.18,49.613,243,288,408,494,7138.0,7172.0,34.0,-0.674
2315,10.18,49.613,288,333,408,494,7141.0,7171.29,30.29,-0.45
2315,10.18,49.613,333,379,408,494,7141.0,7178.74,37.74,-0.45
2315,10.18,49.613,379,425,408,494,7139.0,7177.0,38.0,-0.6
2315,10.18,49.613,425,470,408,494,7137.0,7173.36,36.36,-0.749
2315,10.18,49.613,470,512,408,494,7137.0,7169.0,32.0,-0.749
2315,10.18,49.613,6,55,494,580,7137.0,7169.0,32.0,-0.749
2315,10.18,49.613,55,101,494,580,7139.0,7167.0,28.0,-0.6
2315,10.18,49.613,101,149,494,580,7139.0,7171.0,32.0,-0.6
2315,10.18,49.613,149,193,494,580,7144.0,7175.0,31.0,-0.225
2315,10.18,49.613,193,241,494,580,7146.0,7178.0,32.0,-0.075
2315,10.18,49.613,241,288,494,580,7146.0,7181.0,35.0,-0.075
2315,10.18,49.613,288,335,494,580,7152.0,7188.0,36.0,0.375
2315,10.18,49.613,335,382,494,580,7147.0,7183.84,36.84,0.0
2315,10.18,49.613,382,430,494,580,7143.0,7177.11,34.11,-0.3
2315,10.18,49.613,430,476,494,580,7147.0,7176.0,29.0,0.0
2315,10.18,49.613,476,512,494,580,7137.0,7170.34,33.34,-0.749
2320,10.18,49.613,16,59,86,160,7145.0,7177.0,32.0,-0.635
2320,10.18,49.613,59,108,86,160,7151.0,7184.0,33.0,-0.159
2320,10.18,49.613,108,154,86,160,7160.0,7194.0,34.0,0.555
2320,10.18,49.613,154,200,86,160,7155.0,7191.0,36.0,0.159
2320,10.18,49.613,200,245,86,160,7163.0,7196.0,33.0,0.794
2320,10.18,49.613,245,291,86,160,7164.0,7201.0,37.0,0.873
2320,10.18,49.613,291,337,86,160,7165.0,7199.0,34.0,0.952
2320,10.18,49.613,337,383,86,160,7158.0,7189.0,31.0,0.397
2320,10.18,49.613,383,430,86,160,7160.0,7195.0,35.0,0.555
2320,10.18,49.613,430,477,86,160,7171.0,7206.0,35.0,1.428
2320,10.18,49.613,477,512,86,160,7170.0,7206.0,36.0,1.349
2320,10.18,49.613,7,54,160,235,7155.0,7186.0,31.0,0.159
2320,10.18,49.613,54,103,160,235,7159.0,7196.0,37.0,0.476
2320,10.18,49.613,103,150,160,235,7161.0,7192.76,31.76,0.635
2320,10.18,49.613,150,197,160,235,7156.0,7193.0,37.0,0.238
2320,10.18,49.613,197,245,160,235,7161.5,7194.0,32.5,0.674
2320,10.18,49.613,245,293,160,235,7182.0,7260.0,78.0,2.301
2320,10.18,49.613,293,340,160,235,7165.0,7199.0,34.0,0.952
2320,10.18,49.613,340,388,160,235,7163.0,7196.0,33.0,0.794
2320,10.18,49.613,388,436,160,235,7164.0,7197.12,33.12,0.873
2320,10.18,49.613,436,483,160,235,7164.0,7195.0,31.0,0.873
2320,10.18,49.613,31,77,402,488,7131.0,7166.0,35.0,-1.746
2320,10.18,49.613,77,125,402,488,7137.0,7173.0,36.0,-1.27
2320,10.18,49.613,125,169,402,488,7147.0,7180.0,33.0,-0.476
2320,10.18,49.613,169,214,402,488,7142.0,7175.0,33.0,-0.873
2320,10.18,49.613,214,260,402,488,7143.0,7176.0,33.0,-0.794
2320,10.18,49.613,260,305,402,488,7146.0,7183.0,37.0,-0.555
2320,10.18,49.613,305,351,402,488,7144.0,7181.0,37.0,-0.714
2320,10.18,49.613,351,396,402,488,7144.0,7181.0,37.0,-0.714
2320,10.18,49.613,396,442,402,488,7143.0,7177.0,34.0,-0.794
2320,10.18,49.613,442,487,402,488,7143.0,7179.0,36.0,-0.794
2320,10.18,49.613,25,73,488,573,7141.0,7171.0,30.0,-0.952
2320,10.18,49.613,73,120,488,573,7146.0,7176.0,30.0,-0.555
2320,10.18,49.613,120,166,488,573,7149.0,7182.0,33.0,-0.317
2320,10.18,49.613,166,212,488,573,7148.0,7183.0,35.0,-0.397
2320,10.18,49.613,212,259,488,573,7155.0,7191.0,36.0,0.159
2320,10.18,49.613,259,306,488,573,7153.0,7190.0,37.0,0.0
2320,10.18,49.613,306,354,488,573,7149.0,7185.0,36.0,-0.317
2320,10.18,49.613,354,401,488,573,7153.0,7184.0,31.0,0.0
2320,10.18,49.613,401,446,488,573,7145.0,7180.0,35.0,-0.635
2320,10.18,49.613,446,494,488,573,7144.0,7178.0,34.0,-0.714
2325,10.18,49.613,32,79,74,155,7146.0,7181.0,35.0,-0.225
2325,10.18,49.613,79,127,74,155,7145.0,7183.0,38.0,-0.315
2325,10.18,49.613,127,173,74,155,7156.0,7188.0,32.0,0.674
2325,10.18,49.613,173,219,74,155,7159.0,7195.0,36.0,0.944
2325,10.18,49.613,219,264,74,155,7165.0,7200.0,35.0,1.484
2325,10.18,49.613,264,310,74,155,7158.0,7190.0,32.0,0.854
2325,10.18,49.613,310,355,74,155,7160.0,7194.0,34.0,1.034
2325,10.18,49.613,355,402,74,155,7165.0,7199.0,34.0,1.484
2325,10.18,49.613,402,450,74,155,7163.0,7202.0,39.0,1.304
2325,10.18,49.613,450,496,74,155,7170.0,7203.0,33.0,1.934
2325,10.18,49.613,28,75,155,230,7151.0,7183.0,32.0,0.225
2325,10.18,49.613,75,123,155,230,7148.0,7184.0,36.0,-0.045
2325,10.18,49.613,123,169,155,230,7160.0,7193.0,33.0,1.034
2325,10.18,49.613,169,217,155,230,7177.0,7256.0,79.0,2.563
2325,10.18,49.613,217,264,155,230,7160.0,7196.0,36.0,1.034
2325,10.18,49.613,264,312,155,230,7161.0,7194.0,33.0,1.124
2325,10.18,49.613,312,361,155,230,7161.0,7197.0,36.0,1.124
2325,10.18,49.613,361,406,155,230,7162.0,7193.0,31.0,1.214
2325,10.18,49.613,406,455,155,230,7157.0,7193.0,36.0,0.764
2325,10.18,49.613,455,502,155,230,7168.0,7196.0,28.0,1.754
2325,10.18,49.613,5,51,393,481,7131.0,7166.0,35.0,-1.574
2325,10.18,49.613,51,97,393,481,7138.0,7173.0,35.0,-0.944
2325,10.18,49.613,97,144,393,481,7137.0,7171.0,34.0,-1.034
2325,10.18,49.613,144,189,393,481,7142.0,7174.0,32.0,-0.585
2325,10.18,49.613,189,234,393,481,7144.0,7182.0,38.0,-0.405
2325,10.18,49.613,234,278,393,481,7144.0,7179.0,35.0,-0.405
2325,10.18,49.613,278,324,393,481,7143.0,7178.0,35.0,-0.495
2325,10.18,49.613,324,369,393,481,7144.0,7178.0,34.0,-0.405
2325,10.18,49.613,369,414,393,481,7144.0,7180.0,36.0,-0.405
2325,10.18,49.613,414,461,393,481,7141.0,7181.0,40.0,-0.674
2325,10.18,49.613,461,507,393,481,7133.0,7168.0,35.0,-1.394
2325,10.18,49.613,0,46,481,566,7138.0,7166.0,28.0,-0.944
2325,10.18,49.613,46,93,481,566,7141.0,7173.0,32.0,-0.674
2325,10.18,49.613,93,140,481,566,7142.0,7176.0,34.0,-0.585
2325,10.18,49.613,140,186,481,566,7153.0,7188.0,35.0,0.405
2325,10.18,49.613,186,232,481,566,7151.0,7187.0,36.0,0.225
2325,10.18,49.613,232,279,481,566,7149.0,7183.0,34.0,0.045
2325,10.18,49.613,279,326,481,566,7153.0,7185.0,32.0,0.405
2325,10.18,49.613,326,373,481,566,7146.0,7183.0,37.0,-0.225
2325,10.18,49.613,373,420,481,566,7146.0,7180.0,34.0,-0.225
2325,10.18,49.613,420,466,481,566,7144.0,7175.0,31.0,-0.405
2325,10.18,49.613,466,512,481,566,7145.0,7175.0,30.0,-0.315
2330,10.18,49.613,6,53,72,149,7137.0,7172.0,35.0,-1.274
2330,10.18,49.613,53,103,72,149,7147.0,7182.0,35.0,-0.525
2330,10.18,49.613,103,148,72,149,7158.0,7193.0,35.0,0.3
2330,10.18,49.613,148,193,72,149,7161.0,7194.0,33.0,0.525
2330,10.18,49.613,193,239,72,149,7161.0,7192.0,31.0,0.525
2330,10.18,49.613,239,285,72,149,7166.0,7200.0,34.0,0.899
2330,10.18,49.613,285,330,72,149,7173.0,7205.0,32.0,1.424
2330,10.18,49.613,330,377,72,149,7166.0,7203.0,37.0,0.899
2330,10.18,49.613,377,422,72,149,7170.0,7201.82,31.82,1.199
2330,10.18,49.613,422,469,72,149,7181.0,7214.0,33.0,2.023
2330,10.18,49.613,469,504,72,149,7183.0,7213.0,30.0,2.173
2330,10.18,49.613,0,48,149,223,7142.0,7179.0,37.0,-0.899
2330,10.18,49.613,48,96,149,223,7155.0,7190.0,35.0,0.075
2330,10.18,49.613,96,144,149,223,7180.0,7259.0,79.0,1.949
2330,10.18,49.613,144,191,149,223,7164.0,7199.0,35.0,0.749
2330,10.18,49.613,191,238,149,223,7163.0,7197.0,34.0,0.674
2330,10.18,49.613,238,285,149,223,7165.0,7199.0,34.0,0.824
2330,10.18,49.613,285,333,149,223,7166.0,7197.0,31.0,0.899
2330,10.18,49.613,333,381,149,223,7163.0,7197.0,34.0,0.674
2330,10.18,49.613,381,428,149,223,7170.0,7202.0,32.0,1.199
2330,10.18,49.613,428,475,149,223,7177.0,7204.0,27.0,1.724
2330,10.18,49.613,475,512,149,223,7178.0,7204.97,26.97,1.799
2330,10.18,49.613,26,75,390,478,7132.0,7168.0,36.0,-1.649
2330,10.18,49.613,75,117,390,478,7144.0,7175.0,31.0,-0.749
2330,10.18,49.613,117,162,390,478,7145.0,7183.0,38.0,-0.674
2330,10.18,49.613,162,208,390,478,7145.0,7182.0,37.0,-0.674
2330,10.18,49.613,208,253,390,478,7147.0,7183.0,36.0,-0.525
2330,10.18,49.613,253,298,390,478,7148.0,7182.0,34.0,-0.45
2330,10.18,49.613,298,344,390,478,7147.0,7185.0,38.0,-0.525
2330,10.18,49.613,344,389,390,478,7147.0,7186.0,39.0,-0.525
2330,10.18,49.613,389,437,390,478,7136.0,7175.0,39.0,-1.349
2330,10.18,49.613,437,480,390,478,7148.0,7178.0,30.0,-0.45
2330,10.18,49.613,20,66,478,557,7144.0,7177.0,33.0,-0.749
2330,10.18,49.613,66,114,478,557,7153.0,7188.0,35.0,-0.075
2330,10.18,49.613,114,160,478,557,7154.0,7188.0,34.0,0.0
2330,10.18,49.613,160,206,478,557,7154.0,7186.0,32.0,0.0
2330,10.18,49.613,206,253,478,557,7158.0,7188.0,30.0,0.3
2330,10.18,49.613,253,300,478,557,7153.0,7188.0,35.0,-0.075
2330,10.18,49.613,300,347,478,557,7154.0,7188.0,34.0,0.0
2330,10.18,49.613,347,394,478,557,7152.0,7182.0,30.0,-0.15
2330,10.18,49.613,394,441,478,557,7152.0,7182.0,30.0,-0.15
2330,10.18,49.613,441,488,478,557,7153.0,7181.0,28.0,-0.075
2335,10.18,49.613,33,79,66,144,7146.0,7180.0,34.0,-0.623
2335,10.18,49.613,79,123,66,144,7152.0,7187.34,35.34,0.0
2335,10.18,49.613,123,170,66,144,7151.5,7183.0,31.5,-0.052
2335,10.18,49.613,170,215,66,144,7159.0,7194.0,35.0,0.726
2335,10.18,49.613,215,261,66,144,7173.0,7208.0,35.0,2.179
2335,10.18,49.613,261,306,66,144,7170.0,7205.14,35.14,1.868
2335,10.18,49.613,306,351,66,144,7170.0,7203.0,33.0,1.868
2335,10.18,49.613,351,397,66,144,7175.0,7209.0,34.0,2.387
2335,10.18,49.613,397,444,66,144,7176.0,7213.75,37.75,2.49
2335,10.18,49.613,444,490,66,144,7176.0,7207.0,31.0,2.49
2335,10.18,49.613,26,73,144,218,7171.0,7247.0,76.0,1.972
2335,10.18,49.613,73,120,144,218,7156.0,7192.0,36.0,0.415
2335,10.18,49.613,120,166,144,218,7159.5,7194.0,34.5,0.778
2335,10.18,49.613,166,213,144,218,7162.0,7198.0,36.0,1.038
2335,10.18,49.613,213,261,144,218,7161.0,7194.0,33.0,0.934
2335,10.18,49.613,261,308,144,218,7161.0,7194.13,33.13,0.934
2335,10.18,49.613,308,356,144,218,7168.0,7200.0,32.0,1.66
2335,10.18,49.613,356,403,144,218,7173.0,7201.0,28.0,2.179
2335,10.18,49.613,403,450,144,218,7172.0,7203.0,31.0,2.075
2335,10.18,49.613,450,497,144,218,7170.0,7200.0,30.0,1.868
2335,10.18,49.613,4,53,384,469,7132.0,7166.0,34.0,-2.075
2335,10.18,49.613,53,95,384,469,7143.0,7178.0,35.0,-0.934
2335,10.18,49.613,95,139,384,469,7143.0,7177.0,34.0,-0.934
2335,10.18,49.613,139,185,384,469,7144.0,7179.0,35.0,-0.83
2335,10.18,49.613,185,230,384,469,7147.0,7179.0,32.0,-0.519
2335,10.18,49.613,230,275,384,469,7149.0,7183.0,34.0,-0.311
2335,10.18,49.613,275,321,384,469,7147.0,7185.0,38.0,-0.519
2335,10.18,49.613,321,366,384,469,7141.0,7174.0,33.0,-1.141
2335,10.18,49.613,366,412,384,469,7147.0,7178.0,31.0,-0.519
2335,10.18,49.613,412,456,384,469,7153.0,7186.0,33.0,0.104
2335,10.18,49.613,456,502,384,469,7149.0,7183.0,34.0,-0.311
2335,10.18,49.613,0,44,469,551,7147.0,7179.42,32.42,-0.519
2335,10.18,49.613,44,91,469,551,7147.0,7182.0,35.0,-0.519
2335,10.18,49.613,91,138,469,551,7147.0,7180.0,33.0,-0.519
2335,10.18,49.613,138,183,469,551,7154.0,7183.0,29.0,0.208
2335,10.18,49.613,183,229,469,551,7149.0,7183.0,34.0,-0.311
2335,10.18,49.613,229,275,469,551,7152.0,7184.0,32.0,0.0
2335,10.18,49.613,275,322,469,551,7152.0,7182.0,30.0,0.0
2335,10.18,49.613,322,370,469,551,7151.0,7179.0,28.0,-0.104
2335,10.18,49.613,370,416,469,551,7152.0,7181.0,29.0,0.0
2335,10.18,49.613,416,463,469,551,7156.0,7185.0,29.0,0.415
2335,10.18,49.613,463,512,469,551,7150.0,7182.0,32.0,-0.208
2340,10.18,49.613,0,44,66,148,7137.0,7172.0,35.0,-1.542
2340,10.18,49.613,44,88,66,148,7141.0,7173.0,32.0,-1.156
2340,10.18,49.613,88,135,66,148,7151.0,7189.0,38.0,-0.193
2340,10.18,49.613,135,180,66,148,7164.0,7197.0,33.0,1.06
2340,10.18,49.613,180,225,66,148,7164.0,7203.0,39.0,1.06
2340,10.18,49.613,225,271,66,148,7167.0,7203.0,36.0,1.349
2340,10.18,49.613,271,317,66,148,7178.0,7214.0,36.0,2.409
2340,10.18,49.613,317,362,66,148,7178.0,7364.28,186.28,2.409
2340,10.18,49.613,362,408,66,148,7171.0,7203.0,32.0,1.734
2340,10.18,49.613,408,456,66,148,7171.0,7201.0,30.0,1.734
2340,10.18,49.613,456,505,66,148,7169.0,7206.0,37.0,1.542
2340,10.18,49.613,0,35,148,218,7148.0,7181.0,33.0,-0.482
2340,10.18,49.613,35,83,148,218,7152.0,7187.0,35.0,-0.096
2340,10.18,49.613,83,130,148,218,7159.0,7193.0,34.0,0.578
2340,10.18,49.613,130,177,148,218,7162.0,7192.0,30.0,0.867
2340,10.18,49.613,177,224,148,218,7160.0,7193.0,33.0,0.674
2340,10.18,49.613,224,271,148,218,7167.0,7199.0,32.0,1.349
2340,10.18,49.613,271,318,148,218,7176.0,7202.0,26.0,2.216
2340,10.18,49.613,318,366,148,218,7173.0,7204.0,31.0,1.927
2340,10.18,49.613,366,414,148,218,7169.0,7202.0,33.0,1.542
2340,10.18,49.613,414,461,148,218,7166.0,7194.0,28.0,1.253
2340,10.18,49.613,461,512,148,218,7159.0,7189.0,30.0,0.578
2340,10.18,49.613,20,60,383,468,7139.0,7171.0,32.0,-1.349
2340,10.18,49.613,60,105,383,468,7142.0,7175.0,33.0,-1.06
2340,10.18,49.613,105,152,383,468,7145.0,7178.0,33.0,-0.771
2340,10.18,49.613,152,196,383,468,7148.0,7182.0,34.0,-0.482
2340,10.18,49.613,196,241,383,468,7146.0,7184.0,38.0,-0.674
2340,10.18,49.613,241,287,383,468,7141.0,7175.0,34.0,-1.156
2340,10.18,49.613,287,333,383,468,7150.0,7182.0,32.0,-0.289
2340,10.18,49.613,333,377,383,468,7157.0,7188.0,31.0,0.385
2340,10.18,49.613,377,422,383,468,7154.0,7187.0,33.0,0.096
2340,10.18,49.613,422,468,383,468,7149.0,7185.0,36.0,-0.385
2340,10.18,49.613,468,512,383,468,7152.0,7185.0,33.0,-0.096
2340,10.18,49.613,10,56,468,551,7143.0,7175.0,32.0,-0.964
2340,10.18,49.613,56,102,468,551,7149.0,7179.0,30.0,-0.385
2340,10.18,49.613,102,148,468,551,7148.0,7181.61,33.61,-0.482
2340,10.18,49.613,148,194,468,551,7151.0,7184.0,33.0,-0.193
2340,10.18,49.613,194,239,468,551,7150.0,7179.0,29.0,-0.289
2340,10.18,49.613,239,288,468,551,7152.0,7183.0,31.0,-0.096
2340,10.18,49.613,288,334,468,551,7157.0,7187.0,30.0,0.385
2340,10.18,49.613,334,381,468,551,7158.0,7189.0,31.0,0.482
2340,10.18,49.613,381,426,468,551,7156.0,7185.29,29.29,0.289
2340,10.18,49.613,426,473,468,551,7152.0,7180.0,28.0,-0.096
2340,10.18,49.613,473,512,468,551,7147.0,7175.0,28.0,-0.578
2345,10.18,49.613,0,47,71,149,7136.0,7170.82,34.82,-1.686
2345,10.18,49.613,47,93,71,149,7152.0,7185.0,33.0,-0.337
2345,10.18,49.613,93,141,71,149,7158.0,7197.0,39.0,0.169
2345,10.18,49.613,141,185,71,149,7165.0,7200.0,35.0,0.759
2345,10.18,49.613,185,231,71,149,7178.0,7213.0,35.0,1.855
2345,10.18,49.613,231,277,71,149,7184.0,7422.0,238.0,2.361
2345,10.18,49.613,277,321,71,149,7176.0,7206.35,30.35,1.686
2345,10.18,49.613,321,368,71,149,7172.0,7201.0,29.0,1.349
2345,10.18,49.613,368,412,71,149,7168.0,7203.0,35.0,1.012
2345,10.18,49.613,412,462,71,149,7160.0,7196.88,36.88,0.337
2345,10.18,49.613,462,508,71,149,7163.0,7196.0,33.0,0.59
2345,10.18,49.613,0,42,149,222,7147.0,7182.0,35.0,-0.759
2345,10.18,49.613,42,89,149,222,7152.0,7184.0,32.0,-0.337
2345,10.18,49.613,89,137,149,222,7153.0,7190.0,37.0,-0.253
2345,10.18,49.613,137,182,149,222,7167.0,7197.0,30.0,0.927
2345,10.18,49.613,182,230,149,222,7172.0,7200.0,28.0,1.349
2345,10.18,49.613,230,276,149,222,7172.0,7202.0,30.0,1.349
2345,10.18,49.613,276,324,149,222,7168.0,7202.0,34.0,1.012
2345,10.18,49.613,324,371,149,222,7165.0,7194.0,29.0,0.759
2345,10.18,49.613,371,418,149,222,7158.0,7189.0,31.0,0.169
2345,10.18,49.613,418,467,149,222,7157.0,7188.0,31.0,0.084
2345,10.18,49.613,467,512,149,222,7162.0,7188.0,26.0,0.506
2345,10.18,49.613,21,66,374,474,7136.0,7169.0,33.0,-1.686
2345,10.18,49.613,66,111,374,474,7142.0,7178.0,36.0,-1.18
2345,10.18,49.613,111,156,374,474,7144.0,7182.0,38.0,-1.012
2345,10.18,49.613,156,203,374,474,7137.0,7173.0,36.0,-1.602
2345,10.18,49.613,203,248,374,474,7148.0,7182.62,34.62,-0.674
2345,10.18,49.613,248,292,374,474,7156.0,7190.0,34.0,0.0
2345,10.18,49.613,292,337,374,474,7153.0,7188.0,35.0,-0.253
2345,10.18,49.613,337,382,374,474,7150.0,7187.0,37.0,-0.506
2345,10.18,49.613,382,425,374,474,7154.0,7189.0,35.0,-0.169
2345,10.18,49.613,425,472,374,474,7144.0,7181.0,37.0,-1.012
2345,10.18,49.613,472,512,374,474,7149.0,7187.0,38.0,-0.59
2345,10.18,49.613,16,62,474,553,7141.0,7173.96,32.96,-1.265
2345,10.18,49.613,62,108,474,553,7145.0,7178.0,33.0,-0.927
2345,10.18,49.613,108,154,474,553,7147.0,7177.0,30.0,-0.759
2345,10.18,49.613,154,201,474,553,7152.0,7181.0,29.0,-0.337
2345,10.18,49.613,201,247,474,553,7156.0,7185.0,29.0,0.0
2345,10.18,49.613,247,293,474,553,7160.0,7193.0,33.0,0.337
2345,10.18,49.613,293,340,474,553,7157.0,7189.0,32.0,0.084
2345,10.18,49.613,340,385,474,553,7156.0,7182.0,26.0,0.0
2345,10.18,49.613,385,433,474,553,7149.0,7177.0,28.0,-0.59
2345,10.18,49.613,433,478,474,553,7151.0,7178.0,27.0,-0.422
2350,10.18,49.613,5,54,77,158,7142.0,7181.0,39.0,-1.494
2350,10.18,49.613,54,100,77,158,7153.0,7191.0,38.0,-0.434
2350,10.18,49.613,100,144,77,158,7172.0,7208.0,36.0,1.397
2350,10.18,49.613,144,190,77,158,7176.0,7556.28,380.28,1.783
2350,10.18,49.613,190,234,77,158,7175.0,7205.0,30.0,1.686
2350,10.18,49.613,234,279,77,158,7177.0,7206.0,29.0,1.879
2350,10.18,49.613,279,324,77,158,7170.0,7207.0,37.0,1.204
2350,10.18,49.613,324,373,77,158,7158.0,7197.0,39.0,0.048
2350,10.18,49.613,373,417,77,158,7159.0,7193.0,34.0,0.145
2350,10.18,49.613,417,463,77,158,7171.0,7208.0,37.0,1.301
2350,10.18,49.613,463,510,77,158,7168.0,7206.0,38.0,1.012
2350,10.18,49.613,0,48,158,229,7144.0,7179.0,35.0,-1.301
2350,10.18,49.613,48,93,158,229,7161.0,7190.0,29.0,0.337
2350,10.18,49.613,93,139,158,229,7172.0,7198.04,26.04,1.397
2350,10.18,49.613,139,186,158,229,7171.0,7200.0,29.0,1.301
2350,10.18,49.613,186,233,158,229,7168.0,7198.0,30.0,1.012
2350,10.18,49.613,233,280,158,229,7164.0,7191.36,27.36,0.626
2350,10.18,49.613,280,327,158,229,7158.0,7187.0,29.0,0.048
2350,10.18,49.613,327,375,158,229,7157.0,7188.0,31.0,-0.048
2350,10.18,49.613,375,422,158,229,7161.0,7189.0,28.0,0.337
2350,10.18,49.613,422,469,158,229,7173.0,7204.0,31.0,1.494
2350,10.18,49.613,469,512,158,229,7168.0,7197.0,29.0,1.012
2350,10.18,49.613,29,70,379,479,7141.0,7177.0,36.0,-1.59
2350,10.18,49.613,70,118,379,479,7131.0,7169.99,38.99,-2.553
2350,10.18,49.613,118,161,379,479,7148.0,7181.0,33.0,-0.915
2350,10.18,49.613,161,206,379,479,7155.0,7189.0,34.0,-0.241
2350,10.18,49.613,206,251,379,479,7153.0,7189.0,36.0,-0.434
2350,10.18,49.613,251,297,379,479,7150.0,7187.89,37.89,-0.723
2350,10.18,49.613,297,342,379,479,7153.0,7189.0,36.0,-0.434
2350,10.18,49.613,342,386,379,479,7147.0,7183.0,36.0,-1.012
2350,10.18,49.613,386,430,379,479,7151.0,7189.0,38.0,-0.626
2350,10.18,49.613,430,478,379,479,7155.0,7195.83,40.83,-0.241
2350,10.18,49.613,20,66,479,558,7143.0,7170.0,27.0,-1.397
2350,10.18,49.613,66,112,479,558,7147.0,7173.92,26.92,-1.012
2350,10.18,49.613,112,160,479,558,7153.0,7182.0,29.0,-0.434
2350,10.18,49.613,160,205,479,558,7159.0,7188.0,29.0,0.145
2350,10.18,49.613,205,250,479,558,7158.0,7188.0,30.0,0.048
2350,10.18,49.613,250,296,479,558,7157.0,7184.0,27.0,-0.048
2350,10.18,49.613,296,343,479,558,7152.0,7181.0,29.0,-0.53
2350,10.18,49.613,343,389,479,558,7152.0,7179.86,27.86,-0.53
2350,10.18,49.613,389,436,479,558,7153.0,7179.0,26.0,-0.434
2350,10.18,49.613,436,480,479,558,7161.0,7187.31,26.31,0.337
2355,10.18,49.613,13,55,76,165,7158.0,7190.0,32.0,-0.112
2355,10.18,49.613,55,104,76,165,7165.0,7543.78,378.78,0.674
2355,10.18,49.613,104,148,76,165,7166.0,7197.0,31.0,0.787
2355,10.18,49.613,148,193,76,165,7170.0,7198.0,28.0,1.237
2355,10.18,49.613,193,237,76,165,7170.0,7205.0,35.0,1.237
2355,10.18,49.613,237,284,76,165,7163.0,7201.0,38.0,0.45
2355,10.18,49.613,284,330,76,165,7159.0,7195.0,36.0,0.0
2355,10.18,49.613,330,374,76,165,7170.0,7204.0,34.0,1.237
2355,10.18,49.613,374,420,76,165,7163.0,7202.0,39.0,0.45
2355,10.18,49.613,420,465,76,165,7169.0,7202.0,33.0,1.124
2355,10.18,49.613,465,512,76,165,7168.0,7204.0,36.0,1.012
2355,10.18,49.613,4,50,165,235,7161.0,7187.0,26.0,0.225
2355,10.18,49.613,50,98,165,235,7164.0,7196.0,32.0,0.562
2355,10.18,49.613,98,144,165,235,7165.0,7198.0,33.0,0.674
2355,10.18,49.613,144,191,165,235,7163.0,7191.0,28.0,0.45
2355,10.18,49.613,191,236,165,235,7157.0,7187.0,30.0,-0.225
2355,10.18,49.613,236,284,165,235,7156.0,7187.0,31.0,-0.337
2355,10.18,49.613,284,331,165,235,7159.0,7187.0,28.0,0.0
2355,10.18,49.613,331,379,165,235,7172.0,7203.0,31.0,1.461
2355,10.18,49.613,379,425,165,235,7166.0,7197.0,31.0,0.787
2355,10.18,49.613,425,470,165,235,7170.0,7197.0,27.0,1.237
2355,10.18,49.613,470,512,165,235,7169.0,7199.0,30.0,1.124
2355,10.18,49.613,31,75,384,481,7141.0,7173.0,32.0,-2.023
2355,10.18,49.613,75,120,384,481,7149.0,7183.16,34.16,-1.124
2355,10.18,49.613,120,165,384,481,7152.0,7186.0,34.0,-0.787
2355,10.18,49.613,165,209,384,481,7151.0,7186.0,35.0,-0.899
2355,10.18,49.613,209,254,384,481,7153.0,7188.6,35.6,-0.674
2355,10.18,49.613,254,299,384,481,7147.0,7182.07,35.07,-1.349
2355,10.18,49.613,299,344,384,481,7151.0,7187.0,36.0,-0.899
2355,10.18,49.613,344,386,384,481,7163.0,7197.0,34.0,0.45
2355,10.18,49.613,386,430,384,481,7160.0,7197.0,37.0,0.112
2355,10.18,49.613,430,476,384,481,7159.0,7194.0,35.0,0.0
2355,10.18,49.613,476,512,384,481,7158.0,7192.16,34.16,-0.112
2355,10.18,49.613,24,72,481,564,7145.0,7176.0,31.0,-1.574
2355,10.18,49.613,72,118,481,564,7152.0,7183.58,31.58,-0.787
2355,10.18,49.613,118,163,481,564,7153.0,7185.0,32.0,-0.674
2355,10.18,49.613,163,208,481,564,7154.0,7183.0,29.0,-0.562
2355,10.18,49.613,208,253,481,564,7151.0,7179.0,28.0,-0.899
2355,10.18,49.613,253,299,481,564,7152.0,7181.0,29.0,-0.787
2355,10.18,49.613,299,345,481,564,7154.0,7182.0,28.0,-0.562
2355,10.18,49.613,345,391,481,564,7160.0,7190.0,30.0,0.112
2355,10.18,49.613,391,436,481,564,7157.0,7187.0,30.0,-0.225
2355,10.18,49.613,436,482,481,564,7153.0,7184.0,31.0,-0.674
2360,10.18,49.613,17,63,83,172,7151.0,7181.0,30.0,-0.613
2360,10.18,49.613,63,107,83,172,7159.0,7186.0,27.0,0.368
2360,10.18,49.613,107,151,83,172,7160.0,7195.0,35.0,0.491
2360,10.18,49.613,151,196,83,172,7156.0,7190.0,34.0,0.0
2360,10.18,49.613,196,242,83,172,7156.0,7195.0,39.0,0.0
2360,10.18,49.613,242,286,83,172,7169.0,7205.0,36.0,1.594
2360,10.18,49.613,286,333,83,172,7161.0,7202.0,41.0,0.613
2360,10.18,49.613,333,378,83,172,7162.0,7196.0,34.0,0.736
2360,10.18,49.613,378,422,83,172,7165.0,7197.0,32.0,1.104
2360,10.18,49.613,422,468,83,172,7167.0,7206.0,39.0,1.349
2360,10.18,49.613,468,512,83,172,7170.0,7201.0,31.0,1.717
2360,10.18,49.613,7,54,172,241,7153.0,7185.28,32.28,-0.368
2360,10.18,49.613,54,101,172,241,7154.0,7184.0,30.0,-0.245
2360,10.18,49.613,101,147,172,241,7153.0,7183.81,30.81,-0.368
2360,10.18,49.613,147,195,172,241,7152.0,7183.0,31.0,-0.491
2360,10.18,49.613,195,241,172,241,7156.0,7184.0,28.0,0.0
2360,10.18,49.613,241,288,172,241,7169.0,7200.0,31.0,1.594
2360,10.18,49.613,288,334,172,241,7163.0,7194.0,31.0,0.858
2360,10.18,49.613,334,381,172,241,7166.0,7196.0,30.0,1.226
2360,10.18,49.613,381,426,172,241,7166.0,7197.0,31.0,1.226
2360,10.18,49.613,426,473,172,241,7168.0,7199.0,31.0,1.472
2360,10.18,49.613,473,512,172,241,7167.0,7195.0,28.0,1.349
2360,10.18,49.613,34,79,394,489,7140.0,7176.7,36.7,-1.962
2360,10.18,49.613,79,124,394,489,7141.0,7181.0,40.0,-1.84
2360,10.18,49.613,124,169,394,489,7147.0,7184.0,37.0,-1.104
2360,10.18,49.613,169,212,394,489,7143.0,7178.0,35.0,-1.594
2360,10.18,49.613,212,257,394,489,7148.0,7187.0,39.0,-0.981
2360,10.18,49.613,257,301,394,489,7158.0,7196.0,38.0,0.245
2360,10.18,49.613,301,347,394,489,7157.0,7194.0,37.0,0.123
2360,10.18,49.613,347,388,394,489,7161.0,7195.0,34.0,0.613
2360,10.18,49.613,388,434,394,489,7155.0,7194.0,39.0,-0.123
2360,10.18,49.613,434,478,394,489,7154.0,7194.0,40.0,-0.245
2360,10.18,49.613,29,75,489,568,7146.0,7174.0,28.0,-1.226
2360,10.18,49.613,75,119,489,568,7147.0,7174.0,27.0,-1.104
2360,10.18,49.613,119,166,489,568,7145.0,7174.0,29.0,-1.349
2360,10.18,49.613,166,211,489,568,7147.0,7174.57,27.57,-1.104
2360,10.18,49.613,211,257,489,568,7152.0,7177.83,25.83,-0.491
2360,10.18,49.613,257,302,489,568,7161.0,7188.0,27.0,0.613
2360,10.18,49.613,302,348,489,568,7157.0,7185.0,28.0,0.123
2360,10.18,49.613,348,394,489,568,7154.0,7183.0,29.0,-0.245
2360,10.18,49.613,394,440,489,568,7156.0,7183.0,27.0,0.0
2360,10.18,49.613,440,489,489,568,7149.0,7182.0,33.0,-0.858
2365,10.18,49.613,23,68,91,172,7151.0,7185.0,34.0,-0.45
2365,10.18,49.613,68,116,91,172,7148.0,7184.0,36.0,-0.674
2365,10.18,49.613,116,162,91,172,7153.0,7188.0,35.0,-0.3
2365,10.18,49.613,162,206,91,172,7168.0,7200.88,32.88,0.824
2365,10.18,49.613,206,251,91,172,7166.0,7204.0,38.0,0.674
2365,10.18,49.613,251,295,91,172,7168.0,7202.0,34.0,0.824
2365,10.18,49.613,295,340,91,172,7169.0,7201.0,32.0,0.899
2365,10.18,49.613,340,385,91,172,7167.0,7206.0,39.0,0.749
2365,10.18,49.613,385,431,91,172,7164.0,7199.0,35.0,0.525
2365,10.18,49.613,431,476,91,172,7166.0,7201.0,35.0,0.674
2365,10.18,49.613,476,512,91,172,7171.0,7205.0,34.0,1.049
2365,10.18,49.613,18,65,172,242,7146.0,7178.0,32.0,-0.824
2365,10.18,49.613,65,110,172,242,7151.0,7181.0,30.0,-0.45
2365,10.18,49.613,110,159,172,242,7155.0,7185.0,30.0,-0.15
2365,10.18,49.613,159,204,172,242,7170.0,7200.0,30.0,0.974
2365,10.18,49.613,204,251,172,242,7162.0,7196.0,34.0,0.375
2365,10.18,49.613,251,297,172,242,7168.0,7195.0,27.0,0.824
2365,10.18,49.613,297,344,172,242,7166.0,7198.77,32.77,0.674
2365,10.18,49.613,344,390,172,242,7170.0,7200.0,30.0,0.974
2365,10.18,49.613,390,435,172,242,7167.0,7196.0,29.0,0.749
2365,10.18,49.613,435,481,172,242,7166.0,7195.0,29.0,0.674
2365,10.18,49.613,4,44,386,489,7140.0,7176.62,36.62,-1.274
2365,10.18,49.613,44,90,386,489,7143.0,7181.0,38.0,-1.049
2365,10.18,49.613,90,133,386,489,7142.0,7179.0,37.0,-1.124
2365,10.18,49.613,133,176,386,489,7149.0,7187.0,38.0,-0.6
2365,10.18,49.613,176,222,386,489,7156.0,7197.0,41.0,-0.075
2365,10.18,49.613,222,265,386,489,7160.0,7195.66,35.66,0.225
2365,10.18,49.613,265,309,386,489,7159.0,7197.0,38.0,0.15
2365,10.18,49.613,309,355,386,489,7157.0,7194.49,37.49,0.0
2365,10.18,49.613,355,398,386,489,7156.0,7198.0,42.0,-0.075
2365,10.18,49.613,398,442,386,489,7154.0,7193.0,39.0,-0.225
2365,10.18,49.613,442,487,386,489,7147.0,7185.0,38.0,-0.749
2365,10.18,49.613,0,38,489,568,7145.0,7168.0,23.0,-0.899
2365,10.18,49.613,38,84,489,568,7143.0,7169.0,26.0,-1.049
2365,10.18,49.613,84,130,489,568,7146.0,7172.0,26.0,-0.824
2365,10.18,49.613,130,175,489,568,7152.0,7177.0,25.0,-0.375
2365,10.18,49.613,175,220,489,568,7162.0,7188.0,26.0,0.375
2365,10.18,49.613,220,265,489,568,7159.0,7187.0,28.0,0.15
2365,10.18,49.613,265,311,489,568,7159.0,7189.0,30.0,0.15
2365,10.18,49.613,311,357,489,568,7159.0,7186.0,27.0,0.15
2365,10.18,49.613,357,402,489,568,7155.0,7185.0,30.0,-0.15
2365,10.18,49.613,402,447,489,568,7153.0,7185.58,32.58,-0.3
2365,10.18,49.613,447,492,489,568,7145.0,7173.0,28.0,-0.899
2370,10.18,49.613,2,37,82,163,7139.0,7172.18,33.18,-2.473
2370,10.18,49.613,37,84,82,163,7142.0,7179.0,37.0,-2.136
2370,10.18,49.613,84,126,82,163,7164.0,7196.56,32.56,0.337
2370,10.18,49.613,126,173,82,163,7159.0,7200.0,41.0,-0.225
2370,10.18,49.613,173,218,82,163,7165.0,7199.0,34.0,0.45
2370,10.18,49.613,218,262,82,163,7171.0,7206.0,35.0,1.124
2370,10.18,49.613,262,307,82,163,7171.0,7209.0,38.0,1.124
2370,10.18,49.613,307,353,82,163,7167.0,7202.0,35.0,0.674
2370,10.18,49.613,353,396,82,163,7165.0,7197.0,32.0,0.45
2370,10.18,49.613,396,442,82,163,7167.0,7204.0,37.0,0.674
2370,10.18,49.613,442,486,82,163,7169.0,7204.0,35.0,0.899
2370,10.18,49.613,32,78,163,232,7149.5,7179.0,29.5,-1.293
2370,10.18,49.613,78,124,163,232,7167.0,7197.0,30.0,0.674
2370,10.18,49.613,124,170,163,232,7163.0,7195.0,32.0,0.225
2370,10.18,49.613,170,216,163,232,7168.0,7195.0,27.0,0.787
2370,10.18,49.613,216,262,163,232,7166.0,7197.0,31.0,0.562
2370,10.18,49.613,262,309,163,232,7172.0,7201.18,29.18,1.237
2370,10.18,49.613,309,355,163,232,7168.0,7198.0,30.0,0.787
2370,10.18,49.613,355,401,163,232,7167.5,7195.0,27.5,0.731
2370,10.18,49.613,401,446,163,232,7174.0,7200.0,26.0,1.461
2370,10.18,49.613,446,493,163,232,7166.0,7197.0,31.0,0.562
2370,10.18,49.613,11,55,374,476,7138.0,7172.0,34.0,-2.586
2370,10.18,49.613,55,100,374,476,7146.0,7185.0,39.0,-1.686
2370,10.18,49.613,100,146,374,476,7158.0,7197.0,39.0,-0.337
2370,10.18,49.613,146,188,374,476,7163.0,7197.0,34.0,0.225
2370,10.18,49.613,188,232,374,476,7161.0,7198.62,37.62,0.0
2370,10.18,49.613,232,276,374,476,7163.0,7200.0,37.0,0.225
2370,10.18,49.613,276,320,374,476,7163.0,7202.0,39.0,0.225
2370,10.18,49.613,320,366,374,476,7157.0,7196.0,39.0,-0.45
2370,10.18,49.613,366,410,374,476,7153.0,7188.0,35.0,-0.899
2370,10.18,49.613,410,453,374,476,7158.0,7197.0,39.0,-0.337
2370,10.18,49.613,453,498,374,476,7151.0,7182.0,31.0,-1.124
2370,10.18,49.613,4,51,476,557,7141.0,7168.0,27.0,-2.248
2370,10.18,49.613,51,97,476,557,7147.0,7172.24,25.24,-1.574
2370,10.18,49.613,97,140,476,557,7161.0,7186.0,25.0,0.0
2370,10.18,49.613,140,186,476,557,7157.0,7185.0,28.0,-0.45
2370,10.18,49.613,186,232,476,557,7157.0,7185.0,28.0,-0.45
2370,10.18,49.613,232,277,476,557,7161.0,7189.0,28.0,0.0
2370,10.18,49.613,277,322,476,557,7158.0,7190.0,32.0,-0.337
2370,10.18,49.613,322,368,476,557,7156.0,7190.0,34.0,-0.562
2370,10.18,49.613,368,414,476,557,7147.0,7177.0,30.0,-1.574
2370,10.18,49.613,414,459,476,557,7156.0,7183.0,27.0,-0.562
2370,10.18,49.613,459,504,476,557,7149.0,7179.92,30.92,-1.349
2375,10.18,49.613,3,56,70,151,7140.0,7180.0,40.0,-2.023
2375,10.18,49.613,56,98,70,151,7152.0,7189.0,37.0,-0.674
2375,10.18,49.613,98,143,70,151,7158.0,7193.0,35.0,0.0
2375,10.18,49.613,143,189,70,151,7164.0,7196.0,32.0,0.674
2375,10.18,49.613,189,234,70,151,7170.0,7207.0,37.0,1.349
2375,10.18,49.613,234,278,70,151,7169.0,7203.0,34.0,1.237
2375,10.18,49.613,278,323,70,151,7164.0,7198.05,34.05,0.674
2375,10.18,49.613,323,369,70,151,7165.0,7202.0,37.0,0.787
2375,10.18,49.613,369,414,70,151,7166.0,7199.0,33.0,0.899
2375,10.18,49.613,414,458,70,151,7165.0,7198.0,33.0,0.787
2375,10.18,49.613,458,503,70,151,7166.0,7199.0,33.0,0.899
2375,10.18,49.613,0,48,151,219,7157.0,7188.0,31.0,-0.112
2375,10.18,49.613,48,95,151,219,7154.0,7188.0,34.0,-0.45
2375,10.18,49.613,95,141,151,219,7164.0,7193.0,29.0,0.674
2375,10.18,49.613,141,187,151,219,7165.0,7196.0,31.0,0.787
2375,10.18,49.613,187,233,151,219,7169.0,7198.0,29.0,1.237
2375,10.18,49.613,233,279,151,219,7167.0,7196.0,29.0,1.012
2375,10.18,49.613,279,325,151,219,7168.0,7195.0,27.0,1.124
2375,10.18,49.613,325,372,151,219,7173.0,7200.6,27.6,1.686
2375,10.18,49.613,372,417,151,219,7168.0,7198.0,30.0,1.124
2375,10.18,49.613,417,463,151,219,7166.0,7198.0,32.0,0.899
2375,10.18,49.613,463,510,151,219,7165.0,7197.0,32.0,0.787
2375,10.18,49.613,28,72,362,467,7152.0,7189.0,37.0,-0.674
2375,10.18,49.613,72,116,362,467,7156.0,7192.0,36.0,-0.225
2375,10.18,49.613,116,160,362,467,7158.0,7194.0,36.0,0.0
2375,10.18,49.613,160,204,362,467,7161.0,7196.76,35.76,0.337
2375,10.18,49.613,204,251,362,467,7157.0,7199.0,42.0,-0.112
2375,10.18,49.613,251,293,362,467,7161.0,7197.0,36.0,0.337
2375,10.18,49.613,293,338,362,467,7152.0,7189.0,37.0,-0.674
2375,10.18,49.613,338,385,362,467,7156.0,7198.0,42.0,-0.225
2375,10.18,49.613,385,426,362,467,7157.0,7184.0,27.0,-0.112
2375,10.18,49.613,426,470,362,467,7153.0,7190.0,37.0,-0.562
2375,10.18,49.613,470,512,362,467,7152.0,7188.0,36.0,-0.674
2375,10.18,49.613,23,68,467,544,7154.0,7182.0,28.0,-0.45
2375,10.18,49.613,68,114,467,544,7152.0,7181.0,29.0,-0.674
2375,10.18,49.613,114,159,467,544,7156.0,7184.0,28.0,-0.225
2375,10.18,49.613,159,203,467,544,7160.0,7186.0,26.0,0.225
2375,10.18,49.613,203,249,467,544,7156.0,7188.0,32.0,-0.225
2375,10.18,49.613,249,294,467,544,7158.0,7192.0,34.0,0.0
2375,10.18,49.613,294,340,467,544,7151.0,7181.0,30.0,-0.787
2375,10.18,49.613,340,387,467,544,7159.0,7187.0,28.0,0.112
2375,10.18,49.613,387,432,467,544,7154.0,7184.0,30.0,-0.45
2375,10.18,49.613,432,475,467,544,7151.0,7181.0,30.0,-0.787
2375,10.18,49.613,475,512,467,544,7151.0,7188.0,37.0,-0.787
2380,10.18,49.613,26,73,63,143,7143.0,7177.0,34.0,-2.158
2380,10.18,49.613,73,117,63,143,7157.0,7191.0,34.0,-0.27
2380,10.18,49.613,117,163,63,143,7162.0,7199.0,37.0,0.405
2380,10.18,49.613,163,206,63,143,7164.0,7197.0,33.0,0.674
2380,10.18,49.613,206,251,63,143,7164.0,7200.0,36.0,0.674
2380,10.18,49.613,251,295,63,143,7169.0,7204.0,35.0,1.349
2380,10.18,49.613,295,340,63,143,7165.0,7201.0,36.0,0.809
2380,10.18,49.613,340,384,63,143,7162.0,7195.0,33.0,0.405
2380,10.18,49.613,384,430,63,143,7160.0,7194.0,34.0,0.135
2380,10.18,49.613,430,474,63,143,7165.0,7204.0,39.0,0.809
2380,10.18,49.613,474,512,63,143,7163.0,7196.0,33.0,0.54
2380,10.18,49.613,21,66,143,211,7155.0,7184.0,29.0,-0.54
2380,10.18,49.613,66,113,143,211,7159.0,7189.0,30.0,0.0
2380,10.18,49.613,113,158,143,211,7168.0,7197.0,29.0,1.214
2380,10.18,49.613,158,205,143,211,7165.0,7195.0,30.0,0.809
2380,10.18,49.613,205,251,143,211,7165.0,7193.0,28.0,0.809
2380,10.18,49.613,251,296,143,211,7173.0,7198.0,25.0,1.889
2380,10.18,49.613,296,342,143,211,7167.0,7195.21,28.21,1.079
2380,10.18,49.613,342,389,143,211,7164.0,7197.61,33.61,0.674
2380,10.18,49.613,389,434,143,211,7164.0,7197.0,33.0,0.674
2380,10.18,49.613,434,480,143,211,7169.0,7195.0,26.0,1.349
2380,10.18,49.613,6,45,355,455,7154.0,7184.0,30.0,-0.674
2380,10.18,49.613,45,89,355,455,7154.0,7189.0,35.0,-0.674
2380,10.18,49.613,89,133,355,455,7159.0,7194.0,35.0,0.0
2380,10.18,49.613,133,179,355,455,7159.0,7197.0,38.0,0.0
2380,10.18,49.613,179,222,355,455,7159.0,7194.0,35.0,0.0
2380,10.18,49.613,222,267,355,455,7154.0,7187.0,33.0,-0.674
2380,10.18,49.613,267,311,355,455,7161.5,7199.0,37.5,0.337
2380,10.18,49.613,311,356,355,455,7156.0,7185.0,29.0,-0.405
2380,10.18,49.613,356,398,355,455,7158.0,7189.0,31.0,-0.135
2380,10.18,49.613,398,442,355,455,7155.0,7190.0,35.0,-0.54
2380,10.18,49.613,442,485,355,455,7155.0,7193.0,38.0,-0.54
2380,10.18,49.613,0,40,455,535,7148.0,7177.0,29.0,-1.484
2380,10.18,49.613,40,87,455,535,7148.0,7180.0,32.0,-1.484
2380,10.18,49.613,87,131,455,535,7155.0,7183.0,28.0,-0.54
2380,10.18,49.613,131,175,455,535,7155.0,7186.0,31.0,-0.54
2380,10.18,49.613,175,221,455,535,7154.0,7190.0,36.0,-0.674
2380,10.18,49.613,221,268,455,535,7147.0,7179.78,32.78,-1.619
2380,10.18,49.613,268,313,455,535,7160.0,7189.0,29.0,0.135
2380,10.18,49.613,313,358,455,535,7156.0,7188.0,32.0,-0.405
2380,10.18,49.613,358,402,455,535,7151.0,7183.0,32.0,-1.079
2380,10.18,49.613,402,447,455,535,7152.0,7190.36,38.36,-0.944
2380,10.18,49.613,447,492,455,535,7154.0,7193.0,39.0,-0.674
2385,10.18,49.613,0,42,70,147,7146.0,7179.0,33.0,-1.484
2385,10.18,49.613,42,88,70,147,7153.0,7188.0,35.0,-0.54
2385,10.18,49.613,88,132,70,147,7159.0,7193.0,34.0,0.27
2385,10.18,49.613,132,177,70,147,7157.0,7191.0,34.0,0.0
2385,10.18,49.613,177,221,70,147,7166.0,7202.0,36.0,1.214
2385,10.18,49.613,221,265,70,147,7170.0,7202.0,32.0,1.754
2385,10.18,49.613,265,311,70,147,7163.0,7197.23,34.23,0.809
2385,10.18,49.613,311,353,70,147,7165.0,7197.43,32.43,1.079
2385,10.18,49.613,353,398,70,147,7161.0,7197.0,36.0,0.54
2385,10.18,49.613,398,443,70,147,7159.0,7193.0,34.0,0.27
2385,10.18,49.613,443,488,70,147,7158.0,7193.0,35.0,0.135
2385,10.18,49.613,0,36,147,215,7152.0,7182.0,30.0,-0.674
2385,10.18,49.613,36,83,147,215,7158.0,7189.0,31.0,0.135
2385,10.18,49.613,83,129,147,215,7162.0,7191.0,29.0,0.674
2385,10.18,49.613,129,174,147,215,7165.0,7191.0,26.0,1.079
2385,10.18,49.613,174,220,147,215,7171.0,7198.0,27.0,1.889
2385,10.18,49.613,220,266,147,215,7164.0,7195.0,31.0,0.944
2385,10.18,49.613,266,311,147,215,7165.0,7196.0,31.0,1.079
2385,10.18,49.613,311,358,147,215,7164.0,7197.0,33.0,0.944
2385,10.18,49.613,358,403,147,215,7168.0,7196.0,28.0,1.484
2385,10.18,49.613,403,449,147,215,7163.0,7194.0,31.0,0.809
2385,10.18,49.613,449,495,147,215,7162.0,7189.0,27.0,0.674
2385,10.18,49.613,17,57,355,461,7152.0,7186.0,34.0,-0.674
2385,10.18,49.613,57,104,355,461,7149.0,7191.97,42.97,-1.079
2385,10.18,49.613,104,149,355,461,7154.0,7195.0,41.0,-0.405
2385,10.18,49.613,149,193,355,461,7153.0,7188.0,35.0,-0.54
2385,10.18,49.613,193,240,355,461,7157.0,7196.0,39.0,0.0
2385,10.18,49.613,240,282,355,461,7157.0,7186.0,29.0,0.0
2385,10.18,49.613,282,326,355,461,7154.0,7190.0,36.0,-0.405
2385,10.18,49.613,326,370,355,461,7153.0,7190.1,37.1,-0.54
2385,10.18,49.613,370,412,355,461,7156.5,7194.0,37.5,-0.067
2385,10.18,49.613,412,459,355,461,7149.0,7194.0,45.0,-1.079
2385,10.18,49.613,459,503,355,461,7142.0,7184.0,42.0,-2.023
2385,10.18,49.613,12,57,461,538,7151.0,7176.0,25.0,-0.809
2385,10.18,49.613,57,101,461,538,7150.0,7182.0,32.0,-0.944
2385,10.18,49.613,101,148,461,538,7152.0,7189.0,37.0,-0.674
2385,10.18,49.613,148,193,461,538,7148.0,7178.0,30.0,-1.214
2385,10.18,49.613,193,237,461,538,7159.0,7188.0,29.0,0.27
2385,10.18,49.613,237,282,461,538,7156.0,7188.0,32.0,-0.135
2385,10.18,49.613,282,328,461,538,7153.0,7187.0,34.0,-0.54
2385,10.18,49.613,328,373,461,538,7154.0,7193.0,39.0,-0.405
2385,10.18,49.613,373,416,461,538,7158.0,7199.0,41.0,0.135
2385,10.18,49.613,416,461,461,538,7153.0,7185.0,32.0,-0.54
2385,10.18,49.613,461,505,461,538,7151.0,7177.12,26.12,-0.809
2390,10.18,49.613,18,64,74,151,7147.0,7181.44,34.44,-1.594
2390,10.18,49.613,64,108,74,151,7153.0,7187.0,34.0,-0.858
2390,10.18,49.613,108,153,74,151,7163.0,7199.0,36.0,0.368
2390,10.18,49.613,153,196,74,151,7166.0,7197.0,31.0,0.736
2390,10.18,49.613,196,240,74,151,7165.0,7198.68,33.68,0.613
2390,10.18,49.613,240,284,74,151,7169.0,7202.0,33.0,1.104
2390,10.18,49.613,284,328,74,151,7167.0,7203.0,36.0,0.858
2390,10.18,49.613,328,372,74,151,7163.0,7198.0,35.0,0.368
2390,10.18,49.613,372,420,74,151,7154.0,7190.0,36.0,-0.736
2390,10.18,49.613,420,461,74,151,7177.0,7210.0,33.0,2.085
2390,10.18,49.613,461,506,74,151,7175.0,7208.0,33.0,1.84
2390,10.18,49.613,13,58,151,219,7156.0,7187.88,31.88,-0.491
2390,10.18,49.613,58,103,151,219,7161.0,7190.0,29.0,0.123
2390,10.18,49.613,103,149,151,219,7170.0,7199.0,29.0,1.226
2390,10.18,49.613,149,194,151,219,7166.0,7197.0,31.0,0.736
2390,10.18,49.613,194,240,151,219,7164.0,7197.0,33.0,0.491
2390,10.18,49.613,240,285,151,219,7166.0,7199.0,33.0,0.736
2390,10.18,49.613,285,331,151,219,7170.0,7199.0,29.0,1.226
2390,10.18,49.613,331,377,151,219,7166.0,7198.0,32.0,0.736
2390,10.18,49.613,377,422,151,219,7163.5,7193.0,29.5,0.429
2390,10.18,49.613,422,467,151,219,7179.0,7210.83,31.83,2.33
2390,10.18,49.613,467,512,151,219,7173.0,7203.0,30.0,1.594
2390,10.18,49.613,0,37,354,463,7156.0,7188.0,32.0,-0.491
2390,10.18,49.613,37,81,354,463,7153.0,7189.0,36.0,-0.858
2390,10.18,49.613,81,125,354,463,7153.0,7186.0,33.0,-0.858
2390,10.18,49.613,125,169,354,463,7160.0,7198.0,38.0,0.0
2390,10.18,49.613,169,213,354,463,7155.0,7186.0,31.0,-0.613
2390,10.18,49.613,213,257,354,463,7158.0,7193.0,35.0,-0.245
2390,10.18,49.613,257,300,354,463,7159.0,7195.0,36.0,-0.123
2390,10.18,49.613,300,346,354,463,7154.0,7197.0,43.0,-0.736
2390,10.18,49.613,346,387,354,463,7162.5,7199.0,36.5,0.307
2390,10.18,49.613,387,429,354,463,7151.0,7190.0,39.0,-1.104
2390,10.18,49.613,429,467,354,463,7158.0,7197.0,39.0,-0.245
2390,10.18,49.613,467,505,354,463,7146.0,7196.0,50.0,-1.717
2390,10.18,49.613,33,78,463,540,7151.0,7185.0,34.0,-1.104
2390,10.18,49.613,78,122,463,540,7147.0,7177.0,30.0,-1.594
2390,10.18,49.613,122,167,463,540,7159.0,7188.0,29.0,-0.123
2390,10.18,49.613,167,213,463,540,7157.0,7189.0,32.0,-0.368
2390,10.18,49.613,213,257,463,540,7156.0,7189.0,33.0,-0.491
2390,10.18,49.613,257,302,463,540,7159.0,7199.32,40.32,-0.123
2390,10.18,49.613,302,347,463,540,7162.0,7203.0,41.0,0.245
2390,10.18,49.613,347,390,463,540,7160.0,7195.0,35.0,0.0
2390,10.18,49.613,390,435,463,540,7157.0,7185.0,28.0,-0.368
2390,10.18,49.613,435,479,463,540,7162.0,7189.08,27.08,0.245
2395,10.18,49.613,0,43,77,154,7143.0,7175.0,32.0,-2.293
2395,10.18,49.613,43,84,77,154,7157.0,7188.0,31.0,-0.405
2395,10.18,49.613,84,131,77,154,7159.0,7191.0,32.0,-0.135
2395,10.18,49.613,131,174,77,154,7161.0,7192.0,31.0,0.135
2395,10.18,49.613,174,217,77,154,7165.0,7196.0,31.0,0.674
2395,10.18,49.613,217,261,77,154,7168.0,7204.0,36.0,1.079
2395,10.18,49.613,261,305,77,154,7165.0,7199.0,34.0,0.674
2395,10.18,49.613,305,349,77,154,7159.0,7193.0,34.0,-0.135
2395,10.18,49.613,349,393,77,154,7169.0,7203.0,34.0,1.214
2395,10.18,49.613,393,438,77,154,7172.0,7206.0,34.0,1.619
2395,10.18,49.613,438,481,77,154,7175.0,7207.0,32.0,2.023
2395,10.18,49.613,0,35,154,222,7154.0,7181.0,27.0,-0.809
2395,10.18,49.613,35,81,154,222,7164.0,7192.0,28.0,0.54
2395,10.18,49.613,81,126,154,222,7162.0,7193.83,31.83,0.27
2395,10.18,49.613,126,171,154,222,7164.0,7197.0,33.0,0.54
2395,10.18,49.613,171,217,154,222,7164.0,7199.0,35.0,0.54
2395,10.18,49.613,217,262,154,222,7168.5,7195.0,26.5,1.147
2395,10.18,49.613,262,307,154,222,7166.0,7198.0,32.0,0.809
2395,10.18,49.613,307,353,154,222,7163.0,7191.0,28.0,0.405
2395,10.18,49.613,353,397,154,222,7177.0,7209.0,32.0,2.293
2395,10.18,49.613,397,442,154,222,7172.0,7203.0,31.0,1.619
2395,10.18,49.613,442,487,154,222,7170.0,7200.0,30.0,1.349
2395,10.18,49.613,15,60,360,465,7146.0,7181.0,35.0,-1.889
2395,10.18,49.613,60,104,360,465,7156.0,7193.0,37.0,-0.54
2395,10.18,49.613,104,147,360,465,7154.0,7184.0,30.0,-0.809
2395,10.18,49.613,147,191,360,465,7157.0,7191.0,34.0,-0.405
2395,10.18,49.613,191,237,360,465,7155.0,7193.0,38.0,-0.674
2395,10.18,49.613,237,282,360,465,7156.0,7197.92,41.92,-0.54
2395,10.18,49.613,282,317,360,465,7165.0,7198.74,33.74,0.674
2395,10.18,49.613,317,363,360,465,7144.0,7189.94,45.94,-2.158
2395,10.18,49.613,363,408,360,465,7156.0,7198.4,42.4,-0.54
2395,10.18,49.613,408,450,360,465,7156.0,7197.0,41.0,-0.54
2395,10.18,49.613,450,495,360,465,7151.0,7192.0,41.0,-1.214
2395,10.18,49.613,12,55,465,541,7143.0,7171.0,28.0,-2.293
2395,10.18,49.613,55,102,465,541,7155.0,7183.0,28.0,-0.674
2395,10.18,49.613,102,146,465,541,7155.0,7185.0,30.0,-0.674
2395,10.18,49.613,146,190,465,541,7154.0,7184.41,30.41,-0.809
2395,10.18,49.613,190,234,465,541,7157.0,7197.0,40.0,-0.405
2395,10.18,49.613,234,279,465,541,7162.0,7204.0,42.0,0.27
2395,10.18,49.613,279,323,465,541,7161.0,7195.0,34.0,0.135
2395,10.18,49.613,323,368,465,541,7158.0,7185.0,27.0,-0.27
2395,10.18,49.613,368,411,465,541,7163.0,7190.0,27.0,0.405
2395,10.18,49.613,411,455,465,541,7161.0,7191.0,30.0,0.135
2395,10.18,49.613,455,499,465,541,7158.0,7187.0,29.0,-0.27
2400,10.18,49.613,21,67,83,160,7148.0,7182.83,34.83,-1.619
2400,10.18,49.613,67,111,83,160,7154.0,7185.0,31.0,-0.809
2400,10.18,49.613,111,155,83,160,7160.0,7192.0,32.0,0.0
2400,10.18,49.613,155,199,83,160,7162.0,7197.0,35.0,0.27
2400,10.18,49.613,199,244,83,160,7163.0,7196.0,33.0,0.405
2400,10.18,49.613,244,286,83,160,7162.0,7194.0,32.0,0.27
2400,10.18,49.613,286,330,83,160,7172.5,7206.0,33.5,1.686
2400,10.18,49.613,330,373,83,160,7173.0,7206.0,33.0,1.754
2400,10.18,49.613,373,416,83,160,7171.0,7201.96,30.96,1.484
2400,10.18,49.613,416,462,83,160,7191.0,7235.0,44.0,4.182
2400,10.18,49.613,462,505,83,160,7191.0,7230.0,39.0,4.182
2400,10.18,49.613,17,63,160,227,7155.0,7185.0,30.0,-0.674
2400,10.18,49.613,63,108,160,227,7158.0,7189.27,31.27,-0.27
2400,10.18,49.613,108,153,160,227,7164.0,7195.22,31.22,0.54
2400,10.18,49.613,153,197,160,227,7168.0,7195.0,27.0,1.079
2400,10.18,49.613,197,243,160,227,7164.0,7196.0,32.0,0.54
2400,10.18,49.613,243,287,160,227,7164.0,7191.0,27.0,0.54
2400,10.18,49.613,287,333,160,227,7177.0,7209.0,32.0,2.293
2400,10.18,49.613,333,376,160,227,7173.0,7203.0,30.0,1.754
2400,10.18,49.613,376,421,160,227,7169.0,7200.0,31.0,1.214
2400,10.18,49.613,421,466,160,227,7171.0,7199.0,28.0,1.484
2400,10.18,49.613,466,512,160,227,7170.0,7194.0,24.0,1.349
2400,10.18,49.613,5,43,361,468,7157.0,7189.0,32.0,-0.405
2400,10.18,49.613,43,86,361,468,7149.0,7178.0,29.0,-1.484
2400,10.18,49.613,86,129,361,468,7154.0,7190.0,36.0,-0.809
2400,10.18,49.613,129,176,361,468,7152.0,7191.0,39.0,-1.079
2400,10.18,49.613,176,214,361,468,7161.0,7197.0,36.0,0.135
2400,10.18,49.613,214,259,361,468,7157.0,7199.0,42.0,-0.405
2400,10.18,49.613,259,301,361,468,7151.0,7193.0,42.0,-1.214
2400,10.18,49.613,301,346,361,468,7157.0,7202.0,45.0,-0.405
2400,10.18,49.613,346,384,361,468,7161.0,7199.0,38.0,0.135
2400,10.18,49.613,384,421,361,468,7153.0,7195.69,42.69,-0.944
2400,10.18,49.613,421,473,361,468,7146.0,7195.0,49.0,-1.889
2400,10.18,49.613,473,512,361,468,7156.0,7190.0,34.0,-0.54
2400,10.18,49.613,0,39,468,545,7151.0,7176.0,25.0,-1.214
2400,10.18,49.613,39,82,468,545,7150.0,7178.0,28.0,-1.349
2400,10.18,49.613,82,128,468,545,7148.0,7180.72,32.72,-1.619
2400,10.18,49.613,128,171,468,545,7156.0,7192.0,36.0,-0.54
2400,10.18,49.613,171,215,468,545,7160.0,7201.0,41.0,0.0
2400,10.18,49.613,215,259,468,545,7159.0,7192.04,33.04,-0.135
2400,10.18,49.613,259,304,468,545,7160.0,7187.0,27.0,0.0
2400,10.18,49.613,304,349,468,545,7165.0,7193.0,28.0,0.674
2400,10.18,49.613,349,391,468,545,7163.0,7193.0,30.0,0.405
2400,10.18,49.613,391,435,468,545,7160.0,7188.0,28.0,0.0
2400,10.18,49.613,435,479,468,545,7157.0,7186.0,29.0,-0.405
2405,10.18,49.613,8,50,89,166,7147.0,7176.0,29.0,-1.141
2405,10.18,49.613,50,94,89,166,7152.0,7182.29,30.29,-0.623
2405,10.18,49.613,94,138,89,166,7157.0,7193.0,36.0,-0.104
2405,10.18,49.613,138,181,89,166,7159.0,7191.0,32.0,0.104
2405,10.18,49.613,181,224,89,166,7157.0,7191.0,34.0,-0.104
2405,10.18,49.613,224,267,89,166,7171.0,7206.0,35.0,1.349
2405,10.18,49.613,267,310,89,166,7172.0,7206.0,34.0,1.453
2405,10.18,49.613,310,354,89,166,7169.0,7201.0,32.0,1.141
2405,10.18,49.613,354,397,89,166,7188.0,7230.67,42.67,3.113
2405,10.18,49.613,397,441,89,166,7187.0,7226.0,39.0,3.009
2405,10.18,49.613,441,484,89,166,7171.0,7202.0,31.0,1.349
2405,10.18,49.613,0,44,166,232,7151.0,7183.0,32.0,-0.726
2405,10.18,49.613,44,90,166,232,7156.0,7190.0,34.0,-0.208
2405,10.18,49.613,90,134,166,232,7165.0,7193.0,28.0,0.726
2405,10.18,49.613,134,179,166,232,7164.0,7194.0,30.0,0.623
2405,10.18,49.613,179,224,166,232,7162.0,7190.0,28.0,0.415
2405,10.18,49.613,224,268,166,232,7177.0,7209.0,32.0,1.972
2405,10.18,49.613,268,313,166,232,7171.0,7202.0,31.0,1.349
2405,10.18,49.613,313,357,166,232,7169.0,7200.0,31.0,1.141
2405,10.18,49.613,357,401,166,232,7170.0,7198.0,28.0,1.245
2405,10.18,49.613,401,446,166,232,7169.0,7195.66,26.66,1.141
2405,10.18,49.613,446,492,166,232,7165.0,7193.0,28.0,0.726
2405,10.18,49.613,23,70,362,472,7144.0,7182.62,38.62,-1.453
2405,10.18,49.613,70,110,362,472,7154.0,7188.0,34.0,-0.415
2405,10.18,49.613,110,157,362,472,7148.0,7195.0,47.0,-1.038
2405,10.18,49.613,157,200,362,472,7157.0,7196.0,39.0,-0.104
2405,10.18,49.613,200,243,362,472,7149.0,7191.0,42.0,-0.934
2405,10.18,49.613,243,286,362,472,7157.0,7201.0,44.0,-0.104
2405,10.18,49.613,286,328,362,472,7156.0,7199.0,43.0,-0.208
2405,10.18,49.613,328,363,362,472,7154.0,7195.0,41.0,-0.415
2405,10.18,49.613,363,412,362,472,7143.0,7196.0,53.0,-1.557
2405,10.18,49.613,412,454,362,472,7152.0,7190.99,38.99,-0.623
2405,10.18,49.613,454,497,362,472,7149.0,7187.0,38.0,-0.934
2405,10.18,49.613,23,67,472,548,7145.0,7175.0,30.0,-1.349
2405,10.18,49.613,67,111,472,548,7151.0,7187.0,36.0,-0.726
2405,10.18,49.613,111,154,472,548,7158.0,7196.0,38.0,0.0
2405,10.18,49.613,154,198,472,548,7158.0,7190.0,32.0,0.0
2405,10.18,49.613,198,241,472,548,7158.0,7184.0,26.0,0.0
2405,10.18,49.613,241,285,472,548,7164.0,7190.0,26.0,0.623
2405,10.18,49.613,285,329,472,548,7162.0,7193.0,31.0,0.415
2405,10.18,49.613,329,373,472,548,7159.0,7189.0,30.0,0.104
2405,10.18,49.613,373,415,472,548,7158.0,7187.0,29.0,0.0
2405,10.18,49.613,415,460,472,548,7159.0,7185.0,26.0,0.104
2405,10.18,49.613,460,504,472,548,7154.0,7185.0,31.0,-0.415
2410,10.18,49.613,32,76,95,172,7149.0,7183.0,34.0,-0.674
2410,10.18,49.613,76,118,95,172,7153.0,7184.61,31.61,-0.289
2410,10.18,49.613,118,161,95,172,7152.0,7186.0,34.0,-0.385
2410,10.18,49.613,161,203,95,172,7169.0,7201.0,32.0,1.253
2410,10.18,49.613,203,246,95,172,7170.0,7204.0,34.0,1.349
2410,10.18,49.613,246,290,95,172,7170.0,7202.0,32.0,1.349
2410,10.18,49.613,290,331,95,172,7191.0,7236.0,45.0,3.372
2410,10.18,49.613,331,378,95,172,7185.0,7228.68,43.68,2.794
2410,10.18,49.613,378,419,95,172,7166.0,7199.0,33.0,0.964
2410,10.18,49.613,419,463,95,172,7156.0,7186.0,30.0,0.0
2410,10.18,49.613,463,507,95,172,7169.0,7198.0,29.0,1.253
2410,10.18,49.613,25,69,172,239,7156.0,7185.0,29.0,0.0
2410,10.18,49.613,69,114,172,239,7158.0,7189.26,31.26,0.193
2410,10.18,49.613,114,158,172,239,7160.0,7189.0,29.0,0.385
2410,10.18,49.613,158,202,172,239,7173.0,7206.0,33.0,1.638
2410,10.18,49.613,202,246,172,239,7169.0,7200.0,31.0,1.253
2410,10.18,49.613,246,291,172,239,7167.0,7198.0,31.0,1.06
2410,10.18,49.613,291,335,172,239,7170.0,7199.0,29.0,1.349
2410,10.18,49.613,335,380,172,239,7169.0,7196.0,27.0,1.253
2410,10.18,49.613,380,423,172,239,7164.0,7194.0,30.0,0.771
2410,10.18,49.613,423,468,172,239,7158.0,7189.0,31.0,0.193
2410,10.18,49.613,468,512,172,239,7168.0,7199.0,31.0,1.156
2410,10.18,49.613,8,50,370,476,7147.0,7182.0,35.0,-0.867
2410,10.18,49.613,50,97,370,476,7143.0,7189.0,46.0,-1.253
2410,10.18,49.613,97,137,370,476,7156.0,7195.0,39.0,0.0
2410,10.18,49.613,137,178,370,476,7148.0,7189.52,41.52,-0.771
2410,10.18,49.613,178,228,370,476,7144.0,7199.0,55.0,-1.156
2410,10.18,49.613,228,264,370,476,7156.0,7200.29,44.29,0.0
2410,10.18,49.613,264,307,370,476,7148.0,7197.0,49.0,-0.771
2410,10.18,49.613,307,349,370,476,7153.0,7199.0,46.0,-0.289
2410,10.18,49.613,349,393,370,476,7155.0,7194.0,39.0,-0.096
2410,10.18,49.613,393,433,370,476,7154.0,7189.0,35.0,-0.193
2410,10.18,49.613,433,476,370,476,7142.0,7178.0,36.0,-1.349
2410,10.18,49.613,476,512,370,476,7150.0,7189.0,39.0,-0.578
2410,10.18,49.613,2,47,476,552,7145.0,7179.85,34.85,-1.06
2410,10.18,49.613,47,90,476,552,7152.0,7190.0,38.0,-0.385
2410,10.18,49.613,90,134,476,552,7153.0,7184.0,31.0,-0.289
2410,10.18,49.613,134,177,476,552,7156.0,7181.0,25.0,0.0
2410,10.18,49.613,177,220,476,552,7162.0,7189.0,27.0,0.578
2410,10.18,49.613,220,264,476,552,7161.0,7191.0,30.0,0.482
2410,10.18,49.613,264,307,476,552,7162.0,7192.0,30.0,0.578
2410,10.18,49.613,307,351,476,552,7159.0,7190.0,31.0,0.289
2410,10.18,49.613,351,395,476,552,7161.0,7188.0,27.0,0.482
2410,10.18,49.613,395,437,476,552,7156.0,7188.0,32.0,0.0
2410,10.18,49.613,437,482,476,552,7148.0,7177.0,29.0,-0.771
2415,10.18,49.613,9,49,96,179,7148.0,7178.7,30.7,-1.012
2415,10.18,49.613,49,92,96,179,7144.0,7181.0,37.0,-1.349
2415,10.18,49.613,92,137,96,179,7161.0,7199.0,38.0,0.084
2415,10.18,49.613,137,180,96,179,7168.0,7202.0,34.0,0.674
2415,10.18,49.613,180,222,96,179,7169.0,7200.0,31.0,0.759
2415,10.18,49.613,222,265,96,179,7190.0,7235.0,45.0,2.529
2415,10.18,49.613,265,309,96,179,7188.0,7230.0,42.0,2.361
2415,10.18,49.613,309,352,96,179,7166.0,7199.0,33.0,0.506
2415,10.18,49.613,352,395,96,179,7154.0,7184.0,30.0,-0.506
2415,10.18,49.613,395,438,96,179,7166.0,7197.0,31.0,0.506
2415,10.18,49.613,438,484,96,179,7169.0,7208.0,39.0,0.759
2415,10.18,49.613,2,45,179,245,7152.0,7180.0,28.0,-0.674
2415,10.18,49.613,45,90,179,245,7154.0,7181.0,27.0,-0.506
2415,10.18,49.613,90,134,179,245,7172.0,7203.0,31.0,1.012
2415,10.18,49.613,134,178,179,245,7169.0,7199.21,30.21,0.759
2415,10.18,49.613,178,222,179,245,7166.0,7197.0,31.0,0.506
2415,10.18,49.613,222,266,179,245,7169.0,7199.0,30.0,0.759
2415,10.18,49.613,266,310,179,245,7169.0,7196.0,27.0,0.759
2415,10.18,49.613,310,355,179,245,7164.0,7193.0,29.0,0.337
2415,10.18,49.613,355,399,179,245,7159.0,7188.0,29.0,-0.084
2415,10.18,49.613,399,443,179,245,7169.0,7201.0,32.0,0.759
2415,10.18,49.613,443,487,179,245,7168.0,7196.0,28.0,0.674
2415,10.18,49.613,29,75,374,481,7144.0,7190.0,46.0,-1.349
2415,10.18,49.613,75,117,374,481,7144.0,7187.0,43.0,-1.349
2415,10.18,49.613,117,155,374,481,7158.0,7199.0,41.0,-0.169
2415,10.18,49.613,155,197,374,481,7150.0,7198.0,48.0,-0.843
2415,10.18,49.613,197,240,374,481,7148.0,7197.0,49.0,-1.012
2415,10.18,49.613,240,284,374,481,7150.0,7200.0,50.0,-0.843
2415,10.18,49.613,284,326,374,481,7156.0,7195.0,39.0,-0.337
2415,10.18,49.613,326,365,374,481,7155.0,7191.58,36.58,-0.422
2415,10.18,49.613,365,410,374,481,7141.5,7181.0,39.5,-1.56
2415,10.18,49.613,410,452,374,481,7151.0,7191.01,40.01,-0.759
2415,10.18,49.613,452,494,374,481,7151.0,7190.0,39.0,-0.759
2415,10.18,49.613,25,68,481,557,7151.0,7182.0,31.0,-0.759
2415,10.18,49.613,68,111,481,557,7152.0,7176.0,24.0,-0.674
2415,10.18,49.613,111,154,481,557,7161.0,7185.0,24.0,0.084
2415,10.18,49.613,154,197,481,557,7161.0,7189.0,28.0,0.084
2415,10.18,49.613,197,240,481,557,7161.0,7189.0,28.0,0.084
2415,10.18,49.613,240,283,481,557,7161.0,7190.0,29.0,0.084
2415,10.18,49.613,283,326,481,557,7163.0,7191.0,28.0,0.253
2415,10.18,49.613,326,370,481,557,7158.0,7190.0,32.0,-0.169
2415,10.18,49.613,370,414,481,557,7151.0,7179.0,28.0,-0.759
2415,10.18,49.613,414,457,481,557,7161.0,7187.0,26.0,0.084
2415,10.18,49.613,457,501,481,557,7158.0,7183.0,25.0,-0.169
2420,10.18,49.613,26,69,102,185,7155.0,7190.0,35.0,-0.289
2420,10.18,49.613,69,110,102,185,7161.0,7195.0,34.0,0.289
2420,10.18,49.613,110,153,102,185,7163.0,7196.0,33.0,0.482
2420,10.18,49.613,153,196,102,185,7186.0,7231.0,45.0,2.698
2420,10.18,49.613,196,240,102,185,7185.0,7227.0,42.0,2.602
2420,10.18,49.613,240,282,102,185,7166.0,7199.37,33.37,0.771
2420,10.18,49.613,282,325,102,185,7154.0,7185.0,31.0,-0.385
2420,10.18,49.613,325,368,102,185,7165.0,7196.0,31.0,0.674
2420,10.18,49.613,368,412,102,185,7169.0,7206.0,37.0,1.06
2420,10.18,49.613,412,453,102,185,7169.0,7206.0,37.0,1.06
2420,10.18,49.613,453,498,102,185,7169.0,7207.52,38.52,1.06
2420,10.18,49.613,18,63,185,251,7162.0,7194.0,32.0,0.385
2420,10.18,49.613,63,107,185,251,7162.0,7194.0,32.0,0.385
2420,10.18,49.613,107,150,185,251,7165.0,7196.0,31.0,0.674
2420,10.18,49.613,150,194,185,251,7166.0,7196.0,30.0,0.771
2420,10.18,49.613,194,239,185,251,7167.0,7194.61,27.61,0.867
2420,10.18,49.613,239,283,185,251,7164.0,7193.0,29.0,0.578
2420,10.18,49.613,283,327,185,251,7158.0,7187.0,29.0,0.0
2420,10.18,49.613,327,373,185,251,7168.0,7200.0,32.0,0.964
2420,10.18,49.613,373,417,185,251,7168.0,7196.0,28.0,0.964
2420,10.18,49.613,417,460,185,251,7168.0,7196.0,28.0,0.964
2420,10.18,49.613,460,505,185,251,7162.0,7197.7,35.7,0.385
2420,10.18,49.613,15,52,379,487,7134.0,7178.0,44.0,-2.313
2420,10.18,49.613,52,91,379,487,7147.0,7191.0,44.0,-1.06
2420,10.18,49.613,91,129,379,487,7153.0,7195.0,42.0,-0.482
2420,10.18,49.613,129,171,379,487,7144.0,7193.0,49.0,-1.349
2420,10.18,49.613,171,214,379,487,7149.0,7197.0,48.0,-0.867
2420,10.18,49.613,214,257,379,487,7150.0,7193.0,43.0,-0.771
2420,10.18,49.613,257,300,379,487,7150.0,7188.0,38.0,-0.771
2420,10.18,49.613,300,341,379,487,7144.0,7177.0,33.0,-1.349
2420,10.18,49.613,341,385,379,487,7149.0,7190.0,41.0,-0.867
2420,10.18,49.613,385,447,379,487,7143.0,7189.0,46.0,-1.445
2420,10.18,49.613,447,507,379,487,7144.0,7187.0,43.0,-1.349
2420,10.18,49.613,0,42,487,563,7146.0,7170.0,24.0,-1.156
2420,10.18,49.613,42,84,487,563,7155.0,7180.0,25.0,-0.289
2420,10.18,49.613,84,128,487,563,7156.0,7184.0,28.0,-0.193
2420,10.18,49.613,128,170,487,563,7158.0,7185.0,27.0,0.0
2420,10.18,49.613,170,213,487,563,7158.0,7187.0,29.0,0.0
2420,10.18,49.613,213,256,487,563,7162.0,7189.0,27.0,0.385
2420,10.18,49.613,256,300,487,563,7158.0,7191.0,33.0,0.0
2420,10.18,49.613,300,344,487,563,7152.0,7181.0,29.0,-0.578
2420,10.18,49.613,344,389,487,563,7161.0,7189.0,28.0,0.289
2420,10.18,49.613,389,431,487,563,7161.0,7185.0,24.0,0.289
2420,10.18,49.613,431,475,487,563,7156.0,7184.55,28.55,-0.193
2420,10.18,49.613,475,512,487,563,7156.0,7181.0,25.0,-0.193
2425,10.18,49.613,0,39,103,187,7151.0,7184.0,33.0,-0.674
2425,10.18,49.613,39,80,103,187,7157.0,7188.0,31.0,0.0
2425,10.18,49.613,80,125,103,187,7179.0,7225.0,46.0,2.473
2425,10.18,49.613,125,169,103,187,7182.0,7224.0,42.0,2.81
2425,10.18,49.613,169,211,103,187,7165.0,7197.0,32.0,0.899
2425,10.18,49.613,211,255,103,187,7153.0,7184.0,31.0,-0.45
2425,10.18,49.613,255,299,103,187,7166.0,7197.0,31.0,1.012
2425,10.18,49.613,299,343,103,187,7171.0,7206.0,35.0,1.574
2425,10.18,49.613,343,386,103,187,7169.0,7205.0,36.0,1.349
2425,10.18,49.613,386,432,103,187,7166.0,7206.0,40.0,1.012
2425,10.18,49.613,432,473,103,187,7176.0,7210.0,34.0,2.136
2425,10.18,49.613,473,508,103,187,7173.0,7213.0,40.0,1.799
2425,10.18,49.613,31,76,187,254,7156.0,7187.0,31.0,-0.112
2425,10.18,49.613,76,121,187,254,7163.0,7192.0,29.0,0.674
2425,10.18,49.613,121,165,187,254,7166.0,7192.0,26.0,1.012
2425,10.18,49.613,165,210,187,254,7163.0,7191.0,28.0,0.674
2425,10.18,49.613,210,255,187,254,7157.0,7187.0,30.0,0.0
2425,10.18,49.613,255,300,187,254,7169.0,7201.0,32.0,1.349
2425,10.18,49.613,300,345,187,254,7168.0,7196.0,28.0,1.237
2425,10.18,49.613,345,389,187,254,7167.0,7195.0,28.0,1.124
2425,10.18,49.613,389,434,187,254,7163.0,7199.25,36.25,0.674
2425,10.18,49.613,434,479,187,254,7163.0,7193.0,30.0,0.674
2425,10.18,49.613,15,57,382,492,7141.0,7188.0,47.0,-1.799
2425,10.18,49.613,57,93,382,492,7141.0,7190.0,49.0,-1.799
2425,10.18,49.613,93,147,382,492,7136.0,7195.0,59.0,-2.361
2425,10.18,49.613,147,186,382,492,7154.0,7192.67,38.67,-0.337
2425,10.18,49.613,186,227,382,492,7151.0,7190.0,39.0,-0.674
2425,10.18,49.613,227,273,382,492,7141.0,7179.0,38.0,-1.799
2425,10.18,49.613,273,317,382,492,7152.0,7193.0,41.0,-0.562
2425,10.18,49.613,317,360,382,492,7151.0,7191.0,40.0,-0.674
2425,10.18,49.613,360,400,382,492,7152.0,7189.0,37.0,-0.562
2425,10.18,49.613,400,443,382,492,7150.0,7193.0,43.0,-0.787
2425,10.18,49.613,443,493,382,492,7142.0,7188.62,46.62,-1.686
2425,10.18,49.613,9,51,492,570,7151.0,7178.19,27.19,-0.674
2425,10.18,49.613,51,98,492,570,7150.0,7181.0,31.0,-0.787
2425,10.18,49.613,98,142,492,570,7154.0,7183.0,29.0,-0.337
2425,10.18,49.613,142,185,492,570,7159.0,7185.0,26.0,0.225
2425,10.18,49.613,185,229,492,570,7157.0,7190.0,33.0,0.0
2425,10.18,49.613,229,272,492,570,7153.0,7180.0,27.0,-0.45
2425,10.18,49.613,272,318,492,570,7162.0,7190.0,28.0,0.562
2425,10.18,49.613,318,362,492,570,7161.0,7188.0,27.0,0.45
2425,10.18,49.613,362,405,492,570,7159.0,7187.71,28.71,0.225
2425,10.18,49.613,405,449,492,570,7156.0,7183.0,27.0,-0.112
2425,10.18,49.613,449,493,492,570,7152.0,7180.0,28.0,-0.562
2430,10.18,49.613,11,56,107,191,7168.0,7213.21,45.21,0.952
2430,10.18,49.613,56,101,107,191,7172.0,7214.5,42.5,1.27
2430,10.18,49.613,101,143,107,191,7158.0,7189.0,31.0,0.159
2430,10.18,49.613,143,188,107,191,7147.0,7179.0,32.0,-0.714
2430,10.18,49.613,188,231,107,191,7162.0,7192.0,30.0,0.476
2430,10.18,49.613,231,273,107,191,7169.0,7202.0,33.0,1.032
2430,10.18,49.613,273,318,107,191,7165.0,7203.0,38.0,0.714
2430,10.18,49.613,318,359,107,191,7169.0,7204.0,35.0,1.032
2430,10.18,49.613,359,404,107,191,7169.0,7204.0,35.0,1.032
2430,10.18,49.613,404,446,107,191,7169.0,7206.0,37.0,1.032
2430,10.18,49.613,446,490,107,191,7161.0,7199.0,38.0,0.397
2430,10.18,49.613,7,51,191,259,7152.0,7179.0,27.0,-0.317
2430,10.18,49.613,51,96,191,259,7157.0,7183.0,26.0,0.079
2430,10.18,49.613,96,141,191,259,7156.0,7187.0,31.0,0.0
2430,10.18,49.613,141,185,191,259,7153.0,7184.0,31.0,-0.238
2430,10.18,49.613,185,230,191,259,7165.0,7195.0,30.0,0.714
2430,10.18,49.613,230,274,191,259,7164.0,7192.0,28.0,0.635
2430,10.18,49.613,274,320,191,259,7164.0,7192.0,28.0,0.635
2430,10.18,49.613,320,364,191,259,7162.0,7196.0,34.0,0.476
2430,10.18,49.613,364,409,191,259,7160.0,7190.0,30.0,0.317
2430,10.18,49.613,409,452,191,259,7165.0,7195.0,30.0,0.714
2430,10.18,49.613,452,496,191,259,7156.0,7183.0,27.0,0.0
2430,10.18,49.613,32,77,386,494,7137.0,7185.0,48.0,-1.508
2430,10.18,49.613,77,119,386,494,7144.0,7185.0,41.0,-0.952
2430,10.18,49.613,119,163,386,494,7145.0,7184.0,39.0,-0.873
2430,10.18,49.613,163,206,386,494,7138.0,7176.0,38.0,-1.428
2430,10.18,49.613,206,249,386,494,7150.0,7188.0,38.0,-0.476
2430,10.18,49.613,249,284,386,494,7150.0,7191.0,41.0,-0.476
2430,10.18,49.613,284,319,386,494,7136.0,7187.0,51.0,-1.587
2430,10.18,49.613,319,376,386,494,7145.0,7190.0,45.0,-0.873
2430,10.18,49.613,376,429,386,494,7140.0,7189.0,49.0,-1.27
2430,10.18,49.613,429,465,386,494,7143.0,7189.0,46.0,-1.032
2430,10.18,49.613,465,503,386,494,7143.0,7178.0,35.0,-1.032
2430,10.18,49.613,29,73,494,573,7147.0,7175.0,28.0,-0.714
2430,10.18,49.613,73,117,494,573,7151.0,7178.0,27.0,-0.397
2430,10.18,49.613,117,160,494,573,7151.0,7182.0,31.0,-0.397
2430,10.18,49.613,160,206,494,573,7144.0,7175.0,31.0,-0.952
2430,10.18,49.613,206,249,494,573,7160.0,7189.0,29.0,0.317
2430,10.18,49.613,249,293,494,573,7160.0,7186.0,26.0,0.317
2430,10.18,49.613,293,337,494,573,7159.0,7187.0,28.0,0.238
2430,10.18,49.613,337,381,494,573,7156.0,7184.0,28.0,0.0
2430,10.18,49.613,381,423,494,573,7153.0,7181.0,28.0,-0.238
2430,10.18,49.613,423,467,494,573,7150.0,7178.0,28.0,-0.476
2430,10.18,49.613,467,512,494,573,7139.0,7169.0,30.0,-1.349
2435,10.18,49.613,31,77,106,196,7151.0,7185.0,34.0,-0.59
2435,10.18,49.613,77,121,106,196,7146.0,7176.0,30.0,-1.012
2435,10.18,49.613,121,165,106,196,7162.0,7191.0,29.0,0.337
2435,10.18,49.613,165,208,106,196,7171.0,7203.0,32.0,1.096
2435,10.18,49.613,208,251,106,196,7167.0,7204.0,37.0,0.759
2435,10.18,49.613,251,294,106,196,7170.0,7205.0,35.0,1.012
2435,10.18,49.613,294,338,106,196,7173.0,7206.96,33.96,1.265
2435,10.18,49.613,338,380,106,196,7172.0,7207.0,35.0,1.18
2435,10.18,49.613,380,426,106,196,7158.0,7195.0,37.0,0.0
2435,10.18,49.613,426,469,106,196,7170.0,7206.0,36.0,1.012
2435,10.18,49.613,469,510,106,196,7166.0,7207.0,41.0,0.674
2435,10.18,49.613,26,73,196,264,7151.0,7182.0,31.0,-0.59
2435,10.18,49.613,73,118,196,264,7151.0,7181.0,30.0,-0.59
2435,10.18,49.613,118,162,196,264,7166.0,7197.0,31.0,0.674
2435,10.18,49.613,162,207,196,264,7166.0,7196.0,30.0,0.674
2435,10.18,49.613,207,251,196,264,7167.0,7195.0,28.0,0.759
2435,10.18,49.613,251,297,196,264,7163.0,7198.0,35.0,0.422
2435,10.18,49.613,297,342,196,264,7163.0,7193.0,30.0,0.422
2435,10.18,49.613,342,387,196,264,7168.0,7197.0,29.0,0.843
2435,10.18,49.613,387,430,196,264,7160.0,7185.0,25.0,0.169
2435,10.18,49.613,430,475,196,264,7169.0,7201.0,32.0,0.927
2435,10.18,49.613,475,512,196,264,7169.0,7199.0,30.0,0.927
2435,10.18,49.613,10,54,395,501,7141.0,7182.0,41.0,-1.433
2435,10.18,49.613,54,96,395,501,7146.0,7181.0,35.0,-1.012
2435,10.18,49.613,96,140,395,501,7136.0,7175.0,39.0,-1.855
2435,10.18,49.613,140,183,395,501,7153.5,7191.0,37.5,-0.379
2435,10.18,49.613,183,258,395,501,7146.0,7190.0,44.0,-1.012
2435,10.18,49.613,258,315,395,501,7143.0,7193.0,50.0,-1.265
2435,10.18,49.613,315,356,395,501,7157.0,7192.0,35.0,-0.084
2435,10.18,49.613,356,397,395,501,7152.0,7191.0,39.0,-0.506
2435,10.18,49.613,397,441,395,501,7144.0,7182.0,38.0,-1.18
2435,10.18,49.613,441,479,395,501,7155.0,7188.0,33.0,-0.253
2435,10.18,49.613,5,50,501,581,7147.0,7174.0,27.0,-0.927
2435,10.18,49.613,50,94,501,581,7148.0,7179.03,31.03,-0.843
2435,10.18,49.613,94,138,501,581,7146.0,7176.0,30.0,-1.012
2435,10.18,49.613,138,183,501,581,7159.0,7187.0,28.0,0.084
2435,10.18,49.613,183,226,501,581,7161.0,7187.0,26.0,0.253
2435,10.18,49.613,226,270,501,581,7161.0,7190.0,29.0,0.253
2435,10.18,49.613,270,315,501,581,7160.0,7189.0,29.0,0.169
2435,10.18,49.613,315,359,501,581,7158.0,7187.0,29.0,0.0
2435,10.18,49.613,359,402,501,581,7156.0,7183.0,27.0,-0.169
2435,10.18,49.613,402,446,501,581,7144.0,7173.0,29.0,-1.18
2435,10.18,49.613,446,490,501,581,7154.0,7187.0,33.0,-0.337
2440,10.18,49.613,8,55,103,199,7135.0,7165.34,30.34,-2.023
2440,10.18,49.613,55,99,103,199,7154.0,7182.0,28.0,-0.193
2440,10.18,49.613,99,141,103,199,7166.0,7197.0,31.0,0.964
2440,10.18,49.613,141,185,103,199,7163.0,7200.0,37.0,0.674
2440,10.18,49.613,185,229,103,199,7167.0,7201.0,34.0,1.06
2440,10.18,49.613,229,271,103,199,7172.0,7203.0,31.0,1.542
2440,10.18,49.613,271,316,103,199,7169.0,7207.0,38.0,1.253
2440,10.18,49.613,316,357,103,199,7160.0,7195.52,35.52,0.385
2440,10.18,49.613,357,401,103,199,7166.0,7202.0,36.0,0.964
2440,10.18,49.613,401,445,103,199,7163.0,7202.0,39.0,0.674
2440,10.18,49.613,445,492,103,199,7157.0,7198.72,41.72,0.096
2440,10.18,49.613,5,49,199,268,7140.0,7170.0,30.0,-1.542
2440,10.18,49.613,49,94,199,268,7157.0,7187.0,30.0,0.096
2440,10.18,49.613,94,138,199,268,7161.0,7190.0,29.0,0.482
2440,10.18,49.613,138,183,199,268,7163.0,7193.0,30.0,0.674
2440,10.18,49.613,183,227,199,268,7160.0,7197.07,37.07,0.385
2440,10.18,49.613,227,272,199,268,7160.0,7191.0,31.0,0.385
2440,10.18,49.613,272,317,199,268,7164.0,7195.0,31.0,0.771
2440,10.18,49.613,317,362,199,268,7156.0,7184.0,28.0,0.0
2440,10.18,49.613,362,405,199,268,7168.0,7202.0,34.0,1.156
2440,10.18,49.613,405,450,199,268,7166.0,7199.0,33.0,0.964
2440,10.18,49.613,450,494,199,268,7157.0,7192.0,35.0,0.096
2440,10.18,49.613,0,36,397,503,7136.0,7172.0,36.0,-1.927
2440,10.18,49.613,36,74,397,503,7134.0,7168.0,34.0,-2.12
2440,10.18,49.613,74,118,397,503,7147.0,7183.27,36.27,-0.867
2440,10.18,49.613,118,160,397,503,7148.0,7188.0,40.0,-0.771
2440,10.18,49.613,160,197,397,503,7148.0,7186.0,38.0,-0.771
2440,10.18,49.613,197,256,397,503,7134.0,7189.0,55.0,-2.12
2440,10.18,49.613,256,291,397,503,7152.0,7190.0,38.0,-0.385
2440,10.18,49.613,291,333,397,503,7151.0,7189.0,38.0,-0.482
2440,10.18,49.613,333,375,397,503,7146.0,7182.0,36.0,-0.964
2440,10.18,49.613,375,414,397,503,7155.0,7189.0,34.0,-0.096
2440,10.18,49.613,414,463,397,503,7142.0,7188.0,46.0,-1.349
2440,10.18,49.613,463,504,397,503,7136.0,7175.0,39.0,-1.927
2440,10.18,49.613,27,72,503,583,7138.0,7166.0,28.0,-1.734
2440,10.18,49.613,72,116,503,583,7152.0,7179.0,27.0,-0.385
2440,10.18,49.613,116,160,503,583,7155.0,7182.0,27.0,-0.096
2440,10.18,49.613,160,203,503,583,7156.0,7185.0,29.0,0.0
2440,10.18,49.613,203,246,503,583,7156.0,7183.0,27.0,0.0
2440,10.18,49.613,246,290,503,583,7156.0,7185.0,29.0,0.0
2440,10.18,49.613,290,335,503,583,7154.0,7183.89,29.89,-0.193
2440,10.18,49.613,335,379,503,583,7147.0,7176.0,29.0,-0.867
2440,10.18,49.613,379,421,503,583,7156.0,7188.0,32.0,0.0
2440,10.18,49.613,421,465,503,583,7151.0,7180.0,29.0,-0.482
2440,10.18,49.613,465,512,503,583,7139.0,7172.44,33.44,-1.638
2445,10.18,49.613,13,59,107,201,7156.0,7189.0,33.0,0.0
2445,10.18,49.613,59,102,107,201,7158.0,7193.0,35.0,0.169
2445,10.18,49.613,102,145,107,201,7165.0,7199.0,34.0,0.759
2445,10.18,49.613,145,191,107,201,7169.0,7203.0,34.0,1.096
2445,10.18,49.613,191,235,107,201,7171.0,7206.0,35.0,1.265
2445,10.18,49.613,235,280,107,201,7158.0,7194.0,36.0,0.169
2445,10.18,49.613,280,322,107,201,7172.0,7204.0,32.0,1.349
2445,10.18,49.613,322,368,107,201,7165.0,7204.0,39.0,0.759
2445,10.18,49.613,368,410,107,201,7165.0,7197.0,32.0,0.759
2445,10.18,49.613,410,458,107,201,7156.0,7199.0,43.0,0.0
2445,10.18,49.613,458,500,107,201,7169.0,7202.44,33.44,1.096
2445,10.18,49.613,8,54,201,271,7151.0,7181.0,30.0,-0.422
2445,10.18,49.613,54,98,201,271,7156.0,7185.0,29.0,0.0
2445,10.18,49.613,98,142,201,271,7158.0,7193.0,35.0,0.169
2445,10.18,49.613,142,188,201,271,7159.0,7190.0,31.0,0.253
2445,10.18,49.613,188,234,201,271,7164.0,7196.0,32.0,0.674
2445,10.18,49.613,234,279,201,271,7157.0,7185.0,28.0,0.084
2445,10.18,49.613,279,325,201,271,7168.0,7201.0,33.0,1.012
2445,10.18,49.613,325,369,201,271,7168.0,7201.0,33.0,1.012
2445,10.18,49.613,369,415,201,271,7159.0,7193.0,34.0,0.253
2445,10.18,49.613,415,461,201,271,7160.0,7193.0,33.0,0.337
2445,10.18,49.613,461,507,201,271,7164.0,7195.0,31.0,0.674
2445,10.18,49.613,0,38,406,511,7148.0,7180.0,32.0,-0.674
2445,10.18,49.613,38,77,406,511,7144.0,7180.0,36.0,-1.012
2445,10.18,49.613,77,123,406,511,7142.0,7182.0,40.0,-1.18
2445,10.18,49.613,123,180,406,511,7142.0,7189.0,47.0,-1.18
2445,10.18,49.613,180,253,406,511,7146.0,7190.21,44.21,-0.843
2445,10.18,49.613,253,297,406,511,7146.0,7184.0,38.0,-0.843
2445,10.18,49.613,297,343,406,511,7149.0,7189.43,40.43,-0.59
2445,10.18,49.613,343,383,406,511,7156.0,7195.0,39.0,0.0
2445,10.18,49.613,383,428,406,511,7139.0,7180.0,41.0,-1.433
2445,10.18,49.613,428,471,406,511,7146.0,7191.0,45.0,-0.843
2445,10.18,49.613,471,509,406,511,7142.0,7175.0,33.0,-1.18
2445,10.18,49.613,31,77,511,591,7147.0,7175.0,28.0,-0.759
2445,10.18,49.613,77,121,511,591,7150.0,7179.0,29.0,-0.506
2445,10.18,49.613,121,165,511,591,7152.0,7182.0,30.0,-0.337
2445,10.18,49.613,165,209,511,591,7153.0,7183.0,30.0,-0.253
2445,10.18,49.613,209,253,511,591,7154.0,7184.0,30.0,-0.169
2445,10.18,49.613,253,298,511,591,7149.0,7182.0,33.0,-0.59
2445,10.18,49.613,298,344,511,591,7158.0,7193.0,35.0,0.169
2445,10.18,49.613,344,388,511,591,7156.0,7185.0,29.0,0.0
2445,10.18,49.613,388,433,511,591,7144.0,7179.0,35.0,-1.012
2445,10.18,49.613,433,476,511,591,7143.0,7175.0,32.0,-1.096
2445,10.18,49.613,476,512,511,591,7139.0,7177.0,38.0,-1.433
2450,10.18,49.613,14,59,109,203,7154.0,7189.0,35.0,0.0
2450,10.18,49.613,59,99,109,203,7166.0,7197.07,31.07,1.012
2450,10.18,49.613,99,145,109,203,7165.0,7202.0,37.0,0.927
2450,10.18,49.613,145,188,109,203,7158.0,7193.0,35.0,0.337
2450,10.18,49.613,188,231,109,203,7168.5,7202.0,33.5,1.223
2450,10.18,49.613,231,276,109,203,7166.0,7203.0,37.0,1.012
2450,10.18,49.613,276,321,109,203,7162.0,7198.0,36.0,0.674
2450,10.18,49.613,321,362,109,203,7166.0,7200.0,34.0,1.012
2450,10.18,49.613,362,410,109,203,7161.0,7202.0,41.0,0.59
2450,10.18,49.613,410,455,109,203,7159.0,7201.0,42.0,0.422
2450,10.18,49.613,455,496,109,203,7156.0,7194.02,38.02,0.169
2450,10.18,49.613,6,51,203,273,7147.0,7184.0,37.0,-0.59
2450,10.18,49.613,51,94,203,273,7152.0,7180.0,28.0,-0.169
2450,10.18,49.613,94,141,203,273,7159.0,7191.0,32.0,0.422
2450,10.18,49.613,141,185,203,273,7156.0,7183.0,27.0,0.169
2450,10.18,49.613,185,230,203,273,7166.0,7200.05,34.05,1.012
2450,10.18,49.613,230,275,203,273,7167.0,7200.0,33.0,1.096
2450,10.18,49.613,275,321,203,273,7159.0,7193.0,34.0,0.422
2450,10.18,49.613,321,367,203,273,7161.0,7192.0,31.0,0.59
2450,10.18,49.613,367,413,203,273,7164.0,7196.0,32.0,0.843
2450,10.18,49.613,413,457,203,273,7168.0,7201.69,33.69,1.18
2450,10.18,49.613,457,503,203,273,7156.0,7185.49,29.49,0.169
2450,10.18,49.613,0,35,407,513,7146.0,7176.0,30.0,-0.674
2450,10.18,49.613,35,77,407,513,7148.0,7183.0,35.0,-0.506
2450,10.18,49.613,77,124,407,513,7141.0,7185.86,44.86,-1.096
2450,10.18,49.613,124,164,407,513,7151.0,7189.0,38.0,-0.253
2450,10.18,49.613,164,207,407,513,7144.0,7183.76,39.76,-0.843
2450,10.18,49.613,207,258,407,513,7141.0,7189.0,48.0,-1.096
2450,10.18,49.613,258,293,407,513,7156.0,7195.0,39.0,0.169
2450,10.18,49.613,293,338,407,513,7141.0,7182.0,41.0,-1.096
2450,10.18,49.613,338,381,407,513,7147.0,7191.0,44.0,-0.59
2450,10.18,49.613,381,424,407,513,7141.0,7179.0,38.0,-1.096
2450,10.18,49.613,424,469,407,513,7136.0,7177.0,41.0,-1.518
2450,10.18,49.613,469,512,407,513,7139.0,7173.0,34.0,-1.265
2450,10.18,49.613,29,74,513,593,7146.0,7175.0,29.0,-0.674
2450,10.18,49.613,74,118,513,593,7147.0,7177.0,30.0,-0.59
2450,10.18,49.613,118,162,513,593,7151.0,7181.0,30.0,-0.253
2450,10.18,49.613,162,206,513,593,7146.0,7178.0,32.0,-0.674
2450,10.18,49.613,206,250,513,593,7158.0,7192.0,34.0,0.337
2450,10.18,49.613,250,295,513,593,7157.0,7196.0,39.0,0.253
2450,10.18,49.613,295,339,513,593,7149.0,7184.0,35.0,-0.422
2450,10.18,49.613,339,383,513,593,7147.0,7181.0,34.0,-0.59
2450,10.18,49.613,383,430,513,593,7144.0,7184.0,40.0,-0.843
2450,10.18,49.613,430,474,513,593,7146.0,7182.42,36.42,-0.674
2450,10.18,49.613,474,512,513,593,7136.0,7172.0,36.0,-1.518
2455,10.18,49.613,5,46,107,200,7156.0,7188.0,32.0,0.674
2455,10.18,49.613,46,91,107,200,7148.0,7183.0,35.0,-0.096
2455,10.18,49.613,91,134,107,200,7163.0,7197.0,34.0,1.349
2455,10.18,49.613,134,176,107,200,7166.0,7199.0,33.0,1.638
2455,10.18,49.613,176,220,107,200,7159.0,7194.0,35.0,0.964
2455,10.18,49.613,220,266,107,200,7159.0,7195.0,36.0,0.964
2455,10.18,49.613,266,309,107,200,7168.0,7201.0,33.0,1.831
2455,10.18,49.613,309,353,107,200,7161.0,7201.0,40.0,1.156
2455,10.18,49.613,353,394,107,200,7154.0,7190.0,36.0,0.482
2455,10.18,49.613,394,439,107,200,7165.0,7202.0,37.0,1.542
2455,10.18,49.613,439,487,107,200,7161.0,7204.0,43.0,1.156
2455,10.18,49.613,0,42,200,271,7146.0,7177.0,31.0,-0.289
2455,10.18,49.613,42,84,200,271,7144.0,7171.0,27.0,-0.482
2455,10.18,49.613,84,129,200,271,7159.0,7193.0,34.0,0.964
2455,10.18,49.613,129,174,200,271,7162.0,7195.0,33.0,1.253
2455,10.18,49.613,174,219,200,271,7155.0,7190.0,35.0,0.578
2455,10.18,49.613,219,264,200,271,7158.0,7190.66,32.66,0.867
2455,10.18,49.613,264,309,200,271,7163.0,7196.0,33.0,1.349
2455,10.18,49.613,309,354,200,271,7165.0,7200.0,35.0,1.542
2455,10.18,49.613,354,400,200,271,7153.0,7184.0,31.0,0.385
2455,10.18,49.613,400,445,200,271,7168.0,7197.0,29.0,1.831
2455,10.18,49.613,445,490,200,271,7167.0,7197.0,30.0,1.734
2455,10.18,49.613,21,59,403,506,7137.0,7181.0,44.0,-1.156
2455,10.18,49.613,59,110,403,506,7134.0,7177.0,43.0,-1.445
2455,10.18,49.613,110,153,403,506,7149.0,7186.0,37.0,0.0
2455,10.18,49.613,153,196,403,506,7148.0,7191.0,43.0,-0.096
2455,10.18,49.613,196,239,403,506,7142.0,7178.0,36.0,-0.674
2455,10.18,49.613,239,282,403,506,7146.0,7190.0,44.0,-0.289
2455,10.18,49.613,282,325,403,506,7143.0,7183.25,40.25,-0.578
2455,10.18,49.613,325,368,403,506,7143.0,7177.0,34.0,-0.578
2455,10.18,49.613,368,413,403,506,7138.0,7175.0,37.0,-1.06
2455,10.18,49.613,413,459,403,506,7137.0,7175.61,38.61,-1.156
2455,10.18,49.613,459,502,403,506,7147.0,7184.0,37.0,-0.193
2455,10.18,49.613,21,64,506,588,7142.0,7171.0,29.0,-0.674
2455,10.18,49.613,64,108,506,588,7137.0,7169.0,32.0,-1.156
2455,10.18,49.613,108,150,506,588,7153.0,7186.0,33.0,0.385
2455,10.18,49.613,150,195,506,588,7149.0,7182.0,33.0,0.0
2455,10.18,49.613,195,239,506,588,7144.0,7179.0,35.0,-0.482
2455,10.18,49.613,239,283,506,588,7147.0,7190.0,43.0,-0.193
2455,10.18,49.613,283,327,506,588,7147.0,7189.0,42.0,-0.193
2455,10.18,49.613,327,372,506,588,7147.0,7186.0,39.0,-0.193
2455,10.18,49.613,372,417,506,588,7137.0,7176.0,39.0,-1.156
2455,10.18,49.613,417,461,506,588,7149.0,7178.0,29.0,0.0
2455,10.18,49.613,461,507,506,588,7143.0,7175.0,32.0,-0.578
2460,10.18,49.613,0,37,107,201,7147.0,7180.0,33.0,-0.375
2460,10.18,49.613,37,79,107,201,7156.0,7188.0,32.0,0.3
2460,10.18,49.613,79,122,107,201,7154.0,7188.0,34.0,0.15
2460,10.18,49.613,122,164,107,201,7162.0,7191.0,29.0,0.749
2460,10.18,49.613,164,207,107,201,7163.0,7199.0,36.0,0.824
2460,10.18,49.613,207,252,107,201,7157.0,7198.0,41.0,0.375
2460,10.18,49.613,252,295,107,201,7152.0,7188.0,36.0,0.0
2460,10.18,49.613,295,335,107,201,7171.0,7203.0,32.0,1.424
2460,10.18,49.613,335,382,107,201,7158.0,7202.0,44.0,0.45
2460,10.18,49.613,382,428,107,201,7154.0,7196.0,42.0,0.15
2460,10.18,49.613,428,473,107,201,7153.0,7196.0,43.0,0.075
2460,10.18,49.613,473,512,107,201,7162.0,7199.0,37.0,0.749
2460,10.18,49.613,28,72,201,269,7152.0,7184.0,32.0,0.0
2460,10.18,49.613,72,117,201,269,7149.0,7182.0,33.0,-0.225
2460,10.18,49.613,117,161,201,269,7155.0,7186.0,31.0,0.225
2460,10.18,49.613,161,205,201,269,7162.0,7194.0,32.0,0.749
2460,10.18,49.613,205,250,201,269,7165.0,7197.0,32.0,0.974
2460,10.18,49.613,250,295,201,269,7154.0,7183.0,29.0,0.15
2460,10.18,49.613,295,340,201,269,7168.0,7197.0,29.0,1.199
2460,10.18,49.613,340,385,201,269,7168.0,7196.86,28.86,1.199
2460,10.18,49.613,385,429,201,269,7162.0,7193.0,31.0,0.749
2460,10.18,49.613,429,474,201,269,7159.0,7192.88,33.88,0.525
2460,10.18,49.613,474,512,201,269,7161.0,7195.0,34.0,0.674
2460,10.18,49.613,13,54,397,503,7143.0,7176.83,33.83,-0.674
2460,10.18,49.613,54,98,397,503,7143.0,7183.63,40.63,-0.674
2460,10.18,49.613,98,143,397,503,7137.0,7175.0,38.0,-1.124
2460,10.18,49.613,143,185,397,503,7146.0,7185.0,39.0,-0.45
2460,10.18,49.613,185,226,397,503,7143.0,7184.0,41.0,-0.674
2460,10.18,49.613,226,271,397,503,7140.0,7175.24,35.24,-0.899
2460,10.18,49.613,271,313,397,503,7142.0,7175.0,33.0,-0.749
2460,10.18,49.613,313,354,397,503,7143.0,7179.0,36.0,-0.674
2460,10.18,49.613,354,397,397,503,7152.0,7186.0,34.0,0.0
2460,10.18,49.613,397,449,397,503,7140.0,7187.0,47.0,-0.899
2460,10.18,49.613,449,488,397,503,7148.0,7184.0,36.0,-0.3
2460,10.18,49.613,6,51,503,585,7142.0,7175.0,33.0,-0.749
2460,10.18,49.613,51,95,503,585,7143.0,7175.0,32.0,-0.674
2460,10.18,49.613,95,139,503,585,7139.0,7175.0,36.0,-0.974
2460,10.18,49.613,139,182,503,585,7143.0,7177.0,34.0,-0.674
2460,10.18,49.613,182,225,503,585,7145.0,7184.0,39.0,-0.525
2460,10.18,49.613,225,269,503,585,7147.0,7187.0,40.0,-0.375
2460,10.18,49.613,269,314,503,585,7140.0,7181.0,41.0,-0.899
2460,10.18,49.613,314,359,503,585,7153.0,7183.0,30.0,0.075
2460,10.18,49.613,359,404,503,585,7148.0,7181.0,33.0,-0.3
2460,10.18,49.613,404,446,503,585,7149.0,7178.0,29.0,-0.225
2460,10.18,49.613,446,491,503,585,7146.0,7179.0,33.0,-0.45
2465,10.181,49.613,18,64,104,197,7151.0,7182.0,31.0,-0.075
2465,10.181,49.613,64,108,104,197,7159.0,7194.0,35.0,0.525
2465,10.181,49.613,108,151,104,197,7161.0,7197.0,36.0,0.674
2465,10.181,49.613,151,195,104,197,7153.0,7188.0,35.0,0.075
2465,10.181,49.613,195,238,104,197,7170.0,7202.0,32.0,1.349
2465,10.181,49.613,238,281,104,197,7164.0,7202.0,38.0,0.899
2465,10.181,49.613,281,325,104,197,7163.0,7198.0,35.0,0.824
2465,10.181,49.613,325,372,104,197,7156.0,7196.48,40.48,0.3
2465,10.181,49.613,372,416,104,197,7162.0,7199.0,37.0,0.749
2465,10.181,49.613,416,472,104,197,7153.0,7202.0,49.0,0.075
2465,10.181,49.613,472,507,104,197,7144.0,7188.0,44.0,-0.6
2465,10.181,49.613,13,58,197,269,7143.0,7177.0,34.0,-0.674
2465,10.181,49.613,58,103,197,269,7152.0,7185.0,33.0,0.0
2465,10.181,49.613,103,147,197,269,7161.0,7194.96,33.96,0.674
2465,10.181,49.613,147,191,197,269,7152.0,7182.96,30.96,0.0
2465,10.181,49.613,191,236,197,269,7166.0,7196.0,30.0,1.049
2465,10.181,49.613,236,282,197,269,7166.0,7196.0,30.0,1.049
2465,10.181,49.613,282,327,197,269,7161.0,7192.0,31.0,0.674
2465,10.181,49.613,327,374,197,269,7158.0,7193.0,35.0,0.45
2465,10.181,49.613,374,419,197,269,7162.0,7195.37,33.37,0.749
2465,10.181,49.613,419,463,197,269,7166.0,7197.0,31.0,1.049
2465,10.181,49.613,463,509,197,269,7153.0,7188.0,35.0,0.075
2465,10.181,49.613,30,84,398,508,7128.0,7178.0,50.0,-1.799
2465,10.181,49.613,84,128,398,508,7135.0,7179.0,44.0,-1.274
2465,10.181,49.613,128,169,398,508,7144.0,7176.0,32.0,-0.6
2465,10.181,49.613,169,215,398,508,7136.0,7175.0,39.0,-1.199
2465,10.181,49.613,215,260,398,508,7139.0,7178.0,39.0,-0.974
2465,10.181,49.613,260,303,398,508,7152.0,7188.94,36.94,0.0
2465,10.181,49.613,303,359,398,508,7143.0,7189.0,46.0,-0.674
2465,10.181,49.613,359,396,398,508,7138.0,7187.0,49.0,-1.049
2465,10.181,49.613,396,436,398,508,7139.0,7187.0,48.0,-0.974
2465,10.181,49.613,436,475,398,508,7151.0,7194.0,43.0,-0.075
2465,10.181,49.613,475,512,398,508,7138.0,7173.0,35.0,-1.049
2465,10.181,49.613,0,37,508,586,7133.0,7165.0,32.0,-1.424
2465,10.181,49.613,37,82,508,586,7137.0,7171.0,34.0,-1.124
2465,10.181,49.613,82,126,508,586,7141.0,7181.0,40.0,-0.824
2465,10.181,49.613,126,169,508,586,7147.0,7184.37,37.37,-0.375
2465,10.181,49.613,169,214,508,586,7139.0,7177.0,38.0,-0.974
2465,10.181,49.613,214,258,508,586,7153.0,7185.0,32.0,0.075
2465,10.181,49.613,258,302,508,586,7153.0,7187.65,34.65,0.075
2465,10.181,49.613,302,347,508,586,7152.0,7182.94,30.94,0.0
2465,10.181,49.613,347,392,508,586,7153.0,7185.0,32.0,0.075
2465,10.181,49.613,392,435,508,586,7151.0,7183.0,32.0,-0.075
2465,10.181,49.613,435,480,508,586,7145.0,7178.0,33.0,-0.525
2470,10.181,49.613,6,50,103,195,7148.0,7182.0,34.0,-0.434
2470,10.181,49.613,50,92,103,195,7148.0,7180.0,32.0,-0.434
2470,10.181,49.613,92,137,103,195,7163.0,7199.0,36.0,1.012
2470,10.181,49.613,137,181,103,195,7163.0,7200.0,37.0,1.012
2470,10.181,49.613,181,224,103,195,7162.0,7197.0,35.0,0.915
2470,10.181,49.613,224,269,103,195,7155.0,7195.0,40.0,0.241
2470,10.181,49.613,269,314,103,195,7162.0,7199.0,37.0,0.915
2470,10.181,49.613,314,360,103,195,7161.0,7203.0,42.0,0.819
2470,10.181,49.613,360,404,103,195,7152.0,7190.0,38.0,-0.048
2470,10.181,49.613,404,447,103,195,7158.0,7190.0,32.0,0.53
2470,10.181,49.613,447,493,103,195,7159.0,7197.0,38.0,0.626
2470,10.181,49.613,0,42,195,267,7150.0,7184.0,34.0,-0.241
2470,10.181,49.613,42,88,195,267,7143.0,7173.0,30.0,-0.915
2470,10.181,49.613,88,131,195,267,7163.0,7192.0,29.0,1.012
2470,10.181,49.613,131,177,195,267,7164.0,7195.0,31.0,1.108
2470,10.181,49.613,177,223,195,267,7159.0,7193.0,34.0,0.626
2470,10.181,49.613,223,269,195,267,7159.0,7191.0,32.0,0.626
2470,10.181,49.613,269,315,195,267,7162.0,7197.0,35.0,0.915
2470,10.181,49.613,315,361,195,267,7165.0,7197.0,32.0,1.204
2470,10.181,49.613,361,407,195,267,7154.0,7188.0,34.0,0.145
2470,10.181,49.613,407,453,195,267,7158.0,7193.0,35.0,0.53
2470,10.181,49.613,453,499,195,267,7161.0,7194.0,33.0,0.819
2470,10.181,49.613,27,70,398,508,7138.0,7170.0,32.0,-1.397
2470,10.181,49.613,70,114,398,508,7134.0,7170.0,36.0,-1.783
2470,10.181,49.613,114,157,398,508,7143.0,7178.0,35.0,-0.915
2470,10.181,49.613,157,204,398,508,7146.0,7186.0,40.0,-0.626
2470,10.181,49.613,204,246,398,508,7153.0,7191.15,38.15,0.048
2470,10.181,49.613,246,288,398,508,7151.0,7187.0,36.0,-0.145
2470,10.181,49.613,288,333,398,508,7144.0,7188.0,44.0,-0.819
2470,10.181,49.613,333,374,398,508,7154.0,7196.0,42.0,0.145
2470,10.181,49.613,374,420,398,508,7138.0,7178.0,40.0,-1.397
2470,10.181,49.613,420,462,398,508,7144.0,7176.0,32.0,-0.819
2470,10.181,49.613,462,506,398,508,7144.0,7174.0,30.0,-0.819
2470,10.181,49.613,22,67,508,588,7139.0,7177.0,38.0,-1.301
2470,10.181,49.613,67,111,508,588,7134.0,7171.0,37.0,-1.783
2470,10.181,49.613,111,156,508,588,7150.0,7181.0,31.0,-0.241
2470,10.181,49.613,156,200,508,588,7149.0,7181.0,32.0,-0.337
2470,10.181,49.613,200,245,508,588,7153.0,7184.0,31.0,0.048
2470,10.181,49.613,245,290,508,588,7155.0,7194.46,39.46,0.241
2470,10.181,49.613,290,335,508,588,7153.0,7186.55,33.55,0.048
2470,10.181,49.613,335,379,508,588,7149.0,7181.0,32.0,-0.337
2470,10.181,49.613,379,423,508,588,7133.0,7170.0,37.0,-1.879
2470,10.181,49.613,423,469,508,588,7145.0,7181.0,36.0,-0.723
2470,10.181,49.613,469,512,508,588,7148.0,7181.0,33.0,-0.434
2475,10.181,49.613,34,79,106,196,7154.0,7192.0,38.0,0.135
2475,10.181,49.613,79,122,106,196,7158.0,7190.0,32.0,0.674
2475,10.181,49.613,122,167,106,196,7155.0,7192.0,37.0,0.27
2475,10.181,49.613,167,209,106,196,7163.0,7196.0,33.0,1.349
2475,10.181,49.613,209,255,106,196,7162.0,7200.0,38.0,1.214
2475,10.181,49.613,255,298,106,196,7153.0,7187.0,34.0,0.0
2475,10.181,49.613,298,344,106,196,7158.0,7189.0,31.0,0.674
2475,10.181,49.613,344,388,106,196,7163.0,7194.0,31.0,1.349
2475,10.181,49.613,388,432,106,196,7158.0,7189.0,31.0,0.674
2475,10.181,49.613,432,476,106,196,7161.0,7194.0,33.0,1.079
2475,10.181,49.613,476,512,106,196,7163.0,7195.0,32.0,1.349
2475,10.181,49.613,28,73,196,268,7154.0,7185.0,31.0,0.135
2475,10.181,49.613,73,118,196,268,7153.0,7185.34,32.34,0.0
2475,10.181,49.613,118,163,196,268,7155.0,7188.0,33.0,0.27
2475,10.181,49.613,163,208,196,268,7160.5,7194.0,33.5,1.012
2475,10.181,49.613,208,254,196,268,7164.0,7196.0,32.0,1.484
2475,10.181,49.613,254,299,196,268,7154.0,7188.0,34.0,0.135
2475,10.181,49.613,299,347,196,268,7157.0,7193.0,36.0,0.54
2475,10.181,49.613,347,392,196,268,7161.0,7194.0,33.0,1.079
2475,10.181,49.613,392,436,196,268,7157.0,7195.0,38.0,0.54
2475,10.181,49.613,436,482,196,268,7158.0,7195.0,37.0,0.674
2475,10.181,49.613,14,58,399,508,7142.0,7171.0,29.0,-1.484
2475,10.181,49.613,58,98,399,508,7148.0,7182.0,34.0,-0.674
2475,10.181,49.613,98,171,399,508,7142.0,7187.0,45.0,-1.484
2475,10.181,49.613,171,233,399,508,7143.0,7187.0,44.0,-1.349
2475,10.181,49.613,233,274,399,508,7155.0,7195.68,40.68,0.27
2475,10.181,49.613,274,318,399,508,7140.0,7178.0,38.0,-1.754
2475,10.181,49.613,318,362,399,508,7145.0,7179.0,34.0,-1.079
2475,10.181,49.613,362,404,399,508,7148.0,7179.0,31.0,-0.674
2475,10.181,49.613,404,447,399,508,7141.0,7173.0,32.0,-1.619
2475,10.181,49.613,447,491,399,508,7141.0,7175.0,34.0,-1.619
2475,10.181,49.613,8,54,508,587,7142.0,7172.0,30.0,-1.484
2475,10.181,49.613,54,99,508,587,7143.0,7174.66,31.66,-1.349
2475,10.181,49.613,99,143,508,587,7148.0,7180.0,32.0,-0.674
2475,10.181,49.613,143,186,508,587,7152.0,7184.0,32.0,-0.135
2475,10.181,49.613,186,230,508,587,7152.0,7185.0,33.0,-0.135
2475,10.181,49.613,230,274,508,587,7149.0,7184.0,35.0,-0.54
2475,10.181,49.613,274,319,508,587,7135.0,7173.0,38.0,-2.428
2475,10.181,49.613,319,364,508,587,7149.0,7188.0,39.0,-0.54
2475,10.181,49.613,364,407,508,587,7152.0,7185.05,33.05,-0.135
2475,10.181,49.613,407,452,508,587,7141.0,7178.0,37.0,-1.619
2475,10.181,49.613,452,498,508,587,7139.0,7173.0,34.0,-1.889
2480,10.181,49.613,25,67,116,199,7148.0,7183.0,35.0,-0.289
2480,10.181,49.613,67,111,116,199,7157.0,7191.0,34.0,0.578
2480,10.181,49.613,111,155,116,199,7163.0,7199.0,36.0,1.156
2480,10.181,49.613,155,198,116,199,7153.0,7187.75,34.75,0.193
2480,10.181,49.613,198,243,116,199,7159.0,7191.0,32.0,0.771
2480,10.181,49.613,243,287,116,199,7164.0,7196.0,32.0,1.253
2480,10.181,49.613,287,332,116,199,7161.0,7192.0,31.0,0.964
2480,10.181,49.613,332,376,116,199,7164.0,7194.0,30.0,1.253
2480,10.181,49.613,376,418,116,199,7165.0,7195.7,30.7,1.349
2480,10.181,49.613,418,463,116,199,7163.0,7197.0,34.0,1.156
2480,10.181,49.613,463,509,116,199,7159.0,7194.0,35.0,0.771
2480,10.181,49.613,17,62,199,271,7145.0,7178.0,33.0,-0.578
2480,10.181,49.613,62,107,199,271,7153.0,7187.0,34.0,0.193
2480,10.181,49.613,107,152,199,271,7161.0,7193.0,32.0,0.964
2480,10.181,49.613,152,197,199,271,7152.0,7187.0,35.0,0.096
2480,10.181,49.613,197,243,199,271,7158.0,7193.0,35.0,0.674
2480,10.181,49.613,243,288,199,271,7161.0,7195.0,34.0,0.964
2480,10.181,49.613,288,333,199,271,7158.0,7196.0,38.0,0.674
2480,10.181,49.613,333,378,199,271,7160.0,7195.0,35.0,0.867
2480,10.181,49.613,378,425,199,271,7165.0,7201.0,36.0,1.349
2480,10.181,49.613,425,469,199,271,7164.0,7196.95,32.95,1.253
2480,10.181,49.613,469,512,199,271,7160.0,7193.0,33.0,0.867
2480,10.181,49.613,3,80,401,509,7141.0,7181.0,40.0,-0.964
2480,10.181,49.613,80,128,401,509,7141.0,7185.56,44.56,-0.964
2480,10.181,49.613,128,177,401,509,7142.0,7196.0,54.0,-0.867
2480,10.181,49.613,177,220,401,509,7142.0,7178.0,36.0,-0.867
2480,10.181,49.613,220,263,401,509,7147.0,7180.74,33.74,-0.385
2480,10.181,49.613,263,307,401,509,7150.0,7180.71,30.71,-0.096
2480,10.181,49.613,307,348,401,509,7147.0,7177.0,30.0,-0.385
2480,10.181,49.613,348,392,401,509,7147.0,7181.0,34.0,-0.385
2480,10.181,49.613,392,437,401,509,7146.0,7178.0,32.0,-0.482
2480,10.181,49.613,437,478,401,509,7151.0,7184.0,33.0,0.0
2480,10.181,49.613,0,43,509,588,7142.0,7171.0,29.0,-0.867
2480,10.181,49.613,43,87,509,588,7146.0,7177.38,31.38,-0.482
2480,10.181,49.613,87,132,509,588,7148.0,7183.0,35.0,-0.289
2480,10.181,49.613,132,175,509,588,7147.0,7181.0,34.0,-0.385
2480,10.181,49.613,175,218,509,588,7136.0,7172.0,36.0,-1.445
2480,10.181,49.613,218,263,509,588,7151.0,7190.0,39.0,0.0
2480,10.181,49.613,263,307,509,588,7156.0,7191.0,35.0,0.482
2480,10.181,49.613,307,350,509,588,7147.0,7185.0,38.0,-0.385
2480,10.181,49.613,350,397,509,588,7145.5,7182.0,36.5,-0.53
2480,10.181,49.613,397,439,509,588,7151.0,7179.0,28.0,0.0
2480,10.181,49.613,439,483,509,588,7141.0,7174.0,33.0,-0.964
2485,10.181,49.613,21,64,118,203,7152.0,7188.0,36.0,0.084
2485,10.181,49.613,64,108,118,203,7147.0,7182.0,35.0,-0.337
2485,10.181,49.613,108,153,118,203,7157.0,7189.0,32.0,0.506
2485,10.181,49.613,153,197,118,203,7164.0,7195.4,31.4,1.096
2485,10.181,49.613,197,239,118,203,7162.0,7193.0,31.0,0.927
2485,10.181,49.613,239,282,118,203,7162.0,7193.0,31.0,0.927
2485,10.181,49.613,282,326,118,203,7164.0,7197.0,33.0,1.096
2485,10.181,49.613,326,372,118,203,7162.0,7197.0,35.0,0.927
2485,10.181,49.613,372,414,118,203,7161.0,7193.0,32.0,0.843
2485,10.181,49.613,414,455,118,203,7166.0,7196.0,30.0,1.265
2485,10.181,49.613,455,503,118,203,7163.0,7198.0,35.0,1.012
2485,10.181,49.613,15,59,203,274,7151.0,7182.0,31.0,0.0
2485,10.181,49.613,59,103,203,274,7144.0,7180.0,36.0,-0.59
2485,10.181,49.613,103,148,203,274,7155.0,7188.0,33.0,0.337
2485,10.181,49.613,148,194,203,274,7158.0,7191.0,33.0,0.59
2485,10.181,49.613,194,239,203,274,7159.0,7195.0,36.0,0.674
2485,10.181,49.613,239,284,203,274,7161.0,7196.0,35.0,0.843
2485,10.181,49.613,284,330,203,274,7166.0,7200.0,34.0,1.265
2485,10.181,49.613,330,375,203,274,7163.0,7195.0,32.0,1.012
2485,10.181,49.613,375,419,203,274,7161.0,7191.0,30.0,0.843
2485,10.181,49.613,419,464,203,274,7166.0,7194.68,28.68,1.265
2485,10.181,49.613,464,512,203,274,7164.0,7194.0,30.0,1.096
2485,10.181,49.613,2,45,407,511,7139.0,7178.0,39.0,-1.012
2485,10.181,49.613,45,87,407,511,7144.0,7189.0,45.0,-0.59
2485,10.181,49.613,87,132,407,511,7136.0,7175.0,39.0,-1.265
2485,10.181,49.613,132,173,407,511,7148.0,7179.33,31.33,-0.253
2485,10.181,49.613,173,218,407,511,7147.0,7181.0,34.0,-0.337
2485,10.181,49.613,218,259,407,511,7146.0,7178.0,32.0,-0.422
2485,10.181,49.613,259,301,407,511,7149.0,7181.0,32.0,-0.169
2485,10.181,49.613,301,344,407,511,7149.0,7181.0,32.0,-0.169
2485,10.181,49.613,344,388,407,511,7152.0,7188.0,36.0,0.084
2485,10.181,49.613,388,432,407,511,7142.0,7178.0,36.0,-0.759
2485,10.181,49.613,432,475,407,511,7142.0,7181.0,39.0,-0.759
2485,10.181,49.613,475,512,407,511,7148.0,7187.0,39.0,-0.253
2485,10.181,49.613,0,40,511,590,7141.0,7171.0,30.0,-0.843
2485,10.181,49.613,40,84,511,590,7140.0,7172.0,32.0,-0.927
2485,10.181,49.613,84,128,511,590,7130.0,7165.36,35.36,-1.771
2485,10.181,49.613,128,171,511,590,7148.0,7184.0,36.0,-0.253
2485,10.181,49.613,171,215,511,590,7152.0,7188.0,36.0,0.084
2485,10.181,49.613,215,259,511,590,7148.0,7186.0,38.0,-0.253
2485,10.181,49.613,259,303,511,590,7150.0,7185.0,35.0,-0.084
2485,10.181,49.613,303,348,511,590,7152.0,7184.0,32.0,0.084
2485,10.181,49.613,348,392,511,590,7145.0,7178.0,33.0,-0.506
2485,10.181,49.613,392,437,511,590,7138.0,7170.0,32.0,-1.096
2485,10.181,49.613,437,481,511,590,7143.0,7168.0,25.0,-0.674
2490,10.181,49.613,23,69,121,204,7143.0,7176.0,33.0,-0.506
2490,10.181,49.613,69,110,121,204,7158.0,7187.0,29.0,0.759
2490,10.181,49.613,110,153,121,204,7156.0,7187.0,31.0,0.59
2490,10.181,49.613,153,197,121,204,7156.0,7191.0,35.0,0.59
2490,10.181,49.613,197,239,121,204,7161.0,7193.0,32.0,1.012
2490,10.181,49.613,239,284,121,204,7159.0,7194.0,35.0,0.843
2490,10.181,49.613,284,326,121,204,7158.0,7191.0,33.0,0.759
2490,10.181,49.613,326,373,121,204,7159.0,7195.0,36.0,0.843
2490,10.181,49.613,373,413,121,204,7167.0,7197.0,30.0,1.518
2490,10.181,49.613,413,458,121,204,7160.0,7199.67,39.67,0.927
2490,10.181,49.613,458,502,121,204,7151.0,7181.0,30.0,0.169
2490,10.181,49.613,16,61,204,275,7142.0,7177.0,35.0,-0.59
2490,10.181,49.613,61,104,204,275,7149.0,7182.0,33.0,0.0
2490,10.181,49.613,104,150,204,275,7151.0,7188.0,37.0,0.169
2490,10.181,49.613,150,194,204,275,7156.0,7191.0,35.0,0.59
2490,10.181,49.613,194,239,204,275,7162.0,7196.0,34.0,1.096
2490,10.181,49.613,239,284,204,275,7160.0,7192.0,32.0,0.927
2490,10.181,49.613,284,329,204,275,7157.0,7188.0,31.0,0.674
2490,10.181,49.613,329,375,204,275,7162.0,7191.0,29.0,1.096
2490,10.181,49.613,375,420,204,275,7163.0,7193.0,30.0,1.18
2490,10.181,49.613,420,465,204,275,7161.0,7194.0,33.0,1.012
2490,10.181,49.613,465,509,204,275,7155.0,7188.0,33.0,0.506
2490,10.181,49.613,3,43,408,511,7130.0,7166.0,36.0,-1.602
2490,10.181,49.613,43,88,408,511,7131.0,7169.0,38.0,-1.518
2490,10.181,49.613,88,130,408,511,7141.0,7173.0,32.0,-0.674
2490,10.181,49.613,130,173,408,511,7139.0,7174.0,35.0,-0.843
2490,10.181,49.613,173,216,408,511,7143.0,7177.0,34.0,-0.506
2490,10.181,49.613,216,259,408,511,7146.0,7176.0,30.0,-0.253
2490,10.181,49.613,259,301,408,511,7151.0,7183.0,32.0,0.169
2490,10.181,49.613,301,344,408,511,7141.0,7175.0,34.0,-0.674
2490,10.181,49.613,344,387,408,511,7143.0,7181.0,38.0,-0.506
2490,10.181,49.613,387,434,408,511,7139.0,7188.0,49.0,-0.843
2490,10.181,49.613,434,470,408,511,7149.0,7183.93,34.93,0.0
2490,10.181,49.613,470,512,408,511,7136.0,7165.0,29.0,-1.096
2490,10.181,49.613,0,41,511,589,7121.0,7157.0,36.0,-2.361
2490,10.181,49.613,41,85,511,589,7139.0,7176.0,37.0,-0.843
2490,10.181,49.613,85,129,511,589,7144.0,7179.0,35.0,-0.422
2490,10.181,49.613,129,171,511,589,7142.0,7179.0,37.0,-0.59
2490,10.181,49.613,171,215,511,589,7143.0,7177.0,34.0,-0.506
2490,10.181,49.613,215,258,511,589,7150.0,7181.0,31.0,0.084
2490,10.181,49.613,258,302,511,589,7144.0,7180.0,36.0,-0.422
2490,10.181,49.613,302,347,511,589,7138.0,7172.0,34.0,-0.927
2490,10.181,49.613,347,392,511,589,7144.0,7170.24,26.24,-0.422
2490,10.181,49.613,392,436,511,589,7145.0,7174.75,29.75,-0.337
2490,10.181,49.613,436,479,511,589,7139.0,7166.0,27.0,-0.843
2495,10.181,49.613,23,71,124,205,7142.0,7175.0,33.0,-0.45
2495,10.181,49.613,71,109,124,205,7155.0,7184.0,29.0,0.525
2495,10.181,49.613,109,153,124,205,7159.0,7191.0,32.0,0.824
2495,10.181,49.613,153,198,124,205,7158.0,7193.19,35.19,0.749
2495,10.181,49.613,198,240,124,205,7157.0,7189.4,32.4,0.674
2495,10.181,49.613,240,283,124,205,7164.0,7195.0,31.0,1.199
2495,10.181,49.613,283,326,124,205,7165.0,7196.0,31.0,1.274
2495,10.181,49.613,326,369,124,205,7162.0,7199.0,37.0,1.049
2495,10.181,49.613,369,414,124,205,7151.0,7180.0,29.0,0.225
2495,10.181,49.613,414,458,124,205,7151.0,7181.0,30.0,0.225
2495,10.181,49.613,458,501,124,205,7155.5,7184.0,28.5,0.562
2495,10.181,49.613,18,63,205,273,7142.0,7178.0,36.0,-0.45
2495,10.181,49.613,63,107,205,273,7148.0,7183.0,35.0,0.0
2495,10.181,49.613,107,151,205,273,7159.0,7193.0,34.0,0.824
2495,10.181,49.613,151,195,205,273,7159.0,7190.0,31.0,0.824
2495,10.181,49.613,195,239,205,273,7158.0,7190.0,32.0,0.749
2495,10.181,49.613,239,284,205,273,7164.0,7191.0,27.0,1.199
2495,10.181,49.613,284,329,205,273,7164.0,7194.0,30.0,1.199
2495,10.181,49.613,329,374,205,273,7161.0,7194.0,33.0,0.974
2495,10.181,49.613,374,419,205,273,7156.0,7190.0,34.0,0.6
2495,10.181,49.613,419,463,205,273,7159.0,7190.49,31.49,0.824
2495,10.181,49.613,463,508,205,273,7159.0,7189.0,30.0,0.824
2495,10.181,49.613,5,48,407,509,7135.0,7166.0,31.0,-0.974
2495,10.181,49.613,48,89,407,509,7136.0,7166.0,30.0,-0.899
2495,10.181,49.613,89,131,407,509,7141.0,7173.0,32.0,-0.525
2495,10.181,49.613,131,176,407,509,7144.0,7175.0,31.0,-0.3
2495,10.181,49.613,176,216,407,509,7152.0,7182.69,30.69,0.3
2495,10.181,49.613,216,259,407,509,7142.5,7176.0,33.5,-0.412
2495,10.181,49.613,259,303,407,509,7144.0,7181.0,37.0,-0.3
2495,10.181,49.613,303,346,407,509,7147.0,7191.0,44.0,-0.075
2495,10.181,49.613,346,389,407,509,7148.5,7184.0,35.5,0.037
2495,10.181,49.613,389,431,407,509,7139.0,7168.0,29.0,-0.674
2495,10.181,49.613,431,472,407,509,7136.0,7170.0,34.0,-0.899
2495,10.181,49.613,472,512,407,509,7138.0,7165.0,27.0,-0.749
2495,10.181,49.613,2,42,509,585,7139.0,7171.0,32.0,-0.674
2495,10.181,49.613,42,86,509,585,7136.0,7170.0,34.0,-0.899
2495,10.181,49.613,86,130,509,585,7141.0,7173.0,32.0,-0.525
2495,10.181,49.613,130,172,509,585,7148.0,7178.0,30.0,0.0
2495,10.181,49.613,172,215,509,585,7143.0,7176.0,33.0,-0.375
2495,10.181,49.613,215,260,509,585,7139.0,7172.0,33.0,-0.674
2495,10.181,49.613,260,303,509,585,7149.0,7176.0,27.0,0.075
2495,10.181,49.613,303,347,509,585,7148.0,7178.0,30.0,0.0
2495,10.181,49.613,347,391,509,585,7142.0,7171.0,29.0,-0.45
2495,10.181,49.613,391,435,509,585,7136.0,7168.0,32.0,-0.899
2495,10.181,49.613,435,478,509,585,7134.0,7165.0,31.0,-1.049
2500,10.181,49.613,27,69,117,204,7149.0,7181.0,32.0,0.079
2500,10.181,49.613,69,110,117,204,7154.0,7188.0,34.0,0.476
2500,10.181,49.613,110,151,117,204,7154.0,7187.0,33.0,0.476
2500,10.181,49.613,151,195,117,204,7161.0,7194.0,33.0,1.032
2500,10.181,49.613,195,238,117,204,7162.0,7193.87,31.87,1.111
2500,10.181,49.613,238,281,117,204,7162.0,7198.0,36.0,1.111
2500,10.181,49.613,281,323,117,204,7152.0,7182.0,30.0,0.317
2500,10.181,49.613,323,366,117,204,7151.0,7182.0,31.0,0.238
2500,10.181,49.613,366,412,117,204,7153.0,7182.0,29.0,0.397
2500,10.181,49.613,412,458,117,204,7148.0,7211.05,63.05,0.0
2500,10.181,49.613,458,498,117,204,7152.0,7178.0,26.0,0.317
2500,10.181,49.613,17,63,204,272,7148.0,7181.0,33.0,0.0
2500,10.181,49.613,63,106,204,272,7152.0,7181.0,29.0,0.317
2500,10.181,49.613,106,149,204,272,7153.0,7183.0,30.0,0.397
2500,10.181,49.613,149,193,204,272,7161.0,7187.47,26.47,1.032
2500,10.181,49.613,193,238,204,272,7162.0,7191.0,29.0,1.111
2500,10.181,49.613,238,281,204,272,7161.0,7192.0,31.0,1.032
2500,10.181,49.613,281,327,204,272,7156.0,7188.0,32.0,0.635
2500,10.181,49.613,327,371,204,272,7159.0,7191.0,32.0,0.873
2500,10.181,49.613,371,416,204,272,7159.0,7188.88,29.88,0.873
2500,10.181,49.613,416,459,204,272,7158.0,7189.0,31.0,0.794
2500,10.181,49.613,459,506,204,272,7160.0,7187.0,27.0,0.952
2500,10.181,49.613,5,46,402,506,7135.0,7166.0,31.0,-1.032
2500,10.181,49.613,46,89,402,506,7138.0,7170.0,32.0,-0.794
2500,10.181,49.613,89,131,402,506,7147.0,7180.0,33.0,-0.079
2500,10.181,49.613,131,173,402,506,7141.0,7173.0,32.0,-0.555
2500,10.181,49.613,173,218,402,506,7140.0,7179.0,39.0,-0.635
2500,10.181,49.613,218,256,402,506,7151.0,7189.0,38.0,0.238
2500,10.181,49.613,256,306,402,506,7142.0,7186.73,44.73,-0.476
2500,10.181,49.613,306,344,402,506,7143.0,7172.0,29.0,-0.397
2500,10.181,49.613,344,385,402,506,7138.0,7171.0,33.0,-0.794
2500,10.181,49.613,385,425,402,506,7139.0,7171.0,32.0,-0.714
2500,10.181,49.613,425,469,402,506,7131.0,7166.0,35.0,-1.349
2500,10.181,49.613,469,507,402,506,7134.0,7166.0,32.0,-1.111
2500,10.181,49.613,0,43,506,582,7134.0,7168.0,34.0,-1.111
2500,10.181,49.613,43,85,506,582,7143.0,7171.0,28.0,-0.397
2500,10.181,49.613,85,129,506,582,7138.0,7171.0,33.0,-0.794
2500,10.181,49.613,129,171,506,582,7137.0,7168.0,31.0,-0.873
2500,10.181,49.613,171,215,506,582,7145.0,7171.0,26.0,-0.238
2500,10.181,49.613,215,258,506,582,7148.0,7178.0,30.0,0.0
2500,10.181,49.613,258,301,506,582,7146.0,7174.0,28.0,-0.159
2500,10.181,49.613,301,345,506,582,7141.0,7175.0,34.0,-0.555
2500,10.181,49.613,345,388,506,582,7138.0,7171.0,33.0,-0.794
2500,10.181,49.613,388,432,506,582,7134.0,7165.5,31.5,-1.111
2500,10.181,49.613,432,477,506,582,7131.0,7163.86,32.86,-1.349
2500,10.181,49.613,477,512,506,582,7139.0,7164.0,25.0,-0.714
2505,10.181,49.613,18,63,119,202,7142.0,7176.0,34.0,-0.169
2505,10.181,49.613,63,105,119,202,7156.0,7186.0,30.0,1.012
2505,10.181,49.613,105,147,119,202,7163.0,7192.0,29.0,1.602
2505,10.181,49.613,147,190,119,202,7162.0,7196.0,34.0,1.518
2505,10.181,49.613,190,231,119,202,7152.0,7180.0,28.0,0.674
2505,10.181,49.613,231,273,119,202,7154.0,7182.0,28.0,0.843
2505,10.181,49.613,273,316,119,202,7157.0,7184.0,27.0,1.096
2505,10.181,49.613,316,361,119,202,7151.0,7183.0,32.0,0.59
2505,10.181,49.613,361,403,119,202,7153.0,7179.0,26.0,0.759
2505,10.181,49.613,403,445,119,202,7159.5,7191.0,31.5,1.307
2505,10.181,49.613,445,489,119,202,7157.0,7189.0,32.0,1.096
2505,10.181,49.613,13,56,202,272,7141.0,7173.0,32.0,-0.253
2505,10.181,49.613,56,98,202,272,7153.0,7179.0,26.0,0.759
2505,10.181,49.613,98,142,202,272,7157.0,7187.0,30.0,1.096
2505,10.181,49.613,142,186,202,272,7157.0,7189.0,32.0,1.096
2505,10.181,49.613,186,230,202,272,7154.0,7187.0,33.0,0.843
2505,10.181,49.613,230,273,202,272,7159.0,7192.0,33.0,1.265
2505,10.181,49.613,273,318,202,272,7160.0,7190.0,30.0,1.349
2505,10.181,49.613,318,362,202,272,7158.0,7190.0,32.0,1.18
2505,10.181,49.613,362,408,202,272,7159.0,7189.0,30.0,1.265
2505,10.181,49.613,408,451,202,272,7162.0,7193.0,31.0,1.518
2505,10.181,49.613,451,495,202,272,7161.0,7190.0,29.0,1.433
2505,10.181,49.613,0,42,399,504,7140.0,7173.0,33.0,-0.337
2505,10.181,49.613,42,83,399,504,7136.0,7168.0,32.0,-0.674
2505,10.181,49.613,83,126,399,504,7143.0,7178.0,35.0,-0.084
2505,10.181,49.613,126,170,399,504,7144.0,7188.0,44.0,0.0
2505,10.181,49.613,170,220,399,504,7142.0,7184.0,42.0,-0.169
2505,10.181,49.613,220,293,399,504,7139.0,7173.0,34.0,-0.422
2505,10.181,49.613,293,335,399,504,7139.0,7173.0,34.0,-0.422
2505,10.181,49.613,335,378,399,504,7134.0,7171.0,37.0,-0.843
2505,10.181,49.613,378,417,399,504,7139.0,7170.0,31.0,-0.422
2505,10.181,49.613,417,464,399,504,7132.0,7179.0,47.0,-1.012
2505,10.181,49.613,464,510,399,504,7144.0,7235.0,91.0,0.0
2505,10.181,49.613,0,37,504,579,7134.0,7163.0,29.0,-0.843
2505,10.181,49.613,37,82,504,579,7129.0,7161.0,32.0,-1.265
2505,10.181,49.613,82,122,504,579,7142.0,7165.0,23.0,-0.169
2505,10.181,49.613,122,165,504,579,7144.0,7176.0,32.0,0.0
2505,10.181,49.613,165,209,504,579,7142.0,7169.0,27.0,-0.169
2505,10.181,49.613,209,251,504,579,7142.0,7174.0,32.0,-0.169
2505,10.181,49.613,251,294,504,579,7143.0,7175.0,32.0,-0.084
2505,10.181,49.613,294,336,504,579,7139.0,7169.0,30.0,-0.422
2505,10.181,49.613,336,379,504,579,7137.0,7168.0,31.0,-0.59
2505,10.181,49.613,379,424,504,579,7140.0,7167.0,27.0,-0.337
2505,10.181,49.613,424,466,504,579,7144.0,7173.0,29.0,0.0
2505,10.181,49.613,466,512,504,579,7138.0,7166.0,28.0,-0.506
2510,10.181,49.613,11,53,126,206,7145.0,7177.0,32.0,0.04
2510,10.181,49.613,53,94,126,206,7151.0,7185.0,34.0,0.516
2510,10.181,49.613,94,136,126,206,7144.0,7175.0,31.0,-0.04
2510,10.181,49.613,136,178,126,206,7150.0,7179.0,29.0,0.436
2510,10.181,49.613,178,219,126,206,7154.0,7181.0,27.0,0.754
2510,10.181,49.613,219,262,126,206,7148.0,7179.55,31.55,0.278
2510,10.181,49.613,262,305,126,206,7152.0,7178.0,26.0,0.595
2510,10.181,49.613,305,346,126,206,7159.0,7190.0,31.0,1.151
2510,10.181,49.613,346,388,126,206,7158.0,7188.0,30.0,1.071
2510,10.181,49.613,388,433,126,206,7158.0,7192.0,34.0,1.071
2510,10.181,49.613,433,476,126,206,7158.0,7189.0,31.0,1.071
2510,10.181,49.613,476,512,126,206,7156.0,7183.0,27.0,0.913
2510,10.181,49.613,0,45,206,274,7144.0,7175.0,31.0,-0.04
2510,10.181,49.613,45,88,206,274,7146.0,7179.0,33.0,0.119
2510,10.181,49.613,88,132,206,274,7147.0,7179.53,32.53,0.198
2510,10.181,49.613,132,174,206,274,7154.0,7185.0,31.0,0.754
2510,10.181,49.613,174,217,206,274,7157.0,7185.0,28.0,0.992
2510,10.181,49.613,217,261,206,274,7156.0,7187.0,31.0,0.913
2510,10.181,49.613,261,304,206,274,7162.0,7189.0,27.0,1.389
2510,10.181,49.613,304,350,206,274,7161.0,7190.23,29.23,1.309
2510,10.181,49.613,350,393,206,274,7161.0,7191.0,30.0,1.309
2510,10.181,49.613,393,437,206,274,7157.0,7185.0,28.0,0.992
2510,10.181,49.613,437,484,206,274,7154.0,7183.0,29.0,0.754
2510,10.181,49.613,0,54,384,503,7137.0,7176.0,39.0,-0.595
2510,10.181,49.613,54,112,384,503,7140.0,7178.0,38.0,-0.357
2510,10.181,49.613,112,153,384,503,7134.0,7168.0,34.0,-0.833
2510,10.181,49.613,153,194,384,503,7137.0,7171.0,34.0,-0.595
2510,10.181,49.613,194,236,384,503,7137.0,7171.0,34.0,-0.595
2510,10.181,49.613,236,277,384,503,7134.0,7170.0,36.0,-0.833
2510,10.181,49.613,277,317,384,503,7138.0,7170.0,32.0,-0.516
2510,10.181,49.613,317,383,384,503,7131.0,7179.0,48.0,-1.071
2510,10.181,49.613,383,442,384,503,7147.0,7241.0,94.0,0.198
2510,10.181,49.613,442,490,384,503,7135.0,7178.0,43.0,-0.754
2510,10.181,49.613,21,67,503,589,7134.0,7166.0,32.0,-0.833
2510,10.181,49.613,67,109,503,589,7135.0,7162.0,27.0,-0.754
2510,10.181,49.613,109,151,503,589,7136.0,7168.0,32.0,-0.674
2510,10.181,49.613,151,193,503,589,7136.0,7171.0,35.0,-0.674
2510,10.181,49.613,193,235,503,589,7136.0,7168.0,32.0,-0.674
2510,10.181,49.613,235,277,503,589,7137.0,7169.0,32.0,-0.595
2510,10.181,49.613,277,320,503,589,7143.0,7170.0,27.0,-0.119
2510,10.181,49.613,320,362,503,589,7144.0,7176.0,32.0,-0.04
2510,10.181,49.613,362,406,503,589,7141.0,7171.0,30.0,-0.278
2510,10.181,49.613,406,450,503,589,7137.0,7166.0,29.0,-0.595
2510,10.181,49.613,450,492,503,589,7137.0,7166.0,29.0,-0.595
2520,10.181,49.613,2,38,390,508,7134.0,7164.0,30.0,-0.487
2520,10.181,49.613,38,95,390,508,7127.0,7164.0,37.0,-1.012
2520,10.181,49.613,95,160,390,508,7138.0,7182.0,44.0,-0.187
2520,10.181,49.613,160,202,390,508,7154.0,7244.0,90.0,1.012
2520,10.181,49.613,202,250,390,508,7139.0,7182.0,43.0,-0.112
2520,10.181,49.613,250,291,390,508,7142.0,7187.0,45.0,0.112
2520,10.181,49.613,291,327,390,508,7153.0,7188.0,35.0,0.937
2520,10.181,49.613,327,367,390,508,7152.0,7183.0,31.0,0.862
2525,10.181,49.613,1,39,130,204,7144.0,7171.8,27.8,-0.45
2525,10.181,49.613,39,82,130,204,7146.0,7175.0,29.0,-0.225
2525,10.181,49.613,82,123,130,204,7154.0,7187.0,33.0,0.674
2525,10.181,49.613,123,165,130,204,7158.0,7187.0,29.0,1.124
2525,10.181,49.613,165,207,130,204,7159.0,7184.0,25.0,1.237
2525,10.181,49.613,207,252,130,204,7167.0,7250.0,83.0,2.136
2525,10.181,49.613,252,322,130,204,7096.0,7176.0,80.0,-5.846
2525,10.181,49.613,33,75,204,300,7149.0,7179.0,30.0,0.112
2525,10.181,49.613,75,119,204,300,7148.0,7177.0,29.0,0.0
2525,10.181,49.613,119,161,204,300,7152.0,7180.0,28.0,0.45
2525,10.181,49.613,161,204,204,300,7155.0,7181.0,26.0,0.787
2525,10.181,49.613,204,251,204,300,7152.0,7182.0,30.0,0.45
2525,10.181,49.613,251,303,204,300,7089.0,7159.52,70.52,-6.632
2525,10.181,49.613,19,60,404,501,7139.0,7173.0,34.0,-1.012
2525,10.181,49.613,60,101,404,501,7155.0,7239.0,84.0,0.787
2525,10.181,49.613,101,142,404,501,7147.0,7177.0,30.0,-0.112
2525,10.181,49.613,142,182,404,501,7154.0,7183.0,29.0,0.674
2525,10.181,49.613,182,227,404,501,7154.0,7185.0,31.0,0.674
2525,10.181,49.613,227,276,404,501,7149.0,7181.0,32.0,0.112
2525,10.181,49.613,12,55,501,591,7136.0,7164.0,28.0,-1.349
2525,10.181,49.613,55,97,501,591,7137.0,7163.0,26.0,-1.237
2525,10.181,49.613,97,139,501,591,7139.0,7166.0,27.0,-1.012
2525,10.181,49.613,139,180,501,591,7143.0,7172.0,29.0,-0.562
2525,10.181,49.613,180,222,501,591,7146.0,7175.0,29.0,-0.225
2525,10.181,49.613,222,267,501,591,7146.0,7175.0,29.0,-0.225
2530,10.181,49.613,0,43,115,190,7142.0,7175.13,33.13,-0.613
2530,10.181,49.613,43,88,115,190,7147.0,7180.0,33.0,0.0
2530,10.181,49.613,88,128,115,190,7157.0,7182.0,25.0,1.226
2530,10.181,49.613,128,177,115,190,7166.0,7251.0,85.0,2.33
2530,10.181,49.613,177,217,115,190,7099.0,7182.6,83.6,-5.886
2530,10.181,49.613,0,37,190,285,7146.0,7172.53,26.53,-0.123
2530,10.181,49.613,37,80,190,285,7147.0,7175.0,28.0,0.0
2530,10.181,49.613,80,125,190,285,7152.0,7178.0,26.0,0.613
2530,10.181,49.613,125,174,190,285,7154.0,7183.0,29.0,0.858
2530,10.181,49.613,174,221,190,285,7094.0,7192.42,98.42,-6.5
2530,10.181,49.613,25,65,393,484,7147.0,7175.0,28.0,0.0
2530,10.181,49.613,65,107,393,484,7153.0,7182.0,29.0,0.736
2530,10.181,49.613,107,147,393,484,7159.0,7186.16,27.16,1.472
2530,10.181,49.613,147,193,393,484,7154.0,7182.0,28.0,0.858
2530,10.181,49.613,18,59,484,560,7139.0,7164.0,25.0,-0.981
2530,10.181,49.613,59,102,484,560,7142.0,7170.0,28.0,-0.613
2530,10.181,49.613,102,145,484,560,7147.0,7173.0,26.0,0.0
2530,10.181,49.613,145,192,484,560,7148.0,7177.0,29.0,0.123
2535,10.181,49.613,19,61,115,189,7144.0,7171.0,27.0,0.0
2535,10.181,49.613,61,105,115,189,7148.0,7176.0,28.0,0.54
2535,10.181,49.613,105,155,115,189,7163.0,7247.0,84.0,2.563
2535,10.181,49.613,155,217,115,189,7095.0,7190.0,95.0,-6.61
2535,10.181,49.613,15,57,189,284,7144.0,7171.0,27.0,0.0
2535,10.181,49.613,57,102,189,284,7147.0,7175.0,28.0,0.405
2535,10.181,49.613,102,151,189,284,7151.0,7181.0,30.0,0.944
2535,10.181,49.613,151,200,189,284,7091.0,7207.0,116.0,-7.15
2535,10.181,49.613,5,42,391,483,7144.0,7171.0,27.0,0.0
2535,10.181,49.613,42,83,391,483,7149.0,7178.0,29.0,0.674
2535,10.181,49.613,83,124,391,483,7154.0,7182.0,28.0,1.349
2535,10.181,49.613,124,171,391,483,7150.0,7178.0,28.0,0.809
2535,10.181,49.613,0,36,483,560,7136.0,7158.0,22.0,-1.079
2535,10.181,49.613,36,79,483,560,7139.0,7166.0,27.0,-0.674
2535,10.181,49.613,79,121,483,560,7143.0,7167.0,24.0,-0.135
2535,10.181,49.613,121,179,483,560,7143.0,7176.76,33.76,-0.135
2540,10.181,49.613,19,61,116,191,7144.0,7172.0,28.0,-0.135
2540,10.181,49.613,61,105,116,191,7149.0,7175.0,26.0,0.54
2540,10.181,49.613,105,154,116,191,7165.0,7248.0,83.0,2.698
2540,10.181,49.613,154,195,116,191,7095.0,7189.64,94.64,-6.745
2540,10.181,49.613,14,57,191,294,7144.0,7171.0,27.0,-0.135
2540,10.181,49.613,57,101,191,294,7149.0,7176.0,27.0,0.54
2540,10.181,49.613,101,151,191,294,7152.0,7182.69,30.69,0.944
2540,10.181,49.613,151,208,191,294,7089.0,7205.64,116.64,-7.554
2540,10.181,49.613,4,41,392,485,7144.0,7171.0,27.0,-0.135
2540,10.181,49.613,41,82,392,485,7149.0,7178.0,29.0,0.54
2540,10.181,49.613,82,124,392,485,7154.0,7183.0,29.0,1.214
2540,10.181,49.613,124,170,392,485,7152.0,7179.0,27.0,0.944
2540,10.181,49.613,0,35,485,562,7136.0,7158.0,22.0,-1.214
2540,10.181,49.613,35,77,485,562,7139.0,7167.5,28.5,-0.809
2540,10.181,49.613,77,120,485,562,7143.0,7168.61,25.61,-0.27
2540,10.181,49.613,120,162,485,562,7146.0,7171.0,25.0,0.135
